0,2,4,5,22,25,26,1,13,17,19,20,23,11,28,3,14,16,18,29,24,7,9,12,15,21,6,8,10,27
0,1,2,1,0,0,1,2,1,0,2,1,0,1,2,2,0,2,0,0,0,0,0,2,0,2,0,1,1,0
0,1,2,1,1,0,0,2,0,2,2,2,1,2,2,0,0,2,0,0,2,2,2,2,1,1,0,1,1,1
0,2,2,1,1,1,2,2,0,1,2,2,1,0,2,0,0,0,0,0,2,2,1,1,0,2,0,1,1,1
0,2,0,1,0,1,0,0,0,1,0,1,0,1,2,0,0,0,1,2,0,2,2,0,1,0,0,1,1,1
0,1,2,1,1,0,2,0,0,2,2,0,0,2,1,1,0,1,0,0,2,2,2,0,1,2,0,1,1,2
0,1,0,1,0,0,0,0,1,0,2,2,1,2,1,1,1,1,1,2,1,2,2,1,1,0,0,1,1,1
0,2,2,1,0,1,0,0,1,1,1,0,0,0,1,0,1,2,1,0,2,0,2,1,1,1,0,1,1,1
0,2,0,1,1,1,2,0,0,2,1,0,0,2,2,1,1,1,0,1,1,2,1,1,1,1,0,1,1,2
0,1,2,0,0,1,1,0,1,0,1,0,1,2,2,0,1,0,0,2,0,1,2,1,0,1,0,1,0,0
0,2,2,1,1,0,1,0,1,2,2,2,0,2,2,0,0,0,1,1,0,2,1,1,0,0,0,1,0,2
0,1,2,1,0,0,1,0,0,1,2,1,0,2,2,0,0,1,0,0,0,2,2,2,0,0,0,1,1,0
0,1,2,1,1,0,2,0,0,2,0,1,0,2,2,0,1,0,1,2,0,2,2,1,0,2,0,1,1,1
0,1,0,1,0,1,2,2,1,0,2,2,0,2,2,0,1,1,1,1,1,2,2,0,1,1,0,1,1,0
0,2,2,1,1,0,2,1,0,2,2,1,0,2,0,0,0,1,1,1,0,2,1,2,0,0,0,0,0,1
0,1,2,0,0,0,0,0,0,0,0,0,1,2,1,1,1,1,1,2,0,1,2,1,1,1,0,1,0,2
0,1,2,1,1,1,0,0,0,0,1,0,1,2,0,1,0,1,1,2,0,2,2,0,0,1,0,1,1,1
0,1,2,1,0,0,1,0,1,0,0,2,1,1,2,0,0,0,0,0,0,2,0,2,0,2,0,0,1,0
0,2,1,1,0,1,0,0,1,2,1,2,0,0,2,0,0,2,1,2,2,2,2,1,0,0,0,1,1,1
0,1,2,1,0,0,1,0,1,0,1,0,0,0,1,0,0,2,1,2,0,2,2,1,0,2,0,1,1,1
0,1,2,1,1,0,1,0,0,1,2,1,0,2,0,0,0,1,0,1,2,2,2,2,0,1,0,1,1,0
0,2,2,1,1,1,2,0,0,2,1,0,0,2,2,2,1,2,1,1,0,2,1,0,1,2,0,1,0,2
0,1,1,1,1,1,2,0,1,1,1,2,1,2,2,0,1,0,0,0,0,2,2,1,1,0,0,1,1,1
0,0,2,1,0,1,2,0,0,0,2,1,1,2,1,0,1,1,0,0,1,2,2,2,1,1,0,1,1,0
0,0,2,1,0,0,0,0,0,1,1,0,0,0,1,0,0,1,0,0,0,1,2,0,0,2,0,1,0,0
0,1,1,1,1,0,0,2,1,1,0,0,0,0,0,0,0,0,0,1,1,2,2,1,1,0,0,0,1,2
0,1,2,1,1,0,2,0,1,1,2,0,1,1,2,2,1,0,0,2,2,2,0,2,1,2,0,1,1,2
0,2,2,1,0,1,0,2,1,1,2,2,0,2,1,0,1,0,0,1,2,2,1,1,1,2,0,1,1,1
0,2,1,1,1,1,0,0,0,1,1,1,0,2,2,0,1,0,0,0,2,2,2,1,1,2,0,1,1,0
0,0,2,1,1,1,0,2,1,1,0,0,1,2,1,1,0,1,1,2,2,2,0,0,0,1,0,1,0,0
0,1,2,1,0,1,2,2,1,0,2,1,0,2,1,1,0,2,0,2,2,2,1,0,0,2,0,0,1,1
0,2,1,1,1,1,1,0,0,2,0,0,0,1,1,1,1,1,0,2,1,2,2,1,0,0,0,1,1,2
0,1,2,1,0,0,0,2,0,0,0,2,0,1,2,0,1,0,1,0,0,0,0,0,1,0,0,1,0,2
0,1,2,0,1,0,2,2,0,1,0,1,0,0,2,1,1,1,0,2,0,1,1,1,0,2,0,1,0,1
0,1,1,1,1,1,2,0,1,1,0,2,0,0,0,1,1,1,1,2,1,2,2,1,0,1,0,1,1,2
0,1,1,1,1,0,1,0,0,0,2,2,1,2,1,0,0,1,0,0,0,2,2,1,1,2,0,1,1,0
0,1,2,1,1,0,2,0,1,1,1,2,0,1,2,0,0,0,1,0,0,2,1,0,1,0,0,1,1,1
0,2,2,1,1,0,1,0,0,1,2,2,0,2,1,0,1,0,0,2,1,2,2,1,1,0,0,1,1,1
0,2,1,1,1,1,2,2,0,0,2,2,0,2,2,1,0,0,1,2,0,2,1,2,0,0,0,1,1,0
0,2,2,0,0,0,2,1,1,2,1,0,0,2,2,1,0,2,1,2,0,2,2,1,1,0,0,1,1,1
0,1,0,1,0,1,2,0,0,1,1,0,1,1,2,0,1,0,1,0,1,2,0,0,1,0,0,1,1,1
0,2,2,1,1,0,1,0,0,2,2,0,0,0,1,1,0,1,0,2,2,2,2,0,1,2,0,1,1,2
0,1,2,1,0,0,2,2,1,1,2,1,0,2,2,0,1,1,1,1,2,2,2,0,0,0,0,1,1,0
0,0,1,1,1,0,1,0,0,1,0,2,1,2,2,1,0,0,1,1,2,2,0,2,1,1,0,1,1,1
0,2,0,1,1,0,0,1,1,0,1,1,1,2,1,1,0,2,1,2,0,2,2,2,0,2,0,1,1,1
0,0,2,1,1,0,2,0,0,2,2,2,0,2,2,1,1,1,0,0,2,2,2,1,1,2,0,1,1,0
0,2,1,1,0,1,1,0,1,2,1,0,0,1,2,0,0,1,1,1,1,0,2,0,0,2,0,1,0,1
0,1,2,1,0,1,1,0,0,0,0,1,0,2,2,1,1,1,1,2,2,1,2,1,1,2,0,1,1,2
0,2,0,1,0,1,2,0,1,2,1,2,0,1,2,0,0,2,0,0,1,2,2,2,1,0,0,1,1,1
0,2,2,1,1,1,2,2,0,0,2,2,1,0,1,0,0,0,0,2,2,0,2,0,0,0,0,1,1,2
0,2,1,0,1,1,2,2,1,0,2,1,0,2,1,1,0,1,1,2,0,1,2,1,1,0,0,1,0,0
0,1,2,1,0,0,2,0,1,0,2,2,0,2,1,1,1,1,0,1,2,2,2,1,0,1,0,1,0,0
0,2,2,1,1,0,2,0,0,0,0,2,1,2,1,0,1,2,0,1,0,2,2,2,0,1,0,1,1,0
0,2,2,1,1,0,1,2,0,2,2,2,0,2,1,0,1,2,1,0,2,2,2,1,1,1,0,0,0,0
0,1,1,1,0,1,1,0,1,0,2,2,0,0,2,0,1,0,0,2,1,2,2,1,0,1,0,1,1,1
0,1,2,1,0,0,1,2,1,1,1,0,1,1,1,1,0,1,1,1,0,2,0,0,0,1,0,1,0,0
0,1,0,0,0,0,1,0,1,1,1,0,1,0,0,2,0,1,1,1,0,1,1,1,1,2,0,1,0,2
0,2,2,1,1,0,1,2,0,1,2,0,1,2,1,1,1,0,1,0,0,2,2,2,1,1,0,1,1,2
0,2,1,1,1,1,0,2,0,0,0,2,1,0,0,0,1,1,0,1,1,2,2,1,1,0,0,1,1,0
0,1,2,1,0,1,0,0,0,2,1,2,0,0,2,0,0,1,1,2,0,2,2,1,0,0,0,1,1,1
0,2,2,1,0,0,0,0,1,2,2,0,1,1,0,1,1,1,1,2,0,2,2,1,0,2,0,1,1,0
0,1,2,1,0,0,2,0,1,1,2,1,0,2,2,1,1,2,1,2,0,0,2,2,1,1,0,1,0,1
0,0,2,1,0,1,2,2,0,0,0,2,1,0,2,0,1,1,0,1,2,2,0,1,1,0,0,1,0,0
0,1,0,1,1,0,2,0,0,2,2,2,0,2,0,0,1,1,0,2,2,2,2,2,0,1,0,1,1,0
0,1,0,0,1,0,2,0,0,2,0,1,1,1,2,1,0,1,0,0,1,0,1,1,1,2,1,0,0,2
0,1,1,1,1,1,1,0,0,2,1,1,0,2,0,1,0,0,1,2,2,2,2,2,0,0,0,1,1,1
0,2,2,1,1,1,2,0,1,1,2,0,1,2,2,0,1,0,1,0,2,1,0,0,1,1,0,1,0,1
0,1,2,0,1,0,2,0,1,0,2,0,1,1,2,2,0,2,0,2,2,1,1,1,1,1,0,0,1,0
0,1,2,1,0,0,0,0,1,2,2,1,1,2,2,0,1,2,0,0,0,0,0,1,0,1,0,1,1,0
0,1,2,0,0,0,0,1,0,0,1,1,0,2,1,1,0,1,1,2,1,1,2,1,1,1,0,1,0,1
0,1,2,1,0,0,1,0,1,0,2,1,0,2,2,1,1,0,1,0,2,2,2,2,0,2,0,0,0,2
0,2,2,1,1,0,0,2,1,1,0,2,0,2,1,1,0,1,1,2,0,2,2,0,0,1,0,1,1,2
0,1,2,0,1,1,0,2,0,0,1,1,0,0,0,1,0,1,1,0,2,1,2,1,1,0,0,1,0,0
0,2,0,1,1,0,0,1,1,0,1,0,1,0,1,1,0,2,1,1,1,2,2,0,0,1,0,0,1,2
0,1,1,1,0,0,1,2,1,0,0,0,0,2,1,1,1,1,1,1,1,2,1,1,1,1,0,1,1,1
0,2,2,1,0,1,0,2,0,1,0,1,1,2,2,0,0,0,1,0,1,0,2,2,1,1,0,1,1,0
0,1,0,1,0,0,2,0,0,1,0,1,1,0,1,0,1,0,0,2,0,2,2,1,0,2,0,1,1,1
0,2,2,1,1,1,0,0,0,1,2,2,0,2,1,1,0,0,1,0,0,2,2,2,1,2,0,1,1,1
0,1,2,1,1,0,1,0,0,2,2,0,0,2,0,2,1,0,0,0,0,2,2,2,0,0,0,1,1,0
0,2,1,1,1,1,0,0,0,1,1,1,1,2,0,1,0,0,0,0,2,2,0,2,1,0,0,1,1,2
0,2,1,0,1,0,0,0,1,0,0,2,1,0,1,0,1,2,1,0,2,1,2,1,1,2,0,1,0,1
0,0,2,1,1,1,1,0,0,2,1,0,0,2,2,0,0,2,0,0,0,2,2,2,1,1,0,1,1,1
0,1,2,1,1,0,1,0,0,1,2,1,0,2,0,0,0,1,1,0,2,2,2,2,0,0,0,0,1,0
0,1,2,1,0,0,1,0,0,1,2,1,0,2,1,1,0,1,1,0,0,0,2,0,1,1,0,1,1,1
0,1,2,1,1,1,0,0,1,2,2,1,1,2,0,1,1,1,1,0,2,2,2,1,1,0,0,1,1,0
0,1,2,1,1,1,0,0,0,0,1,0,0,1,0,1,0,1,0,2,2,2,0,0,1,0,0,1,1,2
0,1,1,1,1,0,1,0,1,1,1,0,1,0,0,2,1,2,0,0,2,2,0,0,1,1,0,1,1,2
0,1,2,1,1,1,1,2,0,1,1,0,1,2,0,0,0,1,1,0,0,2,0,2,1,2,0,1,1,0
0,1,2,1,0,0,2,0,0,2,2,1,0,2,1,0,0,2,0,2,2,2,2,2,0,2,0,0,1,1
0,1,0,1,0,1,1,0,0,2,1,2,0,2,0,1,1,1,1,1,0,2,1,1,1,1,0,1,1,2
0,1,1,0,0,1,1,2,1,0,1,1,1,1,1,2,1,1,0,1,2,1,0,1,1,0,0,1,0,0
0,2,2,1,0,0,1,0,1,1,1,2,1,2,0,0,1,1,1,0,0,2,0,1,0,0,0,0,0,2
0,1,2,1,1,1,0,1,0,0,2,2,0,2,0,1,1,0,1,0,2,2,0,2,0,1,0,0,1,1
0,1,1,1,1,0,1,0,1,1,1,1,0,2,0,0,1,0,0,0,2,0,2,1,1,0,0,1,1,0
0,1,2,1,1,0,2,0,0,0,2,2,0,1,0,1,0,1,1,2,2,2,0,0,1,1,0,1,1,0
0,1,1,0,1,1,0,0,0,0,1,2,0,2,0,1,0,1,1,2,2,1,2,1,1,2,0,1,0,0
0,1,2,0,1,1,2,0,1,0,2,0,1,0,0,1,0,0,0,2,1,2,2,2,0,0,0,0,1,1
0,1,1,1,1,1,1,0,1,1,0,2,1,2,0,1,0,0,1,0,1,0,2,2,1,2,0,1,0,0
0,1,2,1,0,0,2,0,1,0,1,0,1,1,1,1,0,0,1,1,0,2,2,2,0,2,0,1,1,2
0,2,2,1,1,1,0,2,1,0,2,1,0,2,1,0,1,0,1,2,1,2,2,1,0,2,0,1,1,0
0,1,2,0,0,1,0,0,1,1,0,0,0,0,1,1,0,0,1,0,2,2,1,1,1,1,0,1,1,0
0,1,0,1,1,1,0,0,0,1,0,0,1,2,0,1,1,0,0,0,0,2,2,2,1,1,0,0,1,2
0,1,2,1,1,1,0,2,1,0,2,0,0,2,0,1,0,1,0,2,2,2,2,0,1,2,0,1,1,2
0,2,2,1,1,0,1,2,1,1,2,2,0,0,1,1,0,1,0,2,2,2,2,0,0,1,0,1,1,0
0,1,1,1,1,0,2,0,0,0,0,1,1,1,0,1,0,1,0,1,2,2,0,0,1,2,0,1,0,1
0,2,1,1,1,1,0,0,0,1,2,2,1,2,2,2,1,0,1,1,2,2,0,2,1,0,0,1,1,1
0,1,2,1,0,1,2,0,0,2,1,1,0,2,0,0,0,2,1,1,2,0,1,1,0,0,0,1,1,0
0,2,0,1,0,1,0,0,1,1,1,2,1,1,2,0,1,0,0,2,1,1,2,1,1,0,0,1,0,0
0,1,2,0,1,0,1,0,0,2,1,2,1,1,0,1,1,2,0,1,1,1,0,0,0,0,0,1,0,1
0,2,2,0,0,1,2,1,1,2,1,2,0,2,2,1,1,1,0,2,2,1,2,1,1,1,0,1,1,1
0,1,2,1,1,1,0,0,0,2,2,1,1,2,0,0,0,0,0,2,2,0,0,1,0,2,0,1,0,1
0,1,0,1,1,0,2,0,0,1,2,1,0,2,0,0,1,0,0,1,1,0,2,1,1,2,0,1,1,2
0,2,2,1,1,0,0,2,0,0,2,2,1,1,1,1,0,0,1,0,2,2,2,2,0,1,0,0,0,2
0,1,2,1,1,0,2,0,1,2,2,0,0,2,0,0,0,1,0,2,0,2,2,0,0,1,0,1,1,0
0,1,0,1,1,1,0,2,0,1,1,2,1,2,1,0,0,1,1,0,1,2,0,1,0,2,0,1,1,2
0,1,2,1,1,0,0,2,1,1,0,0,1,1,0,0,0,1,1,0,0,2,0,0,0,2,0,1,1,1
0,1,2,0,0,1,1,0,1,2,1,2,0,0,1,0,0,2,0,2,2,1,2,2,0,1,0,1,0,1
0,2,2,1,0,1,1,1,0,0,1,0,0,0,2,1,1,1,1,2,0,2,0,1,1,0,0,1,1,0
0,1,2,1,1,1,2,2,0,1,2,0,1,0,0,0,1,0,1,2,1,2,2,1,0,1,0,1,1,2
0,1,2,1,1,0,0,0,1,0,2,0,0,2,0,1,1,0,0,2,2,2,2,2,0,2,0,1,0,2
0,1,2,0,1,0,1,0,1,1,2,1,0,2,0,2,1,0,0,2,0,1,2,2,1,2,0,1,0,2
0,1,1,1,1,1,0,0,1,0,1,0,1,0,0,0,0,0,1,2,0,2,2,1,0,2,0,1,1,1
0,2,2,0,0,0,1,0,1,1,2,0,1,1,2,0,1,0,0,0,1,1,2,1,1,2,0,1,1,2
0,1,2,1,1,1,1,2,1,1,2,0,1,0,0,0,0,0,1,0,2,0,2,2,1,1,0,1,1,2
0,1,2,1,0,1,0,0,0,0,1,2,1,1,2,0,0,0,1,0,0,2,0,0,0,1,0,1,1,2
0,2,1,0,0,1,2,2,0,0,0,1,1,0,2,1,0,1,0,1,2,1,0,1,1,1,0,1,0,1
0,1,2,1,1,1,1,2,0,1,0,2,1,2,0,0,0,2,0,0,0,2,2,2,1,1,0,1,1,0
0,2,2,1,0,1,2,0,1,0,1,0,0,1,1,0,0,0,1,2,0,2,2,1,0,2,0,1,1,1
0,2,2,1,1,1,0,0,0,1,2,2,1,2,2,2,1,1,1,0,0,2,2,2,0,1,0,1,1,0
0,2,2,1,1,0,0,0,1,0,1,2,0,1,1,1,0,2,1,2,0,2,2,0,1,0,0,1,1,2
0,1,2,1,1,1,2,0,1,1,2,2,0,0,0,1,1,1,0,2,1,2,2,1,0,2,0,0,1,0
0,2,2,0,1,1,1,0,0,0,1,0,0,0,2,0,1,1,1,0,1,1,1,0,1,2,0,1,1,2
0,2,2,0,0,1,2,0,1,0,1,0,1,0,2,0,0,1,1,1,0,1,1,1,0,0,0,1,0,2
0,2,2,1,0,0,1,0,0,1,0,2,1,2,2,0,1,1,0,0,2,0,0,1,0,0,0,1,1,1
0,1,2,1,1,1,1,2,0,1,2,0,1,0,0,0,0,1,1,2,2,2,2,1,0,2,0,1,1,0
0,1,2,0,0,0,2,2,0,1,0,0,1,1,2,0,1,0,0,0,0,1,0,1,1,2,0,1,0,2
0,1,2,1,0,1,1,0,0,2,1,0,0,2,1,0,0,2,1,1,1,0,2,2,1,1,0,1,1,2
0,0,1,1,1,1,2,0,1,1,2,1,1,1,1,2,1,0,0,0,0,2,2,2,1,1,0,1,1,2
0,2,1,1,1,0,1,0,0,2,0,0,0,1,1,1,0,1,1,0,1,0,2,0,0,1,0,1,1,2
0,1,2,1,1,0,2,2,0,0,2,1,1,2,1,0,0,1,1,2,2,2,2,1,0,2,0,1,1,0
0,2,0,1,0,1,2,0,1,1,2,1,0,0,2,0,1,0,0,1,1,2,2,1,0,2,0,1,1,1
0,1,1,0,1,0,0,0,1,2,2,0,0,0,2,0,1,2,1,1,0,1,1,2,1,1,0,1,0,0
0,2,2,0,1,1,0,0,0,0,0,0,0,0,0,1,1,2,1,1,0,1,1,0,1,2,0,1,0,2
0,2,2,1,0,1,2,0,0,0,0,2,0,2,1,1,0,1,0,2,0,1,2,1,0,0,0,0,1,0
0,1,2,1,0,1,2,2,0,1,0,0,1,0,2,0,1,1,1,0,0,2,2,1,1,0,0,1,1,2
0,2,2,1,1,1,2,0,0,2,2,2,1,2,1,0,1,2,1,0,2,2,0,2,1,2,0,1,1,1
0,1,2,1,1,1,1,0,0,1,1,1,0,2,0,0,0,0,0,0,0,2,2,0,1,1,0,1,1,1
0,1,2,1,0,0,0,1,1,2,2,2,1,2,1,0,1,0,1,0,0,0,2,0,1,0,0,1,1,2
0,2,2,1,1,1,0,2,1,1,0,2,1,2,2,0,0,0,0,0,0,2,0,0,0,1,0,0,1,2
0,2,2,1,1,1,2,0,0,2,2,0,0,0,2,0,0,0,0,0,2,2,0,0,0,0,0,1,1,2
0,1,1,1,1,0,1,2,1,0,2,0,0,2,0,1,0,0,0,2,0,2,2,0,0,2,0,1,1,2
0,1,2,1,0,0,0,0,1,0,2,2,1,2,1,1,0,1,1,1,2,2,2,0,0,1,0,1,1,0
0,1,2,1,1,1,1,2,1,1,0,0,1,0,0,0,0,0,0,2,2,2,0,1,0,0,0,1,1,1
0,1,1,0,1,0,1,0,0,0,1,0,1,2,2,1,1,1,1,0,0,1,1,1,1,0,0,1,0,2
0,2,1,1,0,0,0,1,1,1,0,2,0,1,2,1,0,0,0,2,1,0,2,2,1,1,0,1,1,1
0,1,1,1,0,0,1,0,0,0,0,0,1,0,1,0,0,0,0,0,1,2,2,0,0,0,0,0,1,1
0,2,2,1,1,0,0,2,1,2,2,2,0,0,2,0,1,2,0,2,2,2,0,1,0,0,0,1,1,0
0,1,2,1,1,0,0,0,0,2,1,2,0,1,0,0,1,1,0,0,0,2,1,0,1,0,0,1,1,2
0,2,2,1,1,1,1,0,0,2,2,2,0,2,2,1,0,2,1,2,0,2,0,2,1,0,0,1,1,0
0,1,1,0,0,1,1,0,1,2,1,2,0,2,1,0,1,1,0,0,2,1,2,1,0,1,0,1,0,0
0,1,2,1,1,1,0,0,1,1,0,0,1,2,0,1,0,0,1,0,2,2,2,2,1,0,0,0,0,1
0,2,0,1,0,1,0,0,0,0,1,0,1,2,1,1,1,1,1,1,0,2,1,1,1,0,0,1,1,2
0,1,2,1,1,0,2,0,1,2,2,1,0,2,0,0,0,1,0,0,2,2,2,2,1,1,0,1,1,0
0,2,1,1,1,0,2,2,1,0,2,2,0,2,2,2,1,1,0,1,0,2,0,1,1,0,0,1,1,0
0,0,2,1,0,0,1,0,0,1,0,2,0,2,1,0,0,0,0,0,0,2,2,2,1,2,0,1,1,2
0,0,2,1,0,0,2,0,1,2,2,2,1,2,1,1,1,0,1,2,2,1,1,2,0,1,0,1,0,2
0,1,2,1,0,1,1,2,0,0,1,2,0,2,1,2,1,0,1,0,0,2,2,2,0,1,0,1,1,1
0,1,0,1,1,0,1,2,1,0,1,2,0,1,0,0,0,0,0,0,1,2,0,0,0,1,0,1,1,1
0,1,2,1,1,1,0,2,0,1,2,2,1,0,2,0,0,2,1,1,2,2,1,2,1,1,0,1,1,1
0,1,2,1,0,0,1,2,1,1,2,2,1,2,2,0,1,0,0,0,2,2,0,1,1,0,1,1,1,2
0,1,2,1,0,0,0,2,0,1,0,1,0,1,2,1,0,1,1,0,2,2,0,0,0,1,0,1,0,0
0,1,2,1,1,1,1,0,0,1,1,0,0,2,0,0,0,0,1,0,0,2,2,0,1,2,0,1,1,1
0,1,2,0,1,0,0,0,0,2,0,0,1,2,0,1,0,1,1,0,0,1,2,1,1,2,0,1,0,2
0,1,2,1,1,1,2,0,0,0,0,1,1,2,0,0,0,2,0,0,0,2,2,2,1,2,0,0,1,0
0,2,0,1,1,1,1,0,1,2,1,0,0,2,2,0,0,1,1,0,0,2,0,2,0,2,0,1,0,2
0,1,0,1,0,1,0,0,0,0,1,0,0,0,1,0,0,0,0,1,1,2,1,1,0,0,0,1,0,2
0,1,2,1,1,0,1,2,0,0,2,2,1,2,0,0,0,0,0,2,2,2,2,0,0,1,0,1,1,2
0,1,2,1,1,0,0,0,0,1,2,1,0,1,0,1,0,1,1,1,2,2,0,0,0,1,0,1,1,1
0,1,2,1,0,1,2,0,0,0,2,0,1,2,1,1,1,2,0,2,2,2,1,1,0,2,0,1,1,1
0,1,2,1,0,0,0,0,1,2,0,0,1,1,2,0,1,1,1,0,2,0,0,1,0,0,0,1,1,2
0,2,2,1,0,1,1,0,1,0,1,2,0,2,1,0,1,1,1,0,0,2,1,1,1,0,0,1,1,2
0,1,0,1,0,0,1,0,0,0,0,2,0,2,1,1,0,0,0,2,2,1,2,2,0,1,0,0,1,2
0,1,2,1,1,1,0,2,1,1,1,0,0,2,0,1,0,2,0,2,2,2,2,1,0,0,0,1,1,1
0,0,2,1,1,1,1,0,1,2,2,2,1,2,2,1,0,1,0,0,2,2,0,0,1,2,0,1,1,1
0,1,2,1,1,1,0,0,1,2,2,0,1,0,1,1,1,1,1,0,1,2,2,1,1,2,0,0,1,0
0,1,2,1,1,1,1,2,1,2,1,1,0,2,0,2,1,2,0,0,0,2,2,1,1,0,0,1,1,1
0,2,2,1,1,0,2,0,1,0,1,0,0,1,0,0,0,0,0,0,0,2,2,0,0,2,0,1,1,0
0,1,2,1,1,1,1,0,1,2,0,1,0,1,2,0,1,1,0,0,1,2,0,2,0,1,0,1,1,1
0,1,2,1,0,1,0,0,0,2,1,1,0,2,1,2,1,2,0,0,0,2,2,1,0,2,0,1,1,2
0,2,2,1,1,1,0,2,0,1,2,1,1,1,1,0,1,1,0,0,2,2,2,2,1,0,0,1,1,2
0,1,2,1,0,1,2,2,0,1,0,2,1,2,1,0,1,0,1,0,0,2,2,2,1,0,0,1,1,0
0,1,2,1,1,0,0,0,0,2,0,2,1,1,0,0,1,1,0,0,2,2,0,0,1,2,0,1,1,1
0,1,0,1,1,1,2,0,1,1,1,0,0,2,2,2,1,0,0,0,1,2,2,2,1,1,0,0,0,0
0,1,2,1,0,1,1,0,0,2,2,0,0,1,2,1,0,0,1,1,2,1,0,2,0,0,0,1,0,1
0,2,1,1,0,0,1,2,1,2,2,0,0,2,2,2,1,2,1,1,2,2,0,1,1,2,0,0,1,0
0,2,1,1,1,1,2,1,1,2,1,1,1,2,2,1,1,1,1,1,2,2,0,1,1,1,0,1,1,0
0,2,2,1,1,1,1,2,1,1,2,1,1,2,2,0,1,1,0,0,2,2,0,0,0,0,1,0,0,1
0,2,2,0,1,1,1,0,0,1,1,0,0,1,0,1,1,1,1,0,2,1,2,1,0,1,0,0,1,0
0,1,0,0,1,1,1,2,0,2,1,0,0,0,2,0,1,1,1,1,2,1,1,1,0,2,0,1,0,1
0,2,2,1,0,0,1,0,1,1,1,0,0,1,2,0,1,0,1,0,0,2,2,2,1,1,0,1,1,1
0,1,2,0,0,1,1,0,0,2,2,1,1,2,1,2,1,2,0,2,1,1,2,1,1,2,0,1,1,1
0,0,2,1,1,0,1,0,1,1,2,1,0,0,0,1,1,1,0,0,2,2,2,1,0,1,1,1,1,2
0,2,2,1,0,1,1,0,0,2,1,2,0,2,2,0,1,1,1,2,2,0,0,2,0,0,0,1,1,0
0,2,2,1,0,1,2,0,1,1,2,2,1,1,2,1,0,0,1,2,2,0,2,2,1,0,0,1,1,2
0,2,2,1,1,1,0,0,1,1,2,0,1,0,1,1,0,1,0,2,0,2,2,1,0,1,0,1,1,0
0,1,2,1,1,0,1,0,0,0,1,0,1,0,2,0,0,1,1,2,0,2,2,2,1,1,0,1,1,0
0,1,1,1,1,1,1,2,1,0,1,0,0,2,0,1,1,1,0,0,1,2,2,1,1,0,0,1,1,2
0,1,2,1,0,1,0,1,0,1,1,1,0,0,1,0,1,0,0,0,0,2,2,1,1,0,1,0,1,1
0,1,2,1,1,1,1,2,0,1,2,0,1,0,2,0,1,0,0,1,2,2,1,1,1,1,0,1,1,1
0,1,1,1,0,1,2,2,1,1,0,2,1,2,2,0,1,0,0,0,1,2,2,0,1,0,0,1,1,1
0,2,2,0,1,1,0,0,0,0,0,2,1,2,2,1,1,1,1,0,2,1,1,1,1,1,0,1,0,1
0,1,2,1,1,1,1,0,0,1,2,0,1,2,0,2,0,1,1,0,2,2,2,1,0,2,0,1,1,1
0,1,2,1,1,0,2,0,0,0,2,0,1,2,0,1,1,1,1,2,1,2,2,1,1,0,0,1,0,1
0,1,2,1,1,0,0,0,0,0,1,2,0,0,1,1,0,1,0,2,2,2,2,0,1,1,0,1,1,0
0,1,1,1,0,0,2,2,1,0,2,0,0,2,1,1,1,1,1,0,0,2,2,1,0,2,0,1,1,0
0,2,2,1,1,0,2,2,1,1,2,2,0,0,2,0,1,1,0,1,0,2,0,0,0,0,0,1,1,0
0,1,2,1,1,0,2,2,1,1,1,1,0,1,1,0,1,0,0,0,2,2,2,1,1,2,0,1,1,1
0,2,2,0,1,0,1,0,0,2,1,0,0,0,1,2,1,1,0,0,0,1,2,1,1,1,0,1,0,1
0,0,2,1,1,1,2,0,0,1,2,1,1,0,0,2,0,2,0,0,2,2,2,0,0,1,1,0,0,1
0,1,2,1,0,1,1,2,0,2,2,0,1,0,1,0,1,2,1,0,0,2,2,1,1,1,0,1,1,0
0,1,2,1,1,0,2,0,0,2,2,2,0,0,2,0,0,0,0,1,0,2,1,0,0,1,0,0,1,2
0,1,1,1,1,0,0,2,0,0,2,0,0,2,2,1,1,1,0,0,2,2,2,1,1,2,0,0,0,2
0,2,2,1,0,0,1,0,0,1,1,2,0,1,2,1,0,0,0,0,2,0,2,2,1,2,0,1,0,1
0,2,2,1,1,1,0,0,0,1,2,2,1,2,1,1,0,0,0,2,2,2,2,2,1,2,0,1,1,1
0,1,2,1,0,1,2,2,1,1,0,1,1,2,2,0,1,0,0,2,2,2,2,1,0,2,0,1,1,1
0,1,2,1,1,0,2,2,1,0,0,0,1,2,2,1,0,1,0,2,0,0,1,0,0,2,0,1,0,0
0,1,2,1,0,0,0,0,0,1,0,0,0,2,1,2,0,0,0,0,0,1,2,2,1,1,0,1,0,2
0,2,2,1,1,0,1,0,1,1,0,2,0,2,1,0,1,1,1,2,1,2,0,1,0,0,0,1,1,1
0,1,1,1,1,0,1,2,0,1,2,2,1,1,0,1,0,0,0,2,0,2,0,2,1,1,0,1,0,2
0,2,2,1,1,1,0,0,0,0,1,1,1,0,0,0,0,1,0,0,2,0,2,0,1,0,0,1,1,0
0,2,2,1,0,1,2,0,1,2,0,1,1,2,2,2,1,1,0,0,0,2,2,1,1,2,0,1,0,0
0,1,2,1,1,0,1,2,1,0,2,1,1,2,2,0,0,0,0,1,2,2,1,0,0,0,0,1,1,1
0,2,1,0,0,0,1,2,0,1,0,2,1,1,2,0,1,0,0,1,2,1,2,1,1,2,0,1,0,0
0,2,0,1,1,0,0,2,1,0,1,1,0,0,2,1,0,1,0,0,1,2,1,0,1,0,0,1,1,2
0,1,0,0,1,1,2,0,0,1,2,1,0,0,2,0,1,0,0,0,1,1,2,1,1,2,0,1,1,2
0,1,2,1,1,1,0,0,0,1,2,1,0,0,0,1,0,1,0,1,2,2,1,0,1,1,0,1,1,0
0,1,2,1,1,0,2,2,1,1,0,2,0,1,0,0,1,0,1,0,0,2,0,0,1,1,0,1,1,1
0,2,2,1,0,0,0,0,0,0,2,2,1,2,2,0,1,2,0,0,2,2,2,2,1,2,0,0,1,1
0,1,0,1,1,1,2,0,0,1,1,2,0,2,1,2,1,2,0,0,1,2,2,1,1,0,0,1,1,1
0,1,1,1,1,1,2,2,0,0,1,1,0,0,2,1,0,1,0,0,2,2,1,0,1,0,0,0,1,2
0,1,0,1,0,1,1,2,1,1,0,0,0,0,1,0,0,0,1,0,0,2,2,0,1,1,0,1,1,0
0,1,1,1,1,0,2,0,0,2,0,0,1,2,0,0,0,0,0,2,2,2,2,0,0,2,0,1,1,0
0,2,1,0,0,1,0,0,0,1,0,0,0,2,0,0,1,0,0,1,2,1,1,1,1,1,0,1,0,0
0,2,2,1,1,1,0,0,0,1,0,2,0,1,0,0,0,0,1,2,2,2,2,0,1,2,0,1,1,2
0,1,2,1,0,0,2,2,1,1,2,0,1,2,1,0,1,0,1,0,0,2,2,1,0,2,0,1,1,2
0,1,2,1,0,1,1,2,1,1,0,1,1,2,1,1,0,0,0,0,0,1,2,2,1,1,0,1,0,2
0,2,2,1,1,1,2,2,0,1,2,2,1,0,2,0,1,0,0,0,1,2,0,1,1,1,0,1,1,1
0,1,2,1,1,1,0,0,0,1,1,0,0,0,0,0,1,2,0,1,0,2,1,2,1,2,0,0,1,1
0,1,2,1,1,0,2,2,1,0,2,1,1,2,0,0,0,1,0,2,2,0,2,0,0,2,0,1,1,0
0,2,2,1,0,1,0,0,0,1,2,0,0,0,1,0,0,0,0,1,0,2,2,1,0,1,0,1,0,2
0,1,2,1,1,0,2,1,1,2,0,2,1,0,0,1,0,1,1,2,1,0,0,0,1,2,0,1,0,1
0,2,2,1,1,0,1,2,1,1,2,2,0,2,0,1,0,0,1,1,2,2,2,2,1,0,0,1,1,1
0,2,2,1,1,0,0,2,1,1,2,2,0,1,1,1,0,1,0,0,2,2,2,0,0,1,0,1,1,2
0,2,2,1,1,1,1,2,0,2,2,2,0,2,2,0,0,2,0,0,2,2,2,2,1,1,0,1,1,1
0,1,1,1,0,0,1,0,1,1,0,1,0,2,1,0,0,0,0,0,1,2,2,2,1,1,0,1,1,1
0,2,1,1,1,0,0,0,0,1,2,0,0,2,2,0,0,1,1,2,0,2,0,1,0,2,0,1,1,1
0,2,2,1,0,0,1,0,1,2,1,2,1,1,1,0,0,1,0,2,1,0,2,0,0,0,0,1,0,0
0,2,2,1,0,1,1,0,0,2,1,2,0,2,2,2,1,2,1,1,2,2,0,0,1,2,0,1,1,2
0,2,2,1,1,0,0,1,1,0,1,0,1,2,1,1,0,1,0,1,0,2,2,1,0,2,0,1,1,0
0,1,2,1,0,1,1,0,0,2,0,0,0,1,2,2,1,2,0,1,1,2,0,1,1,1,0,1,1,1
0,2,1,1,0,1,2,0,0,1,2,2,1,0,2,1,0,2,1,2,0,2,2,0,1,1,0,1,1,0
0,1,2,0,0,1,0,1,1,0,2,2,1,0,0,0,0,2,0,1,1,1,1,2,0,1,0,0,0,1
0,2,2,0,0,0,1,2,0,1,0,0,1,1,2,0,1,0,0,2,0,1,2,1,1,1,0,1,1,0
0,2,1,1,1,0,0,2,0,0,0,2,1,2,2,0,0,1,0,1,1,2,1,2,1,2,0,1,1,0
0,2,2,1,1,0,0,2,1,1,1,0,0,2,2,2,0,0,1,0,0,1,0,2,1,0,0,1,0,2
0,2,2,1,1,1,1,0,1,2,1,0,1,0,1,0,1,1,0,0,2,2,2,1,1,1,0,1,0,1
0,2,2,1,1,1,2,0,1,0,1,1,1,0,1,0,0,0,0,2,1,2,2,1,0,1,0,0,0,0
0,2,1,1,0,1,0,1,0,1,1,1,0,2,1,0,1,0,1,0,2,2,2,0,1,1,0,1,1,0
0,2,2,0,1,0,1,0,0,0,2,2,0,1,1,1,1,1,1,0,2,1,2,0,1,0,0,0,1,0
0,1,0,0,0,0,2,2,0,1,0,1,1,2,1,0,1,0,0,0,2,1,2,1,1,2,0,1,0,0
0,2,1,0,1,0,1,0,0,0,1,2,1,2,1,1,0,2,0,0,2,2,2,2,0,1,0,1,1,0
0,1,2,0,0,1,1,2,0,1,1,0,1,0,2,0,0,0,0,1,0,1,1,1,1,1,0,1,1,2
0,2,1,1,0,0,2,0,1,0,1,1,0,1,1,1,0,1,1,2,0,2,2,0,0,2,0,1,0,2
0,1,2,0,1,0,0,0,1,2,0,1,0,2,0,1,0,1,1,2,0,1,2,1,0,2,0,1,0,2
0,1,2,1,0,0,1,2,1,1,2,0,0,0,2,0,0,1,1,0,2,2,2,0,0,1,0,1,0,0
0,1,2,1,1,1,0,2,1,0,2,2,0,2,1,0,0,1,0,0,2,0,2,0,1,2,0,1,0,2
0,2,1,1,0,0,0,2,1,1,0,0,1,1,2,1,0,1,1,0,2,2,2,0,0,0,0,0,0,2
0,1,0,1,0,0,1,0,1,1,1,0,0,1,1,0,0,1,1,2,1,2,0,2,1,0,0,1,1,0
0,1,2,0,1,0,0,0,0,2,1,2,0,1,2,1,1,1,0,2,2,1,0,0,0,2,0,1,0,2
0,2,2,1,1,1,1,2,1,1,2,1,0,2,2,1,1,1,1,1,2,2,0,1,0,0,0,0,1,0
0,1,0,1,0,1,2,0,1,0,2,0,1,0,2,1,0,1,1,0,1,2,2,0,1,2,0,1,1,0
0,1,1,1,1,0,2,0,0,0,2,1,0,2,0,1,0,0,0,0,0,2,2,2,0,1,0,1,1,2
0,1,2,0,1,0,2,0,0,0,0,2,1,0,2,1,0,0,0,0,1,2,1,2,0,0,0,1,1,1
0,2,2,1,1,1,2,0,0,1,1,2,0,2,2,2,1,0,0,2,2,2,0,2,1,1,0,1,1,1
0,0,2,0,0,1,0,2,0,1,2,2,1,0,2,0,0,2,0,2,1,1,2,2,0,1,1,1,0,1
0,1,2,1,1,0,0,2,1,1,0,1,0,2,0,0,0,0,1,2,0,2,2,2,1,1,0,1,0,0
0,1,1,1,1,0,1,0,0,1,0,1,0,2,0,0,0,1,1,2,1,2,2,1,0,2,0,1,1,2
0,1,2,1,1,0,1,2,1,0,2,1,0,2,0,0,1,1,0,2,2,2,2,0,1,1,0,1,1,0
0,2,2,1,1,0,1,2,0,1,2,2,0,2,1,1,0,0,0,1,0,2,2,2,1,2,0,1,1,2
0,2,2,1,0,0,1,0,1,2,1,2,0,1,2,1,0,2,1,1,1,2,2,0,0,1,0,1,1,1
0,1,2,0,1,0,1,0,0,2,0,1,0,2,0,1,1,1,0,2,2,2,2,1,0,0,0,0,1,0
0,2,2,1,1,1,2,2,0,1,0,1,1,0,0,1,1,1,0,2,0,2,2,1,0,0,0,1,1,0
0,2,2,1,1,1,2,0,0,2,2,0,1,0,2,2,1,2,1,0,0,2,2,0,1,1,0,1,1,0
0,1,2,1,1,0,2,2,1,0,2,2,0,2,0,0,0,0,1,2,0,2,2,0,0,0,0,1,1,0
0,2,1,1,0,1,2,0,0,2,1,1,0,2,2,1,0,1,1,1,0,2,0,0,0,1,0,1,1,2
0,1,2,1,1,0,0,0,0,1,2,0,0,2,2,1,1,0,1,2,0,2,2,2,1,1,0,0,1,1
0,2,1,1,0,0,2,2,1,2,2,2,0,2,0,1,0,2,1,0,1,1,1,0,1,0,0,1,1,2
0,2,0,1,0,1,2,2,0,1,2,1,1,0,1,0,0,1,1,1,1,2,1,1,0,2,0,1,1,1
0,1,2,1,0,1,1,0,0,2,2,0,0,0,2,2,1,1,1,0,2,2,2,1,1,1,0,1,0,1
0,2,1,1,0,0,1,0,0,1,2,1,0,1,2,0,0,0,1,0,0,2,2,0,1,1,0,1,1,2
0,0,2,0,0,1,0,0,0,0,1,2,0,2,1,0,1,1,0,1,2,1,2,1,1,0,0,1,0,0
0,1,2,1,1,1,1,0,1,1,2,0,1,0,0,1,1,1,1,0,2,2,2,1,0,0,0,1,1,0
0,1,2,1,1,1,0,2,1,0,2,1,0,2,2,0,0,1,0,2,0,2,2,0,1,2,0,1,1,0
0,1,0,0,0,1,0,2,0,0,0,0,1,2,2,1,0,1,0,2,0,1,2,1,1,1,0,1,0,2
0,0,2,1,1,1,1,1,0,2,2,0,1,2,2,1,1,1,0,2,0,0,0,1,1,1,0,0,0,1
0,2,2,1,1,1,0,0,1,1,1,1,0,0,1,1,0,0,1,2,2,2,2,1,1,1,0,1,1,0
0,1,2,1,1,1,2,0,1,0,2,1,1,0,1,1,1,1,1,0,0,1,2,1,1,2,0,1,0,1
0,2,2,1,1,0,0,2,1,2,0,2,1,1,1,0,1,0,1,0,0,2,2,0,1,1,0,1,1,0
0,2,2,1,1,1,0,0,1,0,0,1,1,2,1,0,1,0,0,0,2,2,2,1,1,2,0,1,0,2
0,1,0,1,1,0,0,2,1,0,2,2,0,2,2,2,1,1,1,0,1,2,2,0,1,1,0,1,0,1
0,1,2,0,0,0,1,0,0,0,1,1,1,2,2,0,1,0,0,2,0,1,2,1,0,2,0,1,0,0
0,1,2,1,1,1,1,0,0,1,2,0,0,2,0,0,0,0,0,0,0,2,0,2,1,2,0,1,1,2
0,1,2,1,0,1,2,1,0,0,2,0,0,1,2,0,0,0,1,0,2,1,2,0,1,0,0,0,1,1
0,0,2,1,1,0,1,0,1,1,1,1,0,0,1,0,1,1,1,1,0,2,2,1,0,0,0,0,1,1
0,0,1,1,0,1,2,2,1,0,1,2,0,1,1,0,1,1,0,2,0,2,2,2,0,0,0,1,1,0
0,1,2,1,1,0,1,2,1,1,2,1,0,0,0,0,0,0,1,2,0,2,2,0,1,1,0,0,1,1
0,1,2,0,1,1,1,0,1,2,0,0,0,0,2,1,0,1,1,0,0,0,1,1,1,0,0,1,0,0
0,1,2,1,0,1,0,1,1,2,2,1,0,1,1,1,0,2,1,2,0,2,0,0,1,1,0,0,0,0
0,2,2,0,0,0,1,2,0,1,2,1,0,0,2,1,0,1,1,2,0,1,2,1,0,2,0,1,0,0
0,2,2,1,1,0,0,0,0,2,1,2,1,1,1,1,0,1,1,2,2,2,2,0,0,2,0,0,1,1
0,1,0,1,0,0,1,2,0,0,2,0,0,0,0,1,0,1,0,1,1,2,1,1,0,1,0,0,0,1
0,1,2,1,1,1,1,0,0,0,0,1,1,2,0,0,1,1,0,2,1,2,2,1,1,0,0,1,1,2
0,1,2,1,1,0,2,2,0,0,0,1,0,2,0,0,0,0,0,2,0,0,2,1,0,1,0,1,0,1
0,1,2,0,0,0,2,0,1,2,1,2,0,1,2,1,0,1,1,0,0,1,0,1,0,0,0,1,0,2
0,1,2,1,1,1,2,0,0,1,1,0,1,0,1,2,1,2,1,0,0,2,2,0,1,0,0,0,0,1
0,2,1,1,0,0,2,2,1,0,0,1,0,0,1,0,1,0,0,2,1,2,0,0,0,2,0,1,0,2
0,1,2,1,1,0,2,1,0,0,2,2,1,2,0,0,0,1,0,2,2,2,2,2,1,1,0,1,0,2
0,0,2,1,0,0,0,0,1,0,2,2,1,1,1,0,0,0,1,2,2,0,2,1,0,1,0,1,0,2
0,1,2,1,0,1,2,2,1,0,0,0,1,2,1,2,1,2,0,0,0,2,2,0,0,1,0,1,0,1
0,2,2,1,1,0,0,0,1,0,2,2,0,2,1,1,0,0,1,2,1,2,2,2,0,0,0,1,0,2
0,1,2,1,0,0,2,2,1,1,0,0,1,1,2,2,1,2,1,1,0,2,0,0,1,1,0,1,1,0
0,2,2,0,0,0,0,2,0,0,0,2,0,0,2,1,0,1,1,0,0,1,2,1,1,1,0,1,0,2
0,1,2,1,1,0,0,0,0,2,2,0,0,1,0,1,0,1,0,2,2,2,0,0,1,2,0,1,1,1
0,1,2,1,0,0,2,2,0,1,2,1,1,2,2,1,1,0,1,0,1,2,2,2,1,0,0,1,1,2
0,1,1,1,1,1,1,1,0,1,2,1,0,2,0,1,0,1,0,2,0,2,2,1,0,2,0,1,0,0
0,1,1,1,1,1,1,2,0,0,1,0,0,0,1,1,1,1,1,2,2,2,0,1,1,0,0,1,1,0
0,1,2,1,1,0,2,0,1,0,2,0,0,2,0,0,1,1,0,0,2,2,2,1,1,1,0,1,1,0
0,2,0,0,0,0,2,0,0,2,0,2,0,1,2,1,0,1,1,2,1,1,2,1,1,2,0,1,0,2
0,1,2,0,0,0,2,0,1,1,1,1,0,1,2,1,1,1,1,2,0,1,0,1,1,1,0,1,1,0
0,1,2,1,1,0,0,0,0,1,0,1,0,2,0,0,0,1,1,2,0,2,2,2,0,2,0,1,1,2
0,1,2,1,0,0,0,0,1,2,2,1,0,0,1,0,1,1,1,2,2,2,2,1,0,0,0,0,1,1
0,1,2,1,0,0,1,2,0,0,1,1,0,1,1,0,0,1,1,1,2,0,0,2,1,1,0,1,1,0
0,1,0,1,1,1,1,1,0,2,2,0,1,0,2,0,0,0,0,1,1,2,1,1,0,0,0,1,1,1
0,2,1,1,0,1,2,0,1,2,1,1,0,2,2,1,1,2,1,2,2,2,0,2,0,2,0,0,0,2
0,2,0,1,1,1,2,0,0,0,1,1,0,0,1,0,0,1,1,0,0,2,2,0,1,2,0,1,0,1
0,1,2,1,1,1,2,0,0,1,2,1,1,2,0,0,0,0,1,2,2,2,2,2,1,0,0,0,1,0
0,1,2,1,1,0,2,0,1,2,2,0,0,2,0,0,0,0,1,2,0,2,2,0,0,2,0,1,1,2
0,2,1,1,1,0,1,0,1,1,0,2,1,0,1,2,1,2,0,0,1,2,2,1,0,0,0,0,1,1
0,0,2,1,1,0,0,2,1,0,2,1,1,2,0,0,0,0,0,0,1,2,2,1,0,0,0,1,1,2
0,1,2,1,1,0,1,0,1,2,1,1,1,0,0,2,1,1,0,0,0,2,2,1,1,1,0,1,1,0
0,1,2,1,1,1,0,2,1,1,2,0,0,0,0,0,1,1,1,2,2,2,2,1,0,1,0,0,1,1
0,2,2,1,1,0,1,0,0,1,2,2,0,2,0,0,1,2,0,2,2,2,2,2,0,1,0,1,1,1
0,1,2,1,1,0,0,1,1,1,1,2,1,2,0,1,0,1,1,2,0,2,2,1,0,0,0,1,1,1
0,2,2,1,1,1,2,2,0,0,2,2,1,0,0,0,0,1,1,2,2,2,2,1,0,1,0,0,1,1
0,2,2,1,0,0,1,2,0,1,1,0,1,2,2,2,1,0,1,0,0,2,2,2,1,1,0,0,1,1
0,2,1,1,1,0,1,2,1,1,2,0,0,1,0,1,0,1,0,2,1,2,2,0,0,2,0,1,1,0
0,1,1,1,1,1,2,2,0,1,1,0,1,1,2,0,1,0,1,0,1,1,1,1,0,1,1,0,1,2
0,1,2,1,0,1,1,2,0,2,0,1,1,2,0,0,0,2,0,0,0,2,1,2,0,1,0,1,1,2
0,1,2,1,1,0,0,0,0,2,1,1,1,2,0,0,1,0,0,2,2,2,2,2,0,0,0,1,1,1
0,2,2,1,0,1,0,0,1,1,2,0,0,0,0,1,1,1,0,2,2,2,2,1,0,1,0,1,1,1
0,2,2,1,0,0,0,0,1,0,0,2,0,2,0,1,0,0,1,2,2,2,2,2,1,1,0,0,0,0
0,2,0,1,1,1,2,0,1,2,1,0,1,2,2,0,0,1,1,0,1,2,0,1,0,1,0,1,1,2
0,2,0,1,1,1,2,0,0,1,1,0,0,0,1,0,1,0,0,0,1,2,2,0,1,1,0,1,1,0
0,1,2,0,1,0,0,0,1,1,0,1,1,2,0,1,0,0,1,0,0,1,2,1,1,2,0,1,0,1
0,2,2,1,1,1,1,2,1,2,0,1,0,1,0,1,1,2,0,0,0,2,2,0,1,0,0,1,1,0
0,2,2,1,0,0,2,2,1,2,0,0,1,2,2,1,1,2,1,2,0,0,2,1,1,1,0,1,1,1
0,1,2,1,1,0,2,0,0,2,2,1,0,2,0,0,0,2,0,2,2,2,2,2,1,0,0,1,1,1
0,2,2,1,1,0,2,2,0,1,0,2,0,2,2,0,1,1,1,2,2,2,2,1,0,2,1,0,0,2
0,2,2,0,1,1,1,2,0,0,1,1,1,0,1,0,1,0,1,1,1,1,2,1,0,2,0,1,0,1
0,2,1,1,1,0,0,0,0,1,1,1,1,2,0,1,0,0,0,0,0,2,2,2,1,1,0,1,1,0
0,1,1,1,1,1,2,2,1,0,2,0,0,2,1,2,1,1,1,0,0,2,2,1,0,1,0,1,1,0
0,2,0,1,1,1,0,2,1,1,1,1,0,1,1,0,0,1,0,1,1,2,2,0,0,2,0,1,1,2
0,2,0,1,1,0,1,2,1,1,0,2,0,2,0,1,0,1,1,0,0,2,1,0,0,2,0,1,1,1
0,2,2,1,0,1,0,0,0,0,1,2,1,2,1,2,1,0,0,0,2,0,2,2,0,2,0,1,1,0
0,1,2,0,0,0,2,2,0,2,2,1,1,2,2,2,1,1,1,2,2,0,2,1,0,0,0,1,0,0
0,2,0,1,0,1,2,0,1,2,1,0,1,0,2,2,1,2,0,0,0,0,2,1,1,1,0,1,0,2
0,1,1,1,1,0,0,2,1,1,2,0,0,2,0,0,0,0,1,2,1,2,2,0,1,1,0,1,1,1
0,1,2,1,1,1,2,0,0,2,2,1,0,0,2,1,0,2,0,0,0,2,1,0,0,1,0,1,1,1
0,2,2,1,1,1,0,0,0,1,2,2,1,2,2,1,0,2,1,2,0,2,0,0,1,2,0,1,1,2
0,2,1,1,0,0,1,2,1,0,2,0,0,2,2,1,0,1,1,2,0,1,2,0,0,1,0,1,0,0
0,2,2,1,1,0,0,0,1,1,1,2,1,1,0,1,0,0,1,2,0,2,2,0,1,2,0,1,0,1
0,2,1,0,0,1,2,0,1,2,1,1,0,2,2,0,1,0,0,2,2,1,0,2,0,0,0,1,0,2
0,0,2,1,0,0,1,0,1,0,0,2,1,0,1,0,1,0,0,2,2,2,2,1,0,0,0,0,0,2
0,1,2,1,0,1,0,0,0,0,0,1,1,2,2,1,0,2,1,0,1,2,2,1,0,0,0,1,1,1
0,2,2,1,1,1,0,0,1,0,2,0,1,0,1,1,1,1,1,1,2,2,2,1,1,0,0,1,1,2
0,1,2,1,1,1,0,0,1,0,1,2,0,1,2,0,0,0,0,0,0,2,0,2,0,1,0,1,1,0
0,1,2,1,0,0,0,0,0,2,0,0,0,2,2,0,0,2,0,2,1,2,2,2,1,0,0,1,1,1
0,1,2,0,0,0,2,0,1,1,2,0,1,1,2,0,1,0,0,2,2,1,2,1,1,1,0,1,0,0
0,2,2,1,1,1,2,2,0,2,2,2,0,2,1,1,1,0,0,2,1,2,2,2,0,1,0,1,1,2
0,1,2,0,1,1,1,0,0,2,0,2,0,0,0,1,0,1,0,1,0,1,2,1,1,2,0,1,0,0
0,2,2,1,0,0,1,2,0,0,2,2,0,0,2,0,1,1,1,1,0,0,2,1,1,2,1,0,1,0
0,2,2,1,0,0,1,2,1,0,2,2,0,2,1,0,0,0,1,0,0,2,0,1,0,2,0,1,1,0
0,1,2,1,0,0,2,2,1,1,2,1,0,2,1,1,1,1,1,2,2,2,0,1,1,0,0,0,1,0
0,0,1,1,1,0,0,0,0,0,1,2,1,2,0,0,0,0,0,0,2,2,2,1,0,2,0,1,1,0
0,2,2,1,1,0,2,2,1,2,0,2,0,0,1,1,1,1,0,2,2,2,2,0,0,0,0,1,0,0
0,1,2,1,1,0,1,0,1,1,1,0,0,0,0,0,1,1,1,2,2,0,2,1,0,2,0,1,1,1
0,2,2,0,0,0,1,0,0,0,2,2,0,2,2,0,1,0,0,2,1,1,0,1,0,0,0,1,0,1
0,1,2,1,1,1,0,1,1,0,1,2,0,0,2,1,0,0,1,2,2,2,1,0,0,2,0,1,1,1
0,2,2,1,1,1,2,0,0,2,1,2,0,2,2,1,0,1,1,2,0,2,2,0,0,2,0,1,1,0
0,2,2,1,0,0,2,0,0,2,2,2,0,2,2,0,1,0,0,2,2,2,2,1,0,0,0,1,1,0
0,2,2,1,0,1,1,0,0,0,1,2,0,1,1,1,1,1,1,2,0,2,2,0,1,1,0,1,1,0
0,2,1,1,1,1,1,0,0,2,1,0,0,2,2,0,1,1,0,1,0,2,1,1,1,1,0,0,1,1
0,2,1,0,0,0,1,0,1,0,2,1,0,0,2,0,1,1,0,2,2,1,2,1,1,1,0,1,0,0
0,2,2,1,0,0,2,0,0,2,2,2,0,1,2,1,0,1,1,2,0,0,2,0,1,1,0,1,1,1
0,1,2,1,0,1,1,2,0,1,1,1,1,2,1,1,0,0,1,2,0,2,2,2,1,1,0,1,1,1
0,2,2,1,0,0,0,0,1,1,0,1,0,0,2,0,1,0,0,2,0,2,0,1,1,0,0,1,0,2
0,2,2,1,0,1,0,0,0,1,2,0,0,1,2,0,0,0,1,0,2,2,2,0,1,2,0,1,1,2
0,1,2,0,1,1,0,2,0,1,0,0,1,0,0,0,1,1,1,2,0,1,2,1,0,1,0,1,0,2
0,1,2,1,1,1,1,0,0,1,2,1,1,2,0,1,1,1,1,2,2,2,2,1,0,0,0,1,1,0
0,1,2,1,0,1,2,0,1,2,2,1,1,2,1,1,0,1,1,2,0,2,2,0,0,2,0,1,1,1
0,1,2,1,1,1,2,1,0,1,2,0,0,2,0,0,1,0,0,0,0,2,2,1,1,1,0,1,1,2
0,1,2,1,1,1,0,0,0,2,0,0,0,2,0,0,0,1,1,2,2,2,2,2,0,0,1,0,1,2
0,1,0,1,1,0,0,0,1,0,2,2,0,2,0,0,1,1,0,0,2,2,2,1,1,0,0,1,1,2
0,2,1,1,0,0,1,0,1,2,0,0,1,1,0,1,0,2,0,2,1,2,2,0,0,0,0,1,0,1
0,2,1,1,1,1,0,0,0,0,0,1,1,2,1,2,1,2,1,2,1,2,2,1,1,2,0,1,1,0
0,1,2,1,1,0,0,2,1,1,2,1,1,2,0,1,0,1,0,2,2,2,2,1,0,2,0,1,1,0
0,0,0,1,0,0,2,2,1,1,0,1,0,2,1,1,1,1,0,1,2,2,1,1,0,1,0,0,1,1
0,1,2,1,0,1,0,1,1,2,2,0,0,1,1,1,0,2,0,0,0,2,2,2,0,0,0,1,1,2
0,1,2,0,0,1,1,0,1,0,2,0,1,2,1,0,1,1,1,1,2,1,2,1,0,1,0,1,0,0
0,1,2,1,1,0,1,0,1,0,1,0,1,1,0,1,0,0,1,1,0,2,0,2,0,2,0,1,1,2
0,1,2,0,0,0,1,2,1,0,1,0,1,2,2,0,1,1,0,0,1,1,2,1,1,1,0,1,0,1
0,1,0,1,1,0,1,0,0,1,0,0,1,1,2,0,0,0,1,0,2,2,0,0,1,0,0,1,1,1
0,2,2,1,1,0,1,1,1,0,2,0,1,2,2,1,1,0,1,2,2,2,0,1,1,2,0,1,1,1
0,1,1,1,1,1,0,2,0,2,1,0,1,0,1,1,0,2,1,2,2,2,2,0,0,1,0,1,1,1
0,2,0,0,1,1,0,0,1,0,0,2,1,2,2,0,1,1,0,0,1,2,1,1,1,1,0,1,1,1
0,1,2,1,1,0,1,0,0,0,0,0,1,2,0,2,1,1,0,0,0,2,2,1,1,2,0,1,1,2
0,1,2,1,0,0,0,2,1,1,2,2,1,0,2,1,0,1,1,2,2,2,2,0,0,0,0,1,1,0
0,1,0,1,1,1,1,0,0,1,1,2,0,2,0,0,1,0,1,2,1,2,2,0,1,1,0,1,1,1
0,2,2,1,1,0,0,0,0,0,1,2,1,2,1,0,1,1,0,2,0,2,2,1,1,1,0,1,1,0
0,2,2,1,1,1,1,0,1,0,2,2,1,2,2,1,0,2,1,0,1,1,2,2,1,1,0,1,0,2
0,1,2,0,1,1,0,0,1,0,2,0,1,2,0,2,0,1,1,0,0,1,2,1,1,1,0,1,0,0
0,2,2,1,0,1,0,2,0,0,2,2,1,0,2,0,0,0,0,2,1,1,2,1,0,2,0,1,0,0
0,1,1,1,1,0,0,0,0,1,0,2,1,0,2,1,0,1,1,2,1,0,1,1,0,1,0,1,1,2
0,2,2,1,0,0,0,2,1,0,1,1,1,1,0,0,1,1,0,1,1,1,2,0,1,0,0,1,0,0
0,1,1,1,1,1,2,0,0,1,2,1,1,2,0,1,1,1,0,2,1,2,2,1,0,0,0,1,1,0
0,1,2,1,1,1,0,0,1,1,0,0,0,2,0,0,0,2,0,0,0,2,2,0,1,2,0,1,1,2
0,2,0,1,0,0,1,2,1,1,2,0,1,2,0,0,0,2,0,2,2,1,1,2,0,2,0,1,0,1
0,1,1,1,1,0,2,2,0,0,0,2,0,0,0,0,0,0,1,2,1,2,2,1,0,0,0,1,1,0
0,1,2,1,0,1,0,0,0,0,1,1,1,2,1,0,0,0,1,0,0,2,2,0,0,1,0,1,1,1
0,2,2,1,0,1,0,1,0,1,0,2,1,0,0,0,0,0,1,2,1,2,1,0,1,2,0,1,1,0
0,1,2,0,1,1,0,0,0,2,2,1,0,0,0,1,1,1,1,0,2,1,0,0,1,0,0,1,0,0
0,1,2,1,0,0,1,0,0,2,2,0,0,2,2,1,0,1,1,0,2,2,2,0,0,1,0,0,1,0
0,1,0,1,1,0,1,2,1,0,1,0,1,0,0,0,1,0,0,1,1,2,2,0,0,1,0,1,1,0
0,2,2,1,1,1,2,0,0,2,0,2,0,2,0,0,0,0,1,2,1,2,2,1,0,0,0,1,1,0
0,2,1,1,1,0,0,2,0,2,2,2,1,2,1,1,0,2,1,0,0,2,2,2,1,1,0,1,1,0
0,2,2,1,1,0,0,0,0,1,0,0,0,2,1,0,0,2,0,0,0,2,2,1,0,1,0,1,1,0
0,1,2,1,0,0,1,0,0,1,0,1,1,2,1,1,1,1,1,0,0,2,2,0,0,0,0,1,1,2
0,1,2,1,1,0,2,0,0,2,0,2,0,1,2,0,0,0,0,0,1,2,0,0,0,1,0,1,1,0
0,2,2,1,1,0,2,0,0,2,1,1,1,1,1,0,1,1,0,0,2,0,2,1,1,0,0,1,0,0
0,1,2,1,1,1,1,0,1,2,2,1,1,2,0,0,1,0,1,1,0,2,2,0,0,0,0,1,1,2
0,1,1,1,0,0,1,0,1,0,2,1,1,1,2,1,1,0,0,0,0,2,0,2,0,0,0,1,1,1
0,0,2,1,1,0,0,2,1,1,2,0,1,2,0,0,0,1,1,2,2,2,2,0,0,1,0,1,1,1
0,1,1,1,1,0,2,0,0,1,2,2,0,2,0,2,1,0,1,0,0,1,2,2,1,2,0,0,1,1
0,1,2,1,1,0,2,0,0,1,2,1,0,2,0,0,1,0,0,0,0,2,2,2,1,2,0,0,0,1
0,2,2,1,1,0,0,2,1,0,0,0,0,2,1,0,0,1,1,0,2,0,2,2,1,1,0,0,0,2
0,2,0,1,0,0,1,0,1,0,1,2,0,1,2,0,0,1,1,2,1,2,2,2,0,0,0,1,1,0
0,1,0,1,1,0,2,0,0,2,1,0,1,1,0,1,0,2,1,0,1,2,2,0,1,2,0,1,1,0
0,2,1,1,1,1,1,0,0,1,1,2,1,0,1,1,0,1,0,0,2,2,2,0,1,2,0,0,1,2
0,0,1,1,1,1,0,0,0,1,1,2,0,2,0,1,0,0,0,2,2,2,0,2,1,1,0,1,1,2
0,2,0,1,1,0,2,2,1,2,1,1,0,2,2,0,1,1,1,1,1,2,1,1,0,0,0,1,1,2
0,1,1,1,0,1,1,0,1,2,1,0,0,2,1,0,1,0,1,0,0,2,2,1,0,1,0,1,1,1
0,1,2,0,0,1,0,2,0,1,1,0,1,2,1,0,0,0,1,0,0,1,2,2,1,0,0,0,1,0
0,1,2,1,0,0,1,2,0,0,2,1,1,2,2,1,0,0,1,0,2,2,2,2,0,0,0,1,1,2
0,1,2,1,0,1,1,0,0,1,1,0,0,1,2,1,0,2,1,2,2,2,0,0,1,2,0,1,1,2
0,2,2,1,0,1,0,2,0,0,1,2,0,2,2,2,1,1,0,0,0,2,0,1,1,0,0,1,1,2
0,1,2,1,1,1,0,0,1,2,1,2,0,0,1,0,0,0,0,2,2,2,2,1,0,2,0,1,0,0
0,1,2,1,1,1,0,0,0,0,2,0,1,2,0,1,0,2,1,0,2,0,2,0,1,0,0,1,0,0
0,1,1,1,0,0,1,0,1,0,0,2,1,0,2,1,1,1,1,2,1,2,2,1,0,1,0,1,1,2
0,0,2,1,1,1,1,2,1,0,2,1,0,2,1,1,1,0,1,0,0,2,2,1,0,0,0,1,1,2
0,2,2,1,0,1,0,0,1,0,2,0,1,0,0,1,1,0,1,0,0,2,0,1,1,2,0,1,1,2
0,1,2,1,1,0,0,0,0,0,2,0,0,0,0,1,1,1,1,0,2,2,2,1,1,0,0,1,1,0
0,2,0,1,0,1,2,0,1,0,1,2,0,0,2,0,0,0,1,2,1,2,2,1,0,0,0,1,1,1
0,1,2,1,0,0,1,0,1,0,2,1,0,2,2,0,1,1,1,1,0,2,2,0,1,0,0,1,1,0
0,1,2,1,1,1,1,0,1,1,1,1,0,2,0,0,0,1,1,2,1,2,2,1,0,1,0,1,1,1
0,1,2,1,1,0,1,2,0,1,2,0,0,0,0,0,1,0,1,0,0,2,2,0,1,0,0,0,0,2
0,2,2,1,1,0,2,2,0,1,0,1,1,2,0,0,0,1,1,1,2,2,1,2,1,1,1,0,1,0
0,1,2,1,1,1,0,0,1,1,2,0,1,0,2,1,1,1,1,2,0,2,2,1,1,0,0,1,1,1
0,1,2,1,1,1,2,2,1,1,2,1,0,0,2,0,1,1,0,2,0,2,1,1,0,0,0,1,1,0
0,1,1,1,0,1,0,0,0,2,1,1,0,2,2,0,1,0,1,0,2,2,0,1,0,2,0,1,1,1
0,2,1,1,1,0,1,0,1,1,0,2,1,0,2,1,1,2,0,0,2,1,1,1,1,2,0,1,1,2
0,2,1,1,1,1,2,0,1,0,2,2,1,0,0,0,0,0,1,0,0,2,2,1,0,1,0,1,0,1
0,2,1,0,0,1,0,0,0,0,1,1,0,2,2,2,1,2,0,0,0,1,0,1,0,0,0,1,0,1
0,1,1,1,0,0,0,2,0,0,0,0,0,2,2,1,1,1,1,2,1,0,0,1,1,1,0,1,0,1
0,1,1,1,0,1,1,0,1,2,1,2,0,0,2,0,1,2,1,2,0,2,2,1,0,0,0,1,1,1
0,1,2,1,1,0,0,0,1,1,2,0,0,0,0,1,0,1,0,0,0,2,2,1,0,2,0,1,1,2
0,1,2,1,0,1,0,0,0,2,0,1,0,0,1,1,0,1,0,0,0,2,2,1,0,1,0,1,1,2
0,2,2,1,1,0,1,0,1,1,2,2,1,1,1,1,0,0,1,0,0,2,2,2,1,0,0,1,1,1
0,0,1,1,1,1,2,0,1,0,1,1,0,2,1,0,1,0,0,2,2,2,2,1,0,0,0,1,1,0
0,1,2,0,1,1,2,2,0,0,1,1,0,0,0,1,1,1,1,0,1,1,2,1,1,1,0,1,0,0
0,2,2,0,0,0,1,0,0,0,0,2,1,2,1,1,1,1,1,1,0,1,1,1,1,1,0,1,0,1
0,1,2,1,1,0,2,0,0,2,2,1,1,2,0,2,0,2,1,0,0,0,2,0,1,0,0,1,0,0
0,1,2,1,0,1,0,0,1,2,1,2,1,1,2,1,0,2,0,2,0,2,0,0,1,2,0,1,1,2
0,1,1,1,0,1,0,0,1,0,2,1,0,1,2,0,0,1,1,1,0,2,0,2,1,2,0,1,1,0
0,2,2,1,1,0,1,0,0,1,1,2,1,1,2,0,1,0,1,2,0,2,2,0,1,1,0,1,1,2
0,2,2,0,1,0,1,2,1,1,0,1,0,1,1,0,1,0,1,0,0,1,2,0,1,1,0,1,1,1
0,2,2,1,1,0,0,2,1,1,2,2,0,2,0,1,0,1,1,1,2,2,0,1,0,2,0,1,1,0
0,2,2,1,1,1,0,2,1,1,2,0,0,2,2,0,1,0,1,0,2,2,0,2,1,2,0,1,0,1
0,2,2,1,0,0,2,0,1,0,0,0,0,0,1,0,1,0,0,1,0,2,1,1,0,0,0,0,1,2
0,1,2,1,0,1,0,0,1,0,1,0,1,2,1,0,0,0,0,2,2,1,2,0,0,0,0,1,0,1
0,1,2,1,1,1,2,2,1,2,2,1,0,2,0,1,0,1,0,2,2,2,2,0,0,2,0,1,1,2
0,0,2,1,1,0,1,0,0,2,2,1,0,0,0,1,0,1,1,0,0,0,2,0,0,2,0,1,1,1
0,1,2,1,1,1,0,2,1,0,0,1,1,2,0,1,0,1,0,2,1,0,2,1,0,1,0,1,1,2
0,1,2,1,0,0,2,0,0,1,2,1,1,2,2,1,0,1,0,1,2,2,0,1,0,1,0,1,1,0
0,2,2,1,1,0,1,0,1,1,1,2,1,1,1,1,0,1,0,0,0,1,2,0,0,1,0,1,0,1
0,0,0,1,0,0,0,0,0,1,0,2,1,2,1,1,0,0,0,2,2,2,2,2,1,0,0,1,1,0
0,0,0,0,1,1,0,0,0,2,2,0,1,2,1,0,0,0,1,2,0,1,2,2,0,2,0,0,1,2
0,1,2,1,1,0,2,2,1,0,2,1,0,2,1,0,0,0,0,1,2,2,1,1,0,0,0,1,1,0
0,1,2,1,1,0,2,0,0,2,1,0,0,2,0,0,0,0,0,1,0,2,2,1,0,1,0,1,1,1
0,1,2,0,0,0,0,1,0,2,2,0,0,2,2,0,1,0,1,0,0,1,0,1,0,0,0,1,0,1
0,2,2,1,0,0,0,2,0,2,0,2,0,0,0,2,1,2,0,0,0,2,2,1,1,2,0,1,0,0
0,2,2,1,1,1,1,2,0,1,1,2,1,2,1,1,0,1,0,0,0,2,2,1,0,0,0,0,0,2
0,1,1,1,1,0,0,0,1,2,0,0,1,1,0,1,1,1,1,1,1,2,0,1,0,1,0,1,1,2
0,1,0,1,0,0,0,2,1,0,2,1,0,1,0,1,0,1,0,0,0,2,1,0,1,1,0,1,1,0
0,2,2,1,1,0,0,2,0,0,2,2,1,2,1,0,0,1,0,1,0,2,1,2,1,1,0,0,1,2
0,0,0,1,0,1,2,0,0,0,1,1,0,2,2,0,1,1,1,1,0,2,0,0,1,1,0,1,1,2
0,1,2,1,1,0,1,2,1,1,2,1,1,2,0,0,1,0,0,0,2,2,2,1,1,2,0,1,1,0
0,1,2,0,0,0,2,2,1,0,1,0,1,2,0,1,0,1,1,0,1,0,1,1,1,0,0,1,1,2
0,1,2,1,0,0,0,0,0,2,1,0,0,0,2,0,1,2,1,2,1,2,2,1,1,1,0,1,0,2
0,1,2,1,1,1,1,0,0,2,2,0,1,2,2,1,1,1,1,0,2,0,2,1,1,0,0,1,0,2
0,2,2,1,1,0,1,0,0,1,2,2,0,2,2,0,1,1,1,2,0,2,2,1,0,1,0,1,1,1
0,0,1,1,1,0,0,0,1,2,2,1,1,1,0,2,1,2,1,0,1,2,2,0,0,2,0,1,1,0
0,1,2,1,0,1,0,2,1,2,2,0,1,0,2,0,0,0,1,0,0,2,0,2,1,0,0,0,0,1
0,2,2,1,1,0,1,2,1,1,2,2,1,2,0,1,0,1,1,2,2,2,2,1,0,0,0,1,1,0
0,1,2,1,1,0,0,0,0,2,1,0,0,1,0,1,0,2,0,1,2,2,0,0,0,1,0,1,1,1
0,2,2,1,1,0,2,2,0,0,2,2,0,2,0,0,0,1,0,0,2,2,2,2,1,1,0,1,1,0
0,2,1,1,0,1,0,2,0,1,2,1,0,2,2,1,1,1,0,0,0,1,2,0,1,2,0,1,0,2
0,0,2,1,1,0,0,0,1,2,1,2,1,1,0,0,1,1,0,0,0,2,2,2,1,2,0,0,1,0
0,2,2,1,1,1,1,2,0,0,2,1,1,0,2,1,1,1,0,2,2,2,2,1,0,0,0,0,1,2
0,2,1,1,0,0,0,0,0,2,0,0,0,2,0,0,0,0,1,1,1,2,1,1,0,1,0,1,0,0
0,1,0,1,0,1,0,0,0,2,0,0,0,1,2,2,1,2,1,0,0,2,0,0,1,1,0,1,1,0
0,1,1,0,0,1,0,0,0,2,1,2,1,0,0,1,0,2,0,1,2,1,1,2,0,1,0,1,0,0
0,1,2,1,0,0,1,2,1,0,0,2,0,0,2,0,0,1,1,2,0,2,2,0,1,0,0,1,1,2
0,0,2,0,0,1,2,0,0,2,1,2,1,2,1,0,0,0,0,2,1,1,2,2,0,0,0,1,0,1
0,1,1,0,0,0,1,2,1,0,1,0,1,2,1,0,0,0,0,2,2,1,2,2,0,2,0,1,0,0
0,1,2,1,1,0,0,2,1,1,1,0,0,1,0,0,0,0,1,1,0,2,1,0,1,0,0,1,1,1
0,2,2,1,1,1,1,0,1,2,2,1,1,0,1,2,1,2,0,2,2,2,2,1,0,2,0,0,1,1
0,2,1,1,0,1,2,2,1,0,1,2,1,1,1,1,0,1,0,0,0,0,2,0,1,0,0,1,0,0
0,2,2,1,1,0,1,2,1,1,0,0,0,2,1,1,1,1,0,0,0,2,2,1,0,1,0,1,1,0
0,0,1,1,1,1,1,0,0,0,2,1,1,2,0,1,0,2,0,2,0,2,2,1,0,2,0,1,1,1
0,2,2,1,1,0,0,0,0,0,0,0,1,2,1,0,0,0,1,2,0,2,2,0,0,2,0,1,1,1
0,2,1,1,1,0,1,2,1,1,1,0,0,2,1,0,0,0,1,1,0,2,2,2,1,0,0,1,0,1
0,0,2,1,0,0,2,2,0,0,2,1,0,2,1,0,1,0,0,0,2,2,2,1,0,2,0,1,1,2
0,0,2,1,1,0,2,0,1,0,1,1,0,0,2,0,0,0,0,1,0,2,1,1,0,0,0,1,1,1
0,2,2,1,1,1,0,0,1,1,1,2,0,2,2,0,0,1,0,1,0,2,0,0,1,2,0,1,1,2
0,2,1,1,1,0,2,2,1,0,2,2,1,1,1,1,0,1,0,2,1,2,2,0,0,1,0,1,1,0
0,2,1,1,0,1,0,0,0,1,1,2,0,2,0,0,1,0,0,0,2,2,0,1,1,1,0,1,1,0
0,1,2,0,1,1,0,2,1,0,0,2,1,2,0,1,0,1,1,2,0,1,0,1,1,0,0,1,1,2
0,0,2,1,0,0,2,2,1,1,1,2,1,0,1,0,0,1,0,1,2,0,2,2,0,2,1,0,0,0
0,1,2,1,0,0,2,2,1,1,1,1,1,1,0,0,1,0,1,1,1,2,0,0,1,2,0,1,1,1
0,1,1,1,0,1,0,0,0,0,1,1,1,2,1,0,0,1,0,0,0,0,2,2,1,2,0,1,1,0
0,1,2,1,1,1,0,2,1,2,1,0,0,2,0,2,1,2,1,0,0,2,2,1,0,1,0,1,1,2
0,1,1,1,0,1,1,0,0,1,1,0,0,0,1,0,0,0,1,0,2,2,2,0,1,1,0,1,0,2
0,1,1,1,1,1,2,0,0,2,1,1,0,2,0,1,0,2,0,2,0,2,2,2,0,2,0,1,1,2
0,2,1,1,0,0,0,2,1,0,2,2,1,1,2,1,0,2,1,2,0,2,2,0,0,1,0,1,0,0
0,1,1,1,1,0,1,0,0,0,1,2,1,0,0,0,1,1,1,0,2,2,2,1,1,2,0,0,1,1
0,1,2,1,1,0,0,2,1,1,2,1,0,2,1,0,0,0,1,2,2,2,2,1,0,1,0,1,1,2
0,1,2,1,1,1,2,0,1,1,0,0,1,2,2,2,1,2,1,0,1,2,2,0,0,2,0,1,1,0
0,1,2,1,1,1,1,1,0,2,2,1,1,2,0,1,1,0,0,0,2,2,2,2,1,1,0,1,1,1
0,2,2,1,0,0,0,0,0,0,0,0,1,2,2,1,1,1,1,2,2,0,0,1,1,0,0,1,1,2
0,2,2,1,1,1,1,0,0,1,2,2,1,2,1,2,0,0,1,0,2,2,2,2,1,2,1,0,1,2
0,1,2,1,1,0,0,2,0,0,2,1,0,2,1,0,0,0,0,2,2,2,2,0,0,1,0,1,1,1
0,1,2,1,1,1,1,0,0,2,2,0,0,0,2,1,1,1,1,0,2,2,1,1,1,0,0,1,0,1
0,1,2,1,1,1,1,0,1,0,1,1,0,2,0,2,1,2,1,0,0,2,0,0,0,1,0,1,1,2
0,1,2,1,1,0,2,2,1,1,2,0,0,2,0,1,1,1,0,0,0,2,2,1,0,2,0,1,1,0
0,1,1,1,1,0,2,0,1,2,2,2,1,0,0,1,0,2,1,0,0,1,2,0,0,0,0,1,0,2
0,1,1,1,0,1,0,1,0,0,1,2,1,2,2,1,0,2,0,2,2,2,2,0,0,0,0,1,1,1
0,2,2,1,0,1,0,0,0,1,1,0,1,0,2,0,0,0,1,0,0,2,0,0,1,0,0,1,1,2
0,1,1,0,1,0,1,2,1,0,2,1,0,0,1,1,1,1,1,0,2,2,2,1,1,0,0,1,1,1
0,2,2,0,1,0,1,0,0,1,0,0,0,0,1,1,1,2,1,1,0,1,2,0,1,1,0,1,0,1
0,0,1,0,0,0,0,0,0,2,0,2,0,2,1,0,1,0,0,2,0,1,2,1,1,2,0,1,0,2
0,1,1,1,1,0,0,0,0,2,1,1,1,2,2,0,1,1,0,2,2,2,2,1,0,0,0,1,1,0
0,1,2,1,0,0,2,0,0,2,0,0,0,2,2,1,0,1,1,0,2,2,2,1,0,2,0,1,1,2
0,1,2,0,1,0,1,1,0,2,1,1,1,1,2,1,1,1,1,2,1,1,0,0,1,0,0,1,0,2
0,1,0,1,0,1,0,2,0,1,0,2,1,0,1,0,0,1,0,0,1,0,2,1,0,2,0,1,0,2
0,0,2,1,0,0,2,2,1,0,1,1,1,2,2,1,1,1,1,2,0,0,2,1,1,0,0,1,1,0
0,2,0,1,0,1,2,0,0,2,1,1,0,2,1,0,1,2,1,1,0,2,1,2,1,0,0,1,1,2
0,1,1,1,0,0,1,2,0,0,0,0,0,2,2,1,1,1,1,2,0,0,2,1,1,2,0,0,0,0
0,1,2,1,1,0,2,2,1,1,0,1,0,2,0,0,1,0,0,0,1,2,2,1,1,0,0,1,1,2
0,2,2,0,1,1,0,2,0,0,0,2,1,0,0,0,1,0,0,2,0,1,1,1,0,2,0,1,0,2
0,1,0,1,1,1,0,2,0,0,1,1,0,1,2,1,0,0,1,0,1,2,0,0,0,2,0,1,0,2
0,2,2,1,0,1,0,2,0,1,1,2,1,0,1,2,0,1,1,0,2,2,2,1,0,2,0,1,1,1
0,2,2,1,1,1,1,0,0,0,2,2,1,2,1,0,0,1,0,0,0,2,2,2,1,1,0,1,1,0
0,2,2,1,0,1,2,0,0,2,1,0,0,0,2,2,0,2,1,0,0,2,2,0,1,0,0,1,1,0
0,1,2,1,1,1,0,0,0,2,0,2,0,1,2,2,0,2,0,1,0,2,0,0,0,2,0,1,1,1
0,1,2,0,1,1,1,2,0,1,1,0,1,0,0,0,1,0,0,2,0,1,2,1,1,0,0,1,0,1
0,2,2,1,0,1,0,0,0,1,1,0,0,0,2,0,0,1,1,0,0,2,2,1,0,0,0,1,0,0
0,1,2,1,1,1,0,0,0,2,1,0,0,2,0,0,0,2,0,2,0,2,2,2,0,1,0,1,1,1
0,1,2,1,1,0,1,0,0,1,2,0,0,2,0,1,0,1,0,0,0,2,2,1,0,1,0,1,1,0
0,1,2,1,1,1,0,0,1,1,0,1,0,2,0,0,0,1,0,2,2,2,2,2,0,2,0,1,0,2
0,1,2,1,1,1,2,0,1,0,1,1,0,0,0,0,1,0,0,2,0,2,2,1,0,1,0,1,1,0
0,0,1,1,0,0,0,2,0,0,0,1,0,2,1,0,0,0,1,0,2,1,2,2,1,1,0,1,0,0
0,2,0,1,0,0,2,2,1,0,2,0,0,2,1,0,0,1,1,2,0,2,2,1,0,0,0,1,1,1
0,2,2,1,1,0,2,2,1,1,2,1,0,0,1,1,1,1,1,1,2,2,2,1,0,0,0,1,1,0
0,1,2,1,1,0,0,0,0,2,2,1,0,2,0,0,0,1,0,2,0,2,2,0,0,2,0,1,1,0
0,1,1,1,0,1,0,0,0,2,1,2,0,2,2,1,1,1,0,2,2,2,2,1,0,2,0,0,1,1
0,1,2,1,1,1,1,2,1,1,0,1,0,1,2,1,0,1,1,1,2,2,1,0,0,1,0,1,1,1
0,1,2,0,1,0,0,0,0,2,0,0,1,2,0,1,1,1,1,2,0,1,2,1,1,0,0,1,0,2
0,1,2,1,1,1,0,0,0,1,2,1,1,2,0,1,0,0,0,2,2,0,0,2,1,2,0,1,1,2
0,1,2,1,1,0,1,2,1,1,2,1,1,2,0,1,1,0,0,0,2,2,2,2,1,2,0,0,0,2
0,1,2,1,0,1,2,0,0,1,0,1,0,2,2,0,1,0,0,2,1,2,2,1,1,2,0,1,1,1
0,1,1,0,1,1,2,2,1,1,0,0,0,2,0,1,1,1,1,0,2,1,2,1,1,1,0,1,0,2
0,1,2,1,0,0,0,2,0,2,2,0,0,0,0,0,1,2,1,1,2,2,1,1,1,2,0,1,1,2
0,2,0,1,1,0,1,0,0,2,2,1,1,1,0,0,0,0,0,0,0,2,2,0,0,0,0,1,1,1
0,2,2,1,1,1,1,0,1,2,2,2,1,2,2,0,0,0,1,0,0,2,0,1,0,1,0,1,1,1
0,1,2,1,1,1,1,0,1,0,2,2,0,0,0,0,1,1,0,2,2,2,2,1,1,1,0,1,1,0
0,2,0,1,1,0,0,2,0,0,0,2,1,2,2,1,1,0,0,1,2,2,0,2,0,1,1,0,1,2
0,2,2,1,1,0,1,0,0,2,0,2,0,2,0,1,0,1,0,2,1,2,2,0,0,1,0,1,1,0
0,1,2,1,0,0,1,2,1,0,0,1,0,2,1,0,0,0,1,0,0,0,2,0,0,0,0,1,1,0
0,2,1,1,0,1,0,0,0,1,2,0,0,1,2,0,0,0,1,0,0,2,2,0,0,1,0,1,1,1
0,1,2,1,1,0,1,2,1,0,0,1,0,2,0,0,0,0,0,1,2,2,2,1,0,1,0,1,1,1
0,2,2,1,0,0,2,0,0,2,0,2,0,2,1,1,1,1,0,2,0,2,1,1,0,0,0,1,1,0
0,2,2,1,0,1,0,0,1,1,1,2,1,1,2,1,0,1,1,2,0,2,2,0,0,0,0,1,0,2
0,1,1,1,1,1,0,0,0,0,0,2,1,2,0,2,0,2,0,2,1,2,2,1,0,0,0,1,1,0
0,1,0,1,0,1,1,0,1,1,0,1,0,1,2,1,0,0,0,2,1,2,0,2,1,2,0,1,1,2
0,1,2,1,0,0,0,0,0,1,2,1,1,1,2,1,0,2,1,0,2,2,2,0,0,0,0,1,1,0
0,2,2,0,1,0,0,1,1,0,1,0,1,0,1,0,1,1,0,0,2,1,2,2,1,1,0,1,0,2
0,2,2,1,1,0,1,0,1,2,1,0,0,0,1,0,0,0,0,2,0,2,2,1,0,2,0,1,1,0
0,0,2,1,0,0,0,2,1,1,2,0,0,2,1,1,1,1,1,0,2,2,2,1,0,0,0,1,1,1
0,1,2,0,0,1,1,2,0,1,2,0,0,0,1,0,1,1,0,2,2,1,2,1,1,1,0,1,1,0
0,1,2,1,1,0,0,0,0,2,1,2,0,0,0,0,0,1,1,2,0,2,2,0,0,0,0,1,1,0
0,1,2,1,0,1,0,0,0,0,2,0,1,0,2,1,0,1,1,2,2,2,2,0,1,1,0,1,1,0
0,2,2,0,0,1,0,2,0,1,1,1,0,2,0,1,1,1,1,1,1,1,1,1,1,2,0,1,0,2
0,1,2,1,0,0,1,0,0,0,0,1,0,2,0,0,0,0,0,1,2,0,1,1,0,0,0,0,0,2
0,1,0,1,1,0,1,0,1,0,0,0,1,1,2,1,0,1,0,1,0,2,0,0,0,2,0,1,1,1
0,2,1,1,1,0,1,0,1,2,1,1,1,1,1,1,0,1,1,2,2,2,2,0,0,1,0,1,1,1
0,2,2,1,1,1,0,0,0,0,2,2,1,2,2,0,1,0,0,2,2,2,0,2,0,1,0,1,1,1
0,1,1,1,1,0,1,2,1,0,0,0,0,2,0,0,0,1,1,1,1,2,2,1,0,1,0,1,1,2
0,1,2,1,1,0,2,0,1,0,2,0,0,2,0,1,0,2,1,0,2,2,2,2,0,1,0,1,0,1
0,1,2,1,0,1,1,2,1,0,2,2,0,2,2,1,0,2,0,0,2,0,2,0,0,1,0,1,0,1
0,1,2,1,0,0,2,2,0,2,2,0,0,0,0,0,1,2,1,0,2,2,1,1,1,0,0,1,1,2
0,1,1,1,0,0,1,0,1,0,0,1,0,2,1,0,1,1,0,2,1,2,2,1,0,0,0,1,1,2
0,1,2,0,0,0,1,1,0,1,1,1,1,2,2,0,0,0,0,2,0,1,2,2,0,0,0,1,0,1
0,2,2,0,1,0,1,0,1,1,0,2,1,2,1,1,1,0,1,0,0,1,2,1,1,2,0,1,0,0
0,2,0,0,1,0,0,0,0,0,1,1,1,2,2,1,0,2,1,2,0,2,0,1,0,2,0,0,1,2
0,2,2,1,1,0,0,0,1,1,1,2,0,1,1,1,0,0,1,2,0,2,2,2,1,1,0,0,1,1
0,2,2,1,1,0,0,2,1,2,1,2,0,2,1,1,1,1,0,0,2,2,2,0,1,0,0,1,1,1
0,2,2,1,0,0,1,0,1,2,1,0,0,0,0,0,0,1,1,0,0,2,0,1,0,0,0,1,1,2
0,2,1,1,1,0,0,2,0,1,2,2,0,2,1,1,0,0,0,0,0,2,2,2,1,2,0,1,1,2
0,1,0,1,1,0,0,2,0,2,0,1,1,2,2,2,1,0,0,0,0,2,1,2,0,2,0,1,1,1
0,2,2,1,0,0,0,0,1,1,1,2,1,0,2,0,0,1,1,2,1,1,0,2,1,1,1,0,1,0
0,1,2,1,1,0,0,0,1,0,0,0,0,2,0,1,0,0,1,1,2,2,2,2,0,2,0,1,0,1
0,2,0,1,0,0,0,2,0,0,1,1,0,2,1,0,0,1,0,1,1,2,1,2,1,1,0,1,1,2
0,1,1,1,1,1,1,1,0,2,1,1,1,2,0,1,0,2,1,0,2,2,0,0,1,2,0,1,1,2
0,2,2,1,0,1,0,0,0,1,0,2,0,2,0,1,1,0,0,1,2,2,1,2,1,1,1,0,0,2
0,1,2,1,1,1,1,2,0,0,0,0,1,0,1,1,1,2,0,2,1,2,2,1,0,1,0,1,1,2
0,2,1,0,1,0,2,0,1,2,1,0,0,1,1,1,1,0,1,2,1,1,2,2,0,1,0,1,0,1
0,2,1,1,0,0,1,0,0,1,2,1,1,1,2,2,1,2,1,0,1,2,2,0,1,1,0,1,1,0
0,1,1,1,1,0,2,0,0,0,0,1,0,2,2,1,1,1,1,0,1,2,2,1,1,0,0,1,1,2
0,1,2,1,1,0,0,1,0,2,1,2,1,2,0,0,0,1,0,0,0,2,2,2,1,0,0,1,1,1
0,2,2,1,1,0,2,0,1,0,1,0,1,0,1,2,0,1,1,0,1,2,2,1,0,0,0,1,1,1
0,2,1,0,0,1,0,0,1,1,1,1,1,2,2,0,0,1,1,2,0,1,2,2,0,2,0,1,0,0
0,0,1,1,1,0,1,1,0,2,2,2,1,2,0,2,0,0,0,1,0,2,0,2,1,2,0,1,1,0
0,1,0,1,1,0,1,2,1,1,0,0,0,0,0,1,0,1,0,0,0,2,0,1,0,2,0,1,1,0
0,1,2,1,1,1,2,2,0,1,1,1,1,2,1,2,1,0,0,0,0,2,0,2,1,0,0,1,1,2
0,1,2,1,1,1,1,0,1,0,1,0,0,0,2,0,1,1,0,2,2,2,2,1,1,1,0,1,1,0
0,1,2,1,1,1,1,0,1,2,2,0,1,2,0,2,1,2,0,0,2,2,2,1,0,1,0,1,1,1
0,2,2,1,0,1,1,0,0,0,0,0,0,2,0,0,0,2,0,0,1,2,0,2,0,0,0,0,1,1
0,1,0,1,1,1,0,0,1,2,1,2,1,0,2,0,0,2,1,1,0,2,1,1,0,0,0,1,1,0
0,2,2,1,1,0,1,0,0,1,2,2,0,2,2,0,0,2,1,2,2,2,0,2,1,0,0,1,1,2
0,2,2,0,0,1,0,0,1,1,1,0,0,1,2,0,0,0,1,1,2,0,2,0,1,2,0,1,0,2
0,2,0,1,0,1,0,0,0,2,1,0,0,2,2,1,0,0,1,1,1,2,0,1,0,2,0,1,1,1
0,1,2,1,1,0,0,2,0,1,2,1,0,2,0,1,0,0,1,2,2,2,2,2,0,1,0,1,1,2
0,2,1,1,1,1,1,0,0,2,1,2,0,0,2,0,0,1,0,0,0,2,0,0,1,2,0,1,0,2
0,1,2,1,0,0,0,0,1,1,2,0,1,2,1,1,0,1,1,2,2,0,2,1,0,2,0,1,1,0
0,1,2,0,0,0,1,0,0,1,0,1,0,2,2,1,1,1,0,2,2,1,2,1,0,1,0,1,0,0
0,1,1,1,0,0,1,2,0,0,1,0,1,0,1,2,1,1,1,2,1,0,1,1,1,1,0,1,0,2
0,1,2,1,1,1,1,0,1,1,2,0,1,2,0,0,1,0,0,0,2,2,2,1,1,1,0,1,1,2
0,1,2,1,1,1,2,2,0,1,1,0,0,0,0,1,1,1,0,2,2,2,2,1,0,1,0,1,1,0
0,1,0,1,0,1,1,2,0,1,1,0,1,0,2,0,0,0,1,1,1,2,0,0,1,2,0,1,1,1
0,2,1,1,1,0,0,2,1,0,2,2,0,1,1,1,0,1,0,2,0,2,2,0,1,1,0,1,1,2
0,1,1,1,1,1,1,0,1,2,2,2,1,2,2,0,0,2,0,2,1,2,2,2,0,1,0,1,0,0
0,2,0,1,1,1,0,2,0,0,0,1,0,0,1,1,1,1,0,2,2,2,2,1,1,0,0,1,0,2
0,1,2,1,1,1,2,2,1,2,2,0,1,0,0,0,1,0,0,2,2,2,2,1,0,0,0,1,1,1
0,1,2,1,1,1,1,2,0,1,2,0,1,0,0,1,1,1,0,2,2,2,0,1,1,1,0,1,1,1
0,1,1,1,1,1,2,0,0,0,1,2,0,2,2,1,1,1,1,2,2,2,2,1,1,0,0,1,1,1
0,2,2,1,1,1,2,0,0,0,1,0,1,0,0,0,0,0,0,1,2,2,1,0,0,1,0,1,1,2
0,1,2,1,1,0,1,2,0,0,2,1,0,2,2,1,0,2,0,0,2,2,2,2,0,2,0,0,1,1
0,2,2,0,0,1,1,0,1,0,0,2,1,2,0,1,1,0,1,1,2,1,1,1,0,1,0,1,0,0
0,1,2,1,0,1,0,2,1,0,2,1,0,2,0,0,0,1,0,0,2,2,2,0,1,1,0,1,1,0
0,2,1,0,1,1,1,0,0,0,0,1,1,2,1,0,1,1,0,1,2,2,2,1,1,0,0,1,1,0
0,0,0,1,1,0,0,2,1,1,0,2,0,1,0,2,1,1,0,2,1,0,1,2,1,1,0,1,1,1
0,1,2,1,1,0,0,0,0,0,0,1,1,2,0,0,1,1,1,1,2,2,2,2,1,1,0,0,1,2
0,2,0,1,1,1,0,0,0,1,1,0,1,2,1,1,0,2,0,2,1,0,0,2,1,0,0,1,1,2
0,2,1,1,0,1,1,2,1,0,2,0,1,1,2,1,0,2,1,2,1,2,2,1,0,1,0,1,1,0
0,1,1,1,0,0,2,2,0,1,0,0,0,2,2,0,1,0,0,1,1,0,1,1,0,0,0,1,0,2
0,1,2,1,1,1,2,2,0,1,1,1,0,1,2,0,1,0,0,0,0,2,0,1,1,2,0,1,1,0
0,1,2,1,0,0,1,0,0,1,1,0,0,0,2,0,0,0,1,0,0,2,2,0,1,1,0,1,1,2
0,2,2,1,0,0,1,2,1,0,1,1,1,1,2,0,1,1,1,0,0,2,2,0,1,0,0,1,1,1
0,2,2,1,1,0,0,2,0,1,2,2,1,2,2,0,0,0,1,0,0,1,0,1,0,2,0,1,0,0
0,1,2,0,0,0,2,0,0,1,0,0,0,2,1,1,1,2,0,2,2,0,2,1,1,2,0,1,0,2
0,1,2,1,0,1,2,2,1,0,0,2,0,1,2,0,0,0,0,2,2,2,0,0,0,2,0,0,1,2
0,1,0,1,1,0,1,0,0,0,1,2,1,2,0,0,0,0,1,2,0,2,2,1,0,2,0,1,1,1
0,1,2,1,1,1,1,1,0,0,2,1,1,0,1,0,1,0,1,0,0,2,0,1,0,2,0,1,1,2
0,1,0,1,1,0,0,0,1,0,2,2,0,2,0,1,0,0,0,2,0,2,2,1,0,1,0,0,0,2
0,2,0,1,1,1,0,0,1,1,2,0,0,0,2,1,1,1,0,1,1,2,0,1,0,0,0,1,1,1
0,2,2,0,1,0,2,0,1,1,1,0,1,0,2,0,1,1,1,0,1,1,0,1,0,2,0,1,0,2
0,2,2,1,0,1,0,2,1,1,1,1,1,1,2,2,1,0,0,2,2,2,2,2,0,2,0,1,1,0
0,2,1,1,1,1,1,0,0,0,1,1,1,2,2,1,1,0,1,1,0,2,1,1,1,2,0,0,1,1
0,2,2,1,1,0,0,0,0,1,0,2,1,2,1,1,0,2,1,2,0,2,2,0,1,0,0,1,1,2
0,0,2,1,1,0,1,2,1,1,2,1,1,2,2,1,0,2,1,0,0,2,2,0,1,0,0,1,1,0
0,1,2,1,0,1,0,1,0,2,2,2,1,2,0,0,0,0,1,1,0,2,1,0,1,0,0,1,1,0
0,1,1,1,1,1,2,0,1,1,2,0,0,0,2,0,1,1,1,1,1,2,1,1,0,0,0,1,1,0
0,1,1,1,1,0,1,0,1,0,0,2,1,0,0,0,1,0,1,0,2,2,0,1,0,0,0,1,0,1
0,1,2,1,0,1,1,0,0,1,2,0,1,2,1,1,0,0,1,0,2,2,2,2,1,1,0,1,1,2
0,1,2,0,1,0,2,2,1,0,0,1,1,1,0,1,1,1,1,0,0,1,0,0,1,0,0,0,1,1
0,2,1,1,1,0,1,0,0,2,1,0,0,1,1,2,0,2,1,0,2,2,2,0,0,0,0,1,1,1
0,1,2,1,1,1,1,0,1,2,2,2,1,1,0,0,0,1,0,0,1,2,0,0,0,2,0,1,1,2
0,1,2,1,0,0,1,2,1,1,0,0,0,1,2,1,0,1,0,0,2,2,0,0,0,2,0,1,1,1
0,1,2,1,1,1,1,0,1,2,1,2,1,0,0,0,1,0,0,0,0,1,2,1,1,0,0,1,0,1
0,1,2,1,0,0,0,2,0,1,0,0,1,1,2,1,0,0,1,2,0,2,0,2,1,0,0,1,1,2
0,1,1,1,1,1,1,2,0,2,0,0,1,0,2,0,1,2,1,0,1,2,1,1,1,0,0,1,1,2
0,1,2,1,1,1,0,0,0,0,2,2,1,2,0,0,0,2,0,0,2,2,2,2,0,1,0,1,1,1
0,1,2,1,1,1,1,0,0,1,0,0,0,1,2,2,1,2,1,0,1,2,0,0,0,1,0,1,1,0
0,2,1,1,1,1,0,2,1,1,1,1,0,0,1,1,1,1,0,0,0,2,2,1,0,0,0,1,1,0
0,1,2,0,0,1,0,2,1,0,1,1,0,2,2,0,1,1,0,0,1,1,2,1,1,0,0,0,1,2
0,1,1,1,0,0,0,2,1,1,0,0,0,2,1,1,0,1,0,2,1,2,2,1,0,1,0,1,1,2
0,1,0,0,0,1,1,0,0,0,1,1,0,2,1,0,1,1,0,0,1,1,2,1,1,0,0,1,0,1
0,2,2,0,0,0,2,0,1,0,1,0,1,1,2,0,1,1,0,0,0,1,2,1,1,1,0,1,0,0
0,1,0,1,1,1,2,2,1,1,0,2,0,1,0,0,1,0,1,1,1,0,0,0,1,0,0,1,1,1
0,1,2,1,0,0,1,0,1,1,2,2,1,1,2,1,0,1,0,1,2,0,0,0,0,2,0,1,0,1
0,1,2,1,1,0,2,1,1,2,2,0,1,2,0,1,0,1,0,0,2,2,2,1,0,1,0,1,1,2
0,1,2,1,0,1,1,0,0,2,1,1,0,0,1,0,1,0,1,2,1,0,2,1,0,2,0,1,0,1
0,1,2,1,1,1,1,0,1,1,0,2,0,1,2,0,0,1,1,1,2,2,1,0,0,0,0,1,1,1
0,1,2,1,0,0,1,2,1,0,0,1,0,2,1,0,1,1,0,2,1,2,2,1,1,2,0,1,1,0
0,1,2,0,1,0,1,2,0,2,0,1,0,2,0,2,1,2,1,0,2,1,2,1,0,2,0,1,0,1
0,1,1,1,1,1,2,0,0,1,1,2,1,2,0,1,1,1,0,2,0,2,2,1,0,0,0,1,1,0
0,0,2,1,0,1,0,0,1,2,1,2,0,1,0,0,0,0,0,2,2,2,2,0,0,2,0,1,0,0
0,2,2,1,1,0,2,0,0,1,2,2,0,2,2,1,1,2,0,2,0,2,0,1,1,1,0,1,1,2
0,1,2,1,0,1,2,0,0,0,2,1,1,2,1,1,0,1,0,0,2,2,2,0,1,2,0,1,1,2
0,1,2,1,1,0,1,0,0,0,1,2,1,1,2,0,1,1,0,0,0,0,0,0,1,0,0,1,0,2
0,1,2,1,1,0,2,0,0,2,2,1,0,2,0,0,0,1,1,0,2,2,2,2,1,0,0,0,0,0
0,1,2,1,1,1,0,2,1,1,2,1,0,2,0,0,0,1,1,1,2,2,2,2,0,1,0,1,0,0
0,2,2,1,1,0,0,2,1,2,2,2,0,1,2,2,1,2,1,0,2,2,2,0,1,0,0,0,0,0
0,1,0,1,0,0,1,2,1,0,2,0,1,2,1,0,0,1,1,2,1,2,2,2,0,1,0,0,0,0
0,2,2,1,0,0,2,2,1,2,0,2,1,1,2,1,0,2,0,1,2,2,2,0,1,1,0,1,1,0
0,1,2,1,1,1,0,0,0,1,1,1,1,0,0,1,0,1,0,0,0,2,2,0,0,2,0,1,1,2
0,2,2,0,0,1,2,0,0,2,1,2,0,2,0,0,1,0,1,1,0,1,1,1,0,2,0,1,0,1
0,1,2,1,1,0,2,0,0,2,1,2,0,1,2,0,0,0,1,0,0,2,0,2,0,1,0,1,0,2
0,1,1,1,1,0,1,2,0,1,2,0,0,1,2,1,0,0,1,2,0,2,0,2,1,2,0,1,1,1
0,1,1,0,0,0,2,1,0,0,1,1,1,2,2,0,1,1,0,0,2,1,2,1,1,1,0,1,0,2
0,1,2,1,0,1,0,0,0,2,1,1,0,0,1,0,0,0,1,1,2,2,2,1,0,1,0,0,1,1
0,1,2,1,1,0,2,2,1,0,2,1,1,2,0,0,0,1,1,2,0,2,2,1,0,2,0,1,1,0
0,0,2,1,0,0,0,2,1,1,2,0,0,2,1,1,0,0,0,2,2,2,2,1,0,2,0,1,1,2
0,1,0,1,0,0,2,0,0,0,1,0,1,2,2,1,0,0,1,0,2,0,2,2,0,1,0,1,1,1
0,1,2,1,0,1,1,2,1,0,1,1,0,2,1,2,1,1,0,0,0,2,0,1,1,1,0,1,1,2
0,1,0,1,1,1,1,0,0,1,0,2,0,2,2,1,0,0,0,0,2,2,1,2,1,2,0,0,1,2
0,2,2,0,0,1,2,2,1,0,1,1,0,0,1,1,0,0,0,2,1,1,1,2,0,0,0,1,0,2
0,2,1,1,0,0,2,0,1,2,1,1,1,1,2,2,1,2,0,0,2,2,2,0,1,2,0,1,1,1
0,1,2,1,1,1,0,0,0,1,2,1,1,0,0,1,0,1,1,2,0,2,2,0,0,2,0,1,1,0
0,2,2,1,0,0,2,1,0,2,0,0,1,0,1,2,1,1,1,2,1,0,1,1,1,0,0,1,1,0
0,1,2,1,1,0,2,2,1,1,2,0,0,0,0,0,1,0,0,2,0,2,2,0,0,1,0,1,1,2
0,2,2,1,1,0,0,0,1,1,1,2,0,1,1,0,1,0,0,0,0,2,2,1,1,0,0,1,1,0
0,1,2,1,1,0,1,0,1,0,2,0,0,2,0,1,0,1,0,2,2,0,2,0,1,1,0,1,1,2
0,2,1,0,1,0,2,2,1,0,2,2,1,1,1,1,1,1,1,0,0,1,2,0,1,0,0,0,1,0
0,1,1,1,0,1,0,0,1,2,2,0,1,0,1,1,1,1,1,0,0,2,2,1,0,2,0,0,1,0
0,2,1,1,1,1,2,0,0,2,1,1,1,2,2,0,0,1,0,2,0,2,2,0,0,2,0,1,1,2
0,2,2,1,1,0,1,0,0,2,1,0,1,0,1,2,1,2,0,0,0,2,2,1,0,1,0,1,1,1
0,2,2,1,1,1,2,0,1,2,1,0,1,1,1,0,1,0,0,2,0,2,2,1,0,1,0,1,1,1
0,1,1,1,1,1,1,2,1,1,1,1,0,1,0,1,0,0,1,2,2,2,0,2,1,2,0,1,1,2
0,2,2,1,0,1,2,1,1,2,1,2,0,1,2,1,0,1,1,2,1,2,2,0,1,1,0,1,1,1
0,1,2,1,1,1,0,0,0,0,2,0,1,0,2,0,0,0,0,2,2,2,2,0,0,0,0,0,1,0
0,1,1,1,1,1,0,2,1,1,0,0,1,2,0,0,0,0,1,1,1,2,0,0,1,2,0,1,1,2
0,1,1,0,0,0,1,2,0,0,0,2,0,1,2,1,0,1,1,2,2,1,0,1,1,0,0,1,0,2
0,1,2,1,1,0,2,0,0,2,2,2,0,1,2,1,0,2,1,2,2,2,0,0,1,2,0,1,1,2
0,1,1,1,0,1,0,0,1,2,2,2,0,0,1,0,0,1,1,1,1,2,1,1,0,2,0,1,1,0
0,1,1,0,1,0,2,0,0,1,2,0,0,0,0,1,1,0,1,2,0,1,2,2,1,2,0,0,1,1
0,1,1,1,0,1,2,0,1,1,0,0,0,1,2,0,1,0,1,0,1,2,0,0,1,2,0,1,1,2
0,1,2,1,1,1,0,1,0,2,1,2,0,1,0,0,0,2,1,1,0,2,0,2,1,2,0,0,0,2
0,1,2,1,1,1,1,2,1,0,2,0,1,0,2,0,1,0,0,2,2,2,1,1,1,0,0,1,1,1
0,1,2,1,1,1,0,0,0,2,1,1,0,2,0,0,0,2,0,2,2,2,2,2,0,0,0,1,0,1
0,1,2,1,1,1,2,1,1,0,2,2,0,2,0,2,1,2,0,0,2,2,2,0,0,0,0,1,1,1
0,1,0,1,0,0,2,0,1,2,0,0,1,1,0,1,0,2,1,0,0,2,1,0,1,1,0,1,1,2
0,1,2,1,1,0,2,0,1,2,0,0,1,2,1,0,0,1,1,0,2,2,2,0,0,1,0,1,1,2
0,1,2,1,1,0,2,0,1,2,2,0,1,0,0,1,0,1,0,0,2,2,0,1,0,2,0,1,1,1
0,1,2,0,1,1,0,0,0,2,2,0,1,2,0,0,1,1,1,2,2,1,2,1,0,1,0,0,1,0
0,1,2,1,1,1,0,0,1,0,2,1,1,2,2,1,0,1,0,0,2,2,2,0,1,2,0,1,1,0
0,1,2,1,1,0,1,0,1,0,2,2,1,2,0,1,1,1,1,0,2,2,2,1,1,0,0,0,1,0
0,1,2,1,1,1,0,2,1,0,1,0,0,0,2,0,1,1,0,0,0,2,2,2,1,1,0,1,1,0
0,2,2,1,1,1,0,0,1,0,1,0,1,0,0,0,0,0,0,2,0,2,2,1,0,1,0,1,1,0
0,1,1,1,1,1,1,0,0,2,1,1,0,2,2,1,1,1,0,2,2,2,2,1,0,0,0,1,1,0
0,1,1,1,0,1,1,2,0,1,0,0,1,0,2,0,1,1,0,1,2,2,2,0,0,1,0,1,1,2
0,1,2,1,0,0,2,2,1,1,2,0,1,2,2,0,1,2,0,2,2,0,2,1,0,1,0,1,1,1
0,2,2,1,0,0,1,0,1,2,1,2,0,1,2,0,0,1,1,2,1,2,2,2,0,1,0,1,1,0
0,1,2,1,1,0,1,2,1,0,2,2,1,2,0,1,1,1,1,0,0,2,2,1,1,0,0,1,1,0
0,2,2,1,0,1,0,0,0,1,2,0,1,2,1,1,0,1,0,0,2,2,0,1,0,0,0,1,1,1
0,1,2,0,1,0,2,0,1,1,1,2,0,1,2,0,1,0,1,0,0,1,0,0,1,0,0,1,0,1
0,1,2,1,0,1,1,2,1,0,1,1,0,2,2,0,1,1,0,2,0,2,2,1,1,0,0,1,1,2
0,1,2,1,0,1,1,0,1,0,0,2,1,1,2,2,1,0,0,0,0,2,2,2,0,1,0,1,1,0
0,2,2,1,0,0,1,2,1,0,0,1,1,1,2,2,0,2,1,0,0,2,2,0,0,1,0,1,1,0
0,1,2,1,0,1,1,0,0,2,2,1,1,2,2,0,1,0,1,2,2,2,2,1,0,0,0,1,1,1
0,2,2,1,1,0,2,0,0,1,1,1,1,2,2,0,1,0,0,0,2,0,0,1,1,2,0,1,0,2
0,2,2,1,1,1,0,2,0,0,1,2,0,2,2,2,1,2,0,2,0,2,0,1,0,0,0,1,0,1
0,2,2,1,1,0,1,0,0,1,1,2,0,1,0,0,1,0,1,0,1,1,1,2,1,1,0,1,0,1
0,2,2,1,0,0,0,0,1,1,2,0,0,2,2,0,0,0,1,0,2,2,0,0,1,0,0,0,0,1
0,1,2,1,1,0,1,2,1,1,0,1,1,2,0,1,0,1,1,2,0,2,2,0,0,0,0,1,0,2
0,1,2,1,1,1,1,2,0,2,2,0,1,0,0,0,0,0,1,0,2,2,2,0,1,1,0,1,1,2
0,1,1,1,0,1,1,0,0,0,1,1,1,2,1,1,1,1,1,0,0,0,2,1,1,2,0,1,1,1
0,1,2,1,1,0,1,0,1,0,0,1,0,2,0,1,0,1,0,2,2,0,2,1,0,2,0,1,0,2
0,1,1,1,1,0,2,0,0,2,2,1,0,1,0,1,0,2,0,1,2,2,0,0,0,1,0,1,1,0
0,0,0,1,1,0,1,2,1,0,2,2,0,2,0,0,0,1,0,1,2,2,0,0,1,2,0,1,1,1
0,2,2,1,0,1,1,2,1,0,2,0,0,2,2,1,1,1,1,2,2,2,0,1,1,1,0,0,1,1
0,1,2,1,0,0,1,0,1,1,2,2,1,1,2,1,0,1,1,1,2,2,0,0,0,2,0,1,0,0
0,1,2,1,0,0,2,1,1,2,2,2,0,2,1,0,1,0,0,2,2,0,2,1,0,1,0,1,1,1
0,1,2,1,1,0,1,2,1,0,2,1,1,2,2,1,1,1,1,2,1,2,2,1,1,0,0,1,1,1
0,2,2,1,0,0,0,2,0,0,1,2,0,0,2,1,0,1,1,2,0,2,2,0,1,1,0,1,1,1
0,1,1,1,0,1,0,1,0,0,2,2,1,2,2,1,0,0,1,0,2,2,0,2,0,1,0,0,1,0
0,0,0,1,0,0,0,2,0,1,1,1,1,2,1,1,0,0,1,0,1,2,2,2,1,0,0,1,1,1
0,1,2,1,1,1,0,0,0,1,1,1,1,2,0,2,0,0,1,0,0,2,2,2,1,1,0,1,1,1
0,2,1,1,1,0,2,2,1,0,2,1,0,2,0,1,0,0,1,2,1,2,2,2,0,1,1,1,0,2
0,1,0,0,1,0,1,0,0,1,1,0,0,0,2,1,1,1,0,1,2,1,1,0,0,2,0,1,0,2
0,2,1,1,1,0,1,2,1,1,1,0,0,1,1,0,0,0,0,1,1,0,2,0,0,0,0,1,0,0
0,1,2,1,1,0,0,0,0,0,1,2,1,0,2,0,0,1,0,0,0,2,2,0,1,2,0,0,1,2
0,1,2,1,1,1,0,0,1,0,0,1,1,2,0,0,0,0,1,0,0,1,0,0,1,0,1,0,1,2
0,1,2,1,0,0,1,1,0,2,0,2,1,2,1,0,1,2,0,0,1,2,2,2,1,1,0,0,1,0
0,1,1,1,1,0,0,2,1,2,2,2,0,1,2,2,1,2,1,0,2,2,0,0,0,1,0,1,1,2
0,2,2,1,1,0,1,2,0,0,0,2,0,2,1,0,0,1,0,2,2,2,2,2,1,0,0,1,1,0
0,2,0,1,1,0,1,2,0,0,2,0,0,0,1,0,1,1,0,0,0,2,2,1,1,1,0,1,1,2
0,1,1,1,1,0,2,2,0,0,2,0,1,2,2,0,0,0,0,1,0,0,2,1,0,2,0,1,0,0
0,2,2,0,0,0,2,0,1,2,0,0,1,0,2,1,1,2,1,0,0,1,2,0,1,2,0,1,0,1
0,2,2,1,1,0,0,2,1,1,2,1,0,2,2,0,0,1,0,0,2,2,0,0,0,1,0,1,1,0
0,1,2,1,1,0,1,0,1,1,2,1,1,2,0,1,0,2,1,0,2,2,2,0,1,2,0,1,1,0
0,1,2,1,0,0,0,0,0,1,2,1,1,1,2,1,0,1,1,0,0,2,0,0,0,1,0,1,1,0
0,1,2,1,0,0,2,0,1,1,2,2,0,0,2,1,1,1,1,2,2,2,2,1,0,1,0,1,1,1
0,2,2,1,0,1,2,2,0,1,1,1,0,1,2,0,0,1,0,2,2,2,2,2,0,1,0,0,0,1
0,1,2,1,0,1,0,0,0,2,2,1,1,2,1,2,1,0,0,0,2,0,2,2,1,2,0,0,1,1
0,1,2,1,1,1,1,0,1,1,1,0,0,0,0,0,1,0,0,2,1,2,0,1,1,0,1,1,1,2
0,1,2,1,0,0,2,0,1,2,1,0,1,1,2,1,0,1,1,1,0,2,0,0,0,1,0,1,1,2
0,2,2,0,0,0,0,1,1,2,1,2,1,2,1,0,1,0,0,0,1,1,0,1,1,0,0,1,1,0
0,2,2,1,0,0,0,0,0,1,2,0,0,0,0,1,0,0,1,1,1,1,0,0,1,2,0,1,0,1
0,1,2,1,1,1,1,0,0,1,2,2,1,2,2,1,0,2,1,0,0,2,1,2,1,0,0,1,1,0
0,1,0,0,1,1,1,2,1,2,1,2,1,1,0,0,1,2,1,0,1,1,0,1,1,2,0,1,0,2
0,1,2,1,1,0,2,0,0,2,0,0,0,2,0,0,0,1,1,0,0,2,2,2,1,2,0,1,1,2
0,2,0,1,0,0,0,0,0,1,1,1,0,0,2,0,1,0,1,0,1,2,2,0,1,2,0,1,1,1
0,1,2,1,0,0,0,0,1,2,2,1,1,2,1,0,0,1,1,2,2,0,2,1,0,1,0,1,0,0
0,0,2,1,1,0,1,0,1,2,0,2,0,2,1,0,0,2,0,0,0,2,2,2,1,0,0,1,0,0
0,2,1,1,0,0,2,0,0,0,2,2,0,0,2,0,1,1,0,1,0,0,2,1,1,0,0,1,1,2
0,1,2,1,1,0,0,0,0,1,2,1,0,2,0,1,0,0,0,0,0,0,2,2,1,0,0,1,0,2
0,1,0,1,0,0,2,1,1,2,1,0,1,2,2,1,1,0,1,0,1,2,2,0,1,1,0,1,1,1
0,1,2,1,0,0,0,2,0,0,2,2,0,2,2,0,0,1,1,0,2,2,2,2,1,0,0,1,1,0
0,1,0,1,0,0,2,2,0,1,2,0,1,2,1,0,1,0,0,2,1,2,2,1,1,1,0,1,0,1
0,2,0,1,1,1,0,0,1,2,2,2,1,0,0,1,0,0,1,0,0,2,0,1,0,2,0,1,0,1
0,1,2,1,0,1,2,2,0,1,2,1,0,2,2,0,1,0,0,2,2,2,2,1,1,0,0,1,0,2
0,1,1,1,0,0,2,0,1,1,0,1,0,2,2,0,1,1,1,0,1,2,2,2,0,0,0,0,0,2
0,1,0,1,1,0,0,2,0,0,0,0,1,2,0,1,1,0,1,2,0,2,2,2,0,1,0,1,1,0
0,2,0,1,1,1,1,0,0,1,1,1,1,2,1,0,1,1,1,0,1,2,2,2,1,1,0,0,1,0
0,2,2,1,1,1,0,0,1,1,2,0,1,0,2,1,0,1,0,2,2,2,2,1,0,0,0,1,1,0
0,2,2,1,1,1,0,0,0,1,2,2,0,1,2,1,0,0,1,1,1,2,2,0,1,1,0,1,1,0
0,2,0,1,1,1,2,0,0,2,1,0,0,2,2,1,1,0,1,1,0,2,0,1,0,1,0,1,1,0
0,1,2,1,1,0,2,0,1,0,1,1,1,1,0,1,0,2,0,1,0,2,0,0,1,2,0,1,1,1
0,1,1,1,1,1,0,0,1,1,0,1,1,1,0,1,0,1,1,0,1,2,0,1,0,1,0,1,1,2
0,1,2,1,0,0,0,1,1,2,1,1,0,2,1,1,1,1,1,0,0,2,2,1,1,2,0,1,1,1
0,1,2,0,0,0,1,2,1,0,0,1,1,1,0,0,1,0,1,2,0,1,1,0,0,0,0,1,0,0
0,2,1,1,1,0,0,0,0,2,2,1,0,2,2,1,1,1,1,2,1,2,0,1,1,1,0,1,1,0
0,1,1,1,1,1,2,2,1,1,0,0,1,2,0,1,1,2,0,2,1,2,2,2,0,2,0,0,0,0
0,2,1,0,0,1,0,0,1,1,2,2,0,0,2,1,1,0,1,0,2,0,2,2,1,2,0,1,0,2
0,2,2,1,1,0,2,2,1,0,0,1,0,1,1,0,0,1,1,0,0,2,2,0,1,1,0,1,1,2
0,2,2,0,0,0,0,0,1,0,0,2,0,2,2,1,0,0,1,2,0,1,0,2,0,2,0,1,0,1
0,2,2,1,0,1,0,2,1,1,0,0,1,2,1,0,1,0,1,0,2,2,0,1,0,1,0,1,1,1
1,1,0,0,0,0,2,2,0,0,0,0,0,2,1,0,1,1,0,2,1,0,2,2,1,1,0,1,1,2
0,2,2,1,1,1,0,2,0,1,2,2,1,0,1,1,1,1,1,2,0,1,2,1,1,0,0,1,0,0
0,1,2,1,1,1,1,0,1,1,0,1,0,2,0,1,0,1,1,2,0,2,2,0,0,2,0,1,1,2
0,1,2,1,0,0,0,0,0,1,1,0,1,2,1,1,0,2,1,0,2,0,2,0,1,1,0,1,1,2
0,1,2,1,0,1,2,2,0,1,2,0,1,0,1,1,1,1,1,1,2,2,2,1,0,1,0,1,0,0
0,1,1,1,1,1,1,0,1,1,2,0,1,0,0,1,0,1,0,0,0,2,2,1,0,2,0,1,1,0
0,1,2,1,0,0,2,0,1,1,0,1,1,2,1,1,1,1,1,2,2,2,2,1,1,0,0,1,0,2
0,1,2,1,1,0,2,0,1,1,0,1,0,2,0,0,1,1,0,2,2,2,2,0,0,2,0,1,0,2
0,1,2,1,1,1,0,2,1,1,2,1,0,2,2,1,0,1,0,2,2,2,2,1,0,2,0,0,1,1
0,1,2,1,1,0,1,2,0,1,1,1,0,2,0,1,0,1,1,2,1,1,2,0,0,2,0,1,0,1
0,2,0,1,0,1,1,1,0,2,1,2,0,0,0,0,1,0,0,0,1,2,1,1,1,1,0,1,1,2
0,1,2,0,1,0,1,2,1,0,0,1,0,2,0,1,0,0,1,2,2,1,2,2,0,1,0,1,0,0
0,1,2,1,0,0,0,1,1,1,1,1,1,1,2,0,0,0,0,0,0,2,0,0,0,0,0,1,0,1
0,1,2,1,1,1,1,0,1,2,2,2,0,1,0,0,0,1,0,0,2,2,0,0,0,2,0,1,1,0
0,1,2,1,1,0,0,0,1,0,2,1,0,2,0,0,0,2,0,2,0,2,2,1,0,2,0,1,1,1
0,2,2,1,1,0,1,0,1,2,2,0,1,1,0,1,0,1,0,2,2,2,2,0,0,2,0,1,1,0
0,2,2,1,0,1,1,0,0,2,1,0,1,0,2,1,0,1,0,2,2,0,2,0,1,1,0,0,0,0
0,1,2,1,1,1,1,2,0,0,1,0,1,0,0,1,1,1,1,2,0,2,2,1,1,0,0,1,1,0
0,2,2,0,0,0,2,0,1,2,0,0,0,1,0,1,0,1,1,2,0,1,1,1,0,0,0,0,1,1
0,0,2,1,0,1,1,0,0,0,2,2,1,2,1,1,1,1,1,2,2,2,2,1,1,1,0,1,1,0
0,1,2,0,0,1,1,0,1,1,1,1,0,2,1,0,0,0,1,2,2,1,2,0,1,2,0,1,0,1
0,2,2,1,0,1,2,1,0,2,2,2,1,2,1,2,0,0,0,0,2,2,2,2,1,1,0,1,1,2
0,1,2,1,0,0,0,2,1,0,2,0,0,2,2,0,1,1,0,2,2,2,2,0,1,1,0,0,1,1
0,2,0,1,0,0,2,2,1,1,0,2,1,1,0,2,1,0,1,0,0,2,2,0,1,1,0,1,1,0
0,2,2,0,0,1,0,2,1,1,1,2,0,2,2,0,1,1,0,1,1,1,2,2,0,0,0,1,0,2
0,1,2,1,0,0,0,0,1,2,1,1,1,0,1,0,1,1,1,1,0,2,1,1,0,0,0,1,1,2
0,1,2,0,0,0,2,1,0,2,0,2,1,0,0,1,0,0,1,2,0,1,1,2,0,2,0,1,0,0
0,2,1,1,1,1,1,0,1,2,2,2,0,0,1,0,0,0,0,2,0,2,2,1,0,0,0,0,0,1
0,2,2,1,0,1,2,2,0,1,2,1,1,0,2,0,1,0,1,2,2,2,2,1,0,0,0,0,1,2
0,1,2,0,0,0,2,1,0,0,2,0,1,2,2,1,1,2,0,1,2,1,2,2,0,2,0,1,0,1
0,1,2,1,1,1,2,2,1,1,1,0,1,1,2,0,1,1,1,0,0,2,0,0,0,1,0,1,1,0
0,1,2,1,0,1,1,0,0,2,2,1,0,2,1,0,1,0,0,1,2,2,2,1,0,2,0,1,1,2
0,1,2,1,0,1,1,0,1,0,0,1,0,2,2,2,1,2,1,1,2,2,1,0,1,2,0,1,1,2
0,2,1,1,1,1,1,2,1,0,2,1,0,2,1,1,0,0,1,2,0,2,2,0,0,1,0,0,1,0
0,1,2,1,1,1,0,0,0,0,2,1,1,2,0,0,0,1,1,2,2,2,2,1,1,2,0,1,1,0
0,1,2,1,1,1,1,1,1,1,2,0,1,1,0,1,0,2,1,1,2,2,0,0,1,2,0,1,1,2
0,1,1,1,0,0,2,0,0,1,0,2,0,2,1,2,1,2,0,0,1,2,2,1,1,2,0,1,1,0
0,1,2,1,1,0,0,0,0,0,0,2,0,0,0,0,0,1,0,1,2,2,2,0,1,1,0,1,1,2
0,2,2,1,0,1,1,1,1,2,2,0,0,2,1,1,1,2,0,2,0,2,0,1,0,1,0,1,1,0
0,2,1,1,1,1,2,0,0,2,1,2,0,2,1,1,1,1,1,0,0,2,2,1,1,2,1,0,1,0
0,1,2,1,0,1,1,0,0,1,2,0,1,2,1,2,1,1,1,0,0,2,2,1,0,1,0,1,1,1
0,2,1,1,1,1,2,2,0,2,0,1,1,0,2,0,0,0,1,0,1,2,0,1,0,2,0,1,1,2
0,2,0,1,0,0,0,2,0,0,0,2,1,1,2,2,0,0,1,2,0,2,2,2,0,0,0,1,0,0
0,2,2,1,1,1,0,1,0,2,2,1,1,2,1,0,0,1,0,1,2,2,2,1,0,1,0,1,1,2
0,1,1,1,1,0,1,1,1,0,1,1,1,2,0,1,0,0,1,0,0,2,2,2,0,1,0,1,1,1
0,2,1,1,1,1,1,0,0,2,0,1,1,2,2,2,0,2,0,0,1,2,1,1,0,2,0,1,1,1
0,1,1,1,0,0,2,0,1,2,0,0,1,0,2,1,0,1,1,0,1,2,2,0,0,1,0,0,0,2
0,2,2,1,1,0,0,2,0,0,0,2,0,2,2,0,0,1,1,0,2,2,0,2,1,1,0,1,1,2
0,1,2,1,0,0,2,0,0,2,1,0,1,1,1,0,0,0,0,2,0,2,1,0,0,0,0,1,1,1
0,1,1,0,1,0,0,0,0,2,1,2,1,2,0,0,1,0,1,2,1,1,2,1,0,2,0,1,0,2
0,2,1,1,1,1,0,0,0,1,2,2,1,0,2,2,1,2,0,0,0,2,1,1,0,2,0,1,1,0
0,2,2,1,0,0,2,0,0,2,2,2,0,2,0,1,1,1,1,0,2,2,1,1,1,2,0,1,1,2
0,1,2,1,1,1,2,2,0,0,0,0,1,0,0,1,1,1,0,0,2,2,2,1,1,0,0,1,1,2
0,1,2,1,0,0,2,2,1,2,0,0,1,2,1,0,1,0,1,2,2,0,2,1,0,1,0,1,1,1
0,1,2,1,1,0,1,2,1,1,0,0,0,2,0,0,0,1,0,1,2,2,2,1,0,1,0,1,1,0
0,1,1,1,0,0,2,0,0,1,0,0,0,0,2,0,0,0,1,0,1,2,0,0,1,1,0,1,1,2
0,0,2,1,1,0,0,2,0,0,2,2,1,2,1,0,0,1,1,1,2,2,2,2,1,0,0,1,1,0
0,1,2,1,0,0,2,2,1,1,1,0,1,2,2,2,1,2,1,0,0,2,0,0,0,2,0,0,0,1
0,1,2,1,1,1,1,0,0,1,2,0,1,2,0,0,1,0,0,2,2,2,2,1,1,1,0,1,1,0
0,2,2,1,0,0,0,0,1,0,0,2,0,1,2,0,1,1,1,1,0,2,2,1,0,2,0,1,1,2
0,1,2,1,1,1,0,0,0,0,2,0,0,1,0,1,0,2,1,2,2,2,0,0,1,2,0,1,1,0
0,0,2,1,0,1,2,2,1,1,0,1,1,2,0,0,1,0,0,0,0,2,2,1,1,2,0,1,1,2
0,1,2,0,0,0,0,2,0,2,1,0,1,2,1,0,1,2,1,0,0,0,2,1,1,2,0,1,0,1
0,2,2,1,0,1,1,2,0,1,0,2,1,2,0,1,0,0,1,0,0,1,0,2,1,1,0,0,1,2
0,2,1,0,1,1,1,0,0,1,1,0,1,1,1,1,0,1,0,2,2,1,2,0,1,0,0,1,0,0
0,1,1,1,0,0,0,2,1,0,2,0,0,2,1,1,1,1,1,0,2,2,2,1,1,2,0,1,1,1
0,2,2,1,0,1,0,2,0,1,2,1,1,0,2,0,0,1,1,2,0,2,2,1,0,2,0,1,1,0
0,1,2,1,1,1,0,2,0,0,1,0,1,2,0,1,0,1,1,2,0,2,2,1,0,1,0,1,1,0
0,1,2,1,0,0,0,0,1,1,2,2,0,1,2,1,0,0,0,0,0,2,0,2,1,1,0,1,1,0
0,1,2,1,1,1,1,0,0,2,1,2,1,0,2,0,0,1,0,0,0,2,0,0,1,2,0,1,1,2
0,2,2,1,1,0,0,2,0,1,2,2,0,0,2,1,0,1,1,2,2,2,2,0,0,1,0,1,1,0
0,1,0,0,1,0,0,2,0,0,0,0,0,2,2,1,1,1,1,2,2,1,2,1,1,1,0,1,0,2
0,1,2,1,1,1,1,0,0,0,2,1,1,2,0,0,1,0,0,1,2,2,2,1,0,0,0,1,1,2
0,1,0,1,1,1,0,0,1,0,1,1,1,1,0,0,0,1,0,0,1,2,0,2,1,1,0,1,1,0
0,1,0,1,1,1,0,0,1,2,2,2,1,0,1,0,0,0,0,1,1,2,1,1,0,1,0,1,1,2
0,2,0,0,0,0,2,0,1,0,0,0,1,2,2,0,1,0,1,2,2,1,2,1,0,0,0,1,0,0
0,2,2,0,0,0,2,0,0,0,0,0,1,0,2,1,0,2,0,2,0,1,0,2,0,1,0,1,0,1
0,1,2,1,1,1,0,0,0,2,1,1,0,2,0,0,0,1,0,0,0,2,2,2,1,2,0,1,1,1
0,1,2,0,1,1,1,0,1,2,1,1,0,2,0,2,1,1,1,0,0,1,2,1,0,0,0,1,0,1
0,1,2,1,1,0,2,0,0,2,0,1,0,2,0,0,0,1,1,2,1,2,2,0,0,2,0,1,1,2
0,2,2,0,0,0,2,1,0,1,1,1,0,2,2,1,1,1,1,2,2,1,2,1,0,2,0,1,0,1
0,1,2,1,1,1,1,0,0,1,0,1,1,2,0,1,0,0,0,0,1,2,2,2,1,1,0,1,1,2
0,2,2,1,0,0,1,0,1,2,1,0,1,1,1,1,0,2,0,0,0,1,2,0,0,2,0,1,0,2
0,2,2,1,1,0,0,0,0,0,0,2,0,2,2,1,0,0,0,1,2,2,0,2,0,1,0,1,1,2
0,2,2,1,0,1,2,0,1,2,1,2,0,2,2,0,1,0,0,1,2,2,1,1,0,1,0,0,0,2
0,1,0,1,0,1,0,0,1,2,1,0,1,2,2,2,1,1,0,2,0,2,0,1,1,2,0,1,1,2
0,2,2,1,0,1,2,0,0,2,0,2,1,1,2,0,1,1,1,2,0,0,2,2,1,1,0,1,0,2
0,2,2,1,1,1,2,0,0,0,2,1,1,0,2,1,0,1,0,1,2,2,0,0,1,1,0,1,0,1
0,1,2,1,1,0,1,2,1,2,2,1,1,2,0,0,1,1,1,2,0,2,2,1,0,2,0,1,1,0
0,2,2,1,1,1,2,0,1,2,2,1,0,0,0,1,1,1,0,2,2,2,2,1,0,0,0,1,1,2
0,1,1,1,0,0,2,2,0,1,2,0,1,2,1,2,1,0,0,0,2,2,0,2,1,2,0,1,1,1
0,2,2,1,1,0,0,0,1,2,2,2,0,0,2,1,1,1,0,0,0,2,1,1,1,1,0,1,1,0
0,1,2,1,0,0,2,0,1,2,2,1,1,2,1,1,0,1,1,2,0,2,2,0,0,1,0,1,1,1
0,2,1,1,1,0,0,2,1,0,2,0,0,2,1,0,0,1,1,2,0,2,2,0,0,2,0,0,1,0
0,2,2,1,1,0,0,0,0,1,2,0,1,2,0,1,0,1,1,0,2,2,2,0,0,2,0,1,1,0
0,1,0,1,0,0,1,2,0,1,2,0,1,2,1,0,1,0,1,0,1,2,2,2,1,2,0,1,1,1
0,2,1,1,1,1,0,0,0,1,1,2,1,0,1,0,1,0,1,0,0,2,2,0,1,1,0,1,1,1
0,1,2,1,1,0,2,2,0,0,0,1,0,2,0,0,0,1,0,0,0,0,2,0,1,1,0,1,0,1
0,2,1,0,0,1,0,2,1,1,1,2,0,1,2,0,1,0,0,0,0,1,2,1,1,1,0,1,0,0
0,1,2,1,1,0,2,0,1,1,0,1,0,2,0,0,1,1,1,2,2,2,2,1,0,0,0,1,0,2
0,1,2,0,0,1,0,0,1,1,1,2,0,0,1,0,0,2,1,0,0,1,2,2,0,1,0,1,0,1
0,2,2,0,1,1,0,0,0,1,1,0,0,0,2,0,1,0,0,0,1,1,2,1,1,2,0,1,0,0
0,1,2,1,0,0,1,2,1,0,2,0,0,0,2,0,0,1,0,0,2,0,2,0,1,0,0,1,1,2
0,2,2,1,0,1,2,0,0,1,2,2,1,2,0,1,1,1,1,2,2,2,1,1,0,0,0,1,1,1
0,1,1,1,0,1,1,0,1,0,1,1,1,2,2,1,1,1,0,2,0,2,2,1,1,2,0,1,1,0
0,2,1,1,1,1,0,2,0,0,1,2,1,0,1,1,1,1,0,2,2,2,2,1,1,1,0,1,1,1
0,1,2,1,1,0,0,0,0,0,1,1,0,0,2,1,1,1,0,0,0,2,1,1,1,2,0,1,1,1
0,1,2,1,0,0,2,0,1,2,0,0,0,1,2,0,0,0,0,0,0,2,0,1,0,2,0,1,1,1
0,1,2,1,1,0,0,0,0,1,2,0,1,2,0,0,0,0,0,1,2,2,2,2,1,1,0,1,1,0
0,1,0,0,1,0,0,0,1,0,1,0,1,0,0,0,1,1,0,1,0,1,0,1,1,0,0,1,1,2
0,1,2,1,1,1,1,2,0,1,1,1,0,2,0,2,0,2,0,0,1,2,2,1,0,2,0,1,0,0
0,1,2,1,0,0,0,0,1,2,2,1,1,0,1,0,1,2,1,0,2,2,2,1,1,1,0,1,0,0
0,1,2,0,0,0,2,0,0,0,1,1,1,2,2,0,1,1,0,1,2,0,2,2,1,1,0,1,1,2
0,2,2,1,1,1,1,2,0,1,0,2,1,0,2,0,0,1,0,1,2,2,1,0,0,2,0,0,1,0
0,2,2,1,1,0,1,2,0,1,2,1,0,0,0,0,0,1,0,0,2,2,2,0,1,0,0,1,1,0
0,2,2,1,0,0,0,2,1,0,2,0,0,2,1,1,1,1,0,0,2,2,0,1,0,1,0,1,1,0
0,1,2,1,1,0,2,2,0,1,0,0,1,1,0,1,0,0,1,1,0,2,0,2,1,1,0,0,0,2
0,1,2,1,1,1,0,2,1,1,2,0,1,0,0,0,0,1,0,1,1,2,2,0,0,2,0,1,1,2
0,1,2,1,0,0,0,2,1,2,1,0,0,1,2,0,0,0,0,0,2,0,0,0,0,2,0,1,0,2
0,1,0,1,0,0,1,2,1,1,0,0,0,2,1,1,0,1,1,2,2,1,2,0,0,2,0,1,0,2
0,2,2,0,1,0,0,0,1,2,0,0,0,0,1,0,0,1,1,0,0,1,2,2,0,1,0,1,0,2
0,1,1,1,1,0,1,0,0,0,0,1,1,2,1,0,0,1,1,0,2,2,2,2,0,2,0,1,1,2
0,2,2,0,1,1,2,0,1,0,2,0,0,0,1,2,0,0,1,0,2,0,2,0,1,1,0,1,0,2
0,1,2,1,1,1,1,0,1,2,0,1,0,1,0,0,1,1,1,0,0,2,0,2,1,1,0,1,1,1
0,2,2,0,0,1,2,2,0,2,1,2,1,0,2,0,1,2,1,0,1,0,0,1,1,0,0,1,0,2
0,2,2,1,1,0,1,2,1,0,0,0,0,2,1,1,1,0,0,2,1,2,2,1,0,1,1,0,1,1
0,1,1,1,1,1,0,2,0,1,1,0,0,2,0,0,1,0,0,2,2,2,2,1,1,1,0,1,0,0
0,1,2,1,1,1,1,0,1,2,2,1,0,0,0,0,1,1,1,2,2,2,2,1,0,0,0,1,1,1
0,1,2,1,1,1,0,2,1,1,1,1,1,1,0,0,0,0,0,2,0,2,2,0,0,1,0,1,1,0
0,1,2,0,0,1,0,2,1,0,1,1,1,0,0,0,0,1,0,1,0,1,1,2,0,2,0,1,0,1
0,2,0,1,0,1,0,2,1,1,2,1,0,2,1,0,0,0,1,0,1,2,0,0,1,2,0,1,1,1
0,1,2,1,1,0,2,0,0,2,0,1,0,2,0,1,0,0,1,2,2,2,2,2,0,0,0,1,1,0
0,1,2,1,0,1,2,2,1,0,0,1,1,2,1,0,1,0,1,2,2,2,2,1,0,2,0,0,1,0
0,2,2,1,1,1,0,0,0,1,2,2,0,2,1,0,1,0,1,0,0,2,2,0,1,1,0,1,1,1
0,2,0,0,1,0,2,2,1,2,0,2,0,2,2,1,0,1,1,1,0,1,1,1,0,0,0,1,0,0
0,2,1,1,1,0,0,0,0,1,0,1,1,2,0,2,0,0,0,1,1,2,0,2,1,2,0,1,1,2
0,1,2,1,0,0,1,0,1,1,2,0,0,2,2,0,0,1,1,2,2,2,2,1,0,0,0,1,1,1
0,2,2,1,1,0,2,0,0,2,2,2,0,2,2,0,0,0,0,2,2,2,0,1,0,1,0,1,1,0
0,0,2,1,0,1,2,0,0,0,2,2,1,2,2,1,0,0,1,0,2,2,0,2,0,1,0,1,1,1
0,2,2,0,1,0,0,0,1,1,1,0,1,1,1,1,1,1,0,2,2,0,2,1,0,1,0,1,0,0
0,2,2,1,1,0,1,1,0,2,1,2,1,2,1,1,0,0,1,2,0,2,2,2,0,2,0,1,0,1
0,1,2,1,1,1,1,1,1,1,2,0,1,1,0,1,0,0,0,0,2,2,1,0,1,2,0,0,1,2
0,1,2,1,1,0,0,2,1,2,0,0,1,1,2,1,0,2,0,1,0,1,0,0,0,1,0,1,0,1
0,1,2,1,1,0,0,0,0,0,2,1,0,2,1,2,1,1,1,0,1,2,2,1,1,0,0,1,0,1
0,2,2,0,1,1,1,0,1,0,2,0,1,0,1,1,1,1,1,2,1,1,2,1,1,2,0,0,1,1
0,2,2,1,1,1,0,2,0,1,0,2,1,0,2,0,1,1,1,2,0,2,2,1,0,0,0,1,1,2
0,2,2,1,1,0,0,0,1,1,2,0,0,2,1,0,0,0,1,0,0,2,2,0,1,1,0,1,1,2
0,1,2,1,1,1,0,0,0,1,0,1,1,2,0,1,0,1,1,0,1,0,2,0,0,2,0,1,1,2
0,1,2,1,0,1,2,2,0,1,1,1,0,2,1,1,1,1,1,2,0,2,2,1,0,0,0,1,0,1
0,1,2,1,1,1,0,0,1,2,0,1,1,2,0,0,1,1,1,2,0,2,2,1,0,0,0,1,0,2
0,2,0,1,1,1,2,0,0,2,1,0,0,2,2,0,0,2,1,0,0,0,0,1,0,0,0,1,1,2
0,1,2,1,0,1,0,0,1,0,2,1,0,0,2,0,0,1,1,0,2,2,2,1,0,1,0,1,1,1
0,1,2,1,1,1,0,0,0,0,2,1,1,2,0,0,0,0,0,0,2,2,2,0,0,1,0,1,1,0
0,1,2,0,0,0,1,2,1,0,1,0,1,2,1,0,1,1,1,1,1,1,2,1,1,1,0,1,0,1
0,1,2,1,1,1,2,0,0,1,0,0,1,2,2,1,0,1,0,2,2,2,2,1,0,0,0,0,1,0
0,1,0,1,1,1,2,0,1,0,0,1,1,1,2,1,0,0,1,0,2,2,0,2,0,0,0,1,1,1
0,1,2,1,1,0,1,2,0,1,2,1,1,2,2,0,1,1,1,0,0,2,2,2,0,2,0,1,1,0
0,1,2,1,1,0,1,0,1,0,1,2,1,1,0,0,1,0,1,0,0,2,0,0,1,1,0,0,1,1
0,2,1,1,0,0,0,0,1,1,0,0,1,1,1,1,0,2,1,0,1,2,1,2,1,1,0,1,0,2
0,1,2,1,1,1,0,0,1,2,2,1,1,0,1,1,1,1,1,2,2,2,2,1,1,0,0,0,0,1
0,1,2,1,1,1,0,0,1,0,2,1,1,2,0,1,1,1,1,2,2,2,0,1,1,1,0,1,1,1
0,1,2,1,0,1,1,0,0,1,1,0,0,2,1,0,1,0,0,0,2,0,2,2,1,2,0,1,1,0
0,1,2,1,0,0,2,2,0,1,0,1,1,1,1,2,1,2,1,1,2,2,0,0,1,1,0,1,1,0
0,1,2,1,0,0,2,2,0,1,0,1,0,2,1,0,1,0,0,2,0,2,2,1,0,2,0,1,0,0
0,2,0,1,1,0,2,2,0,2,2,1,0,0,0,0,0,0,0,2,0,2,2,0,0,1,0,0,1,2
0,2,1,1,0,1,0,0,1,1,1,1,0,1,2,0,0,2,1,2,2,2,2,2,1,0,0,1,1,0
0,1,2,1,0,0,2,0,1,2,1,2,0,1,2,0,0,1,1,2,1,2,0,0,1,0,0,0,1,0
0,1,1,1,1,0,1,2,1,1,0,0,1,2,0,0,0,1,1,2,1,2,2,1,0,2,0,1,1,0
0,1,2,0,1,0,0,0,0,2,0,0,0,2,0,1,1,1,0,2,1,0,2,1,0,0,0,1,1,0
0,2,2,1,1,0,1,0,0,2,2,0,0,2,0,0,0,0,0,2,0,2,2,0,0,2,0,1,0,0
0,1,2,1,1,1,0,0,0,2,2,0,1,2,1,1,0,1,0,1,0,2,2,0,1,0,0,0,1,0
0,2,2,1,0,0,2,0,1,0,2,2,0,2,2,0,1,1,1,1,2,2,0,0,1,0,1,0,1,0
0,1,2,1,1,0,1,2,1,1,0,0,0,1,0,0,1,1,1,0,0,2,0,1,0,1,0,1,1,2
0,1,2,1,1,1,0,2,1,1,0,1,1,2,0,2,0,2,1,0,0,2,2,0,1,2,0,1,1,1
0,2,2,1,0,0,2,0,1,2,2,2,1,2,0,1,1,1,1,0,2,2,2,1,1,0,0,1,1,0
0,1,2,1,1,0,0,1,0,1,2,0,1,2,0,1,0,0,0,1,2,2,2,2,1,1,0,1,1,2
0,1,2,1,0,0,1,0,0,0,2,0,1,0,2,0,1,0,1,0,2,2,2,0,0,1,0,1,1,2
0,1,1,1,1,1,1,0,1,2,1,1,1,2,1,0,0,0,0,2,1,2,2,0,0,0,0,1,1,1
0,2,0,1,0,1,2,0,0,0,1,0,1,2,1,0,0,0,0,2,1,2,2,1,0,2,0,1,1,1
0,2,2,1,1,0,0,2,1,1,2,2,0,2,1,1,0,1,0,1,2,2,2,1,0,1,0,1,1,2
0,1,2,0,1,0,1,2,1,0,2,1,1,2,0,0,1,2,0,0,1,1,2,1,0,0,0,1,0,1
0,0,2,0,0,1,0,0,1,1,0,0,1,2,1,1,0,1,1,2,1,0,2,1,1,2,0,1,0,2
0,1,2,1,1,0,0,2,1,1,2,0,0,0,0,1,0,1,0,2,2,2,2,1,0,1,0,1,1,0
0,2,2,1,1,1,2,2,1,0,2,1,0,2,0,1,0,0,1,1,0,2,0,0,0,0,0,0,1,1
0,1,2,0,0,1,0,0,0,0,1,1,0,2,2,1,0,0,1,2,2,2,2,2,0,1,0,1,1,1
0,2,2,1,1,1,2,0,1,2,0,0,1,2,1,0,1,0,1,0,2,2,0,1,0,2,0,1,1,2
0,1,2,1,1,1,0,0,0,2,1,1,0,0,0,0,0,1,1,0,0,2,0,1,0,1,0,1,1,2
0,1,2,1,1,1,1,0,1,0,1,1,1,2,1,2,1,2,1,0,0,2,2,0,1,1,0,1,1,1
0,1,2,1,1,1,1,0,0,1,1,1,0,0,0,0,1,1,0,0,0,2,0,1,0,2,0,1,0,0
0,2,2,0,0,1,2,0,1,0,1,2,1,2,2,0,0,0,0,2,2,1,2,2,0,0,0,1,0,1
0,2,1,1,1,0,0,0,1,1,0,1,1,1,0,1,0,1,1,2,1,2,2,0,0,1,0,1,0,2
0,1,2,1,1,0,2,0,1,0,2,1,0,2,1,0,0,2,1,2,2,2,2,2,1,2,0,1,1,0
0,2,2,1,1,1,0,0,0,0,1,2,1,2,1,2,1,2,0,0,1,2,2,1,1,0,0,1,1,1
0,1,0,1,1,0,1,2,1,1,0,1,0,1,0,1,0,0,1,0,2,2,2,2,1,0,0,1,1,1
0,1,0,0,1,1,1,0,1,0,1,2,1,2,1,1,1,1,1,2,0,1,2,1,1,0,0,1,0,0
0,2,2,1,1,1,2,0,1,0,0,0,0,1,1,0,0,1,1,0,2,2,2,1,0,2,0,1,1,2
0,1,2,1,0,1,1,0,0,2,2,0,0,0,2,1,0,1,1,2,2,2,2,0,0,0,0,1,1,1
0,2,2,1,0,0,1,2,0,1,2,2,1,0,2,0,1,1,1,2,0,2,2,2,0,1,0,1,1,0
0,2,2,0,0,0,2,2,1,0,1,2,1,2,1,1,1,1,1,0,1,0,1,1,1,0,0,1,0,2
0,1,2,1,0,0,2,0,1,2,1,2,1,1,2,1,0,2,0,1,2,2,0,0,0,2,0,1,1,2
0,2,1,1,1,0,1,2,1,2,2,0,1,1,1,1,0,2,1,2,0,2,2,0,1,2,0,1,1,0
0,2,1,1,0,0,2,0,1,0,0,1,0,2,2,0,1,1,1,0,1,2,2,0,1,0,0,1,1,2
0,1,2,1,1,0,0,2,1,0,2,0,0,0,0,0,0,0,0,1,2,2,2,0,0,1,0,1,1,1
0,1,2,1,1,1,0,0,0,0,2,1,1,2,0,1,0,0,0,2,1,2,2,2,1,0,0,1,1,2
0,1,0,1,1,1,1,0,0,1,1,0,1,2,0,1,0,1,0,2,1,2,2,0,0,0,0,1,1,0
0,2,2,1,0,1,2,2,1,1,0,2,0,1,2,2,1,0,0,0,2,0,2,2,1,0,0,0,1,2
0,1,2,1,1,1,0,1,0,2,1,1,0,0,0,1,0,1,0,0,1,2,2,1,0,2,0,1,1,2
0,1,2,1,0,1,0,0,0,2,2,1,0,2,2,0,0,1,0,2,1,2,2,2,1,1,0,1,1,0
0,1,2,1,1,1,0,0,1,0,1,0,0,1,2,0,0,0,0,0,0,2,0,2,0,2,0,1,1,2
0,2,2,1,0,0,1,0,1,1,0,2,1,2,2,1,1,0,0,2,1,2,2,2,1,1,0,0,0,2
0,2,2,0,0,0,1,0,1,1,0,2,0,2,0,1,0,0,0,1,0,1,1,2,1,2,0,1,0,0
0,0,1,1,1,1,2,0,0,2,1,1,1,2,1,0,0,2,1,1,2,0,1,2,1,1,0,1,0,1
0,2,2,1,1,0,2,2,0,0,2,2,0,0,2,0,1,0,0,2,2,2,2,1,0,1,0,0,1,0
0,2,2,1,1,0,0,0,0,2,2,0,0,2,0,2,1,2,0,2,2,2,0,1,1,0,0,1,1,0
0,2,2,1,1,0,1,0,0,2,2,2,0,2,1,1,1,0,1,1,2,2,2,2,0,1,0,1,1,2
0,1,2,1,1,1,1,2,1,1,1,0,1,0,0,1,0,1,1,2,2,0,2,0,0,2,0,1,1,1
0,2,0,0,0,0,0,2,1,0,0,0,0,1,0,1,1,1,1,0,0,1,1,0,1,1,0,1,1,0
0,2,2,1,1,1,0,2,1,1,1,2,0,2,0,1,0,1,0,1,0,2,2,0,1,1,0,1,1,2
0,1,2,1,1,0,1,0,0,1,2,1,1,2,0,0,0,1,0,2,2,0,2,2,0,1,0,1,1,2
0,1,2,1,0,0,2,0,0,2,0,0,0,2,2,1,0,2,1,2,0,2,2,2,1,1,0,1,1,2
0,1,2,1,0,0,2,0,0,0,2,0,1,2,1,0,0,1,1,0,2,0,2,2,1,2,0,1,1,0
0,1,2,0,0,0,0,0,0,2,2,1,1,2,1,1,1,1,1,0,1,1,2,1,1,1,0,1,1,0
0,1,2,1,0,0,2,0,1,1,1,0,0,1,1,0,1,0,0,1,1,2,1,1,1,1,0,1,1,1
0,1,1,1,0,1,0,0,1,0,1,2,0,2,2,1,0,1,0,2,0,2,0,0,1,2,0,1,0,1
0,1,0,1,1,0,1,0,0,2,1,0,0,1,0,2,1,2,1,1,1,2,0,0,1,1,0,1,1,2
0,2,1,0,0,0,2,2,1,0,0,0,1,1,2,0,1,1,0,0,0,1,2,0,1,1,0,1,0,0
0,2,2,1,1,1,1,2,1,0,2,1,0,2,1,1,1,1,1,0,2,2,2,1,0,0,0,1,1,1
0,1,1,1,0,1,1,0,1,2,1,1,1,2,2,1,1,1,0,2,2,1,2,1,0,0,0,1,0,0
0,2,2,1,1,1,1,0,0,2,1,0,1,0,0,0,1,1,1,1,0,2,2,0,1,2,0,1,1,0
0,1,2,1,0,1,1,0,1,0,2,1,1,0,0,1,1,1,1,2,2,2,2,1,0,0,0,1,1,0
0,2,2,1,0,1,0,0,0,0,1,0,0,0,1,0,1,1,1,0,0,2,2,1,1,1,0,1,0,0
0,1,2,1,0,0,2,0,1,2,2,1,0,2,0,1,0,1,1,0,2,1,1,1,1,1,0,1,0,2
0,1,1,1,0,0,0,0,1,2,0,2,1,0,2,1,1,1,0,2,1,2,2,1,1,1,0,1,1,2
0,2,2,1,1,0,1,0,1,2,1,2,1,1,1,0,0,2,1,2,2,2,2,2,0,1,0,1,1,1
0,1,2,1,1,0,0,2,0,2,2,0,1,2,0,1,0,0,0,0,0,2,2,2,0,1,0,1,1,0
0,2,2,0,1,0,0,0,1,2,2,2,0,2,1,0,1,0,1,1,2,1,2,1,0,2,0,1,0,1
0,1,2,1,0,0,0,0,0,0,1,0,1,0,0,2,1,2,1,2,0,2,1,0,0,2,0,1,1,0
0,1,0,1,1,0,1,2,1,0,1,2,0,1,0,0,1,1,1,2,1,2,0,0,1,1,0,1,1,0
0,0,2,1,1,1,0,2,1,1,0,0,1,2,1,1,0,1,1,0,0,2,1,0,1,2,0,1,1,1
0,1,0,0,1,1,0,0,0,1,1,0,0,0,0,0,1,1,1,0,1,1,2,0,1,1,0,0,1,1
0,2,2,1,0,0,1,0,0,0,2,0,0,0,2,1,0,1,0,2,0,2,2,1,0,1,0,1,1,0
0,2,2,0,1,0,1,2,1,1,0,1,0,0,1,2,1,0,0,0,0,1,2,2,1,2,0,1,0,0
0,2,2,1,1,1,0,0,0,1,2,2,1,2,0,1,0,0,1,2,2,2,0,2,1,1,0,1,1,1
0,1,1,1,1,0,2,0,0,0,2,1,0,2,0,1,0,1,1,2,0,2,2,1,0,2,0,1,1,0
0,1,2,1,1,0,2,2,1,1,2,1,0,2,0,0,1,0,0,0,0,2,2,0,0,0,0,1,1,2
0,2,1,1,0,1,0,2,1,0,1,1,0,0,2,1,0,0,1,0,2,2,2,0,0,1,1,1,1,1
0,1,2,1,1,1,1,2,0,1,0,1,1,0,2,1,1,0,1,1,0,2,0,1,1,0,0,1,1,0
0,1,1,1,1,0,2,0,0,1,1,2,1,2,2,0,1,0,0,2,2,2,2,1,1,1,0,1,1,1
0,1,1,1,1,1,0,0,1,0,0,0,1,1,2,1,1,2,0,0,1,2,0,2,0,1,0,0,1,1
0,1,1,1,0,0,2,2,0,1,1,0,0,2,2,0,1,0,1,1,0,0,2,1,1,1,0,0,0,1
0,1,2,0,0,1,1,1,1,0,2,1,1,1,1,0,1,1,0,0,2,1,2,1,1,2,0,1,0,0
0,1,2,1,1,1,2,2,0,1,2,0,1,0,0,2,1,2,0,0,2,2,2,1,1,1,0,1,1,1
0,2,2,1,1,1,0,2,0,0,0,2,0,1,2,1,1,1,1,0,2,2,1,1,1,2,0,1,1,1
0,2,0,1,1,1,2,0,0,0,2,2,1,0,0,1,0,1,0,2,1,2,2,0,0,1,0,1,0,1
0,2,2,1,1,0,2,0,0,2,0,2,0,2,1,1,0,2,0,1,0,2,2,2,0,1,0,1,1,0
0,1,2,1,1,0,2,0,1,2,1,0,1,0,0,0,0,2,0,2,1,2,2,1,0,2,0,1,1,2
0,2,2,1,1,0,1,2,1,1,2,1,0,2,2,0,1,0,1,1,2,2,0,0,1,0,0,0,1,1
0,2,2,1,1,0,0,2,1,1,1,2,0,0,2,0,0,0,0,1,2,2,1,1,0,0,0,1,1,2
0,2,0,1,0,1,2,2,1,2,1,2,1,0,2,0,1,0,0,2,1,2,2,1,1,1,0,1,1,0
0,2,2,1,0,0,0,1,0,0,2,1,0,1,2,0,0,0,0,2,0,2,2,1,0,0,0,1,1,2
0,1,2,0,1,0,1,0,0,2,1,2,1,1,0,1,1,1,0,0,0,1,2,0,1,2,0,0,1,0
0,1,2,1,1,1,1,0,1,0,0,1,0,2,0,1,1,1,0,0,0,2,2,1,1,2,0,1,1,2
0,1,2,1,1,1,0,0,1,0,1,0,0,2,0,0,1,1,0,0,1,2,2,1,1,2,0,1,1,0
0,1,2,1,1,1,1,2,1,1,1,1,0,2,0,1,0,1,1,0,0,2,0,0,0,2,0,1,1,0
0,1,2,0,0,1,0,0,0,0,2,2,0,0,2,1,0,0,1,2,2,1,2,2,0,1,0,1,1,2
1,1,1,0,0,1,0,2,1,1,2,0,0,2,2,0,0,1,0,2,0,1,2,2,0,0,0,1,0,2
0,1,1,1,1,0,2,2,0,2,2,0,0,2,1,1,0,0,1,2,0,2,2,2,0,2,0,1,1,2
0,1,2,1,0,0,0,2,0,1,2,1,0,2,1,1,0,1,1,0,2,2,2,0,0,1,0,1,0,1
0,1,1,1,1,1,0,2,1,2,1,2,0,1,2,2,1,1,1,0,2,2,0,1,0,0,0,1,1,0
0,0,1,1,1,1,0,0,0,2,0,1,0,1,2,0,0,2,0,0,1,2,0,2,1,2,0,1,0,1
0,1,2,1,0,0,2,0,1,1,2,0,0,2,1,1,1,1,1,0,0,2,2,1,1,1,0,1,1,0
0,0,2,1,1,1,2,0,0,0,2,2,1,2,0,1,1,1,1,2,2,2,2,1,1,0,0,1,1,0
0,2,2,1,1,1,2,2,0,0,2,2,1,1,0,1,0,1,1,2,2,2,2,0,0,0,0,1,1,1
0,1,0,1,1,0,0,0,0,2,1,2,1,2,0,0,1,1,1,2,1,2,2,1,0,0,0,1,1,0
0,2,1,1,1,0,1,2,1,0,1,1,1,0,0,2,0,0,0,2,2,2,1,2,0,0,0,1,1,1
0,2,2,0,1,0,1,0,0,1,1,2,1,1,1,1,0,1,1,0,2,2,2,0,0,2,0,1,1,2
0,1,1,1,1,0,0,0,0,1,0,2,0,2,0,2,0,0,0,0,1,2,2,2,1,0,0,1,1,0
0,1,2,0,1,1,0,2,0,1,1,1,0,1,0,2,0,0,0,2,1,1,0,0,1,1,0,1,0,1
0,1,2,1,1,0,1,0,1,0,0,1,0,2,0,0,0,0,0,0,2,2,2,0,0,1,0,1,1,2
0,1,2,1,0,0,1,2,1,1,0,1,0,1,2,0,0,0,0,0,1,2,0,0,0,0,0,1,1,2
0,0,2,0,0,0,1,2,0,0,0,2,0,1,0,1,0,1,1,1,0,1,1,0,1,0,0,1,0,0
0,2,1,1,1,1,0,0,0,2,1,1,1,2,1,0,0,0,1,0,2,2,2,0,0,0,0,1,1,1
0,2,2,1,1,0,2,0,0,0,2,2,1,1,2,2,1,2,1,0,1,2,2,1,0,2,0,1,1,0
0,1,2,1,0,1,1,0,1,2,2,0,1,0,0,1,1,1,1,1,2,2,1,1,1,2,0,1,1,0
0,1,1,0,1,0,2,0,1,1,0,2,0,2,2,1,1,1,1,0,2,1,1,1,1,0,0,0,1,1
0,1,2,0,1,0,1,0,1,1,1,2,1,1,1,1,1,2,1,0,2,1,0,0,1,2,0,1,0,1
0,0,2,1,1,1,1,0,0,0,1,1,1,0,0,0,1,2,0,2,2,0,2,0,1,2,0,0,1,0
0,1,0,1,1,1,2,0,1,2,1,2,0,2,0,0,0,0,0,2,1,2,2,0,0,2,0,1,1,1
0,1,0,0,0,1,1,0,1,0,1,2,1,2,0,1,1,1,1,1,0,1,1,1,0,0,0,1,0,2
0,1,0,1,0,0,2,2,1,0,2,0,0,2,2,0,0,1,1,0,1,1,2,2,1,0,0,1,0,0
0,2,2,1,0,1,2,0,0,1,1,2,0,2,2,2,0,1,1,0,0,2,2,1,0,1,0,1,1,0
0,2,1,1,0,0,2,0,0,1,0,1,0,2,2,2,0,0,0,0,2,1,2,2,1,1,0,1,1,0
0,1,2,1,1,1,2,0,1,2,1,1,0,2,0,2,1,0,1,0,0,1,2,2,0,2,0,1,0,1
0,2,2,0,1,1,0,0,0,1,1,1,0,2,1,0,1,0,0,0,1,1,2,1,1,2,0,1,0,1
0,1,2,0,1,0,1,0,1,1,2,0,1,0,0,0,0,0,1,1,2,1,2,0,1,2,0,1,0,2
0,2,1,1,1,1,0,0,1,1,2,2,0,0,1,0,1,0,0,0,0,2,2,0,1,1,0,1,1,2
0,0,2,1,0,0,2,2,1,0,2,1,0,2,1,0,1,0,1,2,2,2,2,1,0,2,0,0,1,2
0,1,1,1,1,0,2,0,1,1,0,0,1,0,0,2,1,1,1,0,2,2,2,1,0,1,0,1,1,2
0,1,2,1,0,0,2,2,1,1,1,0,1,0,0,2,1,1,1,2,0,2,1,1,0,1,0,1,1,2
0,1,2,0,1,1,1,0,1,0,1,0,1,2,0,0,1,1,1,0,2,1,2,1,1,1,0,1,0,0
0,1,2,1,1,0,1,2,1,1,2,0,1,2,2,0,0,0,1,2,2,2,2,0,1,1,0,1,1,2
1,1,1,0,0,1,1,0,1,2,1,0,1,2,1,1,0,1,1,0,2,2,2,1,1,1,0,1,1,0
0,2,2,1,0,1,0,0,1,1,1,0,0,0,2,0,1,1,1,2,0,2,2,1,0,1,0,1,0,0
0,1,2,1,1,0,1,2,1,0,1,0,1,1,0,0,1,0,0,0,0,2,0,0,0,2,0,1,0,2
0,2,2,1,1,0,0,0,0,0,0,2,0,2,2,1,0,0,1,2,0,2,0,2,0,1,0,1,1,1
0,1,2,1,1,0,2,2,1,1,0,1,0,2,2,0,1,0,0,0,0,2,2,1,1,2,0,1,1,1
0,1,2,1,1,0,2,0,1,1,1,1,1,1,1,0,1,0,0,0,0,2,2,1,1,1,0,1,1,1
0,1,2,1,0,1,2,0,0,1,2,2,0,0,1,1,1,1,1,0,1,2,2,1,1,1,0,1,1,0
0,1,1,1,0,0,2,1,1,1,1,1,1,2,2,0,1,0,0,2,2,2,2,1,1,0,0,1,1,0
0,2,2,1,1,1,1,2,0,1,2,2,1,0,1,0,0,1,1,1,2,2,2,1,0,2,0,1,1,0
0,1,1,1,0,0,2,2,1,1,2,0,0,2,1,0,0,0,1,0,0,1,2,0,1,1,0,1,0,0
0,1,2,1,1,0,1,0,0,0,1,0,1,2,0,2,1,1,1,0,1,1,2,1,0,1,0,1,0,2
0,1,0,1,0,1,1,0,1,1,0,2,1,2,2,1,0,1,1,0,2,2,2,0,0,2,0,1,0,2
0,2,2,1,1,0,0,2,0,1,0,1,0,0,2,1,0,1,1,1,2,2,0,1,0,1,0,1,0,0
0,1,2,1,1,0,2,0,1,0,1,2,0,1,0,0,0,1,0,0,0,2,0,2,0,2,0,1,1,2
0,1,2,1,0,1,0,0,0,2,1,2,1,0,1,0,0,1,1,2,2,0,2,2,0,1,0,0,0,0
0,2,2,1,1,0,1,2,1,1,0,2,1,1,1,1,0,2,1,0,0,2,2,0,1,1,0,1,1,0
0,2,1,0,1,1,2,2,1,0,0,2,1,0,1,0,0,1,0,0,2,1,2,2,1,1,0,1,0,2
0,1,2,1,0,1,0,0,0,0,2,1,1,1,1,1,0,1,0,0,2,2,0,0,1,1,0,1,1,1
0,1,2,1,1,0,0,0,0,2,2,1,0,2,0,1,1,1,0,2,2,2,2,1,0,0,0,1,1,2
0,1,2,1,0,1,0,0,1,0,2,2,0,0,2,0,1,0,0,1,2,2,2,1,0,1,0,1,1,2
0,2,2,1,1,0,0,1,0,2,1,1,1,1,0,0,0,1,0,2,0,2,2,1,0,1,0,1,1,0
0,2,2,1,0,1,2,0,0,0,1,0,1,0,2,0,0,1,0,0,2,2,2,0,0,1,0,1,1,2
0,1,2,1,0,1,1,0,1,1,1,0,1,0,0,2,1,1,1,0,0,2,1,1,0,1,0,1,1,1
0,2,2,1,0,1,2,0,1,1,2,0,1,0,1,1,1,1,1,2,2,2,2,1,0,2,0,0,0,0
0,1,2,1,1,0,2,2,1,1,0,0,0,2,0,1,1,1,0,2,2,2,2,1,0,0,0,1,1,0
0,1,2,1,1,1,1,0,0,0,1,1,0,2,0,0,1,0,1,2,2,2,2,1,0,0,0,1,1,1
0,2,2,1,1,0,2,1,1,2,1,1,0,2,2,0,1,1,0,0,1,2,1,1,1,0,0,1,1,2
0,1,0,1,0,1,2,2,1,0,1,1,0,1,1,1,1,1,1,1,1,2,0,1,1,1,0,1,1,2
0,1,2,1,1,0,2,2,0,0,0,0,0,0,0,1,1,1,1,2,1,2,2,1,0,2,0,1,1,2
0,1,2,0,1,1,0,0,1,0,0,1,1,2,1,1,0,0,1,0,0,1,2,2,0,2,0,1,0,1
0,0,0,1,1,1,0,0,0,2,1,0,0,2,0,1,1,1,1,0,1,2,2,1,1,2,0,1,1,2
0,1,0,0,0,1,1,0,1,2,1,0,1,2,2,1,1,1,1,0,2,1,2,1,1,1,0,1,0,0
0,1,2,1,1,1,0,0,1,1,2,0,1,2,0,1,1,0,1,2,0,2,2,1,1,1,0,0,0,2
0,1,2,1,1,1,0,2,1,0,0,0,1,1,2,1,1,1,0,2,2,2,1,0,1,0,1,0,1,1
0,2,2,1,0,1,0,2,0,2,2,2,0,2,2,1,0,0,1,1,1,0,0,2,0,1,0,1,1,1
0,1,0,1,1,0,0,2,1,0,2,0,0,2,0,0,0,1,0,0,1,2,2,0,1,2,0,1,1,0
0,2,0,1,1,1,1,2,1,0,2,1,0,2,2,0,1,0,1,2,1,2,0,1,0,1,0,1,1,1
0,2,2,1,0,0,0,0,1,1,1,2,0,1,2,0,0,2,0,0,0,2,2,2,1,1,0,1,1,1
0,0,1,1,1,1,2,0,1,1,1,2,0,2,2,1,1,0,1,2,2,2,2,1,1,0,0,1,1,1
0,2,2,1,1,0,0,2,0,0,2,1,0,0,1,0,1,1,0,2,0,0,2,0,1,1,0,1,0,2
0,1,2,0,0,0,1,0,1,0,2,2,1,1,2,0,1,0,0,2,1,1,0,0,0,0,0,1,1,2
0,1,2,0,1,1,0,2,1,0,0,0,1,0,0,1,1,2,1,2,0,1,2,0,0,0,0,1,1,2
0,2,2,1,1,1,2,0,0,2,1,2,1,2,2,0,0,0,0,0,2,0,0,0,0,2,0,1,0,2
0,1,2,1,0,0,2,1,0,2,2,2,1,2,2,1,0,2,1,2,1,1,0,2,1,2,0,1,0,0
0,1,2,0,0,1,1,0,1,1,0,2,0,0,1,1,0,1,0,2,0,1,2,1,0,1,0,1,0,2
0,1,2,1,1,0,1,0,0,0,2,0,0,2,0,0,0,2,1,0,0,2,2,1,0,2,0,1,1,1
0,2,2,1,1,1,0,0,0,1,0,1,0,2,1,1,0,0,1,0,0,2,2,2,1,0,0,1,1,0
0,2,2,1,1,1,2,0,1,0,1,0,1,1,1,0,0,0,1,2,0,2,2,0,0,0,0,0,1,1
0,1,2,1,1,1,2,2,1,0,2,1,0,2,0,0,1,1,0,0,2,2,2,0,1,2,0,1,1,0
0,2,2,1,0,1,2,0,0,1,2,0,0,0,2,1,0,1,1,2,0,2,2,0,0,0,0,1,1,1
0,1,2,1,1,0,1,0,1,1,2,1,0,2,0,0,0,0,1,0,2,2,2,0,1,1,0,1,1,2
0,1,2,0,0,0,0,0,0,1,2,0,0,2,0,0,0,0,0,0,2,1,2,1,1,2,0,1,0,1
0,0,0,1,1,0,1,0,0,2,2,2,0,2,1,0,0,0,0,1,1,2,2,1,0,1,0,1,1,2
0,2,2,1,1,1,2,2,1,2,2,1,1,0,2,0,0,0,0,2,0,2,2,0,0,1,0,1,1,1
0,1,2,1,0,1,2,2,1,1,2,1,1,0,2,0,1,0,1,0,2,2,2,0,1,2,1,1,0,1
0,1,2,1,0,0,2,0,1,1,2,0,0,2,2,1,0,0,1,2,2,0,2,2,1,2,0,1,0,2
0,2,1,1,1,0,1,0,0,1,0,1,0,2,2,0,1,0,1,0,1,2,2,0,1,2,0,1,1,0
0,1,1,1,0,0,1,2,1,1,0,0,1,2,0,0,0,0,1,2,1,2,2,2,0,2,0,1,1,0
0,2,2,0,0,1,0,2,1,1,0,1,1,1,2,1,0,1,1,2,0,1,2,0,0,2,0,1,0,2
0,1,2,1,1,0,0,2,1,1,2,1,0,2,2,1,1,1,0,0,2,2,1,1,0,0,0,0,1,2
0,1,2,1,1,0,2,2,1,1,2,1,1,2,2,1,1,1,0,2,2,2,2,1,0,0,0,1,1,1
0,1,2,1,1,0,2,2,0,2,2,1,0,2,0,0,0,0,0,2,2,2,2,1,0,1,0,1,1,1
0,1,2,1,1,0,2,2,1,2,0,1,0,1,0,1,0,2,1,2,0,2,0,0,1,2,0,1,1,1
0,1,2,0,0,1,1,0,0,1,0,1,0,2,1,1,1,1,0,0,0,1,2,1,0,0,0,1,0,2
0,1,1,0,0,0,0,0,1,1,0,0,1,0,1,0,0,1,1,1,2,1,1,2,0,0,0,1,0,0
0,1,2,1,0,0,0,0,0,2,2,0,0,2,1,1,1,1,0,0,2,2,2,1,0,0,0,1,1,2
0,2,2,1,1,0,0,0,0,0,1,0,0,0,1,1,0,1,0,0,0,2,2,0,0,2,0,1,1,0
0,1,2,1,1,1,0,2,0,0,1,1,1,0,0,0,0,1,0,2,2,2,2,0,1,0,0,1,1,0
0,1,2,1,0,0,1,2,1,1,0,1,0,1,2,1,0,2,0,0,2,2,0,0,0,0,0,1,1,1
0,2,2,1,0,0,0,0,1,2,1,0,1,0,2,0,0,0,0,2,0,1,2,0,0,1,0,1,0,0
0,1,2,1,1,1,2,0,1,2,2,0,1,2,0,0,0,1,0,2,0,2,2,2,1,1,0,0,0,2
0,1,2,1,1,0,2,0,0,2,2,0,1,2,2,1,0,1,1,2,2,1,2,0,0,1,0,1,0,0
0,2,2,1,1,1,2,2,0,0,1,0,1,2,1,1,0,0,0,2,2,2,2,2,0,0,0,1,1,0
0,2,2,1,1,1,0,2,1,0,1,1,0,2,2,1,1,1,0,2,0,2,0,1,1,1,0,1,1,2
0,2,2,1,1,0,0,2,0,0,2,2,1,2,1,0,1,1,1,0,0,2,2,2,1,0,0,1,1,0
0,1,2,1,0,1,1,1,1,0,2,2,0,2,1,2,1,2,1,1,0,2,1,1,0,2,0,1,1,0
0,2,2,1,1,1,0,0,0,1,2,1,1,2,1,1,0,1,0,0,2,2,2,1,0,1,0,1,1,2
0,2,1,1,0,0,0,2,0,0,0,1,1,0,2,0,0,1,0,0,1,0,0,0,1,1,0,1,1,2
0,2,2,1,0,1,2,0,0,2,2,2,0,1,2,1,1,1,1,0,2,2,2,1,1,0,0,1,1,0
0,1,2,1,0,0,1,2,1,0,0,1,0,2,2,1,0,0,0,0,1,2,2,1,0,0,0,1,1,1
0,2,2,1,1,0,2,0,0,2,2,2,0,2,2,1,0,2,0,1,0,2,0,1,0,2,0,1,0,0
1,0,1,0,1,0,0,2,1,0,0,2,1,0,2,0,0,0,0,2,2,1,2,2,0,0,0,1,0,2
0,2,2,1,0,0,2,2,0,0,0,2,0,0,1,1,1,1,1,0,0,2,1,1,1,2,0,1,1,2
0,1,2,1,0,0,1,2,0,0,0,1,1,2,0,0,1,1,1,0,2,2,1,2,1,1,0,1,1,1
0,1,2,1,1,0,0,0,1,2,2,1,1,2,0,2,1,0,0,0,2,2,2,2,0,1,0,1,0,1
0,2,0,1,1,1,0,0,0,1,0,0,1,2,0,1,0,1,1,0,0,2,2,1,0,1,0,1,1,2
0,1,2,1,0,0,2,2,1,1,0,1,0,2,2,0,1,0,0,2,0,2,2,1,0,2,0,1,1,2
0,2,2,1,1,0,1,0,0,2,0,1,0,2,2,1,0,2,0,0,2,2,1,2,0,0,0,1,1,0
0,2,0,1,0,0,1,0,1,1,1,0,1,2,2,1,0,1,1,2,1,2,2,1,0,1,0,1,1,0
0,2,2,0,0,1,0,0,1,1,1,1,1,0,2,0,0,1,0,0,1,1,2,2,1,0,0,1,0,2
0,1,0,1,1,0,0,2,1,0,0,1,0,2,0,1,1,1,0,2,2,2,2,1,1,2,0,1,1,1
0,1,2,1,0,0,2,0,1,1,2,2,0,1,2,2,1,0,1,0,0,2,0,0,1,2,0,0,0,1
0,2,2,1,1,0,0,2,1,0,1,2,0,0,0,1,0,1,1,0,0,2,2,0,1,1,0,1,1,1
0,2,2,1,1,0,2,0,0,1,2,2,1,1,1,1,0,0,1,1,2,2,2,2,1,1,0,1,1,2
0,1,2,1,1,0,0,2,1,1,0,0,0,0,2,1,0,1,1,2,2,2,1,1,0,0,0,1,1,0
0,2,1,1,1,1,2,2,1,2,1,2,1,1,1,0,1,2,1,0,0,2,2,1,1,0,0,0,1,1
0,1,2,1,0,1,2,0,0,0,1,1,1,2,1,0,1,1,1,0,0,2,0,0,1,0,1,0,1,2
0,1,2,1,0,0,0,0,0,2,1,0,1,1,1,0,1,1,0,1,2,2,0,0,1,1,0,1,1,2
0,2,0,1,1,1,1,0,0,1,1,0,0,2,1,1,0,0,0,0,1,0,2,2,1,0,0,0,0,1
0,2,2,1,1,1,2,0,0,0,1,2,0,2,1,0,0,1,0,2,0,2,2,1,0,1,0,1,0,0
0,1,1,1,1,1,1,1,0,2,2,2,0,0,0,0,0,0,0,0,2,2,2,1,0,0,0,1,1,2
0,2,2,1,1,0,1,0,0,0,2,2,0,2,1,1,0,0,1,0,1,0,2,1,0,1,0,1,1,0
0,1,1,1,0,0,1,0,0,1,1,2,1,2,1,1,0,0,1,1,0,2,2,2,1,0,0,1,1,1
0,2,2,1,1,0,1,2,0,1,1,2,1,2,0,2,1,0,0,1,1,2,1,2,1,1,0,1,1,2
0,2,2,1,1,1,1,2,0,1,2,1,0,2,1,2,0,2,1,0,1,2,2,1,0,2,0,0,0,1
0,1,1,1,0,0,1,2,1,2,0,0,1,2,1,1,1,2,1,0,2,2,2,2,1,2,0,0,0,1
0,2,2,1,1,0,0,0,0,0,2,2,0,2,2,1,0,1,1,1,0,1,0,0,0,2,0,1,0,1
0,1,2,1,0,1,0,0,1,1,2,2,1,1,2,1,0,1,1,0,0,0,0,0,0,2,0,1,1,1
0,1,1,1,1,0,0,0,1,2,0,2,1,0,0,1,1,1,1,2,1,2,2,1,1,0,0,1,1,2
0,1,2,1,1,0,2,2,0,1,2,0,1,2,0,1,1,0,0,0,2,2,2,2,1,1,0,1,1,1
0,1,0,0,1,1,1,0,1,1,0,2,0,0,0,0,1,1,0,1,0,1,1,1,1,1,0,1,1,1
0,2,1,1,1,0,0,0,1,0,0,2,1,2,2,1,0,1,1,2,1,2,0,0,1,2,0,1,1,1
0,2,2,1,1,0,0,2,1,1,0,0,0,2,1,0,1,0,1,1,0,2,0,0,1,1,0,1,1,1
0,1,0,1,1,1,0,2,1,1,1,0,0,2,0,0,0,2,0,0,0,2,2,2,0,1,0,0,0,1
0,1,0,1,1,0,0,0,0,1,2,2,1,2,1,1,0,0,0,2,1,2,2,2,1,1,0,1,1,0
0,1,1,1,1,1,2,1,0,1,1,0,0,0,0,1,1,2,1,0,1,2,2,1,1,2,1,0,0,2
0,0,2,1,0,0,0,2,0,2,2,2,0,0,0,2,0,2,0,2,2,2,2,1,0,0,1,0,0,1
0,2,2,1,1,1,2,0,1,2,2,0,1,0,1,0,1,1,1,0,1,1,2,0,1,2,0,1,0,0
0,1,2,1,1,0,0,2,1,0,0,1,0,2,0,1,1,1,1,1,0,2,2,1,1,2,0,1,1,2
0,2,1,1,1,1,0,2,1,1,1,2,1,0,1,2,1,1,1,0,2,2,2,1,0,2,0,1,1,1
0,1,0,1,1,1,0,0,0,1,1,2,0,2,0,0,0,0,0,0,1,2,2,0,1,1,0,1,0,0
0,1,2,1,0,0,2,2,1,0,2,0,0,0,0,0,0,0,0,1,0,2,1,1,0,1,0,1,1,1
0,2,2,1,1,0,0,2,0,1,1,1,0,2,2,2,0,2,0,0,2,2,2,2,0,2,0,1,1,1
0,2,2,1,1,0,1,2,1,0,0,0,1,1,1,1,0,1,1,2,2,2,2,0,1,2,0,1,1,2
0,2,2,1,1,1,0,0,1,1,1,2,0,0,1,0,1,0,0,0,1,2,2,1,1,1,0,1,1,1
0,1,2,1,0,0,1,0,0,0,0,2,1,1,0,0,0,1,0,1,2,2,1,0,1,0,0,1,1,0
0,1,2,1,1,1,0,0,0,0,0,0,1,2,0,1,0,2,1,2,2,2,2,0,1,2,0,1,1,1
0,1,2,1,1,0,1,2,1,1,0,0,0,2,1,1,1,1,0,2,0,2,2,1,0,1,0,1,1,0
0,0,0,1,1,1,0,0,1,1,1,2,0,2,0,0,1,0,0,0,0,2,2,1,1,0,0,1,0,1
0,2,2,1,0,1,2,0,0,2,2,2,1,1,2,1,0,1,0,0,2,0,2,0,1,0,0,1,0,1
0,1,2,1,0,0,2,2,0,0,2,2,0,0,1,0,0,0,0,0,2,0,0,1,0,1,0,0,0,0
0,1,2,0,1,0,1,1,1,1,1,2,1,0,2,0,1,0,1,1,2,1,1,0,1,0,0,1,0,1
0,1,2,1,0,0,1,2,0,0,0,0,0,2,2,0,0,1,1,1,1,2,2,2,1,1,0,1,1,2
0,1,2,0,1,0,2,1,0,2,1,1,1,2,0,1,0,1,1,0,1,1,2,1,1,2,0,1,0,0
0,1,2,1,0,1,1,0,0,2,1,1,0,0,1,2,1,2,1,0,0,2,2,0,1,1,0,1,1,1
0,2,0,1,0,0,0,0,1,1,2,2,0,2,0,0,1,0,1,0,1,0,0,0,1,0,0,1,0,1
0,2,2,1,0,1,0,1,1,1,1,2,1,2,2,1,0,0,0,0,0,2,2,2,1,1,0,1,1,0
0,2,2,1,0,0,1,0,1,2,0,2,0,1,2,0,0,2,0,2,2,2,2,2,1,0,0,1,1,0
0,0,2,1,1,1,0,0,0,1,2,2,1,2,0,1,0,0,1,2,1,2,0,2,1,1,0,1,1,1
0,2,0,1,1,1,2,2,1,0,2,2,0,2,2,0,0,0,0,0,1,2,0,1,0,1,0,1,1,0
0,0,2,1,1,1,2,2,0,1,2,0,0,2,1,1,1,0,1,0,2,2,0,2,1,2,0,1,1,1
0,2,2,0,0,1,1,0,1,0,0,2,1,2,2,1,1,1,0,0,2,1,2,0,1,0,0,0,0,2
0,2,0,1,1,0,1,2,0,2,0,0,1,2,1,1,0,2,1,0,0,2,2,2,1,1,0,1,1,1
0,2,2,1,1,1,1,0,0,1,1,1,0,2,0,0,0,2,0,0,2,2,1,2,1,0,0,0,1,0
0,1,2,1,1,1,1,0,0,2,1,2,0,1,2,0,1,1,0,0,0,2,0,0,1,0,0,0,1,0
0,1,2,1,0,1,0,0,0,2,2,1,0,0,2,1,0,1,0,2,2,0,0,0,1,2,0,1,1,1
0,1,2,1,1,0,2,2,0,2,2,0,0,0,1,1,0,1,1,0,0,0,2,0,0,0,0,1,0,0
0,1,1,1,1,0,0,0,0,2,0,2,0,2,0,2,1,0,0,0,1,2,2,2,0,1,0,1,1,2
0,1,0,1,1,1,2,0,0,0,1,0,0,2,0,0,1,0,0,1,1,2,2,1,0,1,0,0,0,0
0,1,1,1,0,1,2,2,1,1,1,1,0,0,0,0,1,1,1,0,2,2,2,1,1,2,0,1,1,0
0,1,1,1,0,0,2,0,1,1,0,1,0,2,1,0,1,1,0,1,1,2,2,0,1,0,0,1,1,0
0,2,2,1,1,1,1,2,0,2,1,2,1,0,2,1,0,2,0,2,0,2,0,1,0,2,1,1,1,1
0,2,2,1,1,0,2,2,1,1,0,0,0,2,1,0,1,1,1,2,0,2,2,1,0,0,0,1,1,2
0,2,2,1,1,0,2,2,0,1,1,2,1,0,1,0,0,0,0,2,2,2,2,1,0,0,0,1,1,0
0,2,2,0,0,1,0,2,1,0,1,2,0,2,1,0,1,1,0,1,0,2,0,1,1,2,0,1,1,2
0,2,2,1,0,1,0,0,1,2,1,2,0,2,2,0,0,2,1,0,0,2,2,2,1,1,0,1,0,2
0,1,2,1,0,1,1,2,1,0,2,2,0,2,1,1,1,1,0,2,1,1,2,0,1,1,0,1,0,0
0,2,2,1,1,1,0,2,1,1,1,2,0,0,2,0,0,1,1,0,0,2,0,1,0,2,0,1,1,2
0,1,2,1,1,0,0,2,0,0,2,0,0,0,2,0,0,1,1,1,2,2,1,2,1,1,0,0,1,1
0,2,2,1,0,0,0,0,0,0,0,0,1,1,2,0,0,1,0,0,2,2,2,0,1,2,0,1,1,2
0,1,2,1,1,0,1,0,0,0,2,0,1,1,0,2,1,2,1,1,2,2,0,0,1,1,0,1,1,0
0,2,2,1,1,0,2,2,0,0,2,2,0,2,2,1,1,1,0,2,2,2,0,1,1,1,0,1,1,1
0,2,2,1,1,1,2,1,0,0,2,0,0,2,2,0,0,0,0,0,2,2,0,2,0,0,0,1,1,1
0,2,2,1,1,1,1,0,0,0,1,0,1,0,1,0,1,0,1,2,0,2,2,0,1,2,0,1,1,1
0,1,0,1,0,0,2,2,1,1,0,1,0,2,1,1,1,1,1,0,0,2,2,1,1,2,0,1,1,2
0,1,2,1,1,0,1,2,0,1,2,0,0,0,0,1,0,1,0,2,2,2,0,1,0,1,0,1,1,1
0,2,2,1,1,1,2,2,0,0,1,2,0,0,1,0,0,1,1,0,0,2,2,2,1,0,0,1,1,0
0,2,1,1,1,1,0,2,0,1,1,1,0,0,1,1,1,1,1,2,0,2,2,1,0,0,0,1,1,0
0,2,2,0,1,0,1,0,1,1,0,0,1,0,0,0,1,0,0,0,0,1,2,1,1,2,0,1,0,2
0,2,2,1,0,0,0,2,0,1,0,1,0,2,2,1,0,0,1,0,1,2,2,2,1,0,0,1,1,1
0,1,2,1,1,1,1,2,0,1,1,0,0,0,0,1,1,2,1,2,0,2,2,1,1,1,0,1,1,2
0,2,2,1,1,0,0,2,0,0,1,2,1,2,1,2,0,0,0,0,0,2,2,2,1,0,0,1,1,0
0,2,0,1,1,1,0,0,1,0,0,0,1,1,1,1,0,0,1,2,2,2,2,1,0,1,0,1,1,0
0,1,2,1,1,1,1,0,1,2,1,2,1,0,0,0,1,1,0,1,0,2,2,1,1,1,0,1,1,0
0,1,2,1,1,1,1,0,1,2,2,1,1,2,0,2,1,2,0,0,2,2,2,1,1,2,0,1,0,1
0,1,0,1,0,1,0,0,1,0,1,1,1,1,0,0,0,0,1,2,1,2,0,0,0,2,0,1,0,1
0,1,2,1,1,1,1,2,0,1,2,1,1,0,0,1,0,1,0,0,2,2,2,0,0,2,0,1,1,0
0,1,2,1,0,0,0,2,1,2,2,1,1,2,2,0,1,2,0,0,0,0,2,2,1,2,0,1,0,1
0,2,2,1,0,1,0,0,1,1,2,0,1,0,2,1,0,1,1,2,2,2,2,1,0,1,0,0,1,1
0,1,1,1,1,1,0,0,0,0,1,1,1,2,0,1,0,0,0,2,2,2,0,2,0,2,0,1,1,2
0,2,2,1,0,0,0,0,0,1,2,2,1,2,0,1,0,0,0,1,2,2,0,2,1,2,0,0,1,2
0,2,2,1,0,1,1,0,0,2,1,2,1,2,2,2,0,2,0,0,0,2,0,2,0,2,0,1,0,0
0,2,2,1,1,0,1,0,1,1,2,1,0,0,2,1,0,1,0,1,1,2,0,1,0,2,0,1,1,0
0,1,2,1,1,0,1,0,0,0,0,0,0,2,1,0,0,0,0,2,0,2,2,0,0,2,0,1,1,0
0,1,2,1,0,1,1,0,1,0,1,1,0,2,2,0,1,0,0,2,0,2,2,0,0,0,0,1,1,0
0,2,2,1,0,1,0,0,1,0,2,0,1,2,2,1,1,1,0,0,2,2,1,1,1,1,0,1,1,0
0,1,2,1,1,0,2,0,0,2,2,1,1,2,0,0,0,0,0,2,2,2,2,1,0,1,0,1,1,0
0,1,2,1,1,0,1,0,0,2,1,0,0,0,0,2,1,2,1,0,0,1,2,0,0,2,0,0,0,1
0,1,2,1,1,1,2,0,0,1,0,0,0,2,0,0,1,0,0,0,2,2,2,1,1,2,0,1,1,1
0,1,1,1,1,0,0,0,1,2,0,2,0,2,0,0,0,1,0,0,1,2,2,2,1,1,0,0,0,2
0,1,2,0,1,1,1,0,1,2,0,2,0,0,2,1,1,2,0,2,0,1,2,1,0,1,0,1,0,0
0,1,1,1,1,1,0,0,0,2,2,1,0,1,0,1,0,1,0,2,0,2,0,0,1,1,0,1,1,0
0,2,2,1,1,0,0,2,0,1,2,2,0,0,2,0,1,2,1,0,2,0,0,1,0,0,0,1,0,1
0,1,1,0,1,1,0,2,1,0,2,0,0,2,0,1,1,1,1,2,0,1,2,1,1,0,0,1,0,0
0,1,2,1,1,0,2,0,1,1,2,2,1,1,0,0,1,1,0,2,2,2,2,0,1,1,0,1,1,0
0,2,2,1,0,0,2,2,0,0,0,0,0,2,0,1,0,1,1,2,2,2,0,1,0,1,0,0,0,1
0,2,1,0,0,0,1,0,0,2,1,2,1,2,2,1,0,1,1,1,2,1,0,1,1,0,0,1,0,0
0,1,2,1,1,1,0,2,0,1,2,2,1,0,2,0,0,0,0,1,2,2,1,1,0,0,0,1,1,2
0,1,2,0,1,0,1,1,0,0,1,1,1,0,2,0,1,0,1,2,2,2,1,1,0,1,0,0,1,1
0,1,2,1,1,0,1,0,1,0,0,2,1,2,0,1,0,1,0,2,2,2,2,0,1,0,0,1,1,0
0,1,1,1,0,0,2,2,1,0,2,0,1,2,2,0,1,1,0,2,1,0,1,1,1,0,0,0,1,0
0,2,1,1,1,0,0,2,0,1,0,2,0,0,1,0,0,0,1,0,2,0,2,0,1,2,0,1,0,0
0,2,2,1,0,1,1,0,1,1,2,0,0,1,2,0,0,1,1,2,0,0,2,2,1,2,0,1,1,1
0,1,2,1,1,0,2,2,0,0,0,0,0,0,0,0,1,2,1,1,2,2,1,1,0,0,0,0,0,2
0,1,2,1,1,1,0,0,0,1,2,0,1,2,0,1,0,1,0,2,2,2,2,1,0,0,0,0,1,2
0,1,1,1,1,1,2,0,0,0,0,2,1,2,0,2,1,1,1,0,1,2,2,1,1,1,0,1,1,2
0,1,2,1,1,1,0,2,0,0,2,1,0,2,0,1,0,1,1,2,2,1,2,1,0,2,0,1,0,0
0,2,2,1,1,0,0,0,0,1,2,0,0,2,2,0,0,1,1,0,2,2,0,1,0,1,0,1,1,0
0,1,2,1,0,0,2,2,1,1,2,1,1,2,2,0,1,0,0,1,2,2,2,1,1,0,0,1,1,0
0,1,2,0,1,1,0,0,1,0,0,0,0,1,2,1,0,1,1,1,0,2,1,1,1,0,0,1,1,0
0,1,2,1,0,1,1,1,0,2,1,0,1,2,2,0,0,0,0,1,2,2,2,1,0,0,0,1,1,0
0,1,2,0,0,1,2,2,0,0,1,0,1,2,2,0,1,0,0,2,1,1,2,1,0,0,0,1,0,1
0,1,2,1,1,0,1,2,0,1,2,0,0,0,0,0,0,1,0,2,2,2,2,0,0,2,0,1,1,2
0,2,2,1,1,0,0,0,0,2,0,2,0,2,2,1,0,1,0,0,0,2,0,1,0,2,0,1,1,1
0,1,2,1,0,1,1,0,0,1,2,0,1,2,1,1,0,0,0,0,0,0,2,2,1,1,0,1,1,2
0,2,2,1,1,0,1,0,1,1,2,2,1,1,1,1,0,1,1,2,0,2,2,1,0,2,0,0,0,0
0,1,2,1,0,0,1,0,1,0,1,0,1,1,2,1,0,2,1,2,2,2,0,0,1,1,0,1,1,1
0,2,2,1,1,0,1,0,1,2,1,2,1,2,1,2,0,2,1,0,0,2,2,0,0,2,0,0,1,1
0,2,2,1,1,0,1,0,1,1,1,2,1,1,1,1,0,0,1,0,0,2,2,2,1,0,0,1,0,1
0,2,2,1,0,0,0,2,0,1,2,1,0,1,2,1,0,1,1,2,0,1,2,0,0,0,0,1,0,0
0,2,0,0,1,1,0,0,1,1,1,2,0,0,2,0,1,0,0,1,0,2,0,1,1,0,0,1,1,2
0,2,0,1,1,1,2,0,1,2,1,0,0,2,0,0,0,2,0,2,0,2,0,1,0,1,0,1,0,0
0,1,2,1,1,0,2,0,0,1,2,0,0,2,0,1,0,0,1,0,2,2,2,2,1,0,0,0,1,2
0,2,2,1,1,0,1,0,0,0,1,2,1,2,2,0,0,1,1,1,2,2,2,1,0,0,0,1,1,0
0,2,2,1,1,0,0,0,0,0,1,0,1,1,1,1,0,1,0,0,0,2,2,0,1,2,0,1,1,0
0,2,2,1,1,0,1,0,0,1,2,2,1,2,0,1,0,0,1,1,1,2,0,2,1,1,0,1,1,1
0,2,2,1,0,0,1,2,1,0,2,1,1,2,2,0,1,1,0,1,2,0,1,0,1,2,0,1,1,1
0,1,2,0,1,0,1,2,1,0,0,0,0,2,2,1,0,1,1,0,2,1,1,1,1,0,0,1,0,1
0,1,1,1,1,1,1,0,1,2,1,0,1,0,0,1,1,1,1,0,0,2,2,1,1,1,0,1,1,1
0,0,1,1,1,1,0,0,1,1,0,0,0,1,2,1,1,0,0,0,1,2,2,2,1,1,0,1,1,2
0,1,2,0,0,0,1,0,1,0,0,2,1,0,0,1,0,0,1,2,0,1,1,2,0,1,0,0,1,0
0,2,2,1,0,0,1,0,0,0,2,2,0,2,0,0,1,1,1,1,1,2,1,1,1,0,0,1,1,1
0,0,1,1,0,1,0,2,0,1,0,2,1,0,1,0,0,1,0,2,2,1,2,0,0,2,0,1,0,1
0,2,0,1,1,0,2,2,0,0,0,1,0,2,1,1,0,0,0,0,0,2,2,2,1,0,0,1,1,0
0,1,0,1,1,1,1,2,0,1,0,0,1,2,0,1,0,1,0,2,1,0,2,1,0,2,0,1,0,2
0,1,2,1,0,1,1,2,1,0,2,1,0,2,1,0,1,1,0,0,2,2,2,1,1,1,0,1,1,2
0,2,2,1,1,0,2,2,1,1,2,1,1,1,1,2,1,2,1,0,2,2,2,0,1,1,0,1,1,1
0,1,2,1,1,0,2,1,1,1,2,2,0,1,0,0,1,1,1,2,2,2,0,1,0,0,0,1,1,0
0,1,1,1,0,1,1,0,1,0,1,0,1,0,1,0,1,1,0,1,2,0,1,1,1,2,0,1,0,1
0,2,2,1,0,1,0,0,1,0,2,1,0,0,2,1,1,1,1,0,2,2,2,1,1,0,0,1,1,0
0,1,0,1,0,0,2,2,0,0,2,0,0,2,1,1,0,0,0,2,1,2,2,2,0,1,0,1,1,1
0,1,1,1,1,1,0,2,0,1,1,0,1,2,1,0,0,0,0,0,2,2,2,2,0,0,0,1,1,0
0,1,2,1,1,0,1,0,0,1,0,1,0,2,1,1,0,0,0,2,2,2,2,2,1,1,0,1,1,0
0,1,2,1,0,0,2,0,1,1,1,1,0,0,1,1,1,1,1,2,0,2,2,1,0,0,0,1,1,0
0,1,2,1,1,0,2,2,0,1,1,0,1,1,0,0,1,1,0,0,2,0,0,2,0,1,0,1,0,2
0,1,1,1,0,1,1,0,1,1,1,0,0,0,1,0,1,1,1,2,2,2,2,1,0,0,0,1,1,1
0,1,1,1,0,0,2,2,1,0,2,1,0,1,1,1,0,0,0,2,0,2,2,2,0,0,0,1,1,2
0,1,2,1,0,1,1,1,0,1,2,0,0,2,2,0,0,0,1,0,2,2,0,2,1,2,0,1,1,1
0,1,2,1,0,0,2,0,1,0,1,1,1,0,2,0,0,0,1,2,0,2,2,0,0,1,0,1,0,1
0,1,2,1,1,0,2,1,1,2,2,0,1,2,0,1,0,1,1,2,2,2,2,0,1,2,0,1,1,0
0,1,2,1,1,1,1,1,1,1,1,1,1,2,0,2,0,2,1,0,0,2,2,0,1,2,0,1,1,1
0,2,2,0,1,0,2,1,1,2,1,1,1,1,2,1,1,1,1,0,0,1,2,1,1,0,0,1,0,0
0,1,2,1,0,1,1,0,0,1,1,1,0,2,0,0,0,1,1,2,0,2,2,2,0,1,0,0,1,0
0,2,2,1,1,0,2,0,0,1,2,2,0,2,2,0,1,0,0,1,0,2,0,1,1,1,0,1,1,1
0,2,1,0,1,0,1,0,1,1,2,1,1,1,1,0,1,0,1,0,0,1,2,0,1,2,0,0,1,1
0,1,2,1,1,0,2,2,0,0,2,1,0,2,2,0,0,0,0,2,0,0,2,1,0,1,0,1,0,2
0,1,2,1,0,0,1,0,1,0,2,0,1,1,0,1,0,1,1,0,2,2,0,0,0,1,0,0,0,0
0,1,2,1,1,0,2,0,1,1,1,0,0,0,0,0,1,0,0,1,2,1,0,1,1,0,0,1,0,2
0,2,0,1,1,1,1,2,0,0,1,1,1,0,0,1,1,1,0,1,1,2,1,1,1,1,0,0,1,0
0,2,2,1,1,0,1,2,0,1,2,2,0,0,0,0,1,0,1,2,2,2,2,0,1,0,0,1,1,0
0,2,2,0,1,0,0,0,1,0,2,2,1,1,0,1,0,1,0,2,2,1,2,0,1,1,0,1,0,2
0,2,2,1,0,1,2,0,0,0,2,2,1,2,1,0,0,1,1,1,2,2,2,2,0,1,0,1,1,1
0,1,2,0,1,1,1,0,0,1,1,0,0,1,0,0,1,2,1,1,1,1,0,1,1,0,0,1,0,2
0,1,1,1,1,0,2,2,0,2,0,0,0,2,2,0,0,0,0,1,1,2,1,1,0,0,0,1,0,1
0,1,2,1,1,1,1,0,1,1,2,1,0,1,2,1,0,1,1,0,2,2,0,1,0,1,0,1,1,1
0,1,2,0,1,0,2,0,1,1,1,2,1,1,0,0,1,0,0,0,0,1,0,1,1,2,0,1,1,0
0,2,2,1,0,1,0,0,0,1,1,2,1,2,2,2,1,1,1,0,0,2,2,1,0,1,0,1,1,1
0,2,2,0,1,1,0,2,0,1,2,2,1,0,2,0,1,0,0,0,2,1,0,1,1,2,0,0,1,2
0,0,2,1,1,1,0,0,0,1,2,2,1,2,1,0,0,0,1,0,0,0,0,0,1,1,0,1,0,1
0,1,1,1,0,1,1,2,0,1,1,1,1,0,2,2,1,1,1,0,2,2,2,1,0,0,0,1,1,1
0,2,2,1,1,1,0,0,1,0,1,2,0,2,0,1,1,1,1,2,0,2,2,1,1,1,0,1,1,2
0,1,2,0,1,1,1,2,1,2,1,0,0,0,2,0,1,0,0,0,1,1,0,1,1,0,0,1,0,1
0,0,1,1,1,0,2,2,1,0,1,2,0,2,0,0,1,1,0,1,0,2,1,1,1,1,0,1,1,2
0,2,2,1,0,1,1,1,1,2,2,1,0,1,2,0,1,1,1,0,2,0,2,2,1,1,0,1,1,1
0,1,2,1,1,0,0,2,0,0,0,0,1,2,0,2,1,0,1,0,2,2,2,2,1,1,0,1,1,0
0,1,2,1,1,0,1,0,0,0,1,0,1,2,0,0,0,1,0,0,0,2,2,2,1,1,0,1,1,1
0,2,2,1,1,1,2,0,1,1,2,0,1,0,0,0,1,1,1,0,2,1,2,1,0,0,0,1,0,1
0,2,2,1,1,1,1,0,0,2,1,2,0,2,0,0,0,1,0,2,0,2,2,2,1,1,1,0,1,0
0,1,2,1,1,0,1,2,0,0,0,0,0,0,0,1,1,1,1,0,0,2,1,1,1,1,0,1,0,1
0,1,2,1,0,1,2,0,0,1,1,0,0,2,1,0,1,0,0,2,2,0,2,0,1,2,0,1,1,1
0,2,2,1,1,0,0,2,1,0,2,1,1,2,2,0,0,0,1,2,2,2,0,1,0,2,0,1,1,1
0,1,1,0,1,1,1,0,1,0,2,0,1,0,2,1,1,1,1,0,0,1,1,1,1,2,0,1,0,0
0,1,1,1,1,1,1,2,1,1,0,0,1,2,1,0,1,2,1,2,1,2,2,1,1,1,0,1,1,0
0,1,1,1,0,1,0,2,0,0,0,0,1,2,1,0,0,0,0,2,2,1,2,1,0,2,0,1,0,2
0,1,2,1,0,0,1,2,1,0,1,2,1,1,2,0,0,2,0,1,0,2,0,2,0,0,0,1,1,1
0,1,0,0,0,0,0,0,0,1,0,2,0,2,2,0,1,1,1,2,2,1,2,1,0,1,0,1,0,2
0,1,1,0,1,0,1,0,1,0,1,0,1,2,0,1,1,1,1,2,2,1,2,1,1,1,0,1,0,0
0,1,1,1,1,0,0,2,1,1,0,0,1,2,0,1,0,1,1,2,2,2,2,1,0,0,0,0,1,2
0,1,2,1,0,0,0,0,1,0,0,2,0,1,2,0,1,1,1,2,2,2,0,1,0,0,0,1,1,2
0,1,2,1,1,0,2,2,0,2,2,0,0,2,0,0,0,0,0,1,2,2,0,2,1,0,0,0,1,2
0,2,2,1,1,1,0,0,0,1,0,1,0,2,0,0,1,0,0,0,2,0,2,1,1,1,0,1,1,0
0,1,2,1,0,1,0,0,0,2,1,1,0,0,1,2,1,2,1,0,1,2,2,1,0,0,0,1,1,1
0,1,2,1,1,1,2,0,1,1,1,0,0,0,2,0,1,0,0,2,0,2,0,1,1,0,0,0,0,2
0,1,2,1,0,1,0,0,0,0,2,2,0,1,1,1,0,1,0,2,2,0,0,0,1,2,0,1,1,1
0,2,1,1,0,0,1,2,1,1,1,2,1,2,1,0,1,1,1,0,0,2,0,1,0,2,0,1,1,2
0,2,0,0,1,1,2,2,1,0,2,0,0,2,1,1,0,0,0,2,0,0,2,2,0,2,0,1,0,0
0,1,0,1,0,1,0,0,0,2,2,0,1,0,0,1,1,1,1,0,1,2,1,1,1,1,0,1,1,1
0,1,2,1,1,0,0,2,0,1,2,1,0,2,1,1,0,2,1,2,2,2,2,2,1,2,0,1,1,0
0,2,2,1,1,0,2,0,0,2,1,2,1,2,1,0,1,0,1,0,2,2,2,1,0,1,0,1,1,1
0,2,2,1,0,0,1,0,0,0,1,2,1,2,2,2,1,2,1,0,0,2,0,1,0,2,0,1,1,2
0,0,2,1,1,1,0,0,0,1,1,2,0,2,2,0,0,0,0,2,0,2,2,2,1,2,0,1,1,1
0,2,2,0,0,1,2,2,1,0,1,2,0,2,1,1,0,1,0,2,2,1,2,1,1,0,0,1,0,2
0,1,1,1,0,1,1,0,1,0,1,1,0,2,2,0,1,1,1,0,0,2,2,0,1,2,0,1,1,1
0,1,2,1,1,0,2,0,0,2,2,1,0,2,2,2,0,2,1,0,0,2,2,0,0,2,0,1,1,2
0,1,0,1,1,0,2,2,1,0,1,0,1,0,0,1,0,1,0,0,1,2,2,0,1,0,0,1,1,0
0,1,2,1,0,0,0,2,0,2,2,1,1,2,1,0,1,1,1,2,0,2,2,1,0,0,0,1,0,2
0,1,2,1,0,0,1,0,0,0,0,2,0,1,2,2,1,2,1,1,0,2,0,0,1,0,0,1,0,0
0,2,2,1,0,1,0,0,1,1,2,0,1,2,2,0,0,0,1,0,2,2,0,2,1,1,0,0,0,1
0,2,0,1,1,1,2,0,0,2,0,0,0,0,0,0,1,1,0,1,2,2,2,1,0,1,0,1,1,0
0,2,2,1,1,0,0,2,0,1,2,2,1,2,2,0,0,1,0,1,0,2,1,2,0,1,0,1,1,1
0,1,2,1,0,0,1,2,0,1,1,1,0,2,1,2,0,1,1,0,2,0,2,1,0,2,0,1,0,1
0,1,2,1,1,0,2,0,0,1,2,1,0,2,0,0,1,0,0,0,2,2,2,2,1,2,0,1,1,2
0,2,2,1,0,1,2,2,1,1,0,2,1,2,0,1,0,0,1,2,0,2,2,2,0,0,0,1,1,0
0,1,1,1,1,0,1,0,0,0,1,1,1,2,1,0,0,0,1,2,2,2,2,1,0,1,0,1,1,0
0,1,2,0,1,0,2,0,1,0,2,2,1,1,0,0,0,1,0,2,1,0,0,0,1,2,0,1,0,1
0,1,1,1,0,0,2,2,1,1,2,0,0,2,1,1,1,1,1,2,0,2,2,1,0,0,0,1,1,0
0,2,1,1,1,1,0,2,1,1,0,2,1,2,2,1,0,2,0,1,0,0,0,2,0,0,0,1,0,1
0,1,2,1,0,1,1,0,1,2,2,2,1,0,1,2,1,2,1,0,1,2,0,1,0,0,0,1,1,2
0,1,2,1,1,0,1,2,0,0,1,0,1,1,0,0,1,1,1,1,2,1,0,0,1,0,0,1,0,1
0,1,0,1,1,1,2,0,1,1,0,0,0,1,0,0,1,1,1,0,2,2,0,1,0,1,0,1,1,0
0,1,2,1,1,0,1,0,1,0,1,2,1,0,0,0,1,0,0,2,0,2,2,1,0,1,0,1,1,0
0,1,2,1,1,0,2,2,1,1,0,0,1,1,2,1,0,2,1,1,2,2,1,0,0,0,0,0,0,2
0,1,1,1,1,0,0,0,1,0,2,1,1,1,2,1,0,2,0,2,2,1,0,0,0,2,0,1,0,0
0,2,2,1,0,0,0,2,0,1,2,0,0,2,2,1,0,0,1,0,2,2,2,2,1,2,0,1,1,2
0,1,0,0,0,0,2,0,0,1,0,2,1,2,0,0,1,1,1,1,0,0,1,1,0,0,0,1,0,1
0,1,2,1,1,1,0,0,0,0,2,0,1,2,2,0,0,0,0,2,2,2,1,0,0,0,0,1,1,1
0,2,2,1,0,0,0,0,1,0,2,2,0,2,2,0,0,0,0,0,2,2,2,2,1,0,0,1,1,2
0,1,2,1,1,1,1,0,0,1,2,0,0,2,0,0,1,0,1,2,2,2,2,0,1,2,0,1,0,0
0,1,1,1,1,1,1,2,1,1,0,1,1,0,0,2,0,2,1,0,1,2,2,0,1,0,0,1,1,1
0,0,2,0,1,0,0,0,1,1,0,1,1,0,1,0,1,1,0,1,2,1,1,2,0,2,0,1,0,1
0,2,2,1,1,1,0,2,0,0,2,1,0,2,2,1,0,0,1,1,2,2,0,2,0,2,0,1,1,1
0,2,2,1,1,1,0,0,0,1,1,0,0,0,1,1,1,2,0,2,1,2,2,1,0,1,0,1,0,2
0,1,2,0,1,0,0,0,1,1,2,2,1,1,0,0,0,0,1,1,0,2,0,0,1,2,0,1,1,1
0,2,1,1,1,1,2,0,0,0,2,1,0,1,1,0,0,1,0,0,1,1,2,2,0,2,0,1,0,1
0,2,0,1,1,0,1,0,0,0,0,2,1,1,1,1,0,1,1,0,0,2,2,0,0,0,0,1,1,2
0,1,2,0,0,0,1,0,0,0,0,1,0,2,1,1,0,1,1,2,0,1,2,1,1,0,0,1,1,2
0,1,1,1,1,1,1,0,0,1,1,1,1,2,0,1,0,1,0,2,0,2,2,1,0,2,0,1,1,1
0,1,2,1,1,1,2,1,0,1,1,1,1,2,0,0,1,0,1,0,0,2,2,1,0,2,0,1,0,1
0,1,2,1,0,1,0,0,0,2,2,2,1,0,0,1,0,2,1,2,0,2,1,0,0,0,0,1,1,2
0,1,2,1,0,0,2,2,1,0,2,1,0,2,1,1,0,2,1,2,1,2,2,0,0,0,0,1,1,0
0,1,2,1,0,0,2,2,1,1,2,1,0,2,1,0,1,0,0,2,2,2,2,1,1,0,0,1,1,1
0,2,2,1,0,0,0,2,1,0,0,2,0,2,1,0,0,0,0,2,0,2,1,0,0,2,0,0,1,2
0,2,0,1,0,0,2,2,1,1,2,1,0,0,2,0,1,1,1,1,2,2,2,1,0,2,0,1,1,1
0,1,2,1,0,0,1,0,0,1,0,0,1,2,1,1,1,0,1,2,1,2,2,2,1,1,0,1,1,1
0,1,2,1,0,1,1,0,1,2,1,0,1,0,1,2,1,2,1,0,0,2,2,0,1,2,0,1,1,1
0,1,2,1,0,0,1,0,0,0,2,1,1,2,0,0,1,1,1,1,2,2,2,0,1,0,0,1,1,1
0,2,2,0,1,1,2,0,0,2,2,0,1,0,1,0,0,2,0,1,2,2,2,2,0,2,0,1,1,2
0,2,0,1,1,1,0,2,1,1,2,1,0,2,1,1,1,1,1,0,1,2,2,1,0,0,0,1,1,0
0,1,0,0,1,0,0,2,0,0,0,0,1,2,0,1,1,1,1,2,0,1,2,1,1,0,0,1,0,2
0,2,2,1,1,0,1,0,1,0,1,0,1,0,2,0,0,0,1,1,0,2,2,1,0,2,0,1,0,1
0,2,2,1,1,1,0,0,0,1,1,0,0,0,2,0,0,0,1,0,2,2,1,0,1,1,0,1,1,1
0,1,2,1,1,1,2,2,0,2,1,1,1,1,0,2,1,2,0,1,2,2,0,1,1,1,0,1,0,1
0,2,2,1,1,0,2,0,0,2,0,2,0,2,1,0,0,2,0,1,2,0,1,2,1,2,0,1,1,2
0,1,2,0,0,1,1,0,1,0,1,0,0,0,2,0,1,1,0,0,2,1,2,0,1,1,0,1,0,0
0,0,2,1,0,1,2,0,0,0,1,1,0,0,2,1,0,1,1,0,0,2,1,0,0,1,0,1,1,1
0,1,1,0,0,0,0,0,1,1,1,1,1,1,1,1,0,1,1,2,0,1,2,1,1,2,0,1,0,2
0,1,2,1,0,0,1,2,1,0,0,1,0,1,1,1,1,1,1,2,0,2,0,1,1,2,0,1,1,0
0,2,0,1,1,1,2,2,1,0,1,0,0,0,2,1,0,1,1,1,1,2,0,1,0,2,0,1,1,2
0,1,2,1,0,1,1,0,0,1,1,2,1,0,2,2,1,2,1,0,0,2,2,0,1,2,0,1,1,2
0,1,2,1,1,1,1,2,1,1,1,1,0,1,2,0,0,0,0,0,0,2,0,0,1,2,0,1,1,2
0,2,2,0,1,1,2,2,0,2,0,2,1,0,1,1,1,2,1,0,2,1,2,0,1,1,0,0,1,0
0,1,1,1,1,0,1,2,1,0,2,0,0,2,1,1,0,1,0,0,0,2,2,0,1,2,0,1,1,2
0,1,2,0,0,1,1,2,1,0,1,0,0,2,2,0,1,0,0,2,0,0,2,1,0,1,0,1,1,1
0,2,2,1,0,0,2,0,1,0,1,0,1,0,2,0,1,1,1,0,0,2,0,1,0,0,1,0,0,2
0,2,1,1,1,1,0,0,0,2,1,1,0,2,1,0,0,1,1,1,0,2,2,2,0,1,1,0,1,0
0,2,2,0,1,0,2,2,1,1,1,2,0,2,2,0,0,0,1,0,0,1,1,0,1,2,0,1,0,1
1,0,1,1,0,1,1,0,0,2,1,2,0,2,0,2,1,2,1,0,0,2,2,2,1,0,0,1,1,0
0,1,2,1,1,0,2,0,1,1,1,2,0,0,0,0,1,0,0,0,2,0,2,1,1,1,0,1,0,0
0,1,1,1,1,1,1,2,1,0,0,0,1,2,2,0,1,1,1,1,1,2,2,1,1,0,0,1,0,2
0,2,2,1,1,0,0,0,1,1,1,2,1,2,2,1,0,1,1,0,1,2,0,0,0,2,0,1,1,2
0,2,2,1,0,1,0,0,1,0,1,0,0,0,2,1,0,2,1,2,0,2,2,0,0,0,0,1,1,1
0,2,0,1,1,0,0,2,1,1,2,0,0,0,1,0,0,1,0,2,0,2,2,0,0,2,0,1,1,2
0,1,0,1,0,1,0,0,0,2,0,0,0,1,1,1,0,1,1,2,0,2,0,0,0,2,0,1,1,0
0,2,2,1,1,0,2,2,0,2,2,1,1,0,1,0,1,0,0,0,0,0,2,1,0,0,0,1,1,2
0,1,2,1,0,0,2,2,1,1,2,0,1,2,2,0,1,1,1,1,2,2,2,1,0,1,0,1,1,1
0,1,2,1,1,0,0,1,0,2,2,2,1,2,0,1,1,1,1,2,1,1,2,1,1,1,0,1,0,0
0,2,2,1,1,1,2,0,1,2,2,2,1,2,1,1,0,1,1,0,2,2,2,0,0,0,0,1,1,0
0,1,2,1,1,0,2,0,0,2,1,2,0,1,0,0,0,1,0,0,1,2,0,0,0,2,0,1,1,2
0,0,2,1,1,1,2,1,0,1,1,1,0,2,1,1,0,2,1,0,0,2,1,2,1,0,0,1,1,1
0,1,0,1,0,0,1,2,1,1,0,0,0,2,1,1,0,1,0,2,0,2,2,1,0,0,0,1,1,2
0,2,2,1,1,1,2,0,1,1,1,0,0,0,1,0,1,2,1,0,0,2,2,1,1,1,0,1,1,2
0,1,2,0,1,1,1,0,1,0,0,1,1,2,0,1,1,1,1,1,2,1,2,1,1,1,0,1,0,2
0,0,0,1,0,1,2,0,0,0,1,1,1,0,1,2,1,2,1,0,1,2,2,0,1,2,0,1,1,0
0,1,2,1,1,0,0,0,1,2,2,1,1,2,0,1,1,1,1,0,2,2,2,1,1,1,0,1,1,0
0,1,2,1,1,1,1,2,0,1,1,0,1,0,0,1,0,1,0,2,1,2,2,1,0,2,0,1,1,0
0,2,2,1,0,1,0,0,0,1,2,0,1,0,2,1,0,1,1,0,0,2,2,0,0,1,0,1,1,0
0,1,1,1,1,0,1,2,0,0,0,1,0,0,2,0,1,1,1,2,1,2,2,1,0,2,0,1,1,2
0,2,2,1,1,1,2,0,0,1,1,1,0,2,2,0,0,2,0,2,0,2,1,2,1,2,0,1,1,0
0,2,2,1,1,0,0,2,1,1,1,0,0,1,2,1,0,1,1,0,0,2,2,0,0,2,0,1,1,1
0,1,2,1,1,0,0,0,0,2,1,0,1,2,0,0,0,1,1,2,0,2,2,1,0,2,0,1,1,0
0,0,2,1,0,1,2,0,1,0,2,2,1,2,0,1,1,1,1,0,2,2,2,1,1,1,0,1,1,1
0,2,2,1,1,0,2,0,0,2,2,2,0,2,2,0,0,1,1,0,2,2,0,0,0,2,0,0,1,0
0,0,2,1,1,0,1,0,1,2,2,2,1,2,0,0,0,0,0,0,2,2,0,2,0,1,0,1,1,2
0,0,0,1,1,0,0,0,1,1,1,2,0,2,0,0,0,2,1,0,2,1,2,2,1,1,0,1,0,2
0,2,2,1,1,1,0,2,1,1,1,0,1,2,1,1,0,2,1,2,0,2,2,0,0,0,0,1,0,1
0,2,2,1,1,1,2,0,1,2,1,0,1,1,0,0,1,0,1,2,2,0,2,1,0,1,0,1,0,1
0,0,1,1,1,0,0,2,1,1,1,0,1,2,1,0,0,1,0,2,2,2,0,1,0,1,0,1,1,1
0,1,2,1,1,0,0,0,0,2,1,0,0,1,0,1,0,2,1,0,0,2,0,0,0,0,0,1,1,2
0,2,1,1,1,0,0,0,0,1,0,1,0,2,2,1,0,1,1,2,1,0,0,0,0,1,0,1,0,1
0,1,2,1,1,0,2,0,1,0,1,2,0,1,2,0,0,1,1,1,0,2,0,2,1,2,0,1,1,2
0,1,2,0,0,1,0,2,1,0,1,1,1,2,2,1,0,1,0,0,2,1,2,1,1,2,0,0,1,0
0,2,2,1,0,1,2,1,0,2,2,0,1,0,2,0,1,1,1,2,2,2,2,1,0,1,0,1,1,1
0,1,1,1,0,1,1,0,0,1,0,1,0,1,2,0,0,1,0,1,1,2,0,0,1,1,0,1,1,0
0,0,2,1,1,1,2,0,0,0,2,2,0,1,2,1,0,2,1,2,2,2,2,0,1,1,0,1,1,0
0,2,2,1,1,0,0,2,0,1,2,0,0,2,1,0,0,1,0,2,2,2,2,2,0,0,0,1,1,2
0,2,2,1,0,0,0,2,0,2,1,2,0,0,2,2,1,1,0,0,0,2,2,1,1,0,0,1,1,2
0,2,0,0,0,1,2,0,0,0,1,0,0,2,2,1,0,0,0,2,2,1,2,2,0,1,1,0,1,0
0,2,2,1,1,1,2,0,1,2,1,2,1,2,1,0,0,0,0,2,0,2,2,1,0,2,0,1,1,0
0,2,2,1,0,0,1,0,0,1,2,1,0,2,1,0,1,1,1,2,0,1,1,2,0,1,0,1,0,1
0,1,2,1,1,0,1,1,0,0,1,2,1,0,0,1,1,1,0,0,0,2,2,1,1,1,0,1,1,1
0,1,2,1,1,0,2,2,1,2,2,1,0,2,0,0,0,0,0,2,2,2,2,0,0,1,0,1,1,1
0,1,2,1,1,0,2,2,1,0,0,1,1,2,0,0,0,1,0,0,1,2,2,2,1,1,0,1,0,2
0,1,2,1,0,1,0,0,1,1,1,0,0,2,2,0,0,0,1,1,1,0,0,2,1,2,1,0,0,1
0,2,0,1,1,0,1,0,0,1,0,0,1,2,2,1,0,1,1,0,0,2,0,0,0,2,0,1,1,2
0,0,2,1,1,0,0,0,1,1,2,2,0,2,2,0,0,0,1,0,0,2,2,2,1,0,0,1,0,1
0,1,0,1,1,1,1,0,1,2,2,0,1,0,0,1,0,1,0,2,1,2,2,0,0,0,0,1,1,2
0,1,2,1,1,1,2,0,1,1,1,1,0,0,0,0,1,1,0,0,0,2,0,1,0,1,0,1,1,2
0,0,2,1,1,0,2,1,1,0,2,1,1,2,0,0,0,0,1,1,2,2,2,1,0,1,0,1,1,2
0,2,0,1,1,1,2,0,0,2,0,0,1,2,1,1,1,0,0,2,2,2,2,2,0,1,1,0,1,0
0,2,1,1,1,0,2,0,0,1,0,1,0,2,2,0,1,2,0,0,1,2,0,1,0,1,0,1,1,1
0,2,2,1,0,1,0,2,1,0,0,2,1,2,2,1,1,1,1,1,0,2,0,1,1,2,0,1,1,0
0,2,2,1,1,1,0,0,1,2,2,2,1,2,2,1,0,2,1,1,2,2,1,0,1,0,0,1,1,2
0,1,2,1,1,0,2,0,1,1,1,0,0,0,0,0,1,0,0,0,1,2,2,1,1,2,1,1,1,0
0,1,2,1,0,0,1,0,0,2,0,0,0,2,2,0,1,2,1,2,2,2,0,1,0,1,0,1,1,1
0,1,0,1,1,0,1,2,0,1,2,0,1,2,0,0,0,0,0,0,0,2,2,2,0,1,0,1,1,2
0,1,2,0,1,0,2,0,1,1,1,0,1,0,0,0,1,0,0,2,0,1,2,1,1,2,0,1,0,0
0,2,0,1,1,0,1,0,1,2,2,2,1,1,2,0,0,0,0,1,1,2,2,1,0,0,0,1,1,2
0,1,2,1,0,1,2,0,0,1,1,0,0,0,1,2,1,2,0,0,0,2,2,0,1,2,0,0,1,2
0,1,2,1,1,1,0,0,0,1,2,0,0,2,0,1,1,1,1,2,2,2,2,1,0,0,0,0,0,0
0,1,2,1,1,0,2,0,0,2,0,0,0,2,0,0,0,1,1,2,2,2,2,2,0,2,0,1,1,2
0,1,2,1,1,1,1,0,0,1,0,1,0,2,0,1,0,0,1,1,0,2,2,2,1,1,0,1,1,0
0,2,2,1,1,0,2,0,0,1,2,2,0,2,0,0,0,1,1,0,2,2,2,0,0,1,0,0,1,0
0,1,1,1,0,1,1,0,0,2,2,2,0,2,1,2,1,0,1,0,0,2,2,2,0,1,0,1,1,1
0,0,2,0,1,0,0,0,0,0,0,2,1,2,2,1,1,1,1,1,0,1,1,1,1,1,0,1,0,0
0,2,0,1,0,0,1,0,0,0,0,1,0,1,2,1,0,0,0,0,0,2,2,0,0,1,0,1,1,2
0,1,2,1,0,1,1,0,1,2,1,0,0,1,0,0,1,2,1,2,0,2,0,2,1,1,0,1,1,2
0,2,1,1,1,1,0,0,0,1,1,1,0,2,1,0,1,0,0,0,0,2,2,1,1,2,0,1,1,1
0,1,2,1,1,1,2,1,0,1,0,1,0,0,2,0,1,0,0,1,2,2,1,1,1,1,0,1,1,0
0,0,2,1,0,0,1,2,1,1,1,2,1,1,1,0,1,0,0,2,2,0,2,0,0,1,0,0,0,1
0,1,2,1,1,1,0,2,0,1,0,2,0,1,0,0,0,0,1,2,2,2,0,2,1,1,0,0,0,2
0,1,2,1,1,1,1,2,1,1,1,2,1,2,0,2,0,2,1,2,0,2,0,0,0,2,0,1,1,1
0,2,2,1,0,0,2,0,1,0,2,2,0,2,1,0,1,1,0,0,2,0,2,2,1,2,0,1,0,0
0,1,0,1,1,1,1,0,0,2,0,0,0,1,2,1,0,1,0,1,0,2,1,0,1,0,0,1,1,0
0,1,2,1,0,1,2,0,0,0,2,0,1,2,2,0,0,0,1,2,2,2,2,1,0,2,0,1,1,2
0,2,2,0,0,0,0,2,0,2,2,1,0,0,2,0,0,0,0,1,2,1,2,2,0,2,0,1,0,0
0,2,0,1,0,0,1,0,0,1,0,0,1,0,2,0,0,0,1,0,1,0,2,0,1,2,0,1,0,0
0,1,2,1,1,0,0,2,1,1,2,1,1,2,1,1,0,2,1,1,2,2,2,2,0,2,0,1,0,0
0,1,0,0,1,1,1,0,1,0,0,0,1,2,0,0,0,1,1,1,2,1,2,2,0,0,0,1,0,2
0,1,2,1,1,1,1,0,1,1,1,2,1,0,2,0,1,0,0,1,0,2,1,1,1,1,0,1,1,2
0,1,2,1,1,0,2,0,1,2,2,0,0,2,2,0,0,0,1,0,2,2,2,0,0,1,0,1,1,2
0,1,1,1,0,1,2,0,0,2,1,0,0,0,1,0,0,1,1,2,0,2,2,1,0,1,0,0,0,0
0,2,0,1,1,1,0,0,0,1,1,0,1,2,1,1,0,0,1,2,1,2,2,2,1,2,0,1,1,1
0,1,2,1,1,1,1,2,0,0,2,0,1,0,0,0,1,1,1,2,2,2,2,1,0,2,0,1,1,0
0,1,2,1,1,0,1,2,1,1,2,1,1,1,2,2,1,2,1,0,2,2,0,0,1,1,0,1,1,2
0,2,1,1,1,0,0,0,1,2,1,1,1,2,2,0,0,2,0,2,0,2,0,1,0,2,0,1,1,0
0,1,1,1,1,0,1,0,0,2,0,2,0,2,0,2,1,2,1,0,1,2,2,0,0,0,0,0,0,2
0,1,2,1,0,1,0,0,1,0,2,1,0,1,1,0,0,0,0,0,0,2,0,0,0,2,0,1,0,2
0,1,1,1,1,0,1,2,0,1,2,0,1,2,0,1,0,0,0,0,0,2,2,2,1,1,0,1,1,1
0,1,0,1,1,0,0,0,0,1,2,1,1,2,0,2,0,0,0,0,0,2,2,2,1,1,0,1,1,0
0,1,1,1,1,1,2,0,1,1,1,1,1,2,2,1,1,1,1,2,0,2,2,1,0,1,0,0,0,0
0,2,2,1,1,0,0,2,0,1,2,2,0,0,1,1,1,1,1,1,2,2,2,1,1,1,0,1,1,0
0,2,2,1,1,0,1,0,1,2,2,2,1,2,2,1,1,1,1,0,2,2,1,1,1,2,0,0,0,0
0,2,1,1,1,1,1,0,0,1,1,0,0,2,2,0,0,2,0,0,2,2,1,2,1,1,0,1,1,0
0,2,2,1,1,1,0,2,1,1,0,2,0,1,1,0,0,1,1,2,2,2,2,0,0,0,0,1,1,2
0,1,2,1,0,0,2,2,1,0,2,0,0,2,2,0,1,0,0,2,2,2,2,1,0,1,0,1,1,2
0,2,2,1,0,1,1,0,0,0,2,0,1,0,2,0,1,0,1,0,2,2,2,0,1,2,0,1,1,2
0,2,2,0,1,0,0,0,1,0,1,0,1,0,1,0,0,0,1,1,1,1,2,1,0,2,0,1,0,1
0,2,2,1,1,1,2,0,0,2,0,0,0,1,1,0,0,2,1,2,0,2,2,1,0,0,0,1,1,2
0,1,2,1,0,0,2,2,0,1,2,1,0,0,2,0,1,0,0,0,2,2,1,1,1,2,0,1,0,1
0,1,2,1,0,0,0,2,1,0,2,1,0,1,2,2,1,2,0,2,2,2,0,0,0,1,0,1,1,0
0,1,2,1,1,0,1,2,0,1,0,0,0,0,0,2,0,2,1,1,1,1,0,0,0,1,0,1,0,2
0,1,2,1,1,0,2,2,1,1,2,1,0,2,0,0,1,0,0,2,1,2,2,1,1,0,0,1,1,0
0,1,2,1,0,0,1,2,1,1,0,0,0,0,2,1,0,2,0,1,2,1,0,0,0,2,0,1,0,1
0,1,2,1,1,0,2,2,1,1,1,0,0,2,0,1,0,1,1,2,0,2,2,0,0,1,0,1,1,1
0,0,1,1,0,1,0,0,0,1,2,2,1,2,0,0,0,0,1,0,0,2,1,2,1,2,0,1,1,0
0,0,1,1,1,0,1,2,0,0,2,1,1,2,1,1,0,0,1,2,0,2,2,2,0,1,0,1,1,1
0,1,2,1,1,0,2,0,1,2,2,0,1,1,0,1,0,1,1,2,1,2,2,0,1,1,0,1,1,1
0,1,0,1,1,0,2,0,1,0,0,0,0,1,0,1,1,1,0,2,2,2,2,1,1,0,1,0,0,0
0,1,2,1,0,0,1,0,0,0,0,1,1,2,2,0,0,0,1,0,0,2,2,1,0,0,0,1,1,1
0,2,2,1,0,1,2,0,0,0,2,2,1,2,2,1,0,0,0,2,2,0,2,0,0,1,0,1,0,1
0,2,0,1,0,1,0,0,1,1,0,2,1,2,2,1,1,1,1,2,0,2,0,1,1,0,0,1,1,0
0,0,2,1,0,0,0,0,0,0,2,2,0,2,1,0,1,1,0,1,0,2,2,1,1,0,0,1,1,1
0,2,0,1,1,1,0,0,1,0,0,2,1,1,1,2,1,1,0,0,2,2,2,1,1,1,0,1,1,2
0,2,2,1,1,0,2,0,0,2,2,2,0,1,1,1,0,2,1,2,0,2,2,0,1,1,0,1,1,0
0,2,2,1,0,1,2,0,0,2,0,1,1,2,0,1,1,1,1,0,0,1,0,1,1,2,0,1,0,1
0,1,2,0,0,1,2,2,0,1,2,0,1,0,2,0,1,0,0,2,1,1,2,1,1,1,0,1,0,2
0,2,2,1,0,0,1,2,0,0,2,2,0,1,1,0,0,0,0,2,2,0,2,0,0,2,0,1,0,2
0,1,2,0,0,1,1,0,0,1,0,0,1,2,2,1,1,1,1,0,0,1,2,1,1,1,0,1,0,2
0,1,0,1,1,0,0,0,0,1,1,2,1,2,0,1,0,2,1,2,1,2,2,2,1,1,0,1,1,1
1,2,0,1,0,0,1,0,1,2,2,1,0,0,2,0,0,0,0,1,2,2,2,0,0,1,0,1,0,1
0,2,2,1,1,1,1,0,0,0,1,2,1,1,0,1,0,1,0,0,0,2,2,0,0,0,0,1,1,0
0,1,2,1,1,0,0,1,0,1,1,2,1,2,0,1,0,0,1,2,1,2,2,2,1,2,0,1,1,1
0,1,0,0,1,0,1,0,1,0,1,0,1,2,0,1,0,0,1,0,1,1,2,2,0,1,0,1,0,1
0,1,2,0,1,0,2,2,1,1,0,0,0,1,0,1,1,1,1,0,0,1,0,0,0,2,0,1,0,2
0,2,2,1,0,1,0,2,1,1,2,2,0,0,1,0,0,1,1,0,1,1,0,0,0,2,0,1,1,1
0,1,2,1,0,1,2,0,1,1,0,2,1,1,2,2,1,1,1,0,2,2,0,1,0,0,0,1,1,1
0,1,2,1,0,0,0,0,0,2,1,2,1,0,1,0,1,1,1,0,0,2,2,0,0,0,0,1,1,1
0,2,1,1,1,1,0,2,1,1,0,2,1,0,1,0,0,0,1,1,1,0,2,0,1,2,0,1,0,0
0,1,2,1,1,0,0,2,1,0,0,1,0,2,0,2,1,2,0,2,1,2,2,0,0,2,1,1,1,0
0,2,2,1,0,0,2,0,0,0,2,2,1,2,2,2,1,0,1,0,1,2,2,2,1,1,0,1,1,2
0,1,0,1,1,1,1,2,0,1,0,1,1,2,0,0,0,0,0,2,2,2,2,2,1,1,0,1,1,0
0,0,2,1,1,0,1,0,0,2,2,2,0,2,0,1,0,0,1,0,0,2,1,2,0,0,0,1,1,2
0,1,2,1,0,1,0,2,0,0,2,2,0,2,1,1,1,1,1,2,2,0,2,1,1,2,0,0,0,0
0,2,2,1,1,0,0,2,0,0,1,2,0,0,1,2,0,2,0,0,0,2,0,0,0,2,0,1,1,1
0,0,2,1,1,1,0,2,1,1,2,0,0,2,0,0,0,0,0,0,0,2,2,2,1,2,0,1,1,2
0,2,2,1,1,1,1,0,0,2,0,1,1,2,1,1,0,1,1,2,0,1,2,0,0,2,0,1,0,2
0,1,2,1,1,1,0,0,0,2,1,0,0,0,2,1,0,1,0,1,0,2,1,0,0,0,0,1,1,2
0,2,2,0,0,0,2,0,1,2,0,2,0,2,2,2,1,2,0,0,0,1,1,1,0,2,0,1,0,1
0,2,2,1,1,0,2,2,1,0,0,2,0,2,1,1,1,1,1,1,0,2,2,1,1,1,0,1,1,2
0,2,2,1,0,0,1,0,0,1,0,2,0,2,2,1,1,0,0,2,1,2,2,1,1,1,1,0,1,2
0,1,2,0,0,0,1,2,0,0,0,0,0,0,1,1,0,1,0,0,0,1,1,1,0,2,0,1,0,1
0,2,2,1,1,1,2,0,0,2,2,0,1,0,2,1,0,1,1,1,0,2,0,0,0,1,0,1,1,0
0,1,0,1,1,1,2,0,0,1,1,2,0,2,0,0,0,1,1,2,1,2,0,2,0,1,0,0,1,2
0,2,2,0,1,1,2,2,0,0,1,1,0,2,1,1,0,1,1,2,2,1,2,1,1,0,0,1,0,0
0,2,2,1,1,1,2,2,0,0,2,1,1,0,1,0,0,0,0,2,2,2,2,0,0,1,0,1,1,2
0,1,2,1,1,1,1,2,1,1,0,1,1,2,2,0,0,0,1,1,2,2,1,0,1,1,0,1,1,0
0,2,2,1,1,1,0,0,0,2,2,0,1,0,1,0,0,1,1,1,2,2,2,1,0,1,0,1,1,0
0,1,2,1,1,1,0,0,0,2,0,0,1,2,1,0,0,0,0,0,2,2,2,2,0,1,0,1,1,2
0,2,0,1,1,1,0,2,1,1,1,1,1,2,2,0,0,1,1,2,1,2,2,1,0,2,0,1,1,1
0,2,2,1,1,0,2,2,0,1,2,1,0,1,1,0,1,2,0,2,2,0,2,2,0,2,0,1,1,1
0,2,1,0,0,1,2,0,1,0,1,0,1,0,2,1,0,2,0,2,1,1,2,2,0,0,0,1,0,1
0,1,2,1,1,1,0,0,1,0,2,2,1,1,2,1,0,1,0,1,2,2,0,0,1,2,0,1,1,0
0,1,2,1,1,0,1,0,0,0,0,1,1,0,2,0,0,1,1,1,2,2,1,1,0,0,0,1,1,1
0,1,2,1,0,0,2,0,0,2,2,0,1,1,0,1,0,2,1,0,2,0,1,0,0,1,0,1,1,0
0,1,2,1,1,1,2,0,1,0,1,1,0,2,0,0,1,0,1,0,0,2,2,1,0,0,0,1,1,2
0,1,2,1,1,1,0,2,1,1,2,0,1,0,2,0,0,0,1,1,2,2,2,0,1,2,0,1,1,2
0,1,1,1,1,0,1,0,0,0,2,0,1,1,1,1,1,1,1,1,0,2,0,1,1,1,0,1,1,1
0,1,2,1,1,0,1,0,0,0,2,2,1,1,0,0,0,1,0,0,0,0,0,0,0,1,0,0,1,0
0,1,2,1,0,1,1,0,0,1,1,0,0,2,1,0,1,0,1,1,2,0,2,1,0,1,0,1,1,1
0,1,2,1,1,1,1,2,0,2,0,1,1,2,2,0,1,2,0,1,1,2,2,2,0,1,0,1,1,0
0,1,0,1,0,0,1,0,0,1,0,0,1,1,2,1,0,1,1,0,0,2,0,0,0,0,0,1,1,1
0,1,2,1,0,1,0,0,1,0,2,0,0,0,2,0,0,0,1,1,2,2,2,1,0,1,0,1,1,2
0,0,2,1,0,0,0,2,1,0,0,0,0,2,1,1,1,1,0,2,2,2,2,1,0,2,0,1,1,0
0,1,2,1,1,0,1,2,0,0,0,1,1,2,0,1,0,0,1,2,0,2,2,2,0,0,0,1,1,0
0,1,2,1,1,0,2,2,1,1,2,1,1,2,1,1,1,1,0,0,0,2,2,1,0,2,0,1,1,0
0,1,2,1,1,1,1,1,0,0,2,1,0,1,2,1,1,1,1,1,1,2,0,1,1,1,0,1,1,1
0,1,2,0,0,0,1,0,1,1,1,1,1,2,1,0,0,0,0,0,0,1,2,1,1,2,0,1,0,0
0,1,2,1,1,1,2,2,1,0,2,1,0,2,2,0,1,1,0,2,1,2,2,0,1,2,0,1,1,2
0,0,2,0,1,0,1,2,1,1,1,2,0,2,1,0,1,1,0,2,0,1,2,2,0,0,0,1,0,0
0,2,2,1,0,0,1,2,1,2,2,0,0,2,2,1,0,2,1,0,1,2,2,0,1,0,0,1,1,0
0,1,2,1,0,1,1,0,0,2,2,0,0,2,2,0,1,0,0,2,0,2,2,1,0,1,0,1,1,2
0,2,2,1,1,0,0,0,0,1,1,2,0,1,1,1,0,1,1,2,0,2,2,0,0,2,0,1,0,1
0,1,2,1,0,1,1,0,0,0,2,1,1,2,2,2,1,1,1,0,2,2,2,1,0,0,0,1,1,0
0,1,2,1,1,1,2,2,1,0,1,0,0,0,2,1,0,1,1,1,0,2,1,1,0,0,0,1,1,1
0,1,0,1,1,1,0,0,0,0,2,0,1,0,2,0,0,0,1,2,1,0,2,0,0,2,0,1,1,2
0,0,2,1,1,1,0,0,1,0,1,2,0,2,1,0,0,0,1,0,1,2,0,0,0,2,0,1,1,0
0,2,2,1,1,1,2,0,0,0,1,0,0,0,0,0,0,0,1,1,0,2,2,0,0,1,0,1,1,1
0,1,2,1,1,0,0,0,1,2,2,0,1,2,0,1,0,1,0,2,2,2,2,0,0,2,0,1,1,0
0,2,2,1,1,0,2,2,1,1,0,2,0,2,1,0,0,1,1,2,2,2,2,0,0,1,0,1,1,2
0,1,2,1,0,0,2,0,0,2,0,0,1,2,2,0,0,0,1,2,2,0,2,0,0,1,0,1,0,0
0,1,2,1,1,0,2,0,1,2,0,0,1,2,0,1,0,2,1,2,0,2,2,2,1,0,0,1,0,2
0,1,2,1,1,1,0,0,0,2,0,0,1,2,0,0,0,2,0,0,2,2,2,2,0,1,0,1,1,1
0,2,2,1,1,1,2,0,1,1,2,0,1,0,1,1,0,1,0,0,1,2,2,1,0,1,0,0,1,0
0,2,2,1,0,0,0,0,1,0,2,2,0,2,2,1,0,0,1,2,2,2,2,2,0,2,0,1,0,2
0,2,2,1,1,1,2,2,1,0,0,2,0,1,1,0,0,0,1,1,2,2,2,0,0,2,0,1,1,0
0,0,1,1,1,1,0,2,0,1,1,2,0,0,2,2,1,2,0,0,1,2,2,1,1,2,0,1,1,2
0,1,2,0,0,1,1,0,0,1,1,1,0,2,1,0,0,0,0,0,0,1,2,1,1,0,0,0,1,0
0,1,2,1,1,0,2,0,0,1,2,1,1,2,2,1,1,1,1,0,2,2,2,1,0,2,0,1,1,0
0,0,0,1,0,1,0,0,1,1,2,2,1,2,1,1,0,1,0,0,2,2,2,1,0,1,0,1,0,2
0,1,1,1,1,0,0,2,1,0,2,1,0,1,0,1,0,0,1,2,0,2,0,2,0,1,0,0,1,1
0,2,2,0,1,1,0,0,1,1,0,2,1,1,2,0,0,0,0,0,0,1,2,1,1,2,0,1,0,0
0,1,0,1,0,1,2,0,0,0,1,2,1,2,2,0,1,0,0,2,1,2,2,1,0,1,0,1,1,1
0,1,2,1,1,0,2,0,0,2,0,0,0,2,0,1,0,2,1,2,2,2,2,2,1,2,0,1,1,1
0,1,2,1,0,0,0,0,0,0,1,0,1,1,2,1,0,1,0,2,2,0,0,0,1,0,0,1,1,1
0,2,2,1,0,1,2,0,0,2,0,2,0,2,2,0,1,1,1,1,2,2,2,2,0,1,0,1,1,2
0,2,1,1,1,1,1,0,0,1,1,1,0,2,1,0,0,0,0,0,0,2,2,1,1,1,0,0,1,0
0,1,1,1,0,1,1,0,1,1,2,0,0,1,2,0,1,0,1,0,1,0,0,2,1,2,0,1,1,2
0,2,2,1,1,1,2,2,0,0,0,1,0,0,1,1,0,1,1,0,0,1,2,1,0,2,0,1,0,2
0,1,0,1,1,1,1,2,1,2,1,1,1,1,0,2,1,2,1,1,0,0,0,0,1,1,0,1,0,1
0,2,0,1,0,1,0,2,1,0,2,2,0,2,1,0,1,0,0,1,0,0,1,1,0,1,0,1,1,2
0,2,1,1,1,1,0,0,0,1,0,1,1,2,2,2,0,0,0,0,1,2,0,2,1,2,0,1,1,0
0,1,2,1,1,0,2,2,1,1,2,0,0,0,0,0,1,0,0,0,2,2,2,0,1,2,0,1,1,2
0,1,2,1,1,1,1,2,0,1,1,0,1,0,2,1,0,1,1,2,1,2,1,1,0,1,0,0,1,2
0,1,2,1,1,0,2,0,1,1,1,2,1,1,0,0,1,2,0,2,0,2,2,2,0,0,0,1,1,2
0,1,1,1,1,0,1,0,1,2,0,1,0,2,0,0,1,1,0,0,2,2,2,1,1,0,0,0,0,2
0,2,2,0,0,0,0,2,0,0,0,2,1,1,2,0,1,1,0,0,0,1,2,1,1,0,0,1,0,2
0,1,2,1,0,0,1,0,0,1,0,0,0,1,2,0,0,2,0,1,2,0,0,2,1,1,0,1,0,1
0,1,2,0,0,1,2,0,0,2,1,0,1,2,0,0,0,2,0,2,1,1,2,2,0,1,0,0,1,2
0,2,2,1,0,1,1,2,1,2,0,2,1,0,2,1,0,0,1,2,2,2,2,0,0,2,0,1,1,1
0,1,2,1,1,0,1,2,0,0,2,0,0,0,0,0,0,2,0,2,2,0,2,1,0,0,0,1,0,1
0,0,0,1,1,1,1,0,0,0,1,2,1,2,1,0,0,0,0,2,0,2,2,1,0,1,0,1,1,1
0,1,2,1,1,0,1,2,1,1,2,0,0,2,0,1,0,0,0,1,2,2,2,2,1,0,0,1,1,2
0,1,2,1,1,0,1,0,0,0,1,0,1,2,0,0,1,0,0,2,2,2,2,1,0,0,0,1,1,0
0,1,2,1,0,0,2,1,0,0,2,2,0,2,2,0,0,2,1,2,0,0,2,2,0,0,0,0,0,0
0,1,0,0,1,1,1,2,1,2,1,0,0,0,0,2,1,2,1,0,1,1,2,0,1,0,0,1,0,2
0,2,2,1,0,1,0,2,0,1,2,2,1,0,2,0,1,0,0,0,2,2,0,1,0,0,0,1,0,2
0,1,0,1,0,1,1,0,0,0,0,1,1,2,1,1,1,1,0,0,2,0,2,1,0,2,0,1,0,0
0,1,2,1,1,0,1,0,1,0,2,1,1,2,0,1,0,1,0,2,0,2,2,1,0,1,0,1,1,0
0,1,2,1,0,0,0,0,0,2,2,1,0,2,2,1,1,0,1,2,2,2,2,2,0,2,0,1,1,0
0,2,2,1,1,1,2,0,0,2,2,0,0,0,2,1,0,0,1,2,2,0,0,0,0,2,0,1,1,1
0,1,2,1,1,0,1,2,1,1,2,1,0,2,1,0,1,0,1,0,2,1,2,0,1,2,0,1,0,2
0,2,1,1,1,0,0,0,0,1,0,2,0,0,1,1,0,2,1,2,1,2,0,0,1,0,0,1,1,1
0,1,2,0,1,0,0,0,0,0,0,1,1,2,1,1,1,1,1,2,0,1,2,1,1,1,0,1,0,2
0,1,2,1,1,1,2,2,1,0,0,0,0,1,0,0,0,0,1,0,0,2,0,1,0,0,0,0,1,1
0,0,2,1,1,0,1,0,0,2,2,2,0,2,1,0,0,0,0,1,1,2,2,1,0,1,0,1,1,2
0,1,0,1,1,0,1,2,0,0,2,0,0,0,0,0,1,0,0,2,2,2,0,1,0,1,0,1,1,2
0,2,1,1,0,0,2,0,0,2,2,1,1,1,2,1,0,1,1,0,0,2,2,0,0,1,0,1,1,0
0,2,1,1,1,1,2,0,0,2,2,0,0,2,2,1,1,1,0,2,0,2,1,1,0,2,0,1,1,1
0,1,2,1,0,0,2,0,0,1,2,1,0,2,1,1,0,0,1,0,2,2,2,2,1,0,0,1,1,2
0,1,2,1,0,1,1,0,0,2,2,1,0,0,2,1,0,2,1,2,2,2,2,0,0,0,0,1,1,2
0,1,2,0,0,1,1,2,0,0,1,1,1,2,1,1,1,1,0,0,0,1,2,1,1,2,0,1,0,0
0,1,0,1,1,0,1,0,0,0,1,2,1,2,0,0,0,0,0,1,0,2,2,1,0,0,0,1,1,0
0,1,2,1,1,1,1,2,1,1,2,1,0,2,0,0,0,1,1,2,0,2,2,0,0,2,0,1,1,0
0,1,2,1,0,0,0,2,1,0,0,0,0,1,2,0,1,1,0,2,2,2,0,0,1,0,0,1,1,1
0,2,2,1,0,0,1,0,1,2,0,1,0,1,2,2,0,2,1,2,1,0,2,0,1,2,0,1,0,1
0,1,2,0,1,1,1,2,0,0,1,0,1,0,2,1,1,1,0,1,0,1,1,0,1,2,0,1,0,2
0,1,0,1,1,1,0,0,0,2,1,2,0,2,0,0,0,0,1,0,0,2,0,1,0,1,0,1,1,1
0,2,0,1,0,1,2,0,1,0,1,0,0,0,2,0,0,0,1,2,1,2,2,1,0,0,0,1,1,1
0,1,2,1,0,0,0,2,0,0,2,1,1,2,2,0,0,0,0,2,2,2,2,1,0,1,0,1,0,1
0,1,0,1,0,0,0,0,0,0,0,1,1,1,2,2,1,2,0,0,0,2,0,1,0,0,0,0,1,1
0,2,2,1,1,1,0,1,1,0,1,0,0,2,2,0,1,1,0,2,0,2,0,1,1,0,0,1,1,0
0,2,1,1,1,0,0,0,1,2,1,0,1,1,1,1,0,2,0,0,2,2,2,0,0,2,0,1,1,2
0,2,1,1,1,0,0,0,0,0,2,1,0,2,1,1,0,1,1,2,0,2,2,1,0,0,0,1,1,0
0,2,2,1,1,1,0,2,1,1,1,0,0,2,2,1,0,2,1,0,1,2,0,2,1,0,0,1,1,2
0,2,2,0,1,1,2,2,0,1,1,2,0,0,1,1,0,1,1,2,1,1,2,1,1,2,0,1,0,0
0,1,1,1,1,0,2,0,1,2,0,1,0,2,0,1,1,1,0,2,1,2,2,1,0,0,0,1,1,2
0,1,0,1,1,0,0,0,0,2,0,0,0,1,2,1,0,1,1,0,0,2,0,0,0,1,0,1,0,0
0,0,1,1,1,1,1,0,0,2,2,2,0,0,1,0,0,0,0,0,0,2,2,0,0,2,0,1,1,2
0,2,2,1,1,0,0,0,0,2,2,2,0,2,1,0,1,0,1,0,2,1,0,0,1,0,0,1,0,1
0,1,1,1,1,1,0,1,0,0,1,0,0,0,1,1,0,1,0,0,2,2,2,0,1,2,0,1,1,0
0,1,2,0,0,0,2,2,1,1,0,2,0,2,1,2,1,1,1,0,1,0,2,2,0,1,0,1,1,2
0,1,2,1,1,1,0,0,0,0,1,0,1,0,1,0,1,1,0,0,2,2,2,1,1,2,0,0,1,0
0,1,1,0,0,1,2,2,1,0,0,0,1,0,1,1,1,0,1,2,1,0,2,2,0,2,0,1,1,0
0,2,2,1,1,0,2,2,1,0,0,2,0,2,1,2,1,1,1,0,0,2,2,1,1,0,0,1,1,2
0,1,2,1,1,1,1,2,0,1,2,0,1,0,0,0,1,0,1,2,2,2,2,0,1,0,0,0,0,1
0,1,0,1,0,1,1,0,1,2,0,1,1,1,2,0,0,0,0,0,0,2,0,1,0,2,0,0,1,2
0,0,2,1,0,0,0,0,0,1,2,2,0,2,2,0,0,0,0,2,0,2,2,1,0,0,0,1,1,2
0,1,2,0,0,0,1,0,0,1,1,0,0,2,1,0,0,1,0,2,1,1,2,2,0,1,0,1,0,0
0,1,1,1,0,1,0,2,1,0,0,1,0,1,0,0,0,0,0,0,2,2,0,0,0,0,0,1,1,2
0,1,2,1,1,0,1,2,1,1,2,1,0,2,0,1,0,0,1,2,2,2,2,2,1,1,0,1,1,2
0,2,2,0,1,1,2,2,0,1,2,2,1,0,1,1,0,0,1,0,2,1,2,0,1,2,0,1,0,2
0,2,2,0,1,0,1,2,1,0,2,1,1,2,2,0,1,0,1,0,2,1,0,1,0,1,0,1,0,1
0,1,2,1,0,0,0,1,0,2,1,0,0,0,0,0,0,1,1,0,2,2,0,0,0,2,0,1,1,0
0,1,2,1,0,0,0,0,0,2,2,1,0,2,2,0,1,0,0,0,2,2,2,1,0,2,0,1,1,2
0,1,1,1,1,1,1,0,0,0,1,1,0,2,2,0,1,1,0,1,2,2,1,1,0,1,0,1,1,0
0,1,1,1,1,0,0,0,0,2,0,1,0,2,0,0,1,2,1,2,2,2,2,2,1,2,0,1,1,0
0,1,2,0,1,0,0,0,0,0,1,2,0,1,2,0,0,1,0,1,0,1,1,0,1,0,0,1,0,1
0,1,2,1,1,1,2,2,1,1,0,1,1,2,0,0,1,0,0,0,0,2,2,1,1,2,0,1,1,0
0,2,1,1,0,1,0,0,0,1,2,2,0,0,2,0,0,0,1,0,2,2,2,0,1,1,0,1,1,1
0,1,2,1,1,1,1,0,1,2,1,0,1,0,2,0,1,0,1,1,0,2,2,1,0,1,0,1,1,1
0,1,2,1,1,0,2,0,1,2,0,0,0,2,2,0,0,1,0,0,2,2,0,0,0,2,0,1,1,0
0,1,2,1,0,0,2,0,0,2,1,0,0,1,2,0,0,1,1,0,2,2,0,0,1,2,0,1,1,0
0,1,2,1,0,0,0,0,1,0,1,0,1,1,2,0,0,0,0,0,0,2,0,1,0,2,0,1,1,1
0,2,2,1,1,1,0,0,0,2,2,2,1,2,1,0,0,2,1,2,2,2,2,2,1,0,1,0,1,0
0,1,0,1,0,1,1,0,0,2,0,0,1,1,0,1,0,2,1,2,1,2,0,0,0,1,0,1,1,0
0,1,2,1,1,0,0,0,0,2,0,0,0,2,1,0,1,2,1,0,2,2,2,2,1,2,0,1,1,1
0,1,2,1,1,0,0,0,1,1,0,1,1,2,2,1,0,1,1,2,2,2,1,0,0,2,0,1,1,0
0,2,1,1,0,0,0,1,0,2,1,1,1,2,1,0,0,2,0,0,2,1,1,2,0,2,0,1,1,0
0,0,2,1,1,1,0,0,0,1,1,2,0,2,0,0,0,1,1,2,2,2,0,1,0,2,0,1,1,2
0,0,1,1,0,0,1,0,1,0,2,0,1,1,0,1,0,2,1,0,0,0,2,0,1,2,0,1,0,0
0,1,2,1,1,1,1,2,1,0,1,0,0,0,2,2,1,1,1,0,2,2,0,1,1,0,0,1,1,0
0,1,0,1,0,0,1,2,1,2,0,1,0,2,2,1,1,0,1,2,0,2,2,2,1,2,0,0,0,2
0,2,2,1,1,1,2,0,0,1,1,2,1,2,2,2,0,0,0,0,1,2,0,2,1,1,0,1,1,2
0,2,2,1,0,1,0,2,1,0,1,1,0,2,0,2,1,0,0,2,0,2,0,0,1,2,0,1,0,2
0,2,2,1,0,0,1,0,0,2,2,2,0,2,2,1,0,0,1,2,0,2,2,2,0,1,0,1,1,2
0,1,2,1,1,1,2,2,1,0,2,1,0,2,2,0,0,0,1,2,2,2,1,1,0,2,0,1,1,2
0,2,2,1,0,1,0,0,0,1,1,2,0,2,2,0,1,2,0,2,0,2,2,2,1,0,0,1,1,1
0,1,2,1,1,0,0,0,0,2,2,2,0,1,0,1,0,2,0,0,2,2,0,0,0,2,0,1,1,2
0,1,2,1,1,0,0,2,1,0,0,1,0,1,0,1,1,1,0,1,1,0,0,1,0,2,0,1,0,2
0,1,2,1,1,1,1,2,1,1,1,0,0,1,2,0,1,1,0,2,2,2,1,0,1,1,0,1,1,0
0,1,0,0,0,1,1,0,1,0,1,1,1,1,0,1,1,2,1,0,2,1,1,2,1,0,0,1,0,0
0,1,2,1,1,1,1,2,1,0,1,1,0,2,0,1,1,1,1,0,0,2,2,1,1,2,0,1,1,0
0,0,2,1,1,0,0,2,0,1,0,1,0,2,1,1,0,0,0,2,1,2,0,2,1,2,0,1,1,2
0,1,2,0,0,0,1,0,1,1,1,1,1,2,1,0,0,1,1,1,1,1,2,2,0,2,0,1,0,1
0,1,1,0,1,1,1,2,1,1,1,0,0,2,0,0,0,1,1,1,2,1,2,2,0,0,0,1,0,1
0,1,0,1,0,0,2,2,0,2,2,2,0,0,2,0,0,0,0,2,0,1,2,1,0,2,0,1,0,1
0,1,0,1,0,1,2,0,1,0,0,2,1,2,1,1,1,1,1,2,0,2,2,1,0,0,0,1,1,2
0,2,1,1,0,0,2,0,0,1,0,2,1,0,1,1,1,1,0,0,1,2,0,1,0,0,0,1,1,0
0,2,2,1,1,0,2,0,0,2,2,2,0,2,1,2,1,2,0,0,2,2,2,0,1,0,0,1,1,1
0,2,2,1,0,1,2,0,1,2,2,0,1,0,1,1,0,1,1,2,2,2,2,0,1,0,0,1,1,1
0,1,2,1,0,0,1,0,1,0,0,1,1,2,1,1,1,1,1,2,0,1,2,1,1,0,0,1,0,2
0,1,0,1,1,0,2,0,0,2,0,2,0,2,0,1,0,0,0,2,2,2,2,2,0,0,0,1,1,1
0,0,0,1,1,0,1,0,0,1,0,2,1,2,0,1,0,0,1,1,0,2,0,2,0,1,0,1,1,1
0,2,2,1,1,0,1,0,1,2,0,1,0,2,1,1,0,1,0,2,0,0,2,1,0,0,1,0,0,2
0,1,2,1,0,0,0,0,0,1,1,1,1,0,1,1,0,2,1,0,1,2,2,0,1,1,0,1,1,1
0,1,2,1,0,1,0,0,1,1,2,0,1,2,0,0,0,0,1,1,2,1,1,2,1,0,0,1,0,0
0,2,2,1,1,0,1,2,1,1,2,2,1,2,1,1,1,1,0,0,0,2,2,0,1,2,0,1,0,0
0,2,0,1,1,0,0,2,1,2,0,0,0,2,1,1,0,1,0,2,1,0,2,0,0,2,0,1,0,0
0,2,2,1,0,1,1,2,1,0,0,2,1,2,0,0,1,1,1,0,1,0,1,0,1,2,0,0,1,1
0,2,2,1,0,0,1,0,1,2,1,0,1,0,2,1,0,1,1,2,0,2,2,1,0,2,0,1,1,1
0,1,0,0,0,1,0,0,0,0,1,2,0,2,1,1,0,0,0,0,2,1,1,2,0,1,0,1,0,2
0,1,2,1,0,0,0,0,1,2,2,1,0,2,1,2,1,2,1,0,2,2,2,1,0,2,0,1,1,0
0,2,2,1,1,0,0,1,0,2,1,0,1,0,1,1,0,0,0,0,0,2,2,1,0,2,0,1,1,0
0,1,1,1,1,0,0,0,1,0,0,1,1,1,2,1,0,1,1,2,1,2,2,1,1,1,0,1,1,2
0,2,0,1,0,0,0,2,1,0,0,2,1,2,2,0,0,1,1,1,2,2,0,2,1,2,0,1,0,0
0,1,2,1,0,1,0,0,0,0,1,0,1,0,2,0,1,0,1,0,0,2,2,0,0,1,1,0,1,1
0,1,0,1,1,0,0,1,1,1,1,0,1,2,0,1,0,1,1,2,0,2,2,0,0,2,0,1,1,1
0,1,2,1,1,1,1,0,0,2,2,2,0,0,2,1,0,1,0,2,2,2,1,1,0,0,0,1,0,0
0,1,1,1,1,0,0,0,1,1,0,1,1,1,0,1,0,1,0,1,1,2,0,1,0,1,0,1,1,2
0,1,0,1,1,0,1,2,0,1,0,0,0,0,0,1,1,1,0,2,0,2,2,1,0,2,1,0,1,2
0,1,0,1,0,1,0,2,0,2,2,0,1,0,0,2,1,2,0,2,0,2,1,1,1,2,0,0,1,1
0,1,1,1,1,1,0,0,0,0,0,2,1,2,0,0,0,1,1,2,0,2,2,1,0,1,0,1,1,0
0,1,2,1,0,0,0,0,1,0,0,0,0,1,2,0,0,2,1,0,2,0,0,2,1,1,0,1,1,0
0,1,2,1,1,0,1,2,0,0,1,1,1,2,0,1,0,0,1,2,0,2,2,2,0,1,0,1,1,1
0,2,2,1,0,0,0,2,0,1,0,2,0,0,0,1,0,1,1,0,2,2,2,0,0,0,0,0,1,0
0,1,0,0,0,0,2,2,0,1,1,0,0,2,1,2,1,1,0,0,1,0,2,1,1,1,0,1,0,0
0,2,2,0,0,0,1,0,1,2,1,2,0,1,1,1,0,1,1,2,0,1,2,1,1,0,0,1,1,1
0,1,2,1,1,1,1,0,1,2,0,0,1,2,1,1,1,1,1,0,1,2,2,1,1,2,0,1,1,2
0,1,0,1,1,0,0,1,0,1,1,0,0,2,2,0,0,2,0,2,0,2,1,2,1,2,0,1,1,2
0,2,2,1,1,0,2,2,0,1,0,1,1,0,2,0,1,0,0,0,2,0,0,0,1,0,1,0,1,2
0,2,2,1,0,1,1,0,1,1,2,0,0,0,2,1,1,1,1,0,2,0,2,1,1,2,0,1,0,1
0,1,1,1,1,0,2,0,0,0,0,0,1,0,0,1,0,1,0,2,2,2,2,0,0,1,0,0,1,0
0,2,0,1,1,0,0,0,0,0,2,2,0,0,2,1,0,1,0,2,0,2,0,0,1,2,0,1,1,2
0,1,2,1,1,0,1,2,0,0,0,1,1,1,0,0,1,0,1,0,2,2,0,1,0,2,1,0,0,1
0,2,2,0,0,0,1,2,1,2,1,0,1,2,2,2,0,2,0,0,0,1,2,1,1,1,0,1,0,0
0,2,2,1,1,0,1,0,1,2,1,2,1,1,0,0,0,0,0,0,2,2,0,0,0,1,0,1,1,0
0,2,2,0,0,0,0,0,0,1,0,2,0,2,2,2,0,1,0,0,0,1,2,1,1,0,0,1,0,0
0,2,2,0,1,1,2,0,0,1,1,1,0,0,1,0,1,1,1,1,0,1,2,2,0,0,0,0,1,0
0,2,2,1,0,1,1,0,1,1,1,2,0,1,0,1,0,0,1,2,0,1,2,2,1,0,0,0,1,1
0,2,2,1,1,0,1,0,0,1,2,0,0,2,2,1,0,0,0,1,0,2,1,2,1,1,0,1,1,1
0,1,2,1,1,1,1,2,1,1,2,1,0,0,0,0,0,0,0,2,2,2,2,0,0,0,0,1,1,2
0,1,2,1,1,0,0,2,0,1,2,2,1,2,0,0,0,1,1,0,2,2,2,2,1,0,0,1,1,0
0,2,2,0,1,0,1,0,0,2,1,2,1,1,1,1,1,0,0,2,2,1,2,0,0,0,0,0,1,1
0,0,0,1,1,1,0,2,1,2,1,2,0,2,0,0,0,0,0,1,1,2,0,0,1,1,0,1,1,0
0,1,1,1,0,1,1,2,1,1,1,1,0,1,0,0,0,1,0,0,0,0,0,0,0,2,0,1,0,2
0,2,2,1,1,1,0,2,1,1,2,1,0,2,2,1,0,1,1,0,2,2,0,1,0,1,0,1,1,1
0,1,2,0,1,0,2,0,1,2,0,1,0,2,0,1,0,2,1,2,0,1,2,2,1,1,0,1,0,1
1,0,1,0,1,0,0,0,0,1,2,2,0,0,1,0,1,2,1,2,0,1,2,2,1,1,0,1,0,0
0,2,2,0,0,0,2,0,1,1,1,0,1,1,2,1,1,2,1,1,0,1,2,0,0,1,0,1,0,0
0,2,1,1,1,0,0,1,1,2,0,1,0,2,2,1,1,2,1,2,2,2,0,0,1,1,0,1,1,2
0,1,2,0,1,1,2,0,1,0,1,2,1,1,0,0,1,2,1,0,0,1,0,1,1,2,0,1,0,2
0,1,2,1,1,1,1,0,1,1,1,1,0,0,2,0,1,0,0,0,0,2,1,1,1,1,0,1,1,2
0,1,1,1,0,1,1,1,0,2,1,2,1,2,1,1,0,1,0,0,2,0,2,1,0,2,0,1,0,0
0,1,2,0,0,1,1,0,1,2,1,1,0,2,1,2,0,1,0,0,1,1,2,1,1,2,0,1,0,2
0,1,1,0,1,0,1,0,0,0,1,2,0,2,0,1,1,1,1,0,2,1,2,0,1,0,0,1,0,0
0,1,2,1,1,1,0,0,0,1,2,1,1,2,1,1,0,0,0,2,2,2,2,2,1,1,0,1,1,0
0,2,2,1,1,1,2,0,0,0,2,0,0,0,0,1,0,1,0,2,2,2,1,0,0,0,0,1,1,1
0,1,2,1,0,0,1,0,1,2,2,0,1,1,0,1,1,1,0,2,0,0,1,1,0,1,1,1,1,0
0,1,2,0,0,0,0,0,0,2,0,1,0,2,1,1,1,0,1,2,2,0,2,2,0,2,0,1,1,0
0,1,2,1,0,0,0,0,0,1,2,1,0,0,1,0,0,0,1,1,2,2,0,0,1,2,0,1,0,1
0,1,2,1,0,0,2,0,0,1,1,2,1,1,1,0,1,0,1,1,0,2,0,0,1,0,0,1,1,1
0,2,2,0,1,0,2,0,1,1,1,0,1,1,1,1,1,1,1,2,2,0,2,0,0,0,0,1,0,0
0,1,2,1,0,1,1,0,1,0,2,0,1,2,2,1,1,0,1,2,2,1,2,1,0,2,0,1,0,2
0,1,2,1,0,0,0,2,0,2,2,0,0,0,1,0,1,0,0,0,2,2,2,1,0,1,0,1,1,2
0,1,1,1,0,0,1,2,0,0,0,1,1,1,2,0,1,1,0,0,2,1,0,2,1,1,0,1,0,1
0,1,2,1,1,0,2,0,0,0,1,1,1,2,2,2,0,2,0,0,0,2,2,1,0,2,0,1,1,2
0,0,2,1,1,1,1,0,1,2,1,1,1,0,1,0,0,0,1,1,0,2,1,1,0,0,0,1,1,1
0,1,2,1,1,1,0,2,1,0,1,1,0,1,0,0,0,1,1,1,0,2,0,0,1,1,0,1,1,0
0,0,2,0,1,0,1,2,0,0,0,0,0,2,1,1,0,0,1,2,0,1,2,2,0,1,0,1,1,0
0,1,2,1,1,0,2,0,1,1,0,0,1,1,2,0,1,1,0,1,0,2,0,0,1,0,0,1,1,0
0,2,2,0,0,0,0,0,1,2,0,2,1,2,2,1,0,1,0,1,0,1,2,0,1,2,0,1,0,2
0,2,2,0,0,0,0,0,1,1,1,2,1,1,2,0,0,1,1,2,2,0,2,2,0,1,0,1,1,1
0,1,0,1,1,1,1,1,0,1,1,0,1,2,0,1,1,0,1,1,1,2,0,2,1,2,0,1,1,2
0,1,0,1,1,0,1,1,0,1,0,0,1,0,0,1,0,1,1,0,0,0,2,1,0,1,0,1,0,2
0,2,1,1,1,1,0,2,1,1,0,0,0,2,2,1,0,1,1,2,2,2,2,1,0,2,0,1,1,2
0,1,2,1,1,1,0,2,1,0,0,0,1,2,1,1,0,0,1,0,2,2,2,2,0,2,0,1,0,0
0,2,2,1,1,1,2,0,1,0,0,2,1,2,0,1,0,1,0,1,2,2,1,0,1,1,0,1,1,0
0,1,2,1,1,0,1,2,1,0,2,0,0,2,1,1,0,0,1,2,2,2,2,1,0,2,0,1,1,0
0,1,2,1,0,0,1,2,1,1,0,0,1,1,2,0,0,0,0,0,0,2,0,0,1,2,0,1,1,2
0,1,2,1,1,1,1,0,1,2,1,1,0,0,2,0,0,0,0,1,2,2,1,1,0,0,0,1,1,2
0,2,2,1,1,1,0,0,1,0,1,0,1,0,1,0,0,0,0,0,1,2,2,1,0,2,0,1,1,0
0,1,2,1,0,0,2,0,0,1,2,1,0,2,1,1,0,1,1,2,1,0,2,1,0,1,0,0,0,1
0,2,0,0,0,0,2,2,0,0,2,1,0,2,1,1,1,1,0,0,0,1,2,1,1,2,0,1,0,0
0,1,2,1,0,0,2,0,0,2,2,0,1,2,1,1,0,2,1,2,0,0,2,0,0,1,0,1,0,0
0,1,2,1,0,1,2,0,0,1,1,0,1,0,2,2,1,2,1,0,0,2,2,0,1,1,0,1,1,2
0,2,0,0,0,1,1,0,1,2,2,1,1,0,0,0,0,2,0,2,0,1,0,2,0,2,0,0,1,0
0,1,2,1,0,1,0,0,1,0,1,1,1,2,2,1,0,1,0,2,0,2,2,1,0,2,0,1,1,0
0,1,1,1,1,0,0,2,1,1,1,0,0,2,0,0,0,0,0,1,0,0,2,2,0,2,0,1,0,0
0,1,2,0,0,0,1,2,0,0,0,0,0,0,1,1,0,1,1,0,0,1,2,1,1,1,0,1,0,2
0,1,2,1,1,0,2,2,0,1,2,1,1,2,2,1,1,0,1,2,0,2,2,2,1,0,0,1,1,1
0,2,2,1,0,1,0,2,1,1,2,2,1,0,2,0,0,0,1,2,2,2,2,0,1,0,0,1,1,2
0,1,2,0,0,1,1,2,1,1,1,0,1,1,2,1,1,1,1,1,2,1,0,1,0,0,0,1,1,2
0,2,2,1,1,0,0,0,0,0,1,0,1,1,1,1,0,2,1,2,2,2,2,0,0,0,0,1,1,1
0,1,0,1,0,0,1,2,1,1,0,0,0,0,0,1,0,1,1,1,0,2,1,0,0,1,0,1,1,1
0,2,2,1,1,1,1,0,1,2,2,2,0,1,1,0,1,2,1,0,2,2,2,2,1,0,0,1,1,0
0,1,1,1,0,1,1,2,1,1,1,1,1,1,2,0,0,0,1,1,2,2,0,0,1,2,0,1,1,2
0,2,2,0,0,0,2,0,0,1,0,1,0,2,1,1,1,1,0,2,0,1,1,1,0,0,0,0,1,1
0,2,2,1,1,0,1,2,1,1,2,0,1,2,1,0,1,0,1,2,2,2,2,1,0,2,0,1,1,2
0,1,0,1,1,0,2,0,0,2,2,1,1,1,0,1,0,2,1,2,1,2,0,0,1,2,0,1,1,0
0,2,1,1,0,1,2,0,0,2,1,1,0,2,1,1,1,0,1,0,1,2,0,1,0,1,0,1,1,0
0,2,2,1,1,1,0,2,1,1,1,1,0,2,1,1,0,1,1,0,0,2,2,1,0,2,0,1,1,1
0,1,2,0,0,1,0,2,0,0,1,2,0,0,2,0,1,1,0,1,1,1,0,1,1,2,0,0,1,2
0,2,2,1,1,1,0,2,0,1,1,1,1,0,1,1,0,1,1,2,0,2,2,0,0,1,0,1,1,0
0,1,1,1,0,0,2,0,0,1,0,1,0,1,1,1,1,0,1,2,2,2,0,0,1,2,0,1,1,1
0,2,2,1,1,0,0,0,1,1,1,0,1,1,1,0,1,0,1,1,0,2,2,0,1,0,0,1,1,1
0,1,2,1,0,1,1,0,1,1,2,2,0,0,1,1,0,1,1,2,2,2,1,1,0,1,0,1,1,2
0,1,2,1,0,0,0,0,0,1,2,2,1,1,2,1,0,1,1,1,2,2,0,0,0,2,0,1,1,0
0,1,2,0,1,0,0,2,1,2,0,2,0,1,2,0,1,0,1,1,2,1,1,0,1,1,0,1,0,0
0,0,2,1,0,0,2,0,0,2,0,2,0,2,1,1,1,1,1,0,0,0,2,1,1,0,0,1,1,2
0,1,1,1,0,1,1,0,0,2,0,2,1,2,2,2,1,2,1,0,1,2,2,0,1,2,0,1,0,1
0,1,2,1,1,1,2,0,1,1,0,0,0,2,2,0,1,1,1,2,2,2,1,2,0,1,0,1,0,1
0,1,2,0,1,1,0,1,0,2,1,2,0,0,2,0,0,2,0,2,1,1,1,2,0,2,0,1,0,2
0,2,0,1,0,0,2,2,1,0,2,0,1,2,1,0,1,0,0,0,0,0,0,1,0,2,0,1,1,2
0,2,2,1,1,0,0,2,1,1,2,2,1,2,1,1,0,2,1,0,2,2,2,0,1,0,0,1,1,2
0,2,1,1,0,0,2,0,1,2,0,2,1,0,2,0,1,1,1,0,1,2,0,1,0,0,0,1,1,1
0,1,2,1,1,1,1,2,0,0,1,1,1,0,0,1,1,1,1,0,0,2,2,1,1,1,0,1,1,1
0,1,2,1,1,1,0,2,1,1,0,2,0,2,0,1,0,1,1,2,1,2,2,1,0,1,0,1,1,2
0,1,2,1,0,0,2,2,1,1,1,0,1,2,1,2,1,2,1,0,2,2,2,0,1,2,0,0,0,2
0,1,2,1,1,0,2,0,1,1,2,0,0,2,0,1,0,1,1,2,0,2,2,0,0,0,0,1,1,1
0,1,2,1,1,0,0,0,1,1,2,2,0,0,0,0,0,1,0,0,2,2,2,1,0,2,0,0,1,0
0,2,2,1,0,0,2,0,0,0,2,2,1,1,1,2,1,2,1,0,1,2,2,0,1,0,0,1,1,1
0,1,2,1,0,0,2,0,1,2,2,0,0,1,2,1,0,1,1,1,2,1,0,0,0,0,0,1,0,1
0,1,2,1,0,0,1,0,0,1,1,0,1,0,2,1,1,0,0,2,0,2,2,2,1,1,1,1,1,0
0,1,2,1,0,1,1,0,1,2,2,1,0,0,2,1,0,1,1,0,2,2,0,0,1,2,0,1,0,1
0,1,2,1,1,0,1,2,0,1,2,1,0,2,0,1,0,0,0,2,2,2,2,1,0,0,0,0,0,2
0,2,1,1,1,1,2,0,1,2,1,0,0,2,0,0,0,0,0,2,2,2,2,0,0,1,0,1,1,0
0,1,2,1,0,1,1,2,1,1,1,0,1,1,1,0,0,1,0,0,0,2,2,0,0,0,0,0,1,0
0,1,0,1,1,1,2,0,1,1,1,0,1,2,1,2,1,2,1,0,1,2,2,0,0,2,0,1,1,0
0,2,1,0,1,0,0,2,1,0,2,2,0,2,2,0,1,0,1,2,0,1,1,1,1,1,0,1,1,0
0,1,2,1,1,1,0,2,0,1,0,0,1,0,2,1,0,1,0,2,1,2,0,0,1,2,0,1,1,1
0,1,2,0,0,0,1,2,0,1,0,1,0,1,0,1,0,2,1,1,2,1,1,0,1,0,0,1,0,2
0,0,2,1,0,1,2,1,1,1,1,1,0,2,2,0,1,0,0,1,0,2,0,1,1,0,0,1,1,0
0,2,2,1,1,1,0,2,0,1,0,0,1,2,0,1,1,1,0,0,0,2,2,1,0,2,1,0,0,2
0,1,2,1,0,0,2,1,0,1,2,2,0,2,1,0,1,0,0,1,0,2,2,1,1,1,0,1,1,0
0,1,2,1,0,1,2,2,1,0,1,1,0,2,1,2,1,1,1,0,0,2,2,1,1,2,0,1,1,0
0,1,2,1,1,0,2,0,0,1,1,0,0,0,0,0,1,1,1,0,0,2,2,1,0,0,0,1,1,1
0,1,2,1,0,1,1,0,0,2,2,1,1,2,2,0,1,0,0,0,0,2,2,1,0,2,0,1,1,0
0,1,2,1,1,1,2,2,0,2,1,1,1,2,0,1,0,0,1,2,0,2,2,2,0,0,0,1,1,1
0,2,2,1,0,0,2,0,1,1,2,2,0,2,2,0,1,0,0,0,2,2,2,1,1,2,0,0,1,1
0,2,2,1,1,1,0,0,1,1,2,2,1,1,1,0,1,0,0,0,2,1,2,0,1,1,0,1,0,1
0,1,0,0,0,0,2,0,0,2,1,1,1,2,1,1,0,0,1,2,2,1,2,2,0,2,0,1,1,1
0,1,0,0,0,1,1,2,1,0,1,2,0,1,0,0,1,0,0,1,1,1,1,1,1,1,0,1,0,2
0,1,2,1,1,0,1,2,1,1,2,0,0,0,0,0,0,0,0,0,0,2,2,0,0,2,0,1,1,1
0,1,1,0,0,1,1,0,0,0,1,2,1,2,1,0,1,1,0,1,2,1,1,1,1,0,0,1,0,2
0,2,2,1,1,0,0,1,0,1,2,1,1,2,1,0,0,0,1,2,0,2,2,1,0,1,1,0,0,2
0,2,0,1,0,1,2,0,0,2,1,0,0,2,2,0,0,0,0,2,0,1,2,0,0,1,0,1,0,0
0,0,2,1,1,0,0,1,0,2,2,1,0,2,0,1,1,0,0,2,2,2,2,2,1,0,0,1,0,2
0,1,0,1,1,0,0,0,0,2,2,2,0,2,2,0,0,0,1,2,0,2,2,2,0,2,0,1,1,2
0,2,2,0,1,1,2,0,0,2,0,2,1,2,2,1,1,1,1,0,0,1,2,1,1,1,0,1,1,2
0,0,1,1,1,1,2,2,0,0,0,2,1,0,1,0,1,0,1,2,1,2,2,0,0,1,0,1,1,0
0,1,2,1,1,0,1,0,0,0,1,0,1,2,0,0,0,0,0,2,0,2,2,2,0,2,0,1,1,1
0,2,2,1,1,1,2,0,0,2,2,2,1,2,2,0,1,2,0,0,2,2,0,2,0,0,0,1,1,2
0,1,2,1,0,0,2,2,0,0,0,1,1,2,2,1,0,2,0,2,0,1,2,1,0,2,0,1,0,0
0,1,2,1,0,0,0,0,0,2,2,0,1,2,0,0,1,0,0,0,2,0,2,1,1,1,0,1,0,1
0,1,1,0,0,1,2,0,1,1,0,1,1,2,0,0,1,1,1,2,2,1,2,1,0,2,0,1,0,2
0,2,2,0,0,0,0,1,0,0,2,0,0,0,2,1,0,0,0,0,0,1,2,2,0,0,0,0,0,2
0,1,2,1,0,0,0,2,0,0,2,1,1,2,2,1,1,1,1,1,2,2,2,1,1,2,0,1,1,0
0,2,2,1,1,1,1,1,1,0,1,0,1,2,1,1,1,1,1,1,0,2,2,1,1,2,0,0,1,1
0,2,2,0,0,1,0,0,0,2,0,2,0,2,1,1,0,1,1,2,0,1,0,1,1,0,0,1,0,0
0,2,0,1,1,1,1,1,1,0,1,1,1,2,2,1,0,1,0,1,1,2,0,0,1,2,0,1,1,2
0,1,1,0,0,0,1,2,1,1,0,1,1,1,2,1,0,1,0,1,1,2,0,1,0,2,0,1,0,1
0,1,2,1,1,0,1,2,1,1,2,1,0,2,0,1,1,1,0,2,2,2,2,1,1,0,0,0,1,2
0,2,2,1,0,1,2,0,0,2,0,2,0,2,0,0,1,0,1,2,0,2,0,1,0,0,0,1,1,1
0,1,2,1,0,1,1,0,0,0,1,0,1,0,1,0,1,1,1,1,0,2,2,0,1,1,0,1,1,0
0,2,1,1,1,1,2,0,1,0,0,0,0,2,2,0,0,0,1,0,1,0,0,1,0,0,0,1,0,1
0,1,2,1,1,0,0,0,0,2,0,0,0,2,2,0,0,2,0,2,2,2,2,2,0,2,0,1,1,2
0,2,1,0,1,0,2,0,1,2,0,1,1,1,1,0,1,1,0,0,2,0,2,0,1,0,0,1,0,0
0,2,2,1,0,0,1,2,0,0,1,1,0,2,2,1,1,1,1,2,0,2,0,1,1,0,0,0,0,2
0,1,1,1,1,0,0,0,0,2,0,1,0,2,0,0,0,0,0,2,1,2,2,0,0,0,0,1,1,2
0,1,2,0,0,1,0,0,1,0,2,1,1,0,1,1,0,1,1,0,2,1,2,1,1,2,0,1,0,0
0,2,2,1,1,0,1,0,0,2,1,2,1,1,1,0,0,0,0,2,1,0,2,0,0,0,0,1,0,0
0,2,2,1,0,0,1,0,0,1,0,2,1,2,0,0,1,0,0,1,1,0,1,1,1,1,0,1,0,2
0,1,0,0,0,0,0,2,0,2,0,0,0,2,1,0,0,0,0,0,1,1,2,1,1,2,0,1,0,1
0,1,2,1,1,1,0,1,0,0,2,1,0,2,2,0,0,0,0,1,2,2,2,2,0,0,0,1,1,1
0,1,1,0,0,0,1,2,0,1,0,0,0,2,1,1,0,1,0,2,2,1,2,1,1,1,0,1,0,2
0,1,2,1,0,1,2,0,0,1,1,1,0,2,2,0,1,2,1,2,1,1,2,1,0,0,0,1,0,2
0,0,2,1,1,1,0,2,1,1,2,0,0,2,1,0,0,1,1,0,2,0,1,2,0,0,0,1,0,2
0,1,1,1,1,1,0,0,1,1,1,2,0,2,0,0,0,0,0,2,0,2,2,2,0,1,0,0,1,0
0,1,2,1,0,0,0,0,0,2,1,0,0,0,2,0,1,1,1,2,0,2,2,1,0,0,0,1,1,0
0,1,1,1,0,1,2,0,0,1,2,2,0,0,2,0,0,0,1,1,0,2,2,0,1,2,0,0,1,0
0,1,2,1,1,1,0,0,0,2,0,1,1,2,1,0,0,2,1,0,2,2,2,2,1,2,0,1,1,2
0,1,2,1,1,0,1,2,1,0,0,1,0,2,0,0,1,0,0,2,1,2,2,1,0,1,0,1,1,2
0,2,2,1,1,0,0,2,0,0,2,2,0,0,2,1,0,1,0,1,0,2,1,0,1,0,0,0,1,0
0,1,2,0,0,1,1,0,0,2,0,2,1,1,2,1,0,1,1,0,0,1,0,1,1,0,0,1,0,1
0,2,0,0,1,1,0,2,0,2,2,1,1,0,2,1,0,0,1,1,2,1,1,1,1,0,0,1,0,2
0,2,1,1,0,1,2,0,0,2,1,2,1,0,1,0,1,0,0,0,2,2,2,0,0,1,0,1,1,0
0,2,0,1,0,0,1,0,1,1,1,2,0,0,1,0,0,2,1,0,1,2,0,1,0,2,0,1,1,1
0,1,2,1,1,1,0,0,0,1,0,1,0,0,2,2,1,2,1,2,0,2,1,0,0,2,0,1,1,0
0,1,2,1,1,0,1,0,0,0,1,1,1,0,1,0,1,0,0,2,1,2,1,1,0,1,0,1,1,1
0,2,1,1,0,0,2,1,0,2,0,1,0,2,1,2,1,0,0,0,2,2,0,2,0,2,0,1,0,1
0,1,2,1,1,0,1,2,1,0,0,1,0,0,0,1,1,1,1,0,1,2,0,1,1,1,0,1,1,0
0,1,2,1,1,1,1,1,1,2,2,2,0,2,0,0,1,1,0,1,2,2,2,1,1,0,0,1,1,0
0,0,2,1,1,1,2,2,0,1,0,0,1,2,1,1,0,0,1,1,0,1,2,2,1,0,1,0,1,0
0,1,2,0,0,0,1,2,0,0,0,2,0,2,2,1,1,1,1,0,0,1,2,1,1,0,0,1,0,2
0,2,2,1,1,0,2,2,1,0,0,2,0,2,2,1,1,1,1,1,2,2,1,1,1,2,0,1,1,0
0,2,2,1,1,1,0,0,1,1,2,0,0,0,2,1,1,1,0,2,2,2,1,1,0,0,0,0,1,0
0,2,2,1,0,1,2,0,0,0,0,2,0,2,2,1,0,0,1,0,1,0,0,2,0,1,0,1,0,1
0,1,1,1,0,0,0,0,0,2,0,2,0,2,1,0,1,0,1,2,1,2,2,1,0,0,0,1,1,0
0,2,2,1,1,1,0,0,0,1,1,2,0,1,1,0,1,0,0,0,0,2,2,0,1,1,0,1,1,1
0,1,2,1,1,0,2,1,1,0,2,2,0,0,2,0,0,0,0,1,2,2,2,0,0,1,0,1,1,2
0,2,0,0,1,0,0,0,0,1,0,2,1,0,0,0,1,0,0,1,0,1,2,1,1,2,0,1,0,1
0,0,1,1,1,1,2,2,0,1,2,2,0,2,2,2,0,0,1,0,0,2,2,2,1,2,1,0,0,2
0,1,2,1,1,0,2,2,1,2,2,0,0,2,0,0,0,1,0,1,2,2,2,1,0,0,0,1,1,0
0,1,1,1,1,0,1,0,0,0,1,2,1,0,2,2,0,2,0,1,2,2,1,0,1,1,0,1,1,0
0,1,0,1,1,0,1,0,0,1,0,2,0,0,2,2,1,0,1,2,0,2,1,0,1,1,0,1,1,0
0,1,1,1,1,1,1,2,1,2,1,0,1,2,2,0,0,0,0,0,2,0,2,0,0,1,0,1,0,1
0,2,2,1,1,0,1,2,0,1,0,1,1,0,0,1,0,1,0,1,0,0,2,1,0,2,0,1,1,1
0,2,2,1,1,0,0,2,1,0,0,2,0,2,2,0,1,1,0,1,2,2,1,1,1,0,0,1,1,2
0,2,2,1,1,1,0,0,1,1,2,2,0,0,2,1,0,1,1,2,0,2,2,1,0,1,0,1,1,1
0,2,2,1,1,0,0,0,0,1,2,2,1,1,2,1,0,1,0,0,0,2,0,0,0,2,0,1,1,1
0,0,2,1,0,0,0,0,1,0,1,2,1,2,1,0,0,0,0,2,1,1,2,2,0,0,0,1,0,0
0,1,0,0,1,1,0,0,0,0,1,2,0,2,0,2,0,1,1,0,2,1,2,1,1,1,0,1,0,1
0,1,2,0,0,1,1,0,1,2,1,1,0,2,1,0,1,2,1,2,1,1,2,1,0,0,0,1,0,1
0,2,2,1,1,0,0,0,1,1,1,2,0,1,1,1,0,2,1,2,2,2,2,0,0,1,0,1,1,0
0,2,2,1,0,0,2,2,1,1,0,1,0,1,2,1,1,1,0,0,0,2,2,1,1,0,0,1,1,0
0,2,1,1,0,1,0,0,1,1,0,1,1,1,2,1,0,1,1,2,0,0,2,0,0,2,0,1,1,2
0,1,2,1,1,0,2,0,0,2,0,2,0,2,0,1,0,2,1,2,0,2,2,0,0,0,0,1,1,1
0,2,1,0,1,1,1,0,1,2,0,2,0,0,1,0,0,1,0,0,1,0,2,1,1,2,0,0,0,0
0,2,2,1,0,1,0,0,0,1,1,2,0,2,2,0,1,0,1,1,0,2,2,0,1,1,0,1,1,1
0,2,2,1,1,0,1,2,0,0,1,2,1,0,1,1,1,1,0,2,1,2,2,1,0,2,0,1,1,1
0,1,2,1,1,0,1,2,1,0,0,1,0,1,0,1,0,0,1,1,0,2,0,1,0,0,0,1,1,1
0,1,1,1,0,1,0,2,1,0,1,1,0,1,2,2,1,0,0,0,0,2,0,2,0,0,0,0,1,2
0,1,1,1,1,0,1,0,0,0,2,1,1,1,0,0,0,1,0,0,0,2,0,0,1,2,0,1,1,1
0,1,2,1,0,1,1,1,1,2,2,2,0,2,2,1,1,1,1,0,1,0,2,1,1,0,0,1,1,0
0,0,2,1,1,1,2,1,1,2,2,1,1,2,2,1,1,1,1,1,2,2,2,1,1,0,0,1,1,0
0,1,2,1,1,0,1,2,1,0,1,1,0,1,0,0,0,0,0,1,0,2,0,0,1,2,0,1,1,2
0,2,0,1,1,1,0,2,0,1,1,1,1,0,2,0,0,1,1,0,1,2,0,1,0,1,0,1,1,2
0,1,2,1,1,1,1,0,0,1,1,0,0,0,2,1,0,1,0,0,0,2,0,0,0,2,0,1,1,1
0,2,2,1,1,0,0,2,1,1,0,2,1,1,1,0,0,1,1,2,0,2,2,0,0,1,0,1,1,2
0,1,2,1,0,1,1,2,0,1,1,1,1,0,2,0,0,1,1,2,2,2,2,0,0,2,0,1,1,0
0,2,2,1,0,1,2,0,1,2,1,2,0,2,1,2,1,2,0,2,1,0,1,1,1,0,0,1,0,0
0,1,2,1,1,1,1,0,1,2,2,2,1,0,0,1,1,2,0,2,2,2,2,1,0,0,0,1,0,1
0,1,2,1,0,0,1,0,0,0,1,0,1,0,1,0,1,2,1,0,0,0,2,1,1,1,0,1,1,0
0,1,2,1,1,0,2,2,0,2,2,1,0,2,0,0,0,2,1,1,0,2,2,2,1,2,0,1,1,1
0,2,2,1,1,0,1,2,1,1,2,2,1,2,2,0,1,0,0,0,2,2,0,1,1,1,0,1,1,2
0,1,2,1,1,1,2,0,1,2,2,0,1,0,0,1,0,1,0,2,2,2,2,1,0,1,0,1,1,2
0,1,2,1,0,0,2,2,1,2,0,1,0,1,1,1,0,2,1,2,2,2,2,2,1,2,0,1,1,1
0,1,2,1,1,1,0,0,0,0,0,0,0,2,1,1,0,1,0,0,2,2,2,0,1,2,0,1,1,2
0,1,2,1,0,1,0,0,1,0,2,1,1,0,0,1,0,1,1,2,0,1,1,0,0,1,0,1,0,1
0,0,0,1,1,1,0,0,0,0,1,2,1,2,1,2,0,0,0,0,1,2,2,2,0,0,0,1,1,0
0,1,0,1,0,1,0,0,1,2,2,2,1,2,2,1,0,0,0,2,0,1,2,2,1,1,0,1,0,2
0,1,2,1,0,0,2,0,0,2,2,0,0,2,2,0,1,1,0,2,0,1,2,1,1,0,0,1,0,0
0,2,2,0,1,0,0,2,1,0,1,2,1,2,1,0,0,0,1,1,0,1,1,2,0,2,0,1,0,1
0,1,2,1,1,0,1,2,0,1,0,0,0,1,0,0,0,0,0,1,1,0,1,2,1,0,0,1,1,2
0,0,1,1,0,1,2,2,1,0,0,2,1,2,1,0,0,0,1,0,1,2,2,1,0,0,0,1,1,0
0,1,2,1,1,1,1,0,0,1,1,0,0,0,0,1,0,1,0,2,0,2,2,1,0,0,0,1,0,0
0,1,2,1,0,0,0,0,0,2,0,1,1,2,2,1,1,1,1,0,1,2,2,1,1,1,0,1,1,2
0,1,1,1,0,0,2,0,0,2,0,1,0,1,2,1,0,1,1,2,1,0,0,0,1,1,0,1,1,1
0,2,2,1,1,1,0,0,0,2,2,2,0,2,0,1,0,1,1,2,2,2,1,1,0,1,0,1,1,0
0,0,2,1,1,0,1,0,0,2,0,0,0,2,2,0,0,0,0,2,2,2,2,1,0,2,0,1,1,1
0,1,1,1,1,0,2,0,0,2,0,2,0,2,0,0,0,2,0,2,1,2,2,2,0,1,0,1,1,1
0,0,2,1,0,1,2,2,1,0,0,1,1,2,1,0,0,2,0,0,2,2,0,2,0,2,0,1,0,1
0,2,2,1,0,1,1,2,0,2,1,2,1,2,1,1,1,0,0,0,2,2,2,2,0,2,1,0,1,0
0,1,1,1,1,0,2,2,0,1,0,0,1,2,0,0,1,1,0,0,1,2,2,2,0,0,0,1,1,2
0,1,0,1,1,1,0,2,1,0,1,0,0,0,2,1,0,1,0,1,1,2,1,0,1,0,0,1,1,1
0,1,2,1,0,0,1,2,1,1,0,2,0,0,1,1,0,1,1,2,2,2,1,1,0,0,0,1,1,1
0,1,1,1,1,1,1,0,0,0,1,1,0,2,0,0,0,0,1,1,2,2,2,1,0,1,0,1,1,1
0,1,0,1,0,1,0,0,1,2,0,0,0,0,1,0,1,2,1,0,0,2,2,1,1,2,0,0,1,1
0,2,2,0,1,0,0,1,0,1,1,0,1,0,1,0,1,0,0,0,1,1,2,1,1,2,0,1,0,0
0,1,1,1,1,1,0,1,1,2,0,1,0,0,0,0,0,1,1,2,1,2,2,1,0,2,0,1,1,2
0,1,2,1,1,0,1,2,1,1,2,0,1,2,2,0,0,0,0,0,0,2,0,1,0,2,0,1,1,2
0,1,0,1,1,1,2,0,1,1,1,2,0,2,0,0,1,1,1,2,1,2,2,1,0,1,0,1,1,1
0,1,2,1,1,0,0,2,1,2,2,1,1,2,2,0,0,2,0,1,2,2,1,2,1,2,0,1,0,0
0,1,2,1,0,0,1,0,1,0,0,1,1,2,2,0,0,1,1,0,1,0,2,0,0,1,0,1,1,2
0,1,2,0,1,0,1,0,0,1,2,0,0,2,0,0,0,1,1,0,0,1,0,2,0,0,0,1,0,1
0,0,0,0,1,0,2,0,0,0,1,0,1,0,2,1,1,1,0,0,2,1,2,0,1,1,0,1,0,0
0,2,2,1,1,1,2,2,1,2,1,2,0,2,0,1,0,1,1,0,0,2,1,0,0,1,0,1,1,2
0,1,2,1,1,1,0,0,0,0,2,0,1,0,0,0,0,0,0,0,2,2,0,0,0,0,0,1,1,2
0,2,2,1,1,1,2,2,0,0,0,2,0,1,1,1,0,0,0,0,0,1,2,2,0,2,0,1,0,2
0,2,0,1,1,1,0,2,1,1,0,2,1,2,2,1,0,1,1,0,0,0,0,0,0,2,0,1,1,2
0,1,2,1,0,1,0,0,0,1,2,1,0,1,2,1,0,2,1,1,2,2,0,0,0,0,0,1,1,2
0,2,0,1,1,0,1,0,0,1,2,2,0,1,1,1,0,1,0,0,1,2,2,0,1,0,0,1,1,0
0,0,1,1,0,1,0,2,1,1,2,0,0,1,0,1,0,2,1,1,0,2,1,0,1,0,0,1,1,2
0,2,0,1,1,1,2,1,0,2,2,1,0,0,2,1,1,1,0,0,2,2,1,1,1,2,0,1,1,0
0,1,0,1,1,0,2,2,0,0,0,0,0,1,0,1,1,1,1,1,0,0,0,1,1,0,0,1,0,1
0,1,1,1,0,1,2,2,1,1,1,1,0,1,2,0,1,1,0,2,2,2,0,2,0,0,0,0,1,0
0,1,2,0,0,0,0,2,0,0,0,1,0,2,1,1,1,1,1,1,2,0,2,1,1,2,0,1,0,2
0,1,2,1,1,0,2,2,0,1,0,0,0,0,0,1,0,1,0,2,0,2,2,1,0,2,0,1,1,2
0,1,2,1,1,0,2,0,0,2,2,1,0,2,0,0,0,1,0,2,0,2,2,2,1,1,0,1,1,0
0,1,2,1,1,0,1,0,0,0,2,1,1,2,0,1,1,1,1,2,2,2,2,1,1,2,0,1,1,1
0,1,0,1,1,1,0,0,1,1,0,1,1,1,1,1,0,1,1,2,2,2,0,1,0,2,0,1,1,1
0,2,2,1,0,1,2,2,0,0,1,2,0,2,2,1,0,1,1,2,2,0,2,1,0,0,0,1,0,1
0,2,2,1,1,1,0,2,0,0,2,2,1,0,2,0,1,1,0,0,2,2,2,0,1,1,0,1,1,2
0,1,2,1,1,0,1,2,1,1,1,1,1,2,1,2,1,2,1,0,0,2,2,0,1,2,0,1,1,1
0,2,1,1,0,0,1,2,1,1,2,0,0,2,2,1,1,1,0,2,0,2,2,1,0,2,0,1,1,0
0,1,2,1,0,0,2,0,1,1,1,0,0,1,1,0,1,1,1,0,0,2,0,2,1,0,0,0,1,0
0,1,1,1,0,1,1,2,0,0,1,1,1,0,1,1,1,1,1,1,0,2,1,1,1,1,0,1,1,2
0,1,2,1,1,1,1,0,1,2,1,0,0,1,2,0,0,1,0,2,0,2,1,0,0,2,0,1,0,2
0,0,2,1,0,0,0,2,0,1,2,0,0,0,0,2,1,2,1,0,1,0,2,0,1,1,0,1,0,0
0,1,1,1,0,1,1,0,1,2,1,2,1,1,1,1,0,1,1,2,1,0,2,0,0,0,0,1,1,1
0,1,2,1,1,1,0,2,1,0,2,1,0,2,1,0,0,0,0,2,2,0,2,0,0,1,0,0,1,0
0,1,2,1,0,1,1,2,1,0,2,1,0,2,1,0,1,1,0,0,2,2,2,1,1,1,0,1,1,0
0,1,2,1,1,0,2,2,1,2,2,1,0,2,0,0,0,0,1,1,2,2,2,1,0,0,0,0,1,2
0,0,1,1,0,0,0,0,0,1,0,0,0,2,1,1,1,1,1,0,1,2,1,1,1,1,0,1,1,1
0,2,1,1,1,0,0,0,1,0,2,1,1,1,1,1,0,0,1,2,1,2,2,2,0,1,0,1,1,2
0,1,1,1,1,1,0,0,1,2,1,2,1,2,0,0,1,2,1,0,2,2,0,1,1,1,0,1,1,2
0,1,2,0,0,0,1,2,0,0,1,0,0,2,1,1,1,1,1,0,1,1,2,1,1,0,0,1,0,2
0,0,2,1,1,0,1,1,0,2,2,1,1,2,1,0,0,2,0,0,2,2,1,1,0,0,0,1,0,0
0,1,0,1,1,1,2,0,1,0,2,0,1,0,0,1,1,1,0,2,1,2,2,1,1,2,0,1,1,0
0,0,2,0,0,1,0,0,0,1,1,2,0,2,0,0,1,0,0,2,0,1,1,1,1,2,0,1,0,2
0,0,1,0,0,1,0,1,0,1,1,1,0,2,0,1,0,1,1,0,1,1,1,1,0,1,0,1,0,2
0,2,1,1,1,1,2,0,1,2,1,2,0,0,1,0,1,2,1,0,2,2,2,1,0,0,0,1,1,1
0,1,2,1,1,0,2,0,1,0,1,2,1,1,2,1,0,0,1,2,2,2,1,2,0,2,0,0,1,1
0,1,1,1,1,1,1,2,1,1,1,1,0,0,0,1,0,1,0,2,0,2,2,0,1,0,0,1,1,1
0,2,2,1,0,0,2,0,1,2,2,2,1,1,1,1,1,1,1,0,2,2,2,1,1,0,0,1,1,1
0,1,2,1,1,0,1,0,0,2,2,0,0,2,0,2,1,2,1,0,2,2,2,1,0,1,0,1,1,0
0,1,2,1,0,0,2,0,0,1,2,0,0,2,1,1,1,0,0,0,0,2,2,2,1,2,0,1,1,2
0,1,2,0,1,1,1,0,0,0,1,0,0,2,0,0,1,0,0,2,0,1,2,1,0,0,0,1,0,0
0,0,0,1,1,1,1,0,1,1,2,2,0,0,1,1,1,1,1,0,0,2,2,1,0,2,0,0,1,0
0,1,0,1,1,0,2,0,0,2,2,0,0,0,2,1,0,2,0,1,1,2,1,0,0,0,0,1,1,1
0,1,2,1,1,0,0,2,1,1,1,1,0,2,1,1,0,0,0,2,2,2,2,2,1,1,0,1,1,1
0,1,2,1,1,1,1,2,1,1,1,1,1,1,2,0,0,1,1,0,0,2,0,0,0,1,0,1,1,2
0,1,2,0,0,1,1,2,0,1,1,1,0,2,2,2,1,2,1,0,1,1,2,1,1,2,0,1,0,1
0,1,2,1,1,1,1,2,0,1,0,0,1,1,0,0,0,2,0,1,2,2,0,2,1,0,0,1,1,1
0,1,2,0,1,1,0,0,1,1,1,0,1,0,0,0,1,0,0,0,0,1,2,1,1,0,0,0,1,0
0,1,2,1,0,0,1,2,1,1,1,1,1,2,2,1,0,1,1,2,0,0,2,0,0,2,0,1,0,1
0,0,2,1,1,0,1,0,1,2,1,1,1,0,0,0,0,0,0,2,2,2,2,1,0,0,0,1,1,0
0,2,2,1,1,0,1,2,1,1,2,1,0,2,2,0,1,0,0,2,0,2,0,1,1,2,0,1,1,2
0,2,2,1,0,1,0,0,1,2,1,0,1,0,2,0,1,0,1,1,0,2,2,1,0,2,0,1,1,1
0,2,1,1,1,0,0,2,0,0,1,0,0,1,0,1,0,1,1,0,2,2,2,0,1,1,0,0,0,1
0,2,2,1,0,0,2,0,0,0,0,2,1,2,2,0,0,0,0,2,2,2,2,1,0,1,0,1,1,2
0,1,2,1,0,0,1,0,0,1,2,0,0,2,2,0,0,1,1,2,2,2,2,1,0,2,0,1,1,1
0,1,2,1,1,0,0,2,0,1,2,1,1,2,0,1,0,0,1,0,0,2,2,2,1,1,0,1,1,2
0,2,2,1,1,1,0,2,0,1,1,1,1,0,1,1,0,1,0,0,0,2,2,0,0,2,0,1,1,0
0,2,2,1,1,1,0,0,1,1,2,0,0,0,1,0,0,1,1,2,2,2,2,1,0,0,0,1,1,0
0,1,2,1,1,1,0,0,0,0,1,2,1,1,2,0,1,1,0,0,0,2,0,1,1,2,0,1,1,0
0,2,2,1,1,1,2,2,0,2,2,2,0,2,0,0,0,2,0,1,2,2,1,2,0,0,0,1,1,2
0,1,0,1,1,0,1,0,0,1,0,1,1,0,1,1,0,1,0,2,2,2,2,1,0,2,0,1,1,2
0,2,1,0,0,0,2,0,0,0,0,1,0,2,0,1,0,0,0,1,2,1,1,2,0,1,0,1,0,0
0,1,0,1,1,1,0,0,1,2,0,2,0,2,0,1,0,1,1,0,0,2,2,0,1,1,0,1,1,2
0,1,2,0,0,1,1,0,1,2,0,1,0,0,2,1,0,0,1,2,2,1,2,2,0,2,0,1,0,1
0,2,1,0,0,1,2,0,0,2,0,1,0,2,0,0,1,0,0,0,2,1,0,1,0,1,0,1,0,2
0,1,2,1,1,0,1,2,1,1,2,1,0,2,2,1,0,1,1,0,1,2,2,0,0,0,0,1,1,2
0,2,0,1,1,0,1,0,0,1,2,0,1,2,1,2,1,1,1,0,2,2,2,1,0,1,0,1,1,0
0,2,1,1,1,0,1,2,1,1,2,2,0,2,2,1,0,1,1,2,2,2,2,0,0,1,0,1,1,1
0,1,0,1,1,0,0,1,0,0,0,0,0,0,0,0,1,1,0,2,2,2,2,1,1,2,0,1,1,1
0,1,2,1,1,0,2,0,0,1,2,1,0,2,0,0,1,0,0,0,0,2,2,1,1,2,0,1,1,2
0,1,1,0,0,0,0,0,1,2,2,2,0,0,0,2,1,1,1,2,0,0,1,1,1,0,0,1,0,1
0,1,0,1,0,1,2,0,0,0,0,1,1,2,2,1,1,1,1,2,2,2,2,1,1,2,0,1,1,2
0,1,1,1,1,0,1,2,1,0,0,0,0,2,1,0,0,2,1,2,1,2,2,2,1,1,0,1,1,1
0,1,2,1,1,1,2,0,1,1,1,0,0,0,0,0,1,0,0,1,0,2,0,1,1,2,0,1,1,0
0,1,2,1,1,1,0,2,1,0,1,1,0,1,0,0,0,1,0,1,0,2,0,0,1,1,0,1,1,2
0,1,2,1,0,0,2,0,1,1,0,1,0,2,2,0,1,0,1,2,0,2,2,0,1,2,0,1,0,0
0,2,2,1,0,1,0,0,0,0,2,2,0,0,2,1,1,1,1,1,2,2,0,1,1,0,0,1,1,1
0,1,2,1,1,0,2,0,0,2,2,2,0,0,0,1,0,1,1,0,2,2,2,0,1,1,0,1,1,0
0,1,2,1,1,0,2,0,0,2,0,0,0,2,0,0,0,2,0,0,1,2,2,2,1,1,0,1,1,0
0,2,2,0,0,0,0,0,0,0,0,2,0,2,1,1,0,1,0,0,0,1,1,1,1,1,0,0,1,1
0,2,2,1,1,0,0,2,0,0,0,1,1,1,0,1,0,1,0,2,2,2,0,0,1,2,0,1,1,1
0,2,2,0,1,1,2,0,0,0,1,2,1,2,0,0,0,0,0,2,0,2,1,2,0,2,0,1,1,2
0,1,2,1,0,1,1,2,1,1,1,0,0,0,1,1,0,1,1,2,0,2,2,1,0,2,0,1,1,1
0,1,2,1,0,1,1,2,1,1,2,0,1,0,1,0,0,1,1,2,0,2,2,0,0,2,0,1,1,0
0,1,2,1,0,0,1,0,0,1,2,0,1,0,2,1,0,2,1,2,2,2,2,0,1,0,0,1,1,0
0,1,2,0,1,0,2,0,1,2,1,1,0,0,0,2,0,1,0,0,0,1,2,1,1,2,0,1,0,0
0,2,2,0,0,1,0,0,1,2,2,0,0,0,2,1,0,1,1,0,2,1,2,1,1,0,0,1,0,0
0,1,0,1,0,1,1,0,1,2,1,0,1,1,0,0,1,0,1,1,1,2,1,0,0,2,1,1,1,0
0,1,2,1,0,0,2,0,1,1,1,1,1,2,1,2,1,0,1,2,0,2,2,0,1,0,0,1,1,1
0,2,2,1,1,0,1,1,1,1,0,0,1,0,1,0,0,0,0,0,0,2,2,0,1,2,0,1,0,2
0,2,2,1,1,0,1,2,1,0,2,2,0,0,2,0,0,0,0,0,0,2,0,0,0,1,0,1,1,0
1,0,1,1,0,1,1,2,1,1,1,2,1,0,1,1,0,0,0,2,0,2,2,2,1,0,1,0,0,0
0,1,0,1,1,1,2,0,1,1,2,0,0,0,1,1,1,1,0,2,1,2,2,1,0,1,0,1,1,2
0,2,2,0,0,0,0,0,1,0,0,0,1,0,2,1,0,1,1,2,0,1,1,1,1,0,0,1,0,1
0,2,2,0,1,1,2,0,1,2,2,0,0,1,1,1,0,2,0,0,2,1,2,0,1,0,0,1,0,1
0,1,2,1,0,0,1,2,1,1,2,1,1,2,1,1,0,1,1,2,2,2,2,1,1,2,0,1,0,1
0,1,2,1,0,1,1,0,0,2,2,0,0,0,1,1,1,1,1,2,2,2,2,1,0,0,0,1,1,0
0,2,1,1,1,1,0,1,1,1,0,1,0,2,0,0,0,1,1,0,1,2,0,1,0,1,0,1,1,0
0,1,2,0,1,1,1,2,1,1,2,1,0,2,0,2,0,1,1,0,2,1,2,2,0,1,0,1,0,0
0,1,2,1,1,1,1,2,0,1,2,0,1,0,2,0,1,0,0,1,2,2,1,1,1,2,0,1,1,1
0,1,1,1,0,1,1,0,0,2,0,1,1,2,1,1,0,1,1,2,1,2,2,1,1,2,0,1,1,2
0,1,2,1,1,0,2,2,1,0,2,1,0,2,0,0,0,1,1,0,2,2,2,0,1,2,0,1,1,1
0,2,2,1,1,1,0,2,1,1,0,2,1,0,0,1,1,1,0,0,0,2,2,1,0,0,0,1,1,2
0,2,2,1,1,0,2,2,0,0,0,1,0,0,1,1,1,1,0,0,1,0,2,1,1,2,0,1,0,0
0,1,2,0,0,0,2,0,0,1,0,1,1,2,1,1,1,1,0,2,0,1,2,1,0,2,0,1,0,2
0,0,2,1,1,1,0,1,0,0,2,0,0,0,0,0,0,0,0,1,2,2,2,0,0,1,0,1,1,2
0,1,2,1,0,1,2,0,0,2,2,0,0,0,1,1,0,1,1,0,2,2,1,0,0,0,0,1,1,0
0,0,2,1,1,1,2,0,0,0,1,0,0,1,1,0,0,0,0,2,2,2,2,0,0,0,0,0,0,1
0,1,2,1,1,1,1,2,0,1,2,0,1,0,0,1,0,1,1,2,0,0,2,1,0,1,0,0,0,1
0,0,2,1,1,0,2,0,0,0,1,1,1,0,2,0,0,0,0,2,0,2,2,0,0,1,0,1,1,0
0,2,2,1,0,0,1,2,0,1,0,1,0,0,2,1,0,1,0,0,2,2,2,1,0,2,0,1,1,2
0,1,2,1,1,0,1,0,0,0,1,2,1,1,0,0,1,1,0,0,2,2,0,0,1,0,0,1,1,2
0,2,2,1,0,1,2,0,0,2,1,1,0,0,2,0,1,0,0,2,0,2,2,1,0,0,0,1,1,1
0,1,2,1,0,1,0,0,0,0,2,1,1,2,1,0,0,0,0,1,2,2,1,1,0,1,0,1,1,1
0,2,0,1,1,0,1,2,1,2,0,2,0,2,2,1,0,0,1,0,0,2,1,2,0,1,0,1,1,1
0,1,2,1,1,0,2,2,0,1,2,1,1,2,2,0,1,0,0,0,0,2,0,1,1,1,0,1,1,2
0,1,2,1,1,0,2,2,1,2,2,0,1,2,0,1,0,2,0,2,0,2,0,2,1,1,0,1,0,0
0,2,1,1,0,0,2,0,1,2,2,1,1,1,2,0,1,2,0,2,0,2,2,2,1,1,0,1,1,1
0,1,2,1,1,1,1,2,1,1,2,1,0,2,0,0,1,0,0,0,2,2,2,1,1,0,0,1,1,1
0,0,2,1,1,0,2,2,1,2,0,0,0,2,0,1,0,2,0,0,2,2,2,0,0,2,0,0,1,0
0,1,1,1,0,1,2,1,1,2,1,1,1,1,2,0,0,1,0,2,0,2,0,0,1,1,0,0,0,2
0,1,1,1,1,0,2,2,1,0,2,0,0,1,0,1,1,1,0,2,0,2,2,0,1,1,1,0,1,0
0,1,2,1,1,0,1,0,0,1,2,1,1,2,0,1,0,0,1,1,2,2,2,2,1,0,0,1,1,2
0,1,2,1,0,0,0,0,0,1,2,0,0,2,2,0,0,1,1,0,0,0,2,0,0,2,0,1,1,0
0,1,0,0,1,0,1,0,1,2,0,2,1,2,0,0,1,2,1,0,2,1,2,1,1,0,0,1,0,2
0,1,2,1,1,0,2,2,0,0,0,1,0,1,0,1,0,1,1,2,2,2,0,0,1,1,0,1,1,1
0,2,2,1,0,0,1,1,1,1,1,1,1,2,1,1,0,1,1,1,0,2,0,0,0,1,0,1,1,0
0,1,0,1,0,0,1,0,0,0,1,2,1,2,2,1,0,2,0,1,1,2,2,0,0,1,0,1,1,0
0,1,2,1,0,1,0,0,0,2,2,2,1,1,2,1,0,2,1,2,2,2,2,0,0,0,0,1,1,1
0,2,2,1,0,0,1,2,1,0,0,1,1,1,2,1,0,1,0,0,2,0,2,0,1,2,0,1,0,1
0,1,2,1,1,0,0,2,1,1,0,1,0,1,2,1,0,1,1,1,0,2,0,0,0,2,0,1,1,2
0,2,2,1,1,0,1,0,0,1,2,2,0,2,2,1,1,1,1,1,2,2,0,1,1,0,0,1,1,1
0,1,2,1,1,1,1,2,1,1,1,1,0,2,0,0,0,1,1,2,0,2,2,1,0,1,0,0,1,2
0,1,2,1,0,1,1,0,0,2,0,1,0,2,2,1,0,0,0,0,0,2,2,2,0,0,0,1,1,2
0,1,2,1,1,0,0,1,0,0,1,2,0,2,0,1,0,1,1,1,0,2,0,0,1,2,0,1,1,2
0,2,2,1,1,1,0,2,1,1,1,2,0,1,1,1,0,1,1,2,0,2,2,0,0,2,0,1,1,1
0,2,2,1,0,1,0,2,0,1,1,1,0,2,1,2,1,1,1,0,2,2,0,1,0,1,0,1,0,2
0,2,0,1,1,1,0,0,0,1,0,1,0,0,0,0,0,0,0,0,2,2,0,0,1,2,0,1,1,2
0,0,2,1,1,1,0,2,0,1,1,2,1,0,1,1,1,1,0,2,0,2,2,1,0,0,0,1,1,1
0,1,2,1,1,0,1,2,0,0,2,0,0,0,0,0,1,1,0,1,2,2,2,1,1,1,0,1,1,0
0,1,1,0,1,0,1,0,0,0,0,1,0,2,0,1,0,1,1,2,2,1,2,1,1,2,0,1,0,2
0,1,2,1,1,0,1,0,0,1,0,1,0,2,0,0,0,1,0,0,1,2,2,2,1,2,0,1,1,1
0,1,2,1,0,0,2,1,1,1,1,1,1,2,1,1,1,1,1,2,1,2,2,1,0,1,0,1,1,1
0,1,2,1,1,0,1,2,1,1,0,0,1,1,0,1,0,2,0,0,1,0,0,1,0,1,0,1,0,1
0,1,1,1,1,0,2,0,1,0,1,0,1,0,0,0,1,1,0,1,2,2,1,1,1,1,0,0,1,2
0,1,0,1,0,0,0,0,0,0,2,2,1,0,1,0,0,1,1,0,0,2,2,2,1,1,0,1,1,0
0,1,2,1,1,1,0,0,0,0,1,1,1,2,2,0,1,0,1,1,1,2,1,0,1,2,0,1,1,1
0,2,2,1,0,0,2,0,0,2,1,0,0,0,2,1,0,1,1,0,0,2,2,0,0,0,0,1,0,0
0,1,2,1,1,0,0,0,0,1,2,1,0,2,2,1,0,0,1,0,0,2,1,2,1,2,0,0,0,2
0,2,1,1,1,1,1,0,1,2,2,2,1,0,0,0,0,2,0,2,0,2,2,1,0,1,0,1,1,1
0,1,2,0,1,1,0,2,1,0,1,2,0,2,0,1,0,1,1,0,0,2,2,1,1,0,0,0,1,2
0,2,2,1,0,1,0,2,1,1,2,1,0,0,1,0,1,1,0,1,2,2,2,1,1,0,0,1,1,0
0,2,2,1,1,1,2,0,1,1,1,0,0,0,2,0,1,0,0,2,0,2,2,1,1,1,0,1,1,0
0,2,2,1,1,0,2,2,1,1,2,1,1,2,2,1,0,2,1,1,0,2,1,0,1,0,0,0,0,2
0,2,2,1,1,0,2,0,1,0,2,2,0,2,2,1,0,1,0,1,0,2,0,0,1,2,0,1,0,1
0,1,2,1,0,0,1,2,1,1,0,1,0,2,1,0,1,1,1,0,0,2,2,1,0,0,0,1,1,2
0,2,2,0,0,0,2,0,1,0,0,1,1,2,0,1,1,0,0,2,0,1,0,2,0,0,0,1,0,2
0,1,2,1,1,0,0,1,0,2,2,2,0,0,2,0,1,1,0,0,2,0,1,1,1,0,0,1,0,1
0,1,2,1,1,0,2,0,1,0,2,1,0,2,0,2,0,2,0,2,1,0,2,0,0,2,0,1,0,1
0,0,2,1,1,0,1,2,0,2,0,0,0,2,0,1,0,0,1,0,0,2,2,2,0,2,0,1,1,0
0,1,2,1,1,0,2,2,1,1,2,0,0,0,0,0,0,1,1,1,2,2,1,1,0,1,0,0,0,0
0,2,2,1,0,0,0,0,0,0,2,2,0,2,1,1,0,2,1,0,2,2,2,2,0,1,0,1,0,0
0,1,2,1,1,1,0,0,0,1,2,2,1,0,0,1,0,1,1,1,2,2,0,0,0,2,0,1,1,1
0,2,2,1,0,0,1,2,1,1,2,0,1,2,1,0,1,1,0,1,0,2,1,1,0,0,0,1,1,0
0,1,0,1,0,1,1,2,1,0,1,0,0,0,1,1,1,1,1,2,1,2,2,1,1,2,0,1,1,0
0,2,0,1,0,0,1,0,1,1,0,0,0,1,2,0,0,0,1,0,2,2,2,0,1,1,0,1,1,1
0,2,2,1,1,1,0,0,0,0,2,0,1,0,1,0,0,2,0,2,0,2,2,0,0,1,0,1,1,1
0,2,2,1,1,0,2,0,0,2,2,0,0,2,0,1,0,2,1,0,2,2,0,0,0,1,0,1,0,2
0,1,1,1,1,0,0,0,1,2,1,1,0,1,0,0,0,1,0,0,0,2,0,0,1,2,0,1,1,2
0,1,2,1,1,0,2,2,1,1,1,1,1,2,0,1,0,1,1,0,0,2,0,1,0,1,1,0,1,2
0,1,2,1,0,0,0,0,1,0,0,1,0,2,2,1,1,1,1,1,0,2,2,1,1,0,0,0,1,2
0,2,2,1,1,0,0,0,1,0,0,2,1,2,2,0,0,1,1,1,0,2,0,2,1,2,0,1,0,2
0,1,2,1,0,1,2,0,0,1,2,0,1,2,1,2,1,1,1,0,2,2,2,1,0,1,0,1,1,1
0,1,2,1,1,0,0,2,1,1,0,0,0,0,0,1,0,2,0,2,2,2,2,0,0,0,0,1,1,1
0,1,1,1,0,0,2,2,1,1,0,1,1,1,2,0,1,0,1,0,1,0,0,0,1,2,0,1,1,1
0,1,2,0,0,0,1,0,1,1,0,2,1,0,2,0,1,0,0,2,0,1,2,1,1,2,0,1,0,2
0,1,0,1,1,0,2,2,1,1,2,2,0,2,0,0,1,0,0,0,0,2,2,1,1,1,0,0,1,0
0,1,2,1,0,1,2,2,1,1,2,0,1,0,1,0,1,0,1,0,2,0,2,0,1,1,0,1,1,2
0,2,1,1,0,1,2,1,1,2,0,1,0,2,2,0,1,0,0,0,1,2,0,1,1,1,0,1,1,2
0,0,2,1,0,0,1,0,0,0,0,2,0,2,1,1,0,1,0,2,0,1,2,0,1,1,0,1,1,0
0,1,1,1,0,1,0,0,0,0,1,1,1,2,2,0,0,0,0,0,2,2,0,1,0,2,0,1,1,2
0,1,0,1,0,1,1,0,1,2,2,0,1,0,2,1,1,1,1,0,1,2,2,1,1,0,0,1,1,0
0,2,1,1,1,0,0,1,1,0,0,0,1,0,1,1,0,1,0,2,1,2,2,0,0,0,0,1,1,2
0,1,2,0,0,1,2,2,1,2,0,0,1,0,2,1,0,0,0,0,0,1,2,2,0,2,0,1,0,1
0,1,0,1,0,1,0,2,1,0,1,0,0,0,2,0,0,0,1,2,1,2,2,1,0,2,0,1,1,1
0,1,2,1,0,0,1,0,1,0,0,1,1,2,2,1,1,1,1,1,2,2,2,1,1,2,0,1,1,2
0,0,2,1,0,0,1,2,1,1,2,0,1,2,1,1,0,1,1,2,2,2,2,1,0,2,0,1,1,0
0,1,2,1,0,0,2,0,1,1,0,0,1,1,0,0,1,0,1,1,0,2,1,0,1,2,0,0,1,0
0,1,0,0,1,0,0,2,1,1,2,1,0,2,0,1,0,0,1,0,0,1,2,0,1,2,0,1,0,0
0,0,2,1,1,1,0,0,1,2,2,2,1,2,2,1,0,2,0,2,2,2,2,1,0,1,0,1,1,1
0,1,2,0,1,0,1,2,0,1,0,1,0,2,0,1,1,1,1,0,0,1,2,1,1,0,0,1,0,2
0,2,2,1,1,1,0,0,1,0,2,0,1,0,1,1,1,1,1,2,2,2,2,1,1,2,0,1,1,1
0,2,0,1,1,1,2,0,1,2,1,0,0,2,2,0,1,0,0,2,1,2,1,1,0,2,0,1,1,2
0,1,2,1,1,0,0,2,1,0,0,0,0,0,0,0,1,0,1,2,0,2,2,0,1,1,0,1,1,1
0,1,1,1,0,0,0,1,0,2,1,1,1,1,2,0,0,0,0,0,0,2,0,1,0,2,0,1,1,1
0,1,1,1,0,0,1,0,0,1,2,1,1,2,1,1,0,0,0,0,1,2,2,2,1,1,0,1,1,1
0,1,2,1,0,0,1,0,1,0,1,2,1,1,2,0,0,1,1,0,2,0,0,0,0,2,0,1,0,2
0,2,2,1,1,0,0,2,1,0,2,1,0,0,1,0,1,0,0,2,2,2,2,1,0,2,0,1,1,2
0,2,1,1,1,0,1,0,1,0,2,0,0,1,2,0,0,0,0,0,0,2,2,0,1,1,0,1,1,0
0,1,2,1,1,1,1,0,0,2,2,1,1,2,0,1,0,1,0,2,2,2,2,1,0,2,0,1,1,2
0,1,2,1,1,1,1,0,0,0,2,0,1,0,0,1,1,1,1,1,2,2,2,1,1,2,0,1,1,1
0,1,1,1,1,0,2,0,1,1,0,2,0,2,0,0,1,0,0,2,1,2,2,1,1,1,0,1,0,0
0,2,2,1,0,1,0,0,1,1,0,2,0,2,2,0,1,0,0,0,1,2,2,1,1,2,0,1,1,0
0,1,2,1,1,1,2,0,0,1,1,0,1,2,1,2,1,1,1,2,0,2,2,1,0,1,0,1,1,0
0,2,2,1,1,1,0,0,0,1,0,2,1,2,2,1,0,0,1,2,2,2,0,2,1,1,0,1,1,2
0,0,2,1,1,0,0,2,1,0,0,0,0,0,0,1,0,1,0,1,2,2,1,0,1,1,0,1,1,1
0,1,2,1,1,1,0,1,0,2,2,1,1,1,2,1,1,1,0,0,2,2,1,1,1,0,1,0,1,0
0,1,2,0,1,0,2,2,0,1,0,0,0,0,0,1,1,1,0,2,0,1,2,1,0,0,0,1,0,0
0,1,0,1,0,0,1,0,0,2,1,0,1,2,2,0,1,1,0,1,1,0,0,0,1,1,0,0,0,2
0,1,2,1,0,1,1,0,0,0,2,2,1,2,1,0,1,0,1,2,2,2,2,1,0,1,0,1,1,1
0,1,0,1,0,1,0,0,0,1,1,0,1,0,2,1,0,1,1,2,1,2,0,1,0,1,0,1,1,0
0,1,2,1,1,0,2,1,0,1,1,2,0,0,0,1,0,0,1,0,0,2,1,0,1,0,0,1,1,1
0,1,2,1,1,0,2,0,0,2,0,1,0,2,0,1,0,0,0,2,2,2,2,2,0,0,0,1,1,2
0,2,2,1,1,0,1,0,0,1,2,2,0,2,1,0,0,0,1,0,2,2,0,2,1,2,0,1,1,1
0,1,2,1,1,0,1,0,0,0,2,1,0,2,0,1,1,1,1,2,2,2,2,1,1,0,0,1,1,1
0,2,1,0,0,1,2,2,0,0,1,1,1,2,1,2,0,1,0,1,0,1,0,1,1,2,0,1,0,2
0,1,2,1,1,0,2,0,0,0,2,2,1,0,0,1,1,1,1,0,1,2,2,1,1,1,0,0,0,0
0,2,1,1,0,1,1,1,0,2,2,1,1,2,2,0,0,1,1,0,0,2,0,2,1,1,0,0,0,0
0,2,2,1,1,1,0,2,0,0,0,1,1,0,2,1,1,1,1,2,2,2,2,1,1,0,0,1,1,2
0,2,2,1,0,1,2,0,1,2,2,0,1,0,2,1,1,1,1,0,2,2,2,1,1,1,0,1,0,1
0,1,2,1,1,0,2,0,0,2,2,1,1,2,2,1,0,2,1,0,2,0,0,0,0,0,0,1,0,2
0,1,2,1,1,0,1,2,1,0,2,0,0,2,0,0,0,1,0,2,2,2,2,2,1,2,0,1,1,1
0,1,2,0,1,1,2,2,0,0,1,1,1,2,1,0,1,2,1,1,0,1,2,1,0,1,0,1,0,1
0,2,1,1,1,1,1,0,0,0,2,2,0,0,0,0,1,1,0,0,0,2,2,1,1,0,0,1,1,0
0,1,2,1,0,0,0,2,0,0,1,0,1,0,2,2,1,1,0,0,2,0,0,1,1,1,0,1,1,2
0,1,1,1,1,1,2,0,1,1,2,1,1,2,0,1,1,1,1,2,0,2,2,1,0,0,0,1,0,0
0,1,0,1,1,1,2,0,1,1,1,2,0,2,0,2,1,0,0,0,1,2,2,2,1,1,0,1,0,1
0,1,2,1,1,0,2,1,1,2,0,2,1,1,0,1,0,0,0,1,2,2,0,2,0,1,0,1,1,2
0,2,2,1,1,0,0,0,0,2,2,2,0,2,2,1,1,1,0,1,1,2,0,1,0,0,0,1,1,2
0,2,1,0,0,0,1,2,1,0,0,0,0,1,1,1,0,1,1,2,1,1,2,1,1,1,0,1,0,2
0,1,2,1,1,0,1,2,0,0,0,1,0,2,0,1,1,0,1,2,1,2,2,2,0,2,0,1,1,1
0,2,2,1,1,0,1,0,0,1,1,0,0,1,0,0,0,1,1,1,2,2,2,0,0,0,0,1,1,1
0,1,2,1,1,0,2,0,0,2,2,1,0,2,0,1,0,2,1,0,2,2,2,0,1,2,0,1,1,0
0,1,2,1,1,1,1,0,1,2,1,0,1,2,2,0,0,1,1,2,2,0,2,2,0,2,0,1,0,1
0,1,0,1,1,1,1,0,1,2,2,0,1,0,0,1,1,1,1,2,2,2,2,1,0,1,0,1,1,1
0,0,0,1,1,0,0,0,0,1,0,2,0,2,0,1,0,1,0,2,2,2,2,0,1,1,0,1,0,0
0,1,2,1,1,0,2,2,0,1,0,1,0,0,0,1,1,1,1,2,2,2,2,1,0,1,0,1,1,2
0,2,2,1,0,0,0,2,1,2,2,2,1,2,2,0,1,2,1,0,2,2,2,1,1,0,0,1,1,0
0,2,2,0,1,0,2,0,1,1,2,0,1,1,2,0,1,0,0,0,2,0,2,1,1,2,0,1,1,1
0,1,0,1,0,0,0,2,0,1,0,0,0,0,2,0,0,1,1,1,2,2,2,0,0,2,0,1,1,2
0,1,1,1,0,0,1,2,1,0,1,2,0,2,1,0,1,0,0,0,0,2,2,1,1,1,0,1,1,0
0,1,0,1,0,0,0,0,1,1,1,1,1,1,2,2,0,0,0,0,1,2,0,2,1,2,0,1,0,2
0,2,2,1,1,1,2,2,0,0,0,2,1,0,2,0,0,0,0,2,1,2,0,1,0,2,0,1,1,2
0,1,2,1,0,1,1,2,1,0,0,1,1,2,1,0,1,1,1,0,1,2,2,1,1,0,0,1,1,2
0,1,2,1,0,1,2,0,0,1,2,2,0,0,2,0,1,0,1,2,2,2,2,0,1,1,0,1,1,2
0,2,2,1,1,1,0,0,1,1,1,2,0,2,2,0,0,1,1,0,1,2,0,1,0,2,0,1,0,0
0,1,2,1,0,0,1,1,1,1,1,2,1,2,2,0,0,1,1,2,0,2,0,2,0,0,1,0,1,2
0,2,2,1,1,1,2,0,1,2,0,0,1,2,2,0,1,1,0,0,0,2,0,1,0,2,0,1,1,1
0,1,0,0,1,0,1,0,1,1,0,2,0,2,0,0,1,0,0,2,2,2,2,1,1,2,0,1,1,2
0,1,2,1,1,1,2,2,0,1,1,0,1,0,0,1,1,1,0,0,0,2,2,1,0,2,0,0,0,0
0,0,2,1,1,1,2,0,0,2,2,2,0,2,1,2,1,0,0,0,2,0,2,2,0,0,0,1,1,2
0,2,2,1,1,0,1,2,1,2,0,2,1,1,1,1,0,1,1,0,0,2,2,0,0,0,0,1,1,2
0,2,2,1,1,0,0,0,0,1,2,1,0,2,2,1,1,1,0,0,2,2,0,1,0,2,0,1,1,1
0,2,2,1,0,1,1,2,1,0,1,1,1,0,2,1,1,1,0,2,2,0,0,1,0,1,0,1,0,0
0,2,2,0,0,0,0,0,1,1,1,2,1,2,2,0,1,0,0,2,1,1,2,1,1,2,0,1,0,0
0,1,2,0,0,0,2,0,1,0,1,1,1,0,0,0,0,0,0,1,0,1,1,2,0,0,0,1,0,2
0,1,2,0,1,0,2,0,0,2,0,1,0,2,0,2,0,2,1,0,0,1,2,1,0,1,0,0,1,1
0,1,2,1,0,0,2,2,0,0,2,0,1,2,1,0,0,0,0,1,2,2,2,2,0,2,0,1,1,2
0,1,2,1,0,0,2,2,1,1,2,1,1,2,1,1,1,1,1,2,0,2,2,1,0,0,0,1,1,1
0,2,2,1,1,0,1,0,0,2,2,2,1,2,2,0,0,2,1,1,2,2,2,2,1,0,0,1,1,1
0,1,2,1,1,1,2,2,0,2,1,0,1,1,1,1,1,0,0,2,2,2,0,2,1,0,0,0,0,1
0,1,2,1,1,1,2,0,0,1,1,1,0,2,0,1,1,0,1,2,1,2,2,1,1,2,0,1,1,1
0,1,2,1,0,1,1,1,0,2,2,2,1,0,1,1,0,2,1,0,2,2,2,0,1,1,0,1,1,0
0,2,2,1,1,0,1,2,1,0,0,2,0,2,2,0,1,0,0,0,0,2,0,0,1,0,0,1,1,2
0,2,0,0,0,1,0,0,0,2,1,0,1,2,0,1,0,2,0,0,2,1,1,2,0,0,0,1,0,0
0,1,0,1,0,1,1,2,1,1,1,2,0,1,2,0,0,2,0,0,2,2,0,0,0,2,0,1,1,1
0,1,0,0,0,1,0,0,0,2,1,2,1,2,0,1,0,1,0,2,2,1,2,1,0,0,0,1,0,0
0,1,2,1,1,1,1,0,0,2,1,0,0,2,0,2,1,0,0,0,0,2,2,2,0,1,0,1,1,0
0,1,2,1,1,0,2,0,0,2,1,1,1,0,0,0,0,1,1,2,0,2,2,0,0,2,0,1,1,2
0,1,2,1,0,1,1,0,1,2,2,0,1,2,1,2,0,1,1,0,2,0,2,1,0,2,0,1,0,0
0,1,1,1,1,0,1,0,1,0,2,0,0,0,0,0,0,0,0,2,1,2,2,2,0,0,1,0,1,2
0,1,0,1,1,0,0,0,0,2,0,2,0,2,0,1,1,1,1,2,2,2,2,1,1,0,0,1,1,2
0,1,2,1,1,1,1,2,0,1,2,1,1,0,2,0,0,1,0,2,2,2,2,0,1,2,0,1,1,2
0,2,1,1,0,1,2,0,0,1,1,1,0,2,2,1,0,1,1,0,1,2,2,1,0,2,0,1,1,1
0,1,2,1,1,0,1,0,1,2,1,2,1,0,0,2,1,2,0,0,2,0,2,1,1,1,0,1,0,1
0,0,0,1,0,0,0,0,0,2,2,2,1,2,0,2,1,2,1,1,1,2,1,0,1,2,0,1,1,2
0,1,1,1,1,1,0,0,0,0,0,1,0,2,0,1,0,2,0,0,1,2,0,2,0,2,0,1,1,1
0,1,2,1,0,1,1,0,0,2,1,1,0,2,2,1,1,2,1,2,0,2,2,2,1,1,0,1,1,2
0,2,2,1,0,0,1,0,1,1,0,0,1,1,2,0,0,0,1,0,0,0,2,0,1,2,0,1,1,2
0,1,0,1,1,1,1,0,1,2,1,2,1,2,0,1,1,2,0,1,1,2,0,1,0,1,0,1,1,2
0,1,1,1,1,0,2,0,0,1,0,2,1,2,0,2,0,2,0,1,1,2,0,2,1,0,0,1,1,1
0,0,2,0,0,1,2,0,1,0,1,1,1,1,1,0,1,0,0,0,1,1,2,1,1,2,0,1,0,0
0,1,1,1,1,1,0,2,0,0,2,0,1,0,2,0,0,0,0,1,1,2,1,0,0,1,0,1,0,1
0,0,0,1,1,1,0,1,1,0,0,0,1,1,0,1,0,1,0,1,0,2,2,0,0,2,0,1,1,0
0,1,2,1,1,1,0,2,0,2,2,0,1,0,0,0,0,0,1,2,2,2,2,1,0,2,0,1,1,2
0,1,2,1,0,0,1,2,0,1,0,1,1,0,0,1,0,1,1,0,2,2,2,1,0,1,0,1,1,2
0,1,0,1,0,0,0,0,1,0,2,1,1,2,2,0,1,0,1,2,1,1,2,2,1,1,0,1,0,1
0,1,2,1,0,0,0,0,0,2,2,1,0,2,1,1,1,1,1,0,2,2,2,1,1,1,0,1,1,1
0,2,1,1,1,0,0,2,1,2,0,2,0,1,1,2,1,2,1,0,1,2,2,0,1,2,0,1,1,1
0,1,2,1,1,1,0,0,0,0,0,0,1,2,0,0,0,1,0,1,2,2,2,2,1,0,0,1,1,0
0,1,1,1,1,0,2,0,0,2,0,2,1,0,1,1,0,2,0,2,2,2,2,0,0,1,0,1,1,1
0,1,2,1,0,0,2,0,0,0,2,1,0,2,2,1,1,1,0,0,0,2,2,1,1,0,0,0,0,1
0,1,2,1,0,1,1,2,0,1,0,0,1,0,1,1,0,1,1,2,2,1,2,1,0,0,0,1,0,2
0,1,2,1,1,1,1,0,0,1,2,1,1,2,0,1,1,1,0,2,0,2,2,1,0,0,0,1,1,0
0,1,2,1,0,0,2,2,1,0,2,0,0,0,0,1,0,2,1,2,2,2,1,0,0,0,0,1,1,2
0,1,2,0,1,0,1,0,0,0,1,2,1,0,0,2,1,2,1,2,0,1,2,0,0,0,0,1,0,2
0,1,1,0,1,0,0,0,1,2,0,1,0,2,0,1,0,0,1,2,0,1,2,2,0,2,0,1,0,0
0,1,2,1,0,1,0,2,1,0,2,0,0,2,1,0,1,1,0,2,0,2,2,1,1,2,0,0,1,2
0,1,0,1,1,1,2,0,0,1,0,1,0,1,1,0,1,0,1,1,0,2,0,0,1,1,0,1,1,2
0,1,1,0,1,0,1,2,0,1,0,1,0,0,1,1,1,1,1,1,2,1,1,1,0,2,0,1,0,1
0,1,2,1,1,0,2,1,0,1,0,0,0,2,2,0,1,0,0,1,1,2,1,1,1,1,0,1,1,1
0,2,2,1,1,0,1,0,1,1,2,2,0,2,2,1,0,1,1,0,2,2,0,1,0,2,0,1,1,1
0,2,1,1,1,0,0,0,1,0,0,1,1,2,1,0,0,1,1,0,1,2,2,2,1,0,0,1,0,2
0,2,2,0,1,0,0,2,0,0,0,2,0,2,1,1,1,1,1,2,0,1,2,1,1,0,0,1,0,2
0,2,2,1,1,1,2,0,0,2,2,0,0,1,2,1,0,1,1,0,0,2,2,0,0,0,0,1,1,0
0,1,2,0,1,1,0,0,0,0,2,1,1,0,0,1,1,1,0,0,2,0,2,0,1,0,1,0,0,0
0,2,2,1,0,1,2,2,0,0,0,1,1,0,2,1,0,2,1,2,2,2,2,0,0,2,0,1,1,1
0,1,2,1,0,1,0,0,1,1,2,1,0,1,2,1,0,0,1,2,1,0,0,2,1,0,0,1,0,0
0,1,1,1,0,0,2,0,0,1,1,1,0,1,1,0,1,1,0,1,2,2,1,0,0,1,0,1,1,2
0,1,1,1,0,1,0,2,0,0,2,1,0,1,0,1,0,1,0,1,2,0,1,0,1,0,0,1,0,2
0,0,2,1,1,0,1,2,0,0,2,1,1,2,0,0,0,1,0,0,2,2,2,2,1,2,0,1,1,0
0,2,1,1,0,1,2,0,0,0,1,1,0,2,2,1,0,0,0,2,0,2,2,2,0,0,0,1,1,1
0,1,2,1,1,0,0,0,0,0,1,1,0,1,2,0,0,1,1,1,2,2,1,2,1,0,1,0,0,2
0,1,2,1,0,0,0,2,1,2,0,2,0,2,2,2,1,2,0,0,0,2,2,1,1,0,0,1,1,0
0,1,0,1,1,0,2,0,1,2,0,0,1,1,2,1,0,2,1,0,2,2,0,0,0,2,0,1,1,1
0,1,0,1,1,0,1,0,0,0,2,0,1,1,2,0,0,0,0,1,0,2,1,0,0,1,0,1,1,1
0,2,2,1,0,0,2,2,1,0,1,1,0,1,2,1,0,1,0,0,0,2,2,0,1,2,0,1,0,0
0,1,2,1,1,1,1,0,0,0,1,0,1,0,2,0,1,2,1,0,2,2,0,1,1,1,0,1,1,2
0,1,2,1,0,1,1,2,0,1,2,0,1,0,0,1,0,1,1,1,0,2,1,1,0,0,0,1,1,0
0,2,2,1,0,0,0,2,0,0,2,2,0,2,1,0,0,1,0,0,1,2,0,2,1,1,0,1,1,2
0,2,0,1,0,0,2,2,0,1,1,1,1,0,1,0,1,0,1,1,1,2,1,1,0,2,0,0,1,2
0,1,2,1,0,0,1,2,1,0,2,0,1,2,1,1,1,1,1,2,2,2,2,1,1,1,0,1,1,1
0,2,2,1,1,0,1,0,0,2,1,0,0,1,2,1,1,1,0,0,0,2,2,1,0,2,0,1,1,0
0,1,2,1,0,0,2,2,0,0,0,0,0,2,2,0,0,0,1,0,2,2,2,2,1,2,0,1,1,0
0,1,2,0,1,0,0,2,1,2,0,1,0,2,0,0,0,2,1,2,0,1,2,2,0,0,1,0,0,1
0,1,2,1,0,0,1,0,1,0,2,0,0,0,2,1,1,2,1,0,0,2,2,1,1,2,0,0,1,0
0,1,2,1,1,0,0,0,0,2,2,1,0,2,0,2,1,2,0,0,2,2,2,1,1,2,0,1,1,1
0,2,2,1,0,1,0,2,1,1,0,2,0,0,1,1,0,1,1,1,0,2,0,0,0,2,0,1,1,1
0,1,2,1,1,1,2,0,1,2,2,0,0,0,0,0,1,0,0,2,2,2,1,1,0,2,0,1,1,0
0,2,0,0,1,0,0,0,0,2,1,0,1,2,2,1,1,1,1,1,1,2,1,1,1,2,0,1,1,2
0,1,2,1,0,1,2,0,0,1,2,0,1,0,1,1,1,1,0,1,0,2,1,0,1,0,0,1,1,0
0,1,2,1,1,1,0,2,0,1,0,1,1,1,2,0,0,0,0,1,0,1,1,0,1,1,0,1,0,2
0,1,2,1,1,1,2,0,1,1,1,1,0,2,0,0,1,0,1,0,0,2,2,0,1,2,0,1,1,1
0,2,1,1,1,0,1,0,0,2,0,1,0,2,1,0,0,0,0,2,1,2,2,2,0,0,0,1,1,2
0,2,2,1,1,1,0,1,0,2,2,1,1,2,2,0,0,1,1,0,2,2,0,2,0,1,0,1,1,1
0,1,2,0,1,0,1,1,1,2,1,0,0,0,2,1,1,1,0,1,2,0,1,1,0,2,0,1,0,2
0,0,0,0,0,0,1,0,0,0,0,2,0,2,1,0,1,1,1,0,2,1,2,1,1,2,0,0,1,2
0,2,0,1,1,1,2,0,1,1,0,0,1,1,1,1,0,0,0,2,0,2,2,2,1,0,0,0,0,1
0,1,1,1,0,1,1,0,0,1,0,2,1,1,2,1,0,2,0,1,1,2,0,0,0,2,0,1,1,1
1,1,1,0,0,1,2,0,0,1,0,0,0,0,1,0,0,0,1,0,2,1,2,0,1,2,0,1,0,0
0,0,2,1,0,0,2,0,0,0,2,2,1,2,1,2,1,2,0,0,0,2,2,1,0,0,0,1,1,1
0,2,1,1,0,1,0,0,0,1,1,1,1,2,0,0,1,0,0,0,2,2,1,0,1,1,0,1,1,2
0,2,2,1,1,0,1,0,0,0,1,2,1,2,2,0,0,2,0,0,0,2,0,2,0,2,0,1,1,2
0,2,2,1,0,0,0,0,0,0,0,2,1,2,0,0,0,0,0,2,2,2,2,2,0,2,0,1,1,2
0,1,2,1,1,0,2,2,0,2,2,1,1,2,2,0,0,2,1,0,0,2,2,2,1,0,0,1,1,0
0,1,2,1,1,0,0,2,0,0,2,0,1,2,0,0,0,1,1,2,2,2,0,2,1,0,0,0,1,0
0,1,0,1,0,0,2,0,1,2,2,2,1,2,2,0,0,1,1,0,1,2,2,0,0,0,0,1,1,0
0,2,2,1,1,1,2,0,1,1,1,0,1,0,0,2,1,1,1,0,0,2,2,1,0,0,0,1,1,1
0,2,2,1,1,0,0,0,0,0,2,2,1,2,1,0,0,0,0,2,2,2,2,0,0,1,0,1,1,2
0,1,2,1,1,0,0,2,1,0,0,1,0,2,2,0,1,0,0,0,2,2,1,1,1,1,0,1,1,1
0,2,2,1,1,1,2,1,1,1,1,1,1,2,1,1,1,0,1,2,0,2,0,1,1,2,0,1,1,2
0,2,2,0,1,1,0,2,0,1,0,1,1,0,2,0,1,0,0,1,0,1,0,1,1,0,0,1,1,2
0,2,1,1,0,0,2,0,0,0,1,0,1,2,1,0,1,1,1,0,2,2,2,1,1,1,0,1,1,0
0,0,2,1,0,0,1,0,0,1,2,2,1,2,1,2,0,0,0,0,2,2,2,2,1,1,0,1,1,2
0,2,1,1,0,1,2,0,0,0,2,1,1,1,2,2,0,2,1,0,2,2,2,0,0,0,0,1,1,2
0,1,2,1,1,1,1,0,0,2,0,2,0,2,0,0,0,0,0,2,2,2,2,0,0,2,0,1,1,0
0,2,2,1,0,1,1,0,1,0,2,2,1,2,0,1,1,1,0,0,2,2,0,1,0,2,0,1,1,2
0,2,2,1,0,0,1,2,1,0,2,2,1,2,2,1,0,1,1,0,2,0,2,0,0,0,0,1,1,0
0,1,2,0,0,0,2,2,1,1,1,0,0,2,1,0,1,1,0,0,2,1,2,1,0,1,0,1,0,0
0,2,2,1,1,0,2,0,1,1,2,2,1,1,1,1,0,0,1,2,0,0,2,2,1,2,0,0,0,1
0,2,2,0,1,1,2,0,0,2,1,2,0,2,1,0,1,1,0,0,0,1,0,1,1,1,0,1,0,0
0,1,2,1,0,0,1,0,0,1,0,1,0,2,1,0,0,1,1,2,2,2,2,0,0,1,0,1,1,2
0,1,1,0,1,1,1,2,1,0,1,1,1,1,2,0,1,0,1,2,2,1,0,1,0,2,0,1,0,0
0,2,2,1,1,0,0,2,0,0,0,2,1,0,2,0,0,0,0,0,1,2,1,1,0,0,0,1,1,0
0,2,2,1,0,0,1,0,1,1,1,2,0,1,2,0,0,2,1,0,0,2,2,2,1,1,0,1,1,1
0,2,2,1,1,0,1,0,1,1,1,2,0,1,0,0,0,0,1,0,0,2,2,0,1,1,0,1,0,1
0,1,2,0,0,1,2,0,0,2,1,0,0,2,2,0,0,2,0,2,0,1,2,2,0,1,0,1,0,0
0,1,0,1,1,1,1,0,0,2,2,0,0,0,2,1,1,1,0,1,0,2,1,1,0,1,0,1,1,1
0,0,2,1,1,1,2,0,1,2,2,2,1,2,0,0,1,0,0,2,2,2,2,1,0,1,0,1,1,2
0,1,2,1,1,0,1,2,1,0,2,1,0,0,0,0,1,1,0,0,2,2,2,0,1,2,0,1,1,0
0,2,2,1,1,1,0,2,0,1,0,1,1,0,1,1,0,1,0,2,1,2,2,1,0,2,0,1,1,2
0,1,0,1,1,0,2,0,1,2,1,1,1,2,0,0,0,2,0,0,1,2,2,2,1,2,0,1,0,1
0,2,2,1,1,0,1,2,0,1,1,2,1,1,1,0,1,1,0,0,0,2,2,2,1,2,0,1,0,1
0,0,2,1,1,0,1,0,0,1,2,2,0,2,1,1,1,0,0,2,2,2,0,2,1,1,0,1,1,0
0,1,2,1,0,0,1,0,0,1,2,2,1,2,2,1,1,1,1,2,1,2,2,1,0,0,0,1,1,1
0,1,2,1,0,0,1,0,1,1,2,0,1,2,2,1,0,0,1,2,0,1,2,2,1,2,0,1,0,1
0,1,2,1,1,0,1,0,0,2,2,2,0,2,2,1,1,1,0,2,2,2,0,1,1,0,1,0,1,1
0,2,2,1,1,0,0,0,1,1,1,2,1,0,1,2,0,0,1,0,0,2,2,0,1,1,0,1,1,1
0,2,2,1,1,0,1,0,0,2,1,0,1,1,1,0,1,0,1,1,2,2,2,0,0,1,0,0,1,1
0,2,2,1,1,0,2,0,0,1,0,0,1,2,2,1,0,0,0,2,0,2,0,2,1,2,0,1,1,0
0,2,2,1,0,1,0,0,1,1,0,1,1,2,1,1,0,0,0,0,2,2,2,2,1,1,0,1,0,0
0,1,2,1,1,0,1,2,0,0,2,0,1,0,0,1,1,1,1,0,0,2,2,1,1,0,0,1,1,1
0,2,2,1,1,0,0,1,0,1,2,2,0,1,1,0,0,1,1,0,2,2,2,2,0,0,0,1,1,1
0,2,2,1,1,0,0,0,0,2,2,2,0,2,2,0,0,1,1,0,0,2,0,2,1,2,0,1,1,1
0,1,2,1,0,1,1,2,0,0,0,0,1,0,2,1,1,0,1,0,0,2,0,1,1,0,0,1,1,1
0,1,2,1,1,0,1,0,1,1,1,1,0,0,0,0,1,1,0,0,0,2,2,1,1,0,0,1,1,2
0,2,2,1,1,1,0,0,0,1,0,1,1,2,2,1,0,0,1,0,0,2,0,2,1,0,0,1,1,1
0,1,0,1,1,1,1,0,1,0,2,0,1,1,0,0,1,2,0,2,0,2,0,1,1,0,0,1,0,0
0,2,2,0,1,1,0,0,1,1,1,2,0,2,1,0,0,1,0,2,1,0,2,2,0,1,0,1,0,0
0,1,2,1,1,1,1,2,0,2,1,1,0,2,0,1,0,2,1,2,1,0,2,2,1,1,0,1,1,0
0,2,2,1,1,0,0,2,1,1,0,2,0,1,1,1,0,1,1,2,1,2,2,0,0,2,0,1,1,2
0,2,0,1,0,0,1,0,1,0,2,0,1,2,1,0,0,0,0,1,2,1,1,0,0,1,0,1,0,1
0,1,0,0,0,1,1,1,1,2,2,0,1,0,2,0,0,1,1,0,0,1,2,0,1,1,0,1,0,1
0,1,0,1,1,1,1,0,0,2,2,0,0,0,0,1,0,1,1,0,1,2,2,1,0,1,0,1,1,1
0,1,2,1,1,1,2,1,0,1,1,0,1,0,0,1,1,1,1,2,1,2,2,1,0,2,0,1,1,1
0,1,2,1,0,1,0,1,0,0,1,2,0,1,2,1,0,2,1,0,1,1,0,0,0,2,0,1,0,2
0,2,0,1,0,1,2,0,1,2,1,2,0,2,2,0,0,0,0,2,1,2,2,1,0,0,0,1,1,0
0,1,1,1,1,0,2,0,1,2,0,1,0,2,0,1,1,1,0,0,1,2,2,1,0,2,0,1,1,0
0,1,2,1,0,1,0,2,0,0,2,0,1,0,1,1,1,1,0,0,0,2,2,1,1,1,0,1,1,2
0,2,1,0,1,0,0,2,0,0,0,0,0,1,1,1,0,1,1,0,2,1,2,1,1,1,0,0,0,2
0,2,2,1,0,1,0,2,1,1,0,1,1,1,2,0,0,0,0,2,0,2,2,0,0,0,0,1,1,2
0,2,2,1,1,1,2,0,0,1,2,0,0,0,0,1,1,1,0,2,0,2,2,1,0,0,0,1,1,0
0,1,2,1,1,0,1,2,0,1,2,1,1,2,2,0,1,0,0,2,2,2,2,2,0,2,0,0,1,2
0,2,2,1,1,0,0,0,0,2,1,2,1,2,2,0,1,0,1,1,1,1,1,0,0,1,0,1,0,1
0,1,1,1,1,1,0,2,1,0,0,0,1,2,0,0,0,1,0,0,1,2,2,2,1,2,0,1,0,2
0,2,2,1,1,1,1,0,1,1,2,2,1,0,2,1,0,1,0,0,0,2,0,1,0,1,0,0,1,0
0,1,2,0,0,1,1,0,1,2,2,0,1,2,2,1,0,0,1,0,1,1,2,2,0,1,0,1,0,0
0,1,2,1,1,0,1,2,0,1,2,2,1,2,1,1,0,2,1,0,0,2,2,2,1,0,0,1,1,0
0,1,1,1,1,1,1,0,1,1,1,1,0,2,1,0,0,1,1,2,2,2,2,0,0,2,0,1,1,0
0,1,2,1,1,0,2,2,0,1,1,1,1,1,2,0,0,1,1,0,0,2,2,1,0,0,1,0,1,1
0,2,2,1,0,1,0,0,0,1,1,2,0,2,1,0,1,0,0,0,2,2,0,1,1,1,0,1,0,2
0,1,2,0,1,1,2,0,0,2,1,0,1,0,0,0,1,2,0,0,1,1,2,2,1,2,0,1,0,1
0,1,1,1,1,0,0,2,0,1,0,0,1,0,0,1,0,1,0,1,1,2,0,1,0,2,0,1,1,0
0,0,2,1,1,0,2,0,0,0,2,2,0,2,2,1,0,0,0,2,2,2,2,2,0,2,0,1,1,1
0,1,2,1,0,1,1,1,1,1,2,2,1,0,1,0,0,0,1,2,1,1,2,1,0,2,0,1,0,2
0,1,2,1,1,0,2,0,1,0,0,1,1,2,1,1,0,0,1,2,0,2,2,2,0,1,0,1,0,0
0,2,0,1,1,0,1,2,1,1,0,1,0,2,1,1,0,2,1,0,0,2,2,0,1,1,0,1,1,0
0,2,1,1,0,0,2,0,1,1,1,1,1,1,2,0,1,0,0,1,2,1,2,0,1,2,0,1,0,1
0,2,2,1,0,0,0,0,0,0,2,2,1,2,2,1,0,1,1,2,2,0,2,0,0,0,0,1,1,0
0,2,1,1,1,1,0,0,1,1,2,2,0,0,2,0,1,0,0,2,0,2,2,1,1,0,0,1,1,2
0,2,2,1,0,0,0,2,0,1,2,2,0,2,2,0,0,0,1,0,0,2,2,2,1,2,0,0,1,1
0,2,2,1,0,0,0,0,0,1,0,2,1,2,2,1,0,1,1,2,2,2,2,1,0,1,0,1,0,2
0,1,1,1,1,0,2,2,1,2,0,0,0,2,0,1,0,2,1,1,1,2,2,0,1,1,0,0,1,0
0,1,2,1,1,0,2,0,0,2,2,1,0,2,0,1,0,0,1,0,2,2,2,2,0,0,0,1,1,2
0,1,0,1,0,0,2,0,0,2,0,0,1,1,0,2,1,2,1,2,0,2,1,0,1,2,0,1,1,0
0,0,2,1,0,0,0,0,0,2,2,2,0,2,1,0,0,1,0,2,2,2,2,0,0,0,0,1,1,2
0,1,1,1,1,0,1,0,0,0,0,1,1,2,0,0,0,1,1,2,1,2,2,0,0,0,0,0,1,2
0,1,1,1,1,1,2,2,0,1,1,1,1,0,2,2,1,2,0,2,0,2,1,1,0,2,0,1,1,1
0,0,2,1,1,1,2,0,0,1,2,2,1,2,1,1,1,1,0,2,0,2,2,1,0,0,0,1,1,2
0,0,2,1,1,1,2,0,0,1,2,1,0,0,1,1,1,1,1,2,0,2,2,1,0,0,0,1,1,1
0,0,2,1,0,1,1,0,0,0,0,2,1,2,1,0,1,1,0,1,0,2,1,2,1,1,0,1,1,2
0,1,2,1,0,1,1,0,1,2,2,1,1,2,1,1,1,0,0,0,2,2,2,2,0,0,0,1,0,2
0,1,2,1,1,1,0,0,1,2,2,1,1,2,1,1,0,1,0,2,2,2,2,1,0,2,0,1,1,0
0,1,2,1,1,0,2,0,0,0,1,2,1,1,0,0,0,0,0,0,0,2,0,0,0,1,0,1,1,0
0,2,2,1,0,0,1,2,1,1,0,0,0,1,1,1,0,2,0,2,1,2,2,0,0,2,0,1,1,1
0,1,2,1,0,0,2,0,1,2,2,0,1,1,1,1,0,2,0,1,0,2,1,0,0,0,0,1,1,2
0,2,2,1,1,0,1,2,1,0,0,0,1,2,2,2,0,2,1,0,2,2,0,0,0,2,0,1,1,1
0,1,1,1,1,0,2,2,0,0,2,0,0,2,0,1,0,0,0,2,0,2,2,2,0,2,0,1,1,0
0,1,2,1,1,0,1,0,1,1,0,1,0,2,0,1,1,1,1,0,0,2,0,1,0,1,0,1,1,2
0,1,2,1,0,0,0,0,0,0,2,1,0,2,1,0,1,1,0,0,2,2,2,2,1,0,0,1,1,0
0,1,2,1,1,1,0,2,0,0,1,0,0,0,0,1,0,1,0,2,0,2,2,1,0,2,0,1,0,0
0,2,0,1,1,1,0,0,0,1,1,0,1,2,2,1,1,0,1,2,1,2,0,1,1,2,0,1,1,1
0,1,0,1,0,0,1,0,0,1,2,0,0,2,2,0,0,1,0,2,1,2,2,2,1,2,0,1,1,1
0,2,2,1,1,0,2,2,0,0,2,1,0,0,2,0,1,1,0,0,0,2,0,1,1,1,0,1,1,0
0,2,2,0,0,1,2,0,1,1,0,0,0,0,2,0,0,0,1,0,0,1,2,0,1,2,0,1,0,0
0,1,2,1,1,0,0,2,1,1,2,0,0,0,0,0,0,1,0,2,0,0,2,0,0,1,0,1,0,0
0,1,2,1,1,1,1,0,0,2,1,0,0,2,0,1,1,1,0,2,0,2,2,1,0,0,0,1,1,1
0,0,1,0,0,1,0,0,0,2,2,2,1,2,1,1,0,0,0,2,2,1,2,1,0,1,0,1,0,1
0,1,2,1,1,0,0,2,1,0,2,1,0,2,0,1,1,1,1,0,2,2,2,1,1,2,0,1,1,0
0,1,1,1,0,0,1,2,1,1,0,0,0,2,1,1,0,1,0,0,1,2,2,0,1,2,0,1,1,2
0,1,2,1,1,1,1,0,0,2,2,1,1,2,0,1,0,0,1,2,2,2,2,2,0,1,0,1,1,2
0,1,1,1,1,1,1,1,1,1,2,0,1,0,2,1,0,1,0,1,0,2,0,1,0,2,0,1,1,1
0,2,1,1,0,1,1,2,0,0,1,1,0,0,2,1,1,1,1,0,0,2,2,1,1,0,0,1,1,0
0,1,2,1,1,0,0,2,0,2,2,1,1,2,0,1,0,0,1,2,0,2,2,2,1,1,0,1,1,2
0,1,0,1,1,1,0,2,0,2,1,2,1,0,2,0,0,2,1,1,1,2,1,1,0,0,0,1,1,0
0,1,2,1,0,1,1,0,0,0,1,0,1,2,1,0,0,1,0,1,0,2,1,2,1,2,0,1,1,2
0,1,2,1,1,0,2,2,1,0,2,1,1,2,0,0,0,0,0,2,2,2,2,1,0,1,0,1,0,2
0,2,2,1,0,0,0,0,0,0,1,0,1,0,2,0,0,0,1,2,0,2,2,1,0,2,0,1,1,1
0,1,2,1,1,1,0,0,0,1,2,0,1,0,0,1,0,1,0,0,1,2,0,0,0,2,0,1,1,1
0,1,1,1,1,0,1,2,1,0,2,2,1,1,0,0,0,0,1,0,0,2,0,0,0,1,0,1,1,1
0,1,0,1,0,1,2,0,0,0,0,0,0,1,2,0,0,0,0,0,2,2,0,2,0,0,0,0,0,0
0,1,2,0,1,1,0,2,1,0,0,1,0,1,2,1,0,1,0,0,0,1,0,1,1,2,0,1,1,1
0,2,1,1,1,0,0,2,1,1,2,2,0,1,1,1,0,1,1,0,1,2,2,0,1,0,0,1,1,0
0,1,1,1,1,0,2,0,1,2,2,0,0,0,2,1,0,1,1,1,2,2,1,1,0,0,0,1,1,1
0,1,2,1,1,1,2,2,1,1,0,1,1,2,0,0,1,1,0,1,0,2,2,1,1,0,0,1,1,0
0,2,0,1,1,1,0,2,0,1,1,0,1,1,2,0,1,1,1,1,1,2,2,2,0,2,0,1,1,1
0,1,2,1,0,1,1,0,0,1,0,1,0,2,1,2,0,0,0,0,2,2,2,2,1,1,0,1,1,0
0,1,2,1,1,1,0,2,1,0,1,0,1,0,2,0,1,1,1,2,0,2,2,0,1,2,1,0,0,1
0,2,2,1,1,0,0,0,0,1,2,0,0,1,1,1,0,1,1,2,2,2,2,0,0,0,0,1,1,1
0,2,2,1,1,0,1,2,0,2,0,2,1,2,0,1,0,2,0,0,2,2,0,2,0,2,0,1,1,1
0,1,2,1,1,1,1,0,1,2,0,1,0,2,0,0,0,0,0,1,2,2,2,0,0,0,0,1,0,0
0,1,2,1,1,0,2,1,1,1,1,2,1,2,0,1,0,1,1,2,0,2,2,0,0,1,0,1,1,0
0,1,2,1,1,1,0,2,0,0,0,1,1,2,0,1,0,2,0,2,2,2,2,2,0,2,0,1,1,1
0,1,2,1,1,1,1,0,0,2,0,1,0,2,2,0,0,2,1,0,2,2,0,1,0,2,0,1,1,0
0,1,2,1,0,0,1,0,0,1,1,2,0,1,2,0,0,1,0,2,0,2,0,0,0,2,0,1,1,2
0,1,2,1,1,0,1,0,0,1,2,1,1,0,0,1,0,1,0,0,2,2,2,0,0,2,0,1,1,0
0,0,2,0,1,0,0,2,1,1,1,0,0,2,2,1,1,0,1,0,2,1,2,2,0,2,0,1,0,1
0,2,2,0,1,0,0,0,1,2,0,0,1,0,2,1,1,1,1,0,0,1,0,1,1,2,0,1,0,0
0,1,0,1,1,1,0,0,0,1,1,2,0,2,0,0,0,1,1,2,0,0,2,2,0,2,0,1,1,0
0,2,0,1,0,0,0,1,1,1,0,2,1,0,2,1,0,1,1,1,2,2,0,0,0,1,0,1,1,2
0,0,1,1,0,0,1,2,1,0,2,2,0,2,0,1,0,1,1,0,0,2,2,0,0,1,0,1,1,0
0,1,2,1,1,1,1,2,1,0,2,1,0,2,0,1,1,1,1,0,1,2,2,1,1,0,0,1,1,0
0,2,2,1,1,0,0,0,0,0,2,0,1,1,1,1,0,1,0,0,2,2,2,0,1,2,0,1,1,2
0,2,2,1,0,1,0,2,0,1,0,0,0,1,2,1,0,0,0,2,2,2,2,2,1,0,0,1,1,0
0,0,1,1,1,1,0,0,1,2,0,2,1,2,0,1,0,1,0,2,1,2,2,0,1,1,0,1,1,2
0,1,2,1,0,1,2,1,1,1,1,1,1,1,2,2,1,2,1,2,0,2,0,0,1,2,0,1,1,2
0,2,2,1,1,0,2,0,0,2,1,2,0,2,1,2,0,2,1,2,0,2,2,0,0,0,0,1,1,0
0,1,1,1,0,0,2,2,1,1,0,0,1,2,2,0,1,1,1,2,1,2,2,1,0,1,0,1,1,2
0,2,2,1,0,0,0,0,0,1,2,2,0,2,2,1,0,0,1,2,2,0,0,2,1,2,0,1,0,1
0,1,2,1,1,1,1,0,0,2,1,1,0,2,1,0,0,0,1,0,0,2,2,0,0,0,0,1,1,1
0,1,0,1,0,0,1,0,1,1,1,1,1,0,1,0,1,1,1,2,1,2,2,1,0,1,0,1,1,1
0,1,0,1,1,1,1,2,1,1,0,0,1,0,0,0,0,0,0,0,2,2,2,2,1,2,0,1,1,2
0,1,0,1,1,0,2,0,0,2,0,1,1,0,0,0,0,1,0,2,2,2,2,0,0,1,0,1,1,2
0,2,1,1,1,0,1,0,1,2,2,2,1,0,1,0,0,0,0,2,2,2,2,1,0,2,0,1,1,0
0,2,0,1,1,0,0,0,0,0,2,2,0,0,0,1,0,1,0,2,0,2,2,1,0,1,0,1,1,0
0,1,2,1,1,1,0,0,0,2,1,1,0,0,0,2,1,2,1,0,0,1,2,0,1,2,0,0,0,2
0,2,2,1,1,0,1,2,0,1,2,2,0,0,1,1,1,1,0,0,0,2,2,1,0,1,0,1,1,2
0,1,2,1,0,1,1,2,0,2,1,1,1,2,2,1,1,0,0,2,0,2,2,1,0,1,0,1,1,1
0,1,2,1,1,0,0,0,1,2,1,2,1,0,1,1,1,1,0,1,0,2,0,1,0,0,0,1,1,2
0,1,2,0,1,1,1,0,1,0,1,0,0,2,0,0,1,0,1,2,1,1,2,1,0,1,0,1,0,1
0,1,2,1,0,0,0,2,0,0,0,1,0,2,0,0,1,1,0,1,2,2,1,2,1,0,0,0,1,1
0,1,2,1,1,0,2,2,0,0,2,1,1,2,0,1,0,0,1,2,2,2,2,2,1,0,0,1,1,1
0,2,1,0,1,0,2,0,1,0,1,2,1,1,1,2,0,2,0,0,0,1,2,1,1,1,0,1,0,0
0,2,2,1,1,0,0,2,0,1,2,2,1,2,2,0,0,1,1,0,2,2,0,1,0,1,0,0,0,0
0,2,2,1,0,0,1,0,0,1,1,2,0,0,2,0,1,0,1,0,0,2,0,0,1,0,1,1,1,1
0,2,0,1,0,0,1,0,1,1,1,2,1,2,0,1,1,0,1,2,1,2,0,1,1,1,0,1,1,1
0,2,2,1,1,0,0,2,0,1,0,0,0,1,1,1,0,1,1,2,0,2,2,0,0,1,0,1,0,2
0,2,2,1,1,0,1,0,0,2,2,1,0,2,0,0,0,0,1,2,1,2,2,1,0,1,0,1,1,1
0,1,2,1,1,1,2,0,0,1,2,0,0,1,0,2,1,2,0,2,2,2,0,0,1,1,0,1,1,0
0,2,2,1,0,1,2,0,1,2,2,0,0,0,2,1,1,1,0,1,2,0,2,1,0,0,0,1,0,0
0,1,1,0,0,1,1,0,1,2,0,0,1,2,2,0,1,0,0,1,0,1,2,2,0,2,0,1,0,2
0,1,2,0,0,1,1,0,1,2,1,0,1,2,1,0,0,2,0,0,1,1,0,2,0,2,0,1,0,2
0,1,0,1,1,1,1,0,0,2,1,2,0,2,0,0,1,2,1,2,0,2,2,1,0,0,0,1,1,2
0,1,2,1,0,0,2,2,0,0,2,1,1,2,1,0,0,1,0,0,2,2,2,2,1,2,0,1,1,0
0,0,1,1,1,1,0,2,1,1,1,0,0,2,2,0,1,0,0,0,2,2,2,1,1,1,0,1,1,1
0,1,2,1,1,0,1,2,1,1,2,0,0,2,0,0,1,1,0,2,2,2,2,1,0,0,0,1,1,0
0,2,2,1,0,0,1,0,0,2,2,2,1,1,2,2,1,2,1,0,2,2,2,0,0,0,0,1,1,1
0,1,2,1,0,1,2,2,0,0,0,0,1,0,1,1,1,1,1,0,0,2,1,1,1,1,0,1,1,1
0,2,2,1,0,0,0,2,0,1,2,2,1,2,2,0,0,2,0,0,1,2,2,2,0,0,0,1,1,1
0,1,2,1,1,0,1,2,0,0,1,0,1,1,0,0,1,0,0,0,0,2,0,0,0,2,0,1,0,2
0,2,2,1,0,1,2,0,1,0,1,0,0,0,1,0,0,1,1,0,0,2,2,1,0,2,0,1,1,1
0,2,2,0,1,1,2,0,1,0,1,1,0,0,1,0,1,1,0,2,1,1,2,1,1,1,0,1,1,0
0,1,1,0,0,1,1,0,0,1,0,0,0,0,1,0,0,1,1,0,2,1,2,2,0,1,0,1,0,2
0,1,1,1,0,1,0,2,1,0,0,0,1,2,1,1,0,1,1,1,2,0,2,0,1,1,0,1,1,2
0,1,2,1,0,1,1,0,1,2,2,0,0,1,2,1,0,1,1,1,2,1,0,0,1,1,0,1,0,0
0,2,2,1,1,1,2,0,0,1,1,2,1,2,0,1,1,0,0,1,0,2,2,2,1,2,0,1,1,0
0,1,2,1,1,1,2,2,0,1,0,1,1,2,0,2,1,0,1,0,0,2,2,2,1,2,0,1,1,0
0,2,2,1,1,0,0,0,1,0,2,1,0,2,2,1,0,1,1,1,1,2,1,0,1,2,0,1,1,1
0,0,1,1,1,0,1,0,0,1,2,2,0,2,1,1,0,0,0,2,0,2,2,2,1,2,0,1,1,2
0,0,2,1,1,1,0,0,1,1,2,1,1,2,2,0,1,0,0,0,2,2,2,1,1,0,0,1,1,2
0,2,2,1,1,0,1,0,0,2,0,2,0,2,2,1,0,2,0,2,1,2,0,2,1,2,0,1,1,1
0,2,2,1,0,1,0,0,1,1,1,0,0,0,2,0,0,0,1,0,2,0,2,0,1,2,0,1,1,1
0,1,0,1,1,1,2,0,0,0,0,2,1,2,0,1,0,1,0,1,2,2,0,0,1,1,0,1,1,1
0,1,1,1,1,1,1,0,0,2,1,1,0,2,0,0,0,1,0,0,1,0,2,2,1,2,0,1,1,0
0,1,2,1,1,0,1,0,0,0,2,1,0,2,0,0,0,1,0,1,2,2,2,0,0,2,0,1,1,2
0,1,1,1,1,0,2,2,1,1,0,0,1,2,1,0,1,0,1,0,2,1,2,0,1,1,0,1,0,0
0,2,2,1,1,0,0,2,0,1,0,2,1,2,1,0,0,1,1,2,0,2,2,2,0,2,0,0,1,2
0,1,1,1,1,0,1,0,0,1,0,2,1,2,0,1,0,1,0,2,2,2,2,1,0,1,0,1,1,1
0,1,2,1,1,1,0,2,1,0,1,2,1,0,0,1,1,1,0,1,2,0,2,0,1,2,1,0,0,0
0,1,2,1,1,1,0,0,0,0,1,2,1,0,2,1,0,1,0,0,2,2,1,0,1,1,0,1,1,0
0,1,2,1,0,1,0,0,1,0,0,1,0,1,2,0,0,1,1,0,0,2,0,0,0,1,0,1,1,0
0,2,2,0,0,0,2,2,0,0,0,2,0,2,2,1,1,1,1,0,1,0,2,1,1,0,0,1,0,2
0,2,2,0,1,1,2,0,0,1,0,2,0,2,2,1,1,1,1,1,0,1,1,1,0,2,0,0,1,0
0,1,2,1,1,0,1,0,0,1,2,0,0,2,0,0,1,1,1,2,2,2,2,1,0,1,0,1,1,1
0,2,2,1,1,1,0,2,0,1,1,1,1,1,1,0,0,1,1,2,0,2,2,2,0,1,0,1,1,0
0,2,2,0,1,0,2,1,1,2,1,0,1,0,2,1,1,1,1,2,0,1,0,1,1,0,0,1,0,0
0,2,2,0,0,1,1,0,1,1,2,0,0,1,2,0,0,2,0,2,0,2,2,2,0,0,0,0,0,1
0,1,1,1,0,0,1,2,1,0,0,0,0,2,2,1,0,0,0,0,2,1,2,2,1,1,0,1,0,0
0,1,2,0,0,1,0,0,0,0,0,1,0,2,1,1,0,1,1,2,0,1,2,1,1,0,0,1,0,2
0,0,1,1,1,0,1,2,1,1,2,0,0,2,0,1,1,1,0,2,2,2,2,1,0,1,0,1,1,2
0,1,2,1,0,0,1,0,0,1,1,1,1,2,1,2,1,1,0,2,2,0,2,1,0,0,0,1,1,0
0,2,0,1,1,0,0,2,0,0,2,2,0,2,0,0,0,0,0,0,1,2,0,1,0,1,0,1,1,1
0,1,2,1,1,0,2,0,0,2,2,1,0,2,2,1,0,0,0,2,0,2,2,2,0,1,0,1,1,1
0,2,2,1,1,0,1,0,1,2,1,2,1,2,2,0,1,0,0,0,0,2,0,0,0,1,0,0,1,2
0,1,1,1,0,0,2,2,1,2,2,0,0,1,1,1,0,2,1,2,0,2,2,0,1,0,0,1,1,0
0,1,2,1,1,0,1,2,1,1,0,0,1,2,0,0,0,1,0,2,2,2,2,2,1,2,0,1,1,0
0,2,2,1,0,0,2,0,0,2,0,1,1,1,2,2,0,2,1,0,1,2,2,0,0,2,0,1,1,1
0,1,2,1,0,0,0,0,0,2,2,0,0,2,1,1,1,1,0,0,0,2,2,1,0,0,0,1,1,0
0,2,0,1,1,1,1,0,0,0,2,0,0,0,1,1,0,1,1,2,0,2,2,0,0,1,0,1,1,1
0,2,0,1,0,0,0,0,1,1,0,2,0,1,2,1,0,0,1,2,2,2,2,0,1,1,0,1,1,1
0,1,2,0,0,0,2,0,0,0,0,1,1,0,1,2,1,2,1,0,0,1,2,0,1,1,0,0,1,1
0,1,2,0,0,0,1,2,1,0,1,0,1,1,1,1,0,1,0,1,0,1,0,1,1,1,0,0,1,1
0,1,2,1,0,0,1,0,1,1,1,2,0,0,0,0,1,2,1,1,0,2,1,1,1,2,0,1,1,0
0,1,1,1,1,1,1,2,0,1,2,1,0,0,0,1,0,1,1,0,0,2,2,0,0,1,0,1,0,0
0,1,0,1,1,0,2,1,0,2,1,0,1,2,0,1,0,2,0,2,0,2,2,2,0,0,0,1,1,1
0,1,0,0,1,0,2,0,1,1,1,0,0,0,0,1,1,1,1,0,1,1,2,1,0,1,0,1,1,1
0,1,2,1,0,1,1,2,1,0,2,1,0,2,2,0,1,1,0,2,2,2,2,1,1,1,0,1,1,2
0,2,2,1,0,0,1,0,0,0,0,2,1,1,2,0,1,1,1,0,0,2,2,0,1,0,0,1,1,2
0,1,0,1,1,0,0,2,1,2,0,0,0,2,1,0,0,0,1,2,0,2,2,0,0,2,0,1,1,0
0,0,0,1,1,1,2,0,0,1,2,2,1,0,2,1,1,1,0,0,0,0,2,1,0,2,0,1,1,0
0,1,2,1,0,0,0,2,1,0,0,1,0,1,0,1,0,1,0,0,2,2,1,0,1,1,0,1,1,0
0,1,2,1,1,1,1,0,0,2,1,2,0,0,0,0,1,1,0,0,0,0,1,1,1,0,0,1,0,2
0,0,2,1,1,0,1,1,0,1,1,1,0,2,1,0,0,0,0,2,0,2,2,1,0,0,0,1,1,1
0,1,2,0,0,1,1,2,1,2,1,1,1,2,1,0,0,2,0,0,0,1,2,1,1,1,0,1,0,1
0,1,2,1,1,1,1,0,0,2,2,1,1,2,0,1,1,1,0,0,0,0,2,1,0,2,0,1,0,2
0,2,2,1,1,1,0,2,1,0,2,2,0,2,2,0,1,1,0,0,1,0,1,0,1,2,0,1,0,1
0,2,0,1,0,0,1,0,1,1,0,2,0,1,1,1,0,1,0,2,2,2,2,1,0,1,0,1,1,0
0,1,0,1,1,0,0,2,0,0,2,2,1,2,0,0,0,0,0,2,1,2,2,2,0,1,0,1,1,0
0,1,2,1,1,0,1,2,1,1,2,2,0,0,2,1,0,1,1,0,2,2,1,0,1,2,0,1,1,1
0,1,1,1,0,0,2,0,1,2,1,0,0,0,0,0,0,0,0,1,0,0,1,1,0,1,0,1,1,2
0,2,1,1,1,0,1,0,0,1,0,1,0,2,2,0,1,0,0,1,1,2,1,1,1,0,0,0,1,1
0,1,1,1,0,1,0,0,1,0,1,0,0,0,1,0,1,1,0,0,0,2,2,1,1,1,0,1,1,0
0,1,2,1,1,1,0,0,1,0,1,0,0,2,0,0,0,0,0,2,1,2,2,2,1,0,0,0,0,0
0,1,2,1,1,0,2,0,1,1,1,2,1,1,0,1,0,0,0,2,2,2,0,2,1,1,0,0,0,2
0,1,2,1,1,1,0,0,0,0,2,1,0,2,0,1,0,0,1,2,2,2,2,2,0,1,0,1,1,0
0,2,2,1,1,0,2,2,0,1,2,1,1,2,1,2,1,2,1,0,0,2,2,2,1,2,0,1,1,0
0,2,1,1,1,1,1,2,1,1,0,1,1,2,2,0,1,1,1,2,1,2,2,1,0,0,0,0,1,2
0,1,2,1,1,0,0,2,1,0,0,0,0,0,0,1,1,1,1,2,0,2,2,1,0,2,0,1,1,2
0,2,1,1,1,0,1,2,0,0,2,1,0,2,2,0,0,2,0,2,2,2,0,2,0,2,0,1,1,0
0,1,2,1,1,0,2,2,1,2,2,1,0,2,2,0,0,0,0,0,2,2,0,1,0,2,0,1,1,0
0,1,2,0,1,0,2,2,0,0,0,1,0,2,2,1,0,1,1,0,0,1,2,1,1,0,0,1,0,2
0,1,2,0,1,1,2,0,1,2,0,1,0,0,0,1,0,1,1,2,0,1,0,1,1,0,0,0,1,2
0,1,2,1,1,0,2,0,0,0,2,1,1,2,0,0,0,0,1,2,0,2,2,1,0,1,0,1,1,1
0,2,1,1,1,0,0,0,1,0,2,1,0,1,1,0,0,1,0,2,0,2,2,0,0,1,0,1,1,2
0,1,2,1,1,1,2,0,1,0,2,2,0,1,2,1,0,1,1,2,2,2,0,0,1,2,0,1,0,1
0,1,2,0,0,1,1,0,0,1,1,0,0,2,1,0,1,0,0,0,0,1,2,1,1,1,0,1,0,1
0,2,1,1,1,1,2,2,1,2,1,1,0,0,1,2,1,2,0,0,2,2,2,0,0,2,0,1,1,1
0,1,2,0,0,1,1,0,1,0,2,1,0,0,2,1,1,1,0,0,1,1,2,1,0,0,0,1,0,0
0,0,0,1,1,0,0,0,0,0,0,2,1,2,1,1,0,1,0,1,0,2,0,0,0,2,0,1,1,2
0,1,0,0,0,1,1,0,1,0,2,0,1,1,2,0,1,0,0,0,0,1,0,1,1,2,0,1,0,2
0,0,2,1,1,0,1,0,1,1,1,1,1,2,0,2,1,2,0,2,1,2,2,1,1,2,0,1,1,1
0,1,1,0,0,1,1,0,1,0,1,1,1,2,2,0,1,1,1,0,2,1,2,1,1,0,0,1,1,0
0,1,2,1,1,0,1,2,0,0,0,1,1,1,0,0,0,0,1,2,2,2,0,2,1,1,0,1,1,2
0,2,0,1,0,0,2,2,1,1,1,1,0,0,2,1,1,0,1,0,1,0,0,1,1,0,0,1,1,1
0,1,2,1,1,0,2,0,0,1,0,0,0,2,0,0,1,0,1,0,0,1,0,1,1,1,0,1,0,2
0,1,2,1,1,1,0,2,0,1,2,0,1,0,0,0,1,0,0,1,2,0,2,1,1,1,1,0,0,1
0,1,2,1,1,0,1,2,1,0,2,1,1,2,0,1,1,1,1,2,2,2,2,1,1,2,0,1,0,0
0,1,2,1,0,0,1,0,0,0,1,1,0,0,1,0,1,0,0,0,0,2,2,0,1,1,0,1,1,0
0,1,2,1,0,0,1,0,1,2,2,2,0,0,1,0,1,2,0,1,2,2,2,1,0,1,0,0,1,1
0,2,1,1,1,1,0,2,0,1,2,0,0,2,2,0,0,1,0,0,2,0,0,2,0,1,0,1,1,1
0,1,0,1,1,0,2,0,1,2,2,0,1,1,2,0,0,2,0,0,1,2,0,2,0,0,0,1,1,0
0,2,2,1,0,0,0,2,1,0,2,1,0,0,2,1,0,1,0,2,2,2,2,1,0,2,0,1,1,2
0,1,1,1,1,1,2,0,0,2,1,2,0,2,0,1,0,2,1,2,1,1,2,0,0,2,0,0,1,1
0,1,1,1,1,1,2,0,0,1,2,1,1,2,2,1,1,0,1,1,1,2,1,1,1,1,0,0,0,0
0,1,1,1,1,0,0,2,1,1,2,0,1,2,0,0,0,1,1,1,1,2,2,1,0,2,0,1,1,1
0,1,1,1,1,1,0,0,0,0,1,1,0,2,1,1,0,0,1,0,0,2,2,2,0,1,0,1,1,1
0,2,2,1,1,1,2,0,1,2,2,0,1,0,0,1,1,1,0,1,1,2,0,1,0,0,0,1,1,0
0,1,0,1,0,0,1,0,0,0,1,2,1,2,2,1,1,0,0,2,1,2,2,1,0,1,0,1,1,0
0,2,1,0,1,0,2,2,1,1,0,0,0,1,1,1,1,1,1,1,2,1,2,0,1,1,0,1,0,2
0,1,0,1,1,1,1,0,0,1,1,2,1,2,0,1,0,2,1,2,0,2,2,2,1,1,0,1,1,0
0,0,2,1,1,1,2,2,1,1,2,0,0,2,1,0,1,0,0,0,2,2,2,1,1,1,0,1,0,2
0,1,0,1,1,1,0,0,0,0,1,2,0,2,0,1,0,1,0,2,1,2,2,1,0,0,0,1,1,0
0,2,2,1,0,1,2,0,0,0,2,0,1,1,2,1,0,1,0,0,2,0,2,0,1,0,0,1,1,1
0,1,2,1,0,0,0,2,1,2,0,1,0,2,1,2,1,2,1,0,1,2,2,0,1,1,0,1,1,2
0,1,0,1,1,1,2,0,0,0,1,1,0,2,0,1,0,1,1,2,1,2,2,0,0,2,0,1,1,1
0,1,2,1,0,1,0,2,0,1,2,0,1,0,1,0,0,0,1,1,2,2,1,0,1,0,0,0,1,2
0,2,0,1,1,1,2,0,0,1,2,1,0,1,1,0,0,0,0,0,1,1,2,0,0,1,0,0,0,2
0,0,1,1,1,0,0,0,1,0,1,2,1,2,1,1,0,1,1,2,2,2,2,0,0,1,0,1,1,1
0,1,2,1,1,0,1,1,1,1,1,0,1,1,0,0,0,1,1,2,0,2,0,0,0,2,0,1,0,0
0,1,2,1,1,1,0,0,0,2,2,1,0,2,0,0,0,1,1,2,2,0,2,0,0,2,0,1,1,1
0,1,2,1,0,0,2,2,1,1,0,0,1,1,1,0,0,2,0,2,2,0,0,0,1,1,0,1,1,1
0,1,2,1,1,0,1,2,1,1,0,0,0,1,2,1,0,1,1,1,1,2,0,0,0,2,0,1,1,1
0,1,1,1,1,0,2,0,0,2,0,2,0,0,0,1,0,1,1,2,1,2,2,0,0,2,0,1,1,2
0,1,2,0,1,0,1,0,1,1,2,0,1,1,0,0,0,1,0,1,2,1,0,0,1,0,0,1,0,2
0,1,1,0,1,0,0,2,0,2,0,1,1,0,0,0,1,2,1,1,2,1,0,1,1,1,0,1,0,1
0,1,2,0,0,0,2,2,1,1,1,0,0,2,0,0,0,1,0,2,1,1,2,2,0,2,1,0,0,0
0,2,2,1,0,1,1,1,1,2,1,0,0,1,1,0,0,0,0,2,2,2,2,0,0,2,0,1,1,2
0,2,2,1,0,1,2,0,0,0,1,0,0,0,2,1,0,1,1,0,2,2,2,0,1,0,0,1,1,1
0,2,2,1,1,0,2,2,1,0,2,1,1,2,1,1,1,1,0,2,0,2,2,1,0,2,0,1,1,2
0,1,2,1,1,0,1,1,1,2,1,2,1,2,0,1,1,1,1,1,2,2,1,1,1,2,1,0,1,2
0,1,2,1,1,0,2,2,1,1,2,1,1,2,2,0,1,0,1,0,2,2,2,0,1,2,0,1,1,2
0,1,2,1,1,0,0,2,0,2,2,1,0,0,0,0,1,0,0,2,2,2,2,0,1,2,0,1,1,2
0,2,2,1,1,1,1,0,0,2,1,0,0,0,1,0,0,1,0,2,0,2,2,0,0,0,0,1,1,0
0,2,2,1,1,0,0,0,0,2,2,2,0,2,2,2,1,1,1,0,2,2,2,1,1,1,0,1,1,0
0,1,2,1,0,1,1,0,0,2,1,1,0,2,1,2,1,0,0,0,0,2,2,2,0,1,0,1,0,1
0,1,2,1,0,0,1,2,1,0,1,2,1,1,2,1,0,1,1,1,2,0,0,0,1,2,0,1,1,2
0,2,2,0,1,0,2,0,0,2,0,2,1,2,0,1,0,0,1,2,0,1,1,2,0,0,0,0,1,1
0,2,2,1,0,1,0,0,1,1,0,2,0,2,0,0,1,0,1,2,2,2,0,0,1,1,0,1,1,1
0,2,2,1,1,0,2,0,1,1,0,0,1,2,2,0,1,0,0,2,2,2,2,1,1,1,0,1,1,1
0,2,2,0,0,0,2,0,1,2,0,2,1,2,2,1,1,1,1,1,0,1,0,1,1,1,0,1,0,2
0,1,2,1,0,1,1,0,0,2,1,0,0,0,1,0,1,1,1,0,1,2,0,1,1,1,0,1,1,2
0,1,2,1,0,0,2,0,1,1,2,0,1,2,1,0,1,0,0,2,2,2,2,1,1,1,0,1,1,2
0,1,0,0,0,0,1,0,0,1,0,0,0,2,2,0,1,0,0,2,2,1,2,1,1,0,0,0,1,2
0,1,0,1,1,0,1,2,0,0,1,0,1,2,0,0,1,1,1,0,1,2,2,2,1,2,0,1,1,0
0,1,2,1,1,0,2,0,0,2,2,0,0,2,0,0,1,0,0,2,0,2,2,1,0,1,0,1,1,1
0,2,0,1,1,0,2,2,1,0,2,2,0,2,1,2,1,1,1,0,2,1,2,2,1,0,0,1,0,1
0,1,0,1,0,1,0,0,0,2,1,0,1,0,1,2,1,2,1,0,0,2,2,0,1,0,0,0,1,1
0,1,2,1,1,0,1,2,1,1,2,1,0,2,0,0,0,1,1,2,2,2,2,0,0,2,0,1,1,0
0,1,2,1,1,1,1,1,0,2,2,0,0,2,0,1,1,0,1,2,2,2,2,2,0,1,0,1,1,0
0,1,0,0,1,0,2,2,1,1,0,0,0,2,0,0,1,0,0,0,0,1,2,1,1,2,0,1,0,0
0,2,1,1,1,0,1,0,1,0,0,1,1,2,0,1,0,1,1,2,1,0,2,0,0,2,0,1,0,2
0,1,0,0,0,0,0,0,0,2,0,2,1,2,0,0,1,1,0,2,2,1,1,1,1,0,0,1,0,2
0,2,2,1,1,1,0,0,1,1,2,0,0,0,2,0,0,0,0,2,2,2,1,1,1,0,0,1,1,1
0,2,2,0,0,0,0,0,0,0,0,2,0,2,2,1,0,1,1,0,0,1,1,1,1,2,0,1,1,1
0,1,1,1,0,0,2,0,0,1,0,2,1,0,1,2,1,2,1,0,1,2,2,0,1,0,0,1,1,1
0,1,1,1,1,0,1,2,0,0,2,0,1,2,0,2,1,1,0,0,0,1,2,1,1,1,0,1,0,2
0,1,2,1,1,1,0,0,0,1,0,1,0,2,0,1,1,0,1,0,2,2,2,1,0,2,0,1,1,1
0,2,2,1,1,0,2,2,0,0,1,2,0,2,2,1,1,1,0,2,0,2,0,1,1,0,0,0,0,2
0,1,2,1,1,0,2,0,0,2,0,1,0,2,0,0,0,0,0,1,0,2,2,2,0,1,0,0,1,2
0,1,2,1,1,0,1,2,1,1,0,1,0,2,0,0,0,0,1,2,2,2,2,1,0,0,0,1,1,0
0,2,2,1,0,0,2,0,0,2,1,1,0,0,1,0,0,1,0,1,0,2,0,2,1,2,0,0,0,2
0,2,2,1,1,1,0,0,1,1,0,2,0,1,1,1,0,1,1,2,1,2,2,0,0,2,0,1,1,2
0,1,2,1,1,0,0,2,1,1,2,2,1,2,0,0,0,1,1,2,0,2,2,1,0,1,0,1,1,1
0,1,2,0,0,0,1,0,1,2,1,0,0,1,0,0,1,1,0,1,0,1,1,1,1,2,0,1,0,1
0,1,2,1,0,0,0,2,0,2,2,1,0,0,0,0,0,2,0,1,2,2,1,0,0,0,0,1,1,0
0,2,2,1,0,1,0,0,0,1,0,2,1,2,2,1,0,0,1,2,0,2,0,2,1,1,0,1,1,1
0,2,2,1,1,0,1,0,1,1,1,1,0,1,1,0,0,2,1,0,0,2,2,2,1,2,0,1,1,2
0,1,0,1,1,0,1,0,0,0,1,0,1,2,0,1,0,0,0,2,1,2,2,2,0,0,0,1,1,0
0,1,2,1,1,0,0,2,1,1,1,1,1,1,0,1,0,1,1,2,1,2,0,0,0,0,0,0,1,2
0,2,2,0,1,1,2,1,1,1,2,1,1,1,1,0,0,0,1,0,1,1,2,0,1,2,0,1,0,1
0,1,2,1,1,0,0,0,0,0,1,2,1,0,2,0,1,1,0,0,0,2,0,1,1,0,0,1,1,1
0,2,2,1,0,0,1,2,1,1,2,1,0,1,2,1,0,1,1,0,2,2,2,0,0,2,0,1,1,1
0,2,2,1,0,1,0,2,0,1,2,2,1,0,2,0,0,0,1,0,2,2,2,0,1,1,0,1,1,1
0,2,1,1,1,1,0,1,1,1,2,0,0,0,1,0,1,0,0,2,0,2,2,1,1,2,0,1,1,2
0,2,2,1,1,0,1,0,0,0,0,2,0,2,2,1,1,1,1,1,2,2,0,1,1,0,0,1,1,1
0,2,2,0,1,0,1,0,0,2,1,0,0,0,1,0,0,2,0,2,0,1,2,2,0,0,0,1,0,0
0,2,1,1,0,0,1,2,0,1,2,0,0,1,2,1,0,2,0,2,0,0,2,2,0,2,0,1,0,1
0,1,2,1,1,0,1,0,0,1,2,1,0,2,0,0,0,1,0,2,2,2,2,0,1,2,0,1,0,0
0,2,2,1,0,0,1,0,1,1,2,0,1,0,2,2,1,1,1,0,2,2,2,1,0,2,0,1,1,0
0,2,2,1,1,1,0,0,1,1,2,0,1,0,0,0,1,0,0,1,2,2,1,1,1,0,0,1,1,2
0,1,2,1,1,1,1,2,0,1,1,1,1,1,2,0,0,0,0,1,1,1,0,2,1,2,0,1,0,1
0,0,2,0,0,1,0,0,1,1,0,2,1,2,1,1,1,0,0,2,2,1,2,2,1,2,0,1,0,2
0,1,1,1,0,1,1,0,1,2,2,0,1,0,1,0,1,2,1,2,0,2,2,1,1,1,0,1,1,0
0,1,2,1,1,0,1,0,1,1,0,0,1,2,2,1,0,1,1,1,0,2,0,1,0,0,0,1,1,2
0,2,2,1,0,0,0,2,1,0,2,2,0,2,0,0,1,0,1,2,0,2,0,1,0,1,0,1,1,1
0,1,2,1,1,0,1,2,1,0,1,1,0,1,0,0,0,0,0,0,0,2,0,2,0,0,0,1,1,1
0,1,2,1,1,0,2,2,0,2,2,1,0,2,0,0,0,2,1,0,1,2,2,2,1,0,0,1,0,0
0,2,2,1,1,1,1,0,1,0,0,2,1,1,0,2,0,2,0,0,2,2,2,1,0,1,0,1,1,2
0,2,2,1,0,0,0,2,1,1,0,2,0,0,2,1,0,1,1,2,2,2,2,0,0,0,0,1,1,2
0,2,2,0,0,1,2,0,0,2,1,0,0,0,2,0,0,2,0,0,2,1,2,2,0,1,0,1,0,1
0,2,2,1,0,0,2,0,0,0,0,2,1,0,0,2,1,2,1,2,1,2,0,0,0,2,0,1,1,1
0,1,1,1,1,1,1,0,1,2,2,0,1,0,0,1,1,1,0,2,0,2,2,1,0,1,0,1,1,1
0,2,2,1,0,1,0,0,0,1,2,0,1,0,2,2,1,0,1,1,0,2,0,0,1,1,0,1,1,1
0,1,2,1,0,0,1,0,0,2,2,1,0,2,2,1,1,1,0,2,1,2,2,1,1,1,1,0,1,0
0,2,2,1,1,0,1,2,1,1,2,1,1,2,1,0,1,0,0,0,2,2,2,1,1,2,0,1,1,2
0,2,0,1,0,1,1,2,0,0,2,2,1,0,2,1,0,1,0,2,1,2,2,0,0,1,0,1,1,0
0,1,2,1,1,1,1,0,0,1,0,1,1,2,1,1,0,1,1,0,0,2,2,0,0,1,0,1,1,2
0,1,1,1,1,0,1,0,0,1,1,1,0,2,0,0,1,0,1,2,2,1,2,0,1,0,0,0,1,1
0,1,2,1,0,1,2,0,0,1,2,0,1,2,1,1,1,1,1,2,2,0,2,1,1,2,0,1,1,0
0,1,2,0,1,0,1,2,1,0,0,0,0,1,0,1,1,1,0,0,2,2,0,0,1,1,0,1,1,1
0,2,2,1,1,0,0,0,0,0,2,2,1,1,1,2,1,2,1,2,0,2,2,0,1,2,0,1,1,1
0,1,2,1,0,0,1,1,0,0,2,0,0,2,1,1,1,1,0,2,2,1,2,1,1,1,0,1,0,2
0,2,2,1,0,1,2,0,0,2,1,0,1,0,1,1,1,1,1,2,0,2,0,1,0,2,1,0,1,0
0,1,2,1,1,1,1,0,0,2,1,0,0,2,2,0,1,1,1,2,0,2,2,1,0,1,0,1,1,1
0,2,2,1,1,1,1,1,1,2,2,1,0,2,1,0,1,0,0,2,2,2,2,1,0,0,0,1,1,1
0,2,0,0,0,1,2,2,0,2,0,1,1,2,2,1,1,2,0,2,2,1,2,1,0,2,0,1,0,0
0,1,2,1,1,0,0,0,0,1,2,0,0,2,0,0,0,1,1,2,2,2,2,1,0,1,0,1,0,0
0,1,2,1,0,0,1,2,1,1,1,2,0,2,2,0,0,0,0,0,0,2,2,2,1,2,0,1,0,0
0,2,2,1,1,0,0,2,1,0,0,2,0,1,1,1,0,1,0,2,1,2,2,0,1,2,0,1,1,1
0,1,1,1,1,0,2,0,1,2,0,0,1,0,2,1,0,1,1,0,1,2,1,1,0,2,0,1,1,1
0,1,2,1,1,0,2,0,0,2,1,2,0,1,0,0,0,1,1,1,0,2,0,2,1,2,0,1,1,0
0,2,1,1,1,0,0,2,0,1,1,2,1,2,2,0,0,2,0,2,0,2,0,2,0,2,0,1,1,1
0,2,2,1,1,1,0,0,0,1,0,2,0,2,2,0,0,1,0,1,0,2,1,2,0,2,0,1,1,2
0,1,2,0,0,1,1,0,0,2,1,1,0,2,2,1,1,1,1,0,0,2,2,1,0,0,0,1,1,1
0,2,2,1,1,1,2,0,0,2,1,2,0,2,0,0,1,1,0,1,0,2,2,1,1,2,0,1,1,0
0,1,1,1,0,0,0,2,1,1,2,0,1,2,1,1,0,1,1,0,0,2,2,0,0,0,0,1,1,0
0,2,2,1,0,1,2,0,0,0,1,2,1,2,2,1,0,0,0,1,2,2,0,2,1,1,0,1,1,0
0,1,1,1,1,0,0,0,0,1,1,1,1,2,0,1,0,0,1,2,2,2,0,2,1,2,0,1,1,1
0,0,2,1,1,0,2,0,1,1,2,2,0,0,2,1,0,1,1,2,0,2,2,0,0,2,1,0,0,0
0,0,2,1,1,1,0,0,0,2,1,2,0,2,0,0,0,0,0,0,0,2,0,1,0,1,0,1,1,0
0,1,1,1,0,1,0,0,1,0,2,2,1,0,2,0,0,0,1,2,1,2,2,0,0,2,0,0,0,1
0,1,2,1,0,1,1,0,1,2,2,0,1,2,2,1,1,1,1,0,2,0,2,1,1,0,0,1,1,1
0,2,2,1,1,1,1,0,1,1,2,2,0,2,2,1,0,0,1,2,2,0,0,2,1,1,0,0,0,1
0,1,1,0,1,0,2,1,1,2,1,0,0,0,0,0,1,0,0,2,0,1,2,2,0,1,0,0,0,0
0,1,2,1,1,0,1,0,0,1,0,0,1,1,0,0,0,1,1,0,0,2,0,2,0,1,0,1,1,1
0,1,2,1,0,0,1,0,1,1,2,0,1,0,2,0,0,0,1,0,2,2,2,2,1,1,0,1,0,1
0,1,0,1,1,0,2,2,1,1,1,1,0,2,0,0,1,0,1,0,1,2,2,0,1,2,0,1,1,1
0,2,2,1,1,0,1,2,0,1,2,2,1,2,1,0,0,1,1,0,2,2,2,2,0,0,0,1,1,0
0,2,2,1,0,0,1,2,1,1,2,1,1,1,1,0,0,0,1,2,0,2,2,0,1,0,0,1,1,1
0,1,0,1,0,0,1,2,1,1,2,2,0,1,1,1,0,1,1,2,0,2,2,1,0,1,0,0,1,0
0,1,2,0,0,1,1,0,0,2,0,2,1,2,1,2,0,2,0,0,1,1,2,1,1,2,0,1,0,0
0,1,2,1,1,0,1,0,1,0,2,0,1,2,0,1,1,1,1,1,0,0,0,1,0,0,0,1,0,0
0,2,2,1,0,0,0,2,0,1,0,2,1,1,1,1,0,0,1,2,0,2,2,2,1,2,0,1,1,1
0,2,2,1,0,0,0,2,1,0,0,0,0,2,2,0,1,0,0,0,2,2,0,1,0,0,0,1,1,0
0,1,2,1,1,1,1,0,1,0,1,2,1,1,2,1,1,1,1,0,2,1,1,1,1,2,0,1,0,2
0,1,0,1,1,1,1,0,1,0,2,0,1,0,0,1,1,1,0,0,2,2,2,1,1,0,0,1,1,2
0,0,2,0,1,0,2,0,0,0,1,2,1,2,1,0,1,1,1,0,1,1,2,1,1,1,0,1,1,1
0,1,0,1,0,1,0,2,1,1,1,0,0,2,2,0,0,0,0,2,1,2,2,0,0,1,0,1,1,0
0,1,2,1,0,0,1,2,1,1,2,1,0,2,2,0,0,1,1,0,2,0,2,0,0,2,0,1,0,1
0,1,2,1,0,1,1,0,0,2,1,2,0,0,1,1,0,1,1,0,0,2,1,0,0,1,0,1,1,2
0,2,2,0,1,0,1,0,1,2,1,0,1,1,1,0,0,1,0,0,0,1,2,1,1,1,0,1,0,0
0,1,2,1,0,0,1,2,1,0,2,2,1,2,2,0,0,1,0,0,0,1,2,2,1,0,0,1,0,0
0,1,0,1,0,0,0,0,0,1,0,1,1,2,1,1,0,1,1,0,0,2,2,0,0,1,0,1,1,2
0,1,0,1,1,0,0,2,0,1,0,1,1,1,2,1,0,0,0,2,0,0,0,2,1,2,0,1,1,1
0,1,1,1,1,0,2,0,0,2,2,2,0,0,2,1,1,1,0,2,0,2,1,1,0,1,0,1,1,0
0,1,2,1,0,0,2,2,1,1,2,0,0,0,2,0,1,1,1,0,0,2,0,0,0,2,0,1,1,0
0,1,2,0,1,1,1,0,1,1,1,0,0,2,0,1,1,0,1,2,0,1,2,2,1,2,0,1,0,1
0,2,2,1,1,0,0,2,0,0,2,2,0,0,0,0,1,1,0,1,0,2,1,1,1,0,0,1,1,0
0,2,2,0,0,0,0,0,1,2,1,1,1,1,2,0,1,0,0,2,0,1,2,1,0,1,0,1,0,0
0,2,2,1,0,1,0,0,1,2,1,2,1,1,2,0,0,1,1,0,0,2,2,0,1,0,0,1,0,0
0,1,0,1,1,0,0,0,0,0,0,0,1,1,2,1,1,1,0,1,1,0,0,1,1,1,0,1,1,1
0,1,2,1,1,1,1,1,1,2,1,0,0,2,0,0,0,0,0,2,0,2,2,1,0,2,0,1,1,1
0,1,1,0,0,1,1,2,0,1,2,1,1,0,1,1,0,0,0,0,0,1,1,2,0,1,0,1,1,1
0,1,2,1,1,0,1,0,1,0,1,2,0,0,2,2,1,1,0,1,0,2,1,1,1,0,0,1,1,1
0,1,2,1,1,0,2,0,1,1,1,1,1,1,2,1,1,0,1,1,2,2,0,2,1,2,0,1,1,1
0,2,0,1,1,0,0,2,1,0,2,1,0,1,1,1,0,1,0,0,2,2,2,0,0,0,0,1,1,0
0,1,2,1,0,1,2,0,0,1,0,0,1,2,2,1,1,1,0,0,2,2,2,1,0,1,0,1,1,0
0,1,2,1,1,1,2,0,0,1,1,0,0,0,2,0,1,0,0,1,0,2,1,1,1,1,0,1,1,2
0,2,1,1,1,0,1,0,1,2,1,1,1,1,1,1,0,0,0,2,0,2,2,2,0,0,0,1,1,0
0,2,2,0,1,1,0,2,1,1,0,2,0,1,0,0,1,2,1,2,2,1,2,0,0,0,0,1,0,1
0,2,2,0,1,0,0,2,1,2,0,1,0,1,1,1,1,0,1,2,0,1,2,2,1,2,0,1,0,0
0,1,0,1,1,0,2,2,1,1,0,0,0,2,0,1,1,1,1,0,0,2,0,1,0,0,0,1,1,0
0,1,2,1,1,0,2,0,0,1,1,1,0,0,2,0,1,0,0,0,0,2,0,1,1,1,0,1,1,1
0,2,2,1,1,0,0,0,1,2,2,0,1,1,1,2,1,1,0,0,2,2,2,1,1,2,0,0,1,2
0,2,1,1,1,0,1,0,0,1,1,1,1,2,2,1,1,1,1,1,0,2,0,1,0,1,0,1,1,1
0,2,2,1,1,0,2,2,1,0,0,1,0,1,1,1,1,0,0,2,0,2,2,2,1,0,0,1,1,1
0,2,2,1,0,0,2,0,0,0,2,2,1,2,2,0,1,0,1,2,2,2,2,1,0,1,1,1,1,2
0,1,2,1,1,0,0,0,1,2,2,0,1,0,2,1,1,1,1,0,0,2,1,1,0,1,0,1,1,1
0,2,1,1,1,1,2,2,0,0,2,2,1,1,0,1,0,1,1,0,1,2,2,0,1,1,0,1,0,0
0,1,2,1,0,1,1,0,0,1,0,1,0,2,1,0,1,0,1,0,0,2,2,2,1,1,0,1,1,1
0,1,2,1,0,0,0,0,1,2,1,0,0,1,2,0,0,2,0,0,0,2,0,2,0,2,0,1,1,1
0,1,2,0,0,1,1,0,0,2,1,0,0,2,2,0,1,1,0,1,1,1,2,0,1,0,0,1,0,1
0,2,2,1,1,1,2,2,0,1,0,0,1,2,0,0,0,1,1,0,2,2,0,2,0,1,0,0,1,2
0,0,2,1,0,0,0,0,0,1,0,1,0,2,2,0,1,0,1,1,2,2,0,0,1,2,0,1,1,2
0,2,0,1,1,1,0,2,0,1,1,2,0,0,1,1,0,1,0,2,0,2,2,1,0,1,0,0,0,0
0,2,1,1,1,0,2,2,0,0,2,0,1,1,1,1,0,1,1,2,0,2,2,0,0,1,0,1,0,0
0,1,0,0,1,0,2,0,1,1,2,2,0,2,2,1,1,1,1,0,0,1,2,1,0,0,0,1,1,0
0,1,0,1,1,1,0,0,1,1,1,0,0,1,2,0,0,2,0,1,1,2,1,2,0,2,0,1,1,1
0,2,2,1,1,0,1,2,1,1,0,1,1,0,1,0,0,0,1,0,2,2,2,0,1,1,0,1,1,0
0,2,2,1,1,0,1,2,1,0,2,1,0,2,2,0,0,1,0,0,0,2,0,2,1,2,0,1,1,1
0,1,1,0,1,1,1,2,1,0,2,0,0,2,2,0,1,0,0,2,2,2,1,1,0,0,0,1,1,1
0,2,2,1,0,1,1,2,0,0,2,1,1,0,2,0,1,1,1,0,0,2,0,1,1,0,1,0,0,1
0,2,2,1,0,1,2,2,1,2,2,1,1,0,1,2,1,2,1,0,2,0,2,0,1,1,0,1,0,0
0,1,0,1,1,0,1,0,0,1,2,1,0,2,0,0,1,1,1,2,1,2,2,1,0,0,0,0,1,0
0,1,1,1,1,0,0,0,0,2,0,0,1,1,0,1,0,1,0,2,1,2,0,0,1,2,0,1,0,0
0,1,2,0,0,1,0,0,0,2,1,1,1,2,2,0,1,0,1,1,0,1,2,1,0,2,0,0,1,1
0,2,2,1,0,0,1,0,1,1,1,1,0,1,2,0,1,0,1,2,2,2,2,0,1,2,0,1,1,1
0,2,2,1,1,0,2,0,0,1,2,2,1,2,2,1,0,1,1,1,1,1,0,1,0,2,0,0,1,1
0,2,2,1,0,0,0,0,1,2,1,0,0,0,2,0,0,0,1,2,2,2,2,0,1,1,0,1,1,1
0,1,2,1,0,0,1,0,1,0,0,0,0,2,2,0,0,1,0,0,0,2,2,0,1,1,0,0,1,2
0,1,2,1,1,1,0,2,0,0,1,0,1,0,0,2,1,1,0,0,2,2,2,1,1,0,0,1,1,0
0,2,1,1,1,0,2,1,0,1,1,1,0,2,2,0,1,2,1,2,0,2,0,1,0,1,0,1,1,2
0,1,2,1,0,0,2,0,0,0,2,0,1,1,2,1,0,0,1,1,0,0,0,2,0,0,0,1,0,1
0,2,2,1,1,0,0,2,1,1,0,1,0,2,1,1,0,1,1,2,2,2,2,0,0,2,0,1,1,2
0,2,2,0,0,1,0,0,0,1,2,2,1,2,2,2,1,2,0,0,2,1,2,1,1,2,0,1,0,1
0,2,1,1,0,0,2,0,1,0,0,1,1,2,2,0,1,1,0,1,1,2,0,0,1,1,0,1,1,2
0,1,1,1,0,1,0,0,1,1,0,1,1,1,2,0,0,0,1,0,2,1,0,0,1,0,0,1,0,1
0,2,1,0,1,1,2,1,1,2,1,0,0,0,1,0,1,1,0,0,2,1,2,1,1,1,0,1,0,0
0,0,2,1,0,0,1,2,1,2,0,0,0,2,2,0,0,1,1,0,2,2,0,1,0,2,0,1,1,0
0,2,2,1,1,0,1,0,0,1,1,2,1,1,1,0,1,0,1,0,2,2,2,0,1,0,0,1,1,1
0,1,2,1,1,1,1,0,0,2,1,1,1,2,0,0,0,2,1,0,0,2,2,2,1,2,0,1,1,2
0,1,2,0,1,1,0,2,1,2,1,2,1,2,0,1,0,2,1,2,1,1,2,2,0,1,0,1,0,0
0,1,2,1,1,1,0,0,1,1,2,0,1,1,0,1,0,1,0,0,2,2,0,0,0,2,0,1,1,2
0,2,2,1,0,1,2,2,0,2,0,0,1,2,2,2,1,2,0,0,2,1,2,1,1,1,0,1,0,0
0,2,2,1,1,1,0,2,1,2,1,2,0,1,1,0,0,0,0,0,0,2,2,0,1,1,0,0,1,1
0,2,0,1,1,1,0,0,0,1,1,0,0,0,1,0,1,1,0,1,1,2,2,2,0,2,0,1,1,2
0,1,2,1,0,1,1,0,0,1,2,0,1,0,2,1,0,0,1,0,0,2,2,0,1,1,0,1,1,2
0,2,2,1,1,0,0,0,1,1,2,2,0,2,2,1,0,0,1,0,2,2,2,0,1,0,0,1,1,2
0,1,2,1,0,1,1,0,1,0,1,1,0,2,1,2,1,1,0,0,1,2,2,1,1,0,0,0,0,0
0,1,2,1,0,1,1,0,0,1,1,0,0,2,1,0,1,0,0,2,0,2,2,1,1,2,0,1,1,1
0,2,0,1,1,1,0,0,0,1,2,2,1,0,1,1,0,2,0,2,0,2,2,1,0,0,0,1,1,1
0,1,1,0,1,1,0,0,1,1,1,1,1,1,0,2,1,1,1,0,2,1,0,1,0,0,0,0,1,2
0,1,0,0,1,1,0,2,1,0,2,1,0,2,1,1,0,1,1,2,0,1,2,1,0,2,0,1,0,0
0,2,2,0,0,1,0,2,0,1,1,0,1,2,2,0,1,0,0,1,1,1,0,1,1,2,0,1,0,2
0,2,1,1,1,1,1,2,1,0,1,1,1,0,1,1,0,2,0,2,2,2,2,0,0,2,0,1,1,1
0,1,2,1,0,1,1,0,0,2,2,2,1,0,1,2,1,2,1,2,1,0,2,0,0,2,0,1,1,2
0,1,2,0,0,0,1,2,1,0,0,0,0,0,1,0,0,1,0,0,0,1,1,2,1,2,0,0,1,1
0,1,2,1,1,0,0,0,0,1,0,0,0,2,0,0,0,0,1,2,2,2,2,2,1,1,0,1,1,1
0,2,1,1,0,0,1,2,1,2,1,2,1,1,2,2,1,2,1,0,1,0,2,0,1,0,0,1,0,2
0,2,0,1,0,1,2,0,1,2,1,1,0,2,2,2,1,1,1,0,0,0,0,1,0,1,0,1,1,2
0,1,2,1,1,0,2,2,0,1,1,0,0,0,0,0,1,0,0,1,0,2,2,1,1,1,0,1,0,0
0,1,2,1,0,1,1,0,0,2,1,0,1,0,1,1,0,1,1,0,0,2,1,0,0,2,0,1,1,2
0,1,2,0,0,1,0,0,0,0,1,1,0,2,1,0,0,1,1,0,0,1,2,1,1,0,0,1,0,0
0,1,0,1,1,1,1,2,0,1,0,1,1,2,0,2,1,1,0,0,1,0,2,1,1,0,0,1,0,0
0,1,2,1,1,0,1,1,1,2,1,1,1,2,0,2,1,2,1,0,1,1,2,0,1,2,0,0,1,1
0,2,2,1,1,1,0,2,1,2,0,2,1,0,1,1,0,1,0,2,2,2,2,0,0,0,0,1,1,0
0,1,1,1,1,1,0,0,1,2,1,1,0,2,0,0,0,1,0,1,0,2,2,2,0,2,0,1,0,1
0,2,2,0,1,1,1,2,0,0,1,2,0,2,1,1,1,1,1,0,0,1,2,1,1,0,0,0,1,2
0,1,2,0,0,0,0,1,1,1,1,0,0,1,1,1,0,1,0,1,1,0,0,1,0,1,1,0,0,2
0,2,2,1,0,0,2,0,1,1,1,2,1,1,2,1,0,1,1,2,0,2,2,0,0,0,0,1,0,1
0,1,2,0,0,0,1,0,1,0,1,1,1,2,2,0,1,0,0,0,1,1,2,1,0,2,0,1,0,0
0,0,2,0,0,1,2,0,1,0,1,2,1,2,1,0,0,0,1,0,1,1,2,0,1,0,0,1,0,1
0,1,2,1,1,1,0,0,0,0,1,0,1,1,0,0,0,0,0,0,0,2,0,0,0,2,0,1,1,2
0,1,2,1,1,0,1,2,1,0,1,1,0,2,1,1,1,1,1,0,0,2,0,1,1,2,0,1,1,0
0,1,1,1,1,1,2,0,0,1,1,2,0,2,0,0,1,0,0,0,0,2,2,1,1,1,0,0,1,0
0,2,2,1,0,1,0,2,0,0,1,1,0,0,1,1,1,1,1,0,0,2,1,1,1,0,0,1,1,2
0,1,2,0,1,0,2,0,0,2,1,2,0,0,2,0,0,0,0,1,1,1,1,2,0,2,0,1,0,2
0,1,2,1,1,0,2,0,1,0,1,2,0,1,0,0,1,1,0,0,1,2,0,1,1,0,0,1,1,0
0,1,2,1,1,0,1,2,0,1,2,1,1,2,0,0,1,1,0,2,2,2,2,2,0,0,0,1,1,0
0,1,2,1,0,0,2,0,0,0,1,2,1,1,2,0,0,1,1,0,0,2,0,0,1,2,0,1,1,0
0,2,2,1,1,0,1,2,0,2,2,2,1,2,2,0,0,2,1,2,2,2,2,2,1,1,0,1,1,0
0,1,2,1,1,0,2,0,0,2,1,2,0,0,0,0,0,0,1,0,0,2,1,1,0,0,0,1,1,1
0,1,2,0,1,1,2,2,0,2,2,2,0,0,2,0,1,2,1,0,2,1,0,1,1,1,0,0,1,2
0,2,2,0,1,0,2,2,1,1,1,1,0,2,2,1,1,0,0,1,1,1,1,2,0,0,0,1,0,2
0,1,2,1,0,1,1,1,1,2,1,2,0,0,2,1,1,2,1,1,0,2,2,0,1,0,0,1,0,0
0,1,2,0,1,1,1,2,1,2,2,1,0,2,1,0,1,2,1,1,2,1,2,1,1,0,0,1,0,0
0,1,2,0,1,0,0,0,1,2,1,0,0,0,0,0,1,0,1,2,0,1,2,1,0,0,0,1,0,1
0,1,0,1,0,1,2,0,1,0,1,2,1,2,2,2,1,2,1,0,0,2,2,0,1,0,0,1,0,1
0,1,2,0,0,0,1,0,0,1,2,1,0,2,2,0,1,0,0,1,1,1,2,1,1,0,0,0,1,2
0,1,2,1,0,1,1,0,1,2,0,1,0,0,0,2,1,2,0,1,0,2,1,1,1,0,0,1,0,2
0,1,2,1,1,0,2,0,1,2,0,2,1,1,2,2,1,0,1,2,0,2,1,2,1,1,0,1,1,1
0,2,2,1,1,0,0,0,0,1,2,1,1,2,2,1,1,1,0,2,2,2,2,1,0,0,0,1,1,0
0,1,0,0,0,0,0,0,0,0,0,0,1,1,2,1,1,1,0,1,0,1,0,1,0,0,0,1,0,1
0,1,0,1,1,1,0,2,1,0,1,2,0,1,2,1,0,1,0,0,1,2,1,0,0,1,0,1,1,2
0,1,2,0,0,1,2,2,1,1,1,2,1,2,1,1,0,1,1,1,2,0,2,1,1,1,0,0,1,1
0,1,2,1,1,0,0,0,1,0,1,0,0,0,0,0,0,0,0,0,1,2,0,0,0,2,0,1,1,1
0,2,2,0,1,1,1,0,0,2,1,0,1,0,2,0,0,2,0,1,2,1,1,2,0,1,0,0,1,2
0,1,2,1,1,0,1,0,1,0,1,1,0,1,0,0,1,0,0,0,1,2,0,0,0,2,0,1,1,2
0,1,2,1,0,1,1,0,0,2,2,2,0,0,1,1,1,0,1,1,2,2,2,2,0,1,1,1,1,2
0,1,2,0,1,0,1,0,0,0,2,1,0,0,2,1,1,1,0,2,2,1,1,1,0,1,0,0,1,1
0,1,2,0,1,0,1,0,0,0,0,0,0,2,0,1,1,2,1,0,0,1,2,0,1,2,0,1,0,1
0,2,2,1,1,0,1,2,1,1,2,0,0,2,1,1,0,1,0,2,0,2,0,1,0,2,0,1,1,1
0,1,2,0,0,0,1,0,1,1,0,0,1,2,2,1,0,1,0,0,2,1,2,1,0,0,0,1,0,0
0,1,2,1,1,1,1,2,0,0,2,1,0,2,0,1,1,1,1,1,2,1,2,1,1,0,0,1,0,0
0,1,2,1,1,1,2,2,0,1,1,1,0,2,0,2,1,0,0,1,2,0,1,2,1,2,0,1,1,1
0,1,2,1,0,0,2,0,1,2,2,2,1,1,2,1,0,2,0,1,2,0,0,0,0,0,0,1,1,0
0,2,1,1,1,0,0,0,1,0,2,1,0,0,1,0,0,0,1,2,0,2,2,1,0,1,0,1,1,2
0,1,2,1,1,0,0,0,0,2,2,1,0,2,0,0,1,0,0,0,0,2,2,1,1,2,0,1,1,0
0,2,2,1,0,0,0,2,1,0,0,1,0,0,2,2,1,2,1,0,2,2,0,0,1,2,0,1,1,0
0,1,2,1,1,1,1,2,0,1,1,1,1,2,0,1,0,0,1,2,0,2,2,2,1,0,0,1,1,1
0,2,2,1,1,1,0,2,1,0,1,2,0,0,1,0,1,0,0,2,2,2,2,0,0,1,0,0,1,0
0,2,2,1,1,1,0,2,0,1,2,1,0,2,1,1,0,1,1,2,2,2,2,1,0,1,0,1,0,0
0,1,2,0,1,1,1,2,1,1,0,1,0,1,2,0,1,1,1,1,0,2,1,1,0,2,0,1,1,1
0,1,0,1,0,0,2,2,1,0,1,2,0,0,2,1,1,1,1,2,0,2,2,1,1,0,0,0,1,0
0,1,2,1,1,0,2,1,0,2,1,1,1,0,0,1,0,1,0,2,2,2,2,1,0,2,0,1,1,2
0,2,1,0,1,0,1,0,1,1,1,2,1,0,1,1,1,1,0,1,1,1,2,1,0,1,0,1,0,0
0,1,2,1,0,1,1,0,1,2,2,2,1,0,1,1,1,0,0,1,0,2,1,2,0,2,0,1,1,1
0,1,2,1,0,0,2,0,0,1,2,0,0,2,1,0,1,0,0,0,2,2,2,1,1,1,0,1,1,1
0,2,2,1,1,1,0,2,1,1,1,0,0,1,1,0,0,1,0,2,0,1,2,0,0,0,0,1,0,0
0,0,1,1,0,0,0,2,1,2,0,2,0,2,2,0,1,0,0,1,1,2,0,1,1,0,0,1,1,0
0,1,2,1,1,1,1,2,1,2,0,2,1,1,0,0,0,2,1,0,0,2,0,2,0,2,0,1,1,1
0,1,2,1,1,1,0,0,0,0,0,1,1,2,0,0,0,0,0,0,2,2,2,0,0,1,0,1,1,2
0,2,2,1,1,0,2,0,1,0,2,0,0,0,0,0,1,1,0,1,1,0,0,0,1,2,0,0,0,1
0,2,2,1,0,1,2,2,1,2,0,1,0,1,1,1,0,2,1,0,0,2,2,0,0,1,0,1,1,1
0,2,1,1,1,1,0,0,1,0,1,2,0,0,1,0,1,0,0,2,2,2,2,1,0,1,0,0,1,0
0,1,2,0,0,1,0,0,1,2,2,0,0,1,1,2,1,1,0,2,2,1,1,1,1,1,1,0,1,1
0,1,2,0,0,1,0,2,0,0,1,1,1,2,2,0,0,2,0,1,1,1,2,2,0,1,0,1,0,1
0,1,1,1,0,0,2,0,1,2,0,1,0,2,1,0,0,0,0,2,1,2,2,2,0,1,0,1,1,0
0,1,2,1,1,0,0,0,0,2,2,1,0,2,0,1,1,1,1,2,2,2,2,1,1,0,0,1,0,2
0,2,2,1,1,1,2,2,0,1,1,2,0,2,2,1,0,0,1,0,0,2,2,2,1,2,0,1,1,1
0,1,0,1,0,0,1,2,1,0,2,0,1,2,0,0,1,1,1,0,0,2,1,1,1,2,0,1,0,1
0,1,2,1,1,1,0,0,0,0,1,2,1,0,2,0,0,1,0,1,0,2,1,0,1,0,0,1,1,1
0,2,2,1,1,0,2,0,0,1,2,1,1,2,2,1,0,0,1,2,1,2,0,2,1,2,0,0,1,1
0,2,2,1,1,0,0,0,1,0,0,2,0,1,1,0,0,1,1,0,0,2,2,2,1,1,0,1,1,0
0,2,2,0,0,0,2,0,1,2,0,2,0,2,1,1,1,1,0,2,0,0,2,1,0,1,0,1,0,2
0,2,1,1,1,1,2,0,0,1,1,1,1,2,1,1,1,0,0,0,0,2,2,2,1,2,1,0,1,1
0,1,2,1,0,0,2,0,0,1,1,0,0,1,2,0,1,0,1,0,1,2,0,0,1,2,0,1,1,2
0,1,1,1,1,0,2,2,1,1,0,0,0,2,0,0,1,0,0,2,2,2,2,1,0,1,0,1,1,2
0,1,2,0,1,0,1,0,1,1,0,0,1,0,2,1,1,1,1,1,0,1,1,0,0,2,0,1,0,0
0,1,2,1,0,1,1,0,0,1,1,1,0,2,2,0,0,1,1,2,0,2,2,2,0,1,0,1,1,0
0,2,2,1,1,0,1,0,1,2,2,2,1,1,0,1,0,0,1,2,2,2,2,2,0,2,0,1,1,0
0,1,2,1,1,0,1,0,0,0,1,0,0,0,0,1,0,1,1,0,2,2,2,0,0,0,0,1,1,2
0,1,2,1,0,1,0,2,1,0,2,1,0,2,2,1,0,1,0,2,2,2,0,0,1,0,0,1,1,1
0,1,2,1,0,0,0,2,1,1,2,2,1,2,1,1,0,1,0,0,2,2,2,0,0,0,0,1,0,2
0,2,2,1,1,0,1,0,0,2,1,0,1,1,1,0,0,0,1,2,0,2,2,0,0,2,0,1,1,1
0,1,0,1,0,1,0,2,0,0,1,0,1,0,2,1,0,1,1,0,1,2,2,0,0,0,0,1,1,1
0,1,2,1,1,1,0,0,0,1,0,0,0,2,0,0,0,1,1,0,0,2,2,1,0,2,0,1,1,2
0,1,2,1,1,0,0,2,1,0,2,1,1,2,0,1,1,1,1,0,2,2,2,1,1,0,0,1,1,1
0,1,1,1,1,0,2,2,1,1,1,0,1,2,0,0,1,2,1,0,2,2,2,1,1,1,0,1,1,0
0,0,2,1,1,0,2,0,1,0,0,1,1,1,0,0,1,1,0,1,2,2,2,2,0,0,0,1,0,2
0,2,2,1,0,0,1,0,1,2,2,2,1,2,2,0,0,0,0,2,2,2,0,0,0,1,0,1,1,2
0,1,2,1,1,0,2,2,1,1,2,0,0,2,0,1,1,1,1,2,2,1,2,1,1,1,0,1,0,1
0,2,0,1,0,0,0,0,1,1,0,0,0,2,2,1,0,0,1,2,2,2,2,2,1,1,0,1,1,1
0,2,2,1,1,1,0,0,0,1,1,0,0,2,2,1,0,1,0,1,0,2,1,1,0,2,0,1,0,2
0,1,2,1,1,1,0,0,0,0,1,0,1,1,0,0,0,1,1,0,2,2,0,0,1,2,0,1,1,0
0,1,0,1,1,0,0,2,1,2,2,2,0,1,0,2,1,2,1,0,2,2,0,0,1,0,0,1,1,1
0,1,2,1,1,1,0,0,1,2,1,1,0,2,0,2,1,0,0,0,1,1,2,2,0,2,0,0,0,0
0,2,2,1,1,0,1,2,0,0,0,2,0,2,0,1,1,1,0,0,1,0,0,1,0,0,0,1,0,1
0,1,2,1,0,0,1,0,0,0,1,0,1,0,2,0,0,1,0,0,2,0,1,0,1,2,0,1,1,1
0,2,1,1,0,0,2,0,1,2,2,1,1,1,1,0,0,0,1,1,0,1,2,1,0,1,1,0,1,1
0,1,2,1,1,1,1,2,1,1,0,1,0,1,2,1,0,1,1,2,0,2,0,0,0,1,0,1,1,1
0,1,2,1,1,0,1,2,1,0,2,1,0,2,1,0,1,0,0,1,2,2,2,1,0,2,0,1,1,2
0,1,1,1,1,0,2,2,1,0,0,0,0,2,0,0,0,1,0,2,1,2,2,0,0,0,0,1,1,2
0,1,1,1,0,0,0,0,1,2,0,0,1,0,1,2,1,2,1,2,2,2,2,0,0,1,0,1,1,1
0,1,2,1,1,1,1,2,1,1,0,0,0,1,0,0,0,1,1,0,0,2,0,2,1,2,0,1,1,0
0,1,2,1,1,1,0,0,0,1,1,0,0,2,0,0,0,1,0,0,0,2,2,0,0,2,0,1,1,2
0,1,1,1,0,1,1,0,1,1,0,0,0,0,1,0,1,1,0,2,1,2,2,1,0,1,0,0,1,2
0,1,2,1,1,1,0,0,0,0,2,1,1,0,2,1,0,1,1,0,2,2,1,0,1,0,0,1,1,0
0,1,2,1,1,1,0,0,0,2,2,2,1,0,0,1,1,1,1,2,2,2,2,1,0,1,0,1,1,0
0,2,2,0,1,1,0,0,0,1,2,2,1,2,1,2,1,1,1,2,2,1,2,1,0,0,0,1,0,0
0,2,0,1,1,0,1,0,1,2,0,1,0,1,1,0,0,1,1,2,0,2,2,2,0,2,0,1,1,2
0,1,2,1,1,1,1,0,0,2,0,1,1,2,0,0,0,2,0,2,2,2,2,2,0,2,0,1,1,1
0,1,2,1,1,1,1,0,1,2,2,2,0,2,0,0,0,0,0,2,2,2,2,0,0,2,0,1,1,1
0,1,2,1,0,1,1,0,0,1,1,1,0,2,0,2,1,0,0,0,2,0,0,2,1,2,0,1,0,2
0,2,2,1,0,0,0,0,0,2,1,0,0,1,2,0,0,0,0,1,0,2,2,0,0,1,0,1,1,0
0,1,2,0,0,0,0,0,1,0,2,0,0,2,1,0,0,2,1,2,2,1,2,2,0,1,0,1,0,1
0,1,2,1,1,1,1,0,0,2,1,1,0,2,0,2,0,2,0,0,1,2,2,2,0,2,0,0,1,1
0,0,2,1,1,0,1,1,0,0,1,1,1,0,1,1,1,1,1,1,2,2,0,1,1,0,0,0,0,2
0,2,2,1,1,0,0,2,1,2,2,1,0,2,1,1,1,0,0,2,2,2,2,1,0,0,1,1,1,0
0,0,1,0,0,1,2,0,1,1,1,1,1,1,1,1,1,2,1,1,2,1,1,0,1,2,0,1,0,0
0,1,2,1,0,0,1,2,1,2,1,0,0,2,2,2,1,2,1,0,0,2,2,0,1,0,0,1,1,1
0,1,2,1,1,0,2,0,0,2,1,2,0,1,0,0,0,0,0,0,0,2,0,0,0,1,0,1,0,0
0,1,1,1,1,0,2,0,0,0,2,1,0,2,0,1,0,0,1,2,0,2,2,0,0,1,0,1,1,2
0,1,2,0,0,1,0,2,0,2,1,1,1,2,0,1,0,0,0,1,2,2,1,2,1,0,0,0,1,2
0,1,2,0,1,1,0,0,0,1,0,1,1,2,2,1,0,1,1,2,2,2,2,1,0,0,0,1,1,2
0,1,2,1,1,0,1,0,0,0,1,0,1,2,0,0,0,2,0,0,0,2,0,2,0,2,0,1,1,2
0,2,2,1,0,1,0,2,1,1,0,2,1,1,1,0,1,0,1,0,0,2,2,0,1,1,0,1,1,1
0,1,0,1,0,0,2,2,1,0,0,1,0,2,1,1,0,1,0,2,0,2,2,0,1,2,0,1,1,0
0,2,1,1,1,1,1,0,0,2,2,2,0,1,1,2,1,0,1,0,0,2,2,0,0,1,0,1,1,1
0,1,1,1,1,0,1,0,0,2,2,2,0,2,0,2,1,2,1,0,0,1,2,0,1,0,0,1,0,0
0,1,2,1,1,1,0,0,1,2,2,1,1,2,0,1,0,1,1,0,0,2,2,0,1,1,0,1,1,1
0,1,2,1,1,0,2,0,0,2,0,0,0,2,0,0,0,0,0,2,0,2,2,1,0,2,0,1,0,1
0,1,2,1,0,1,1,0,0,1,1,0,1,0,2,2,0,0,1,0,1,2,2,0,1,2,0,1,1,1
0,0,2,0,0,1,2,0,1,0,1,2,1,2,1,0,0,0,0,2,1,1,2,0,0,1,0,1,0,0
0,1,2,1,0,0,0,2,1,1,2,0,0,2,2,0,0,1,0,2,0,0,2,1,0,2,0,1,1,0
0,1,2,1,0,0,0,2,1,2,2,1,1,2,1,0,1,2,0,0,2,2,2,2,1,2,0,1,1,1
0,1,0,1,1,1,1,2,1,2,2,0,0,2,0,0,0,0,0,2,1,2,2,1,0,2,0,1,1,1
0,2,1,0,0,1,0,2,0,0,1,0,1,2,2,0,1,1,1,0,0,1,0,1,1,0,0,1,0,0
0,1,2,1,1,0,0,0,0,2,2,1,1,2,2,0,1,0,0,0,2,2,2,2,0,0,0,1,1,2
0,2,2,1,1,0,0,0,1,0,0,2,1,1,1,2,0,0,0,0,0,2,2,2,0,2,0,1,1,0
0,2,0,1,0,0,1,2,0,0,2,0,0,2,0,0,0,1,1,1,1,2,0,2,1,2,0,1,1,1
0,1,2,1,1,1,1,0,1,2,1,0,0,0,0,0,1,1,0,1,0,2,1,1,1,1,0,1,1,2
0,2,2,0,0,1,0,2,1,1,1,1,1,2,0,0,0,1,1,1,1,1,2,2,0,2,0,1,0,0
0,2,0,0,1,1,0,2,1,1,0,2,1,2,1,0,1,0,0,0,1,1,2,1,1,2,0,1,0,0
0,1,2,1,0,0,2,0,1,2,2,2,1,1,1,1,0,2,1,1,2,0,0,2,1,2,0,1,1,0
0,1,2,1,1,0,2,0,0,1,2,1,1,2,0,2,1,2,1,0,2,2,2,0,1,1,0,1,1,0
0,1,2,1,1,1,1,2,0,1,2,0,1,0,2,1,0,1,0,1,0,0,2,1,0,2,0,1,1,2
0,1,2,1,0,0,0,2,1,2,1,1,0,2,1,2,1,2,1,0,0,2,2,0,1,1,0,1,1,2
0,0,2,1,1,0,2,0,0,0,2,2,1,2,2,1,0,2,0,0,2,2,2,2,0,1,0,1,1,1
0,1,0,0,0,0,0,2,1,1,2,0,0,0,2,0,0,1,0,2,0,1,2,2,0,2,0,1,0,2
0,2,1,1,1,1,0,2,1,1,0,2,1,2,2,0,0,1,1,1,1,2,1,1,0,0,0,1,1,0
0,0,2,1,0,0,0,2,0,1,2,1,1,2,2,0,1,1,1,2,1,2,0,2,0,2,0,1,1,0
0,1,2,1,1,0,0,2,1,1,0,1,0,2,0,0,0,1,0,2,2,2,2,2,0,2,0,1,1,2
0,1,0,1,0,0,1,0,0,1,1,1,1,2,1,0,0,1,1,2,0,2,0,2,0,1,0,1,1,2
0,1,0,1,1,1,1,1,0,2,1,0,1,2,0,0,1,1,0,2,0,2,2,0,1,2,0,1,0,0
0,2,2,1,0,0,2,0,1,1,1,1,0,0,1,0,1,0,0,2,2,0,2,1,1,0,0,1,1,0
0,1,2,1,1,0,0,0,0,2,1,2,0,0,0,0,0,2,0,2,0,2,2,1,0,0,0,0,0,1
0,0,2,1,0,1,2,2,0,0,2,0,1,0,1,0,1,1,1,0,2,2,2,0,1,1,0,1,0,0
0,2,2,0,1,0,0,0,1,0,2,2,1,1,1,1,1,1,1,2,2,1,2,1,0,1,0,1,0,1
0,2,0,1,1,1,2,2,1,1,0,1,1,2,2,1,1,1,1,1,2,2,0,1,0,2,0,1,1,1
0,1,2,1,1,0,2,0,0,1,2,0,0,2,0,0,1,0,0,0,2,2,2,1,1,1,0,1,1,2
0,2,2,0,1,0,1,0,0,2,2,0,1,0,2,1,1,0,0,2,0,0,1,2,0,0,0,0,0,2
0,1,2,1,0,1,2,0,0,1,1,1,1,2,1,2,1,0,0,0,0,2,2,2,1,0,0,1,0,0
0,1,2,1,1,1,0,0,1,0,2,0,1,2,0,1,1,1,1,0,2,2,2,1,1,0,0,0,0,1
0,1,1,0,1,0,2,2,1,1,1,0,1,2,0,0,1,2,1,0,0,2,2,1,0,1,0,1,1,1
0,1,2,1,1,1,1,2,1,1,1,0,0,2,0,2,0,0,0,0,2,0,2,2,1,1,0,1,0,0
0,1,0,1,1,1,0,0,0,0,2,2,0,0,2,1,1,1,0,1,1,2,1,1,1,0,0,1,1,0
0,2,2,1,0,0,1,2,1,1,2,2,0,2,0,1,1,1,0,0,0,2,1,1,0,2,0,1,1,0
0,1,1,1,1,0,1,2,0,0,1,1,0,0,0,2,0,2,0,2,2,2,2,1,0,0,1,1,1,1
0,1,2,1,1,0,0,0,0,0,2,1,0,2,0,1,1,1,0,2,2,2,2,0,1,1,0,1,1,0
0,2,1,1,1,1,0,2,1,0,1,2,0,1,1,0,1,0,1,2,2,2,2,1,0,1,0,1,1,0
0,2,2,0,1,1,0,2,1,1,0,2,0,1,1,1,0,1,0,0,0,1,2,0,1,0,0,1,0,0
0,2,2,1,1,1,2,0,1,0,0,0,0,1,2,0,0,0,0,2,2,2,2,0,0,0,0,0,1,0
0,2,2,1,1,1,1,0,1,2,2,2,1,2,1,1,0,2,0,2,2,2,2,2,1,2,0,1,1,1
0,2,2,1,1,1,2,2,1,2,0,1,0,1,1,1,0,2,0,0,1,2,2,0,0,2,0,1,1,1
0,1,2,1,0,0,1,0,0,1,2,1,0,2,2,0,1,0,1,0,2,0,2,1,1,1,0,1,0,2
0,2,2,1,1,0,1,0,1,2,1,2,0,1,2,0,1,0,1,0,0,2,2,0,1,1,0,1,0,1
0,1,1,1,0,1,1,0,1,2,0,0,0,0,2,1,1,1,1,2,1,2,2,1,0,1,0,1,0,2
0,1,0,1,0,1,2,0,0,1,1,1,0,2,2,1,1,1,0,2,1,2,2,1,0,2,0,1,1,0
0,1,1,1,0,1,1,0,1,2,1,1,1,2,1,1,1,0,1,0,2,2,2,1,0,2,0,1,1,1
0,2,0,1,1,0,0,0,1,0,1,0,0,1,1,0,1,1,1,2,1,2,2,1,0,1,0,1,1,1
0,2,2,1,0,0,2,0,0,2,1,2,1,2,0,2,1,1,1,1,0,2,2,1,1,1,0,1,0,2
0,2,0,0,0,0,0,0,0,2,1,2,1,1,1,0,1,1,0,1,0,1,2,0,1,1,0,1,1,2
0,1,2,1,1,0,1,0,1,0,1,0,0,0,2,0,1,0,1,2,0,2,1,1,0,2,0,1,1,1
0,1,2,0,0,1,1,0,0,1,2,2,0,1,0,0,0,0,1,1,2,1,1,0,1,2,0,1,0,2
0,2,2,0,1,0,0,0,0,0,1,0,0,1,1,0,0,1,0,0,0,1,2,1,1,1,0,1,0,0
0,1,2,1,1,1,2,2,0,1,0,1,1,2,1,0,1,0,0,2,1,2,2,1,0,0,0,1,1,0
0,1,1,1,1,0,2,0,1,2,0,1,1,1,0,1,0,1,0,1,1,2,0,0,1,2,0,1,1,1
0,1,2,1,0,0,1,2,0,1,2,1,1,2,0,1,0,0,0,0,2,2,1,2,1,0,0,1,1,2
0,1,2,1,0,0,1,2,0,1,0,1,1,1,2,0,1,2,1,0,0,2,0,1,1,2,0,1,1,1
0,1,2,0,0,1,0,0,0,2,1,0,0,2,2,0,0,2,0,2,0,1,2,2,0,0,0,1,0,1
0,1,2,1,1,1,1,2,1,2,0,1,1,1,2,1,0,2,0,2,1,2,0,0,0,2,0,1,1,1
0,1,2,1,0,0,2,0,0,1,2,1,0,2,1,0,1,1,1,2,2,2,2,1,1,0,0,0,1,1
0,0,2,1,1,0,1,0,0,2,0,2,0,2,1,1,0,0,0,1,2,2,2,2,0,0,0,1,1,2
0,1,2,1,0,1,2,0,1,2,1,1,0,2,2,0,0,1,1,1,0,2,0,2,1,1,1,0,0,0
0,1,0,1,1,1,2,0,1,1,1,2,0,2,0,0,1,1,0,2,1,2,2,1,0,2,0,1,1,0
0,1,2,1,1,1,0,0,1,1,0,0,0,2,0,1,0,1,0,0,0,2,2,0,1,2,0,1,1,0
0,1,2,1,1,0,1,0,1,2,1,1,1,0,0,2,1,2,1,0,0,2,2,1,1,2,0,1,1,1
0,2,2,1,0,0,1,1,1,2,2,0,0,0,1,0,1,1,1,0,2,2,0,0,1,0,0,1,1,0
0,1,2,1,0,1,1,2,1,0,0,1,0,2,1,0,1,1,0,0,0,2,2,1,1,0,0,1,1,0
0,2,2,0,0,1,0,2,1,0,1,2,1,2,1,0,1,1,0,0,0,1,1,1,1,0,0,1,0,2
0,1,1,1,0,0,1,2,0,0,0,0,0,2,2,0,0,1,1,2,2,0,2,2,1,1,0,1,1,2
0,2,2,1,1,1,0,0,1,1,1,0,0,0,2,0,1,0,0,0,0,2,0,1,1,0,0,1,1,1
0,2,1,1,0,0,2,0,0,0,1,1,1,2,2,0,1,1,1,0,2,2,0,1,0,1,0,1,1,2
0,1,0,0,1,1,2,0,0,1,0,0,0,0,0,2,0,1,1,2,0,1,2,1,0,0,0,1,0,2
0,1,2,1,1,1,0,2,1,0,2,0,0,2,0,1,1,1,1,0,2,2,2,1,1,2,0,1,1,0
0,1,2,1,0,1,2,0,0,1,0,0,0,0,2,0,1,0,1,0,0,2,2,0,1,1,0,1,1,1
0,2,2,1,0,0,1,0,1,1,2,0,1,1,2,2,1,2,1,0,2,2,2,0,1,1,0,1,1,2
0,2,2,1,1,1,2,2,1,2,1,1,0,2,0,2,1,2,1,0,0,2,2,0,1,2,0,1,1,1
0,2,2,1,0,1,0,2,0,0,2,2,1,0,2,0,1,0,0,2,2,1,2,1,1,1,0,1,0,2
0,1,0,1,1,1,1,1,0,2,2,0,1,0,0,1,0,0,1,2,0,2,2,0,0,1,0,1,1,0
0,1,2,1,1,0,2,0,0,1,0,0,1,2,0,2,0,1,0,0,0,2,2,2,1,0,0,1,1,0
0,1,0,0,0,0,1,0,0,1,1,0,0,1,2,0,0,2,1,0,1,1,0,2,0,2,0,1,0,1
0,1,2,1,0,0,1,2,1,1,2,1,1,2,1,1,0,1,1,2,2,2,2,0,0,1,0,1,1,0
0,1,2,1,1,0,2,1,1,2,0,2,0,2,0,1,0,0,1,2,0,2,2,2,0,0,0,1,1,0
0,1,2,1,1,0,1,0,0,0,2,1,1,2,0,1,0,0,1,2,0,2,2,2,0,0,0,1,1,0
0,1,0,1,1,1,2,2,0,1,0,0,1,0,2,1,1,0,1,1,0,2,1,1,1,2,0,1,1,1
0,1,1,1,0,1,1,0,0,2,1,2,1,2,2,1,1,2,0,2,2,1,2,0,1,0,0,1,0,1
0,1,2,1,0,1,1,0,1,0,2,2,1,0,1,1,1,1,1,0,2,0,2,1,1,1,0,1,0,1
0,2,2,1,1,0,0,0,1,0,0,2,1,2,2,1,0,1,1,0,0,2,0,1,1,1,0,1,1,1
0,1,2,0,0,0,1,0,0,1,0,0,0,2,1,1,0,1,0,2,2,1,1,1,0,0,0,1,1,1
0,2,2,1,1,1,2,0,0,1,2,2,1,1,1,1,0,1,0,0,2,2,2,0,0,2,0,0,1,0
0,1,2,1,0,1,0,0,1,0,2,2,0,1,1,2,0,0,0,0,2,2,2,2,0,0,0,1,1,2
0,1,0,1,1,1,0,0,0,1,1,2,0,2,0,1,0,0,1,2,0,1,2,2,1,0,0,1,0,1
0,1,1,1,1,1,0,2,1,0,1,1,0,1,0,0,0,0,1,1,2,2,0,0,1,0,0,1,1,1
0,2,2,0,0,1,1,0,1,0,1,2,1,2,0,0,0,2,1,2,1,1,0,2,1,0,0,1,0,2
0,1,2,1,1,1,2,2,1,1,1,1,0,2,0,1,1,1,0,2,2,2,2,1,0,0,0,1,1,2
0,2,2,1,0,1,2,0,1,2,0,2,1,2,2,1,1,1,1,0,2,2,1,1,1,0,0,1,1,1
0,2,2,1,1,0,2,0,0,2,2,2,1,2,2,0,0,0,0,0,2,2,0,1,0,1,0,1,1,0
0,2,0,1,0,1,0,0,0,0,1,0,0,2,1,2,1,2,0,2,0,1,1,1,1,0,0,1,0,2
0,1,1,1,1,0,0,0,0,0,1,2,1,2,0,0,0,1,0,2,0,2,2,1,0,0,0,1,1,0
0,1,2,0,0,1,2,0,0,2,1,2,1,1,0,0,1,2,1,1,1,1,1,1,0,0,0,1,0,0
0,2,2,1,1,1,0,2,1,0,1,2,0,1,1,0,1,1,0,0,0,2,2,0,1,2,0,1,1,0
0,2,0,1,0,0,1,2,1,0,2,2,0,1,2,0,0,0,1,0,0,2,2,0,1,0,0,1,1,2
0,1,1,1,1,1,0,0,0,0,1,1,0,2,0,1,0,0,1,2,0,2,2,2,0,0,0,1,1,1
0,1,1,1,0,1,1,0,1,1,1,1,1,2,1,0,0,1,1,2,2,2,2,1,0,1,0,1,0,1
0,1,2,1,0,0,1,0,0,0,2,1,0,2,1,1,1,1,1,0,2,2,2,1,1,0,0,1,1,0
0,1,2,0,0,0,1,2,1,0,2,0,0,0,0,2,1,2,0,0,2,1,1,1,0,0,0,0,1,1
0,2,2,0,0,0,2,0,0,0,0,2,0,2,2,1,1,1,0,2,0,1,2,0,1,0,1,0,1,0
0,2,2,1,0,0,0,0,0,0,2,0,0,0,1,1,0,1,1,0,2,2,2,0,1,0,0,1,1,0
0,1,2,1,1,0,2,0,1,2,2,2,0,0,0,0,0,1,1,2,0,2,2,1,0,2,0,0,0,1
0,1,0,0,1,0,2,0,0,2,2,1,0,2,0,1,0,1,1,0,1,2,2,1,1,0,0,1,0,0
0,2,2,1,0,0,0,0,0,0,2,1,0,2,0,1,1,1,0,2,2,2,2,1,0,1,0,1,1,0
0,0,2,1,0,0,0,2,1,0,2,0,0,2,2,0,1,1,0,0,2,2,0,1,1,2,0,1,1,0
0,2,0,1,1,0,1,0,0,0,2,2,0,0,2,1,0,1,0,0,1,2,1,0,1,2,0,1,1,1
0,1,0,1,1,0,1,1,0,1,0,1,0,0,0,0,1,0,0,0,0,2,2,1,1,0,0,1,1,1
0,2,2,1,0,1,0,2,0,1,2,2,1,0,2,0,1,0,0,0,0,2,2,1,1,0,0,1,1,2
0,1,2,1,1,1,1,2,1,1,1,2,0,1,0,1,0,2,1,2,0,2,0,0,1,0,0,1,1,2
0,2,1,0,1,1,0,0,0,1,1,1,1,2,1,1,1,1,0,2,2,2,2,1,0,1,0,1,1,0
0,2,2,1,1,0,1,0,1,2,1,2,0,1,1,0,0,0,0,2,0,2,2,0,0,1,0,1,1,1
0,1,1,1,0,0,0,0,1,2,2,0,0,0,1,0,1,0,1,0,0,2,2,1,0,1,1,0,0,2
0,2,2,0,0,1,0,0,0,1,1,2,0,2,2,0,1,1,0,0,1,1,2,0,1,1,0,1,0,1
0,0,2,1,0,0,1,2,1,2,2,2,1,2,1,1,0,1,1,2,2,0,2,0,0,0,0,1,1,0
0,1,2,1,1,1,1,0,0,2,1,0,0,2,0,0,1,0,0,0,0,2,2,2,1,1,0,1,1,1
0,1,1,1,1,0,0,2,0,2,2,0,1,2,0,2,1,0,1,2,2,2,2,2,1,0,0,1,1,1
0,2,0,1,1,0,1,2,0,1,2,1,0,2,2,0,0,1,0,1,0,2,0,2,1,2,0,1,1,0
0,2,0,1,1,1,2,0,1,2,0,2,0,0,2,0,0,0,0,0,2,2,0,1,0,1,0,1,0,1
0,2,2,1,1,0,2,2,1,0,2,2,0,2,2,1,1,1,1,1,2,2,0,1,1,0,0,1,1,1
0,2,0,1,0,0,1,0,0,1,1,1,0,0,2,0,0,0,1,0,0,2,2,0,1,0,0,1,1,1
0,1,1,1,1,1,0,0,1,1,2,1,1,1,2,1,0,0,0,1,0,2,1,2,1,2,0,0,0,2
0,2,2,1,1,0,1,2,0,1,0,0,0,2,0,0,1,0,0,0,1,0,0,1,1,2,0,1,0,2
0,1,2,1,1,1,1,0,0,0,1,0,1,2,0,0,1,0,0,0,2,2,0,1,0,1,0,1,1,0
0,2,1,0,0,1,2,0,1,2,1,1,1,2,2,1,1,1,1,2,2,1,0,1,1,0,0,1,0,2
0,2,2,1,1,1,0,0,1,1,1,0,1,0,1,1,0,1,0,2,0,2,2,1,0,2,0,1,0,1
0,0,2,1,0,1,2,1,0,0,1,1,0,2,2,1,1,0,1,1,0,2,0,2,0,2,0,1,1,2
0,0,2,0,0,0,1,0,1,0,1,2,1,2,1,2,0,1,0,0,1,1,2,1,1,0,0,1,0,0
0,2,0,1,1,1,2,2,1,2,0,1,1,2,0,1,0,0,1,2,2,1,2,2,0,1,0,1,0,0
0,2,1,0,1,1,0,2,1,2,1,2,0,2,1,2,0,2,0,0,1,0,2,1,1,2,0,1,1,1
0,2,2,1,1,0,1,0,0,1,0,0,0,1,1,0,1,0,0,1,0,2,2,1,1,1,0,1,1,2
0,1,2,0,1,0,2,0,0,2,0,0,0,2,0,1,0,0,1,0,0,1,2,2,0,2,0,1,0,0
0,1,2,1,1,1,0,2,0,0,2,1,1,2,0,1,0,0,0,2,0,2,2,2,0,1,0,1,1,2
0,2,2,1,0,0,2,2,1,0,0,0,0,1,2,0,0,1,0,2,2,2,2,0,1,0,0,1,1,2
0,1,2,1,1,1,1,2,0,2,1,1,0,2,0,2,1,2,0,0,0,2,2,2,0,0,0,1,1,2
0,1,1,0,0,0,0,0,0,0,1,1,1,2,1,0,1,0,0,2,2,1,2,1,0,2,0,1,0,0
0,1,2,1,0,1,2,0,1,0,1,1,1,2,1,0,1,0,0,0,0,1,2,0,0,0,0,1,0,0
0,1,2,1,1,1,0,2,0,0,2,0,1,0,1,0,0,0,0,2,1,2,2,1,0,1,0,1,1,2
0,1,2,0,1,1,2,0,0,1,1,0,0,0,0,0,1,1,0,1,2,1,2,2,0,1,0,1,0,0
0,1,0,1,1,0,1,2,0,0,0,2,1,1,1,0,1,1,0,0,0,2,0,1,1,0,0,1,1,1
0,2,0,1,1,1,1,0,1,2,1,0,1,2,1,0,0,0,0,0,0,2,2,0,0,0,0,0,1,0
0,1,1,1,0,0,0,0,0,2,0,2,0,2,1,1,1,1,1,2,1,2,2,1,1,0,0,1,1,2
0,0,1,1,1,1,0,2,0,1,0,2,1,0,2,0,0,0,1,1,2,2,2,0,1,1,0,1,1,0
0,2,1,1,1,1,0,0,0,1,1,1,1,2,1,1,0,0,0,1,2,2,2,2,1,1,0,1,1,1
0,1,0,1,0,0,1,0,1,0,0,1,0,1,2,1,0,1,0,1,0,2,0,0,0,1,0,1,0,1
0,1,2,1,1,0,2,2,1,2,2,0,0,0,0,0,0,0,1,2,0,2,2,0,0,2,0,1,1,2
0,1,2,0,1,1,2,0,0,1,2,2,1,0,2,1,1,1,1,0,2,1,1,0,1,1,0,1,0,0
0,2,2,1,0,0,1,0,0,1,2,1,1,2,2,1,1,0,1,0,0,2,1,1,1,1,0,1,1,2
0,2,0,1,0,1,0,0,1,1,0,2,0,0,2,0,1,0,0,0,2,2,2,1,1,0,0,1,1,2
0,1,0,1,1,0,0,2,1,2,2,1,1,2,0,0,1,2,0,2,1,2,0,2,0,1,0,1,1,2
0,1,2,1,0,0,0,0,0,0,1,1,1,1,2,0,0,0,0,0,0,2,0,0,0,2,0,1,1,0
0,1,2,1,1,0,0,1,1,2,2,2,0,2,1,0,0,0,1,0,2,2,1,1,0,2,0,1,1,0
0,2,0,0,0,1,2,0,0,0,1,0,1,2,2,2,0,1,0,2,2,1,2,1,1,1,0,0,1,0
0,1,1,1,0,0,2,2,1,1,2,1,0,1,2,1,1,0,1,2,0,2,0,2,1,2,0,1,1,1
0,2,2,1,1,0,0,0,0,0,1,0,1,1,1,0,0,1,0,0,0,1,2,0,1,2,0,1,1,0
0,2,2,1,0,1,2,0,1,0,1,0,1,0,1,0,0,0,0,0,2,0,0,1,0,2,0,1,1,2
0,1,2,0,1,1,2,0,1,1,1,0,1,2,0,2,1,1,1,0,1,1,2,2,0,1,0,1,0,1
0,1,2,1,0,0,0,0,0,0,0,0,0,2,1,1,0,1,0,0,0,2,2,1,0,2,0,1,1,0
0,1,0,1,1,0,1,0,1,0,2,2,0,2,0,0,1,2,1,0,2,2,2,1,1,0,0,1,1,0
0,2,0,1,0,0,0,2,0,1,0,0,0,2,2,1,1,1,0,0,1,0,2,1,0,2,1,0,0,0
0,0,2,1,1,1,0,1,0,2,2,1,1,2,2,0,0,1,0,0,2,2,0,2,1,2,0,1,1,1
0,1,1,1,0,1,1,2,1,1,1,1,0,0,1,1,0,2,1,2,0,2,2,0,0,2,0,1,1,0
0,1,1,1,1,0,2,0,0,2,2,0,1,0,0,0,0,1,0,0,1,2,2,0,1,0,0,1,1,2
0,0,2,1,1,1,0,0,0,1,2,2,1,2,2,1,0,1,1,2,2,2,2,1,0,1,0,1,1,0
0,2,2,0,1,1,2,0,1,2,2,2,0,2,1,1,1,1,0,2,1,1,2,0,1,0,1,0,1,0
0,2,2,1,0,1,0,0,1,0,2,0,0,0,2,0,1,0,0,0,0,2,2,1,1,1,0,1,1,2
0,2,2,1,0,0,1,0,0,2,1,0,1,1,1,1,0,0,1,0,2,0,2,2,0,1,0,1,0,1
0,0,2,1,0,0,1,0,1,1,2,2,1,2,0,1,0,0,1,0,2,0,1,2,1,0,0,1,0,0
0,2,2,1,0,0,2,2,0,0,1,1,0,2,2,2,1,0,1,0,0,2,0,2,0,1,0,1,1,1
0,2,0,1,0,1,0,0,1,1,1,1,0,2,0,0,1,1,1,1,0,2,1,2,0,2,0,1,1,2
0,1,2,1,0,1,1,0,0,1,2,0,1,0,1,1,0,1,1,2,0,2,2,0,0,0,0,1,1,1
0,1,2,1,1,1,1,0,1,2,1,0,0,0,0,0,0,0,0,0,0,2,2,0,0,1,0,0,1,1
0,2,2,1,0,1,2,1,0,1,2,0,1,0,2,1,1,1,1,0,2,2,2,1,0,0,0,0,1,1
0,2,2,1,1,0,0,1,0,0,2,1,1,2,1,0,0,2,0,2,2,2,2,2,0,1,0,1,1,1
0,1,2,1,0,1,1,2,1,2,2,1,0,2,1,1,0,1,1,2,0,2,2,1,0,1,0,1,1,0
0,1,2,1,0,0,0,0,0,1,2,0,0,2,0,1,0,0,0,1,2,2,1,2,1,0,0,1,1,1
0,1,0,1,0,1,0,2,0,1,1,0,1,0,0,0,0,2,1,1,1,2,1,1,0,1,0,1,1,0
0,1,2,0,0,1,0,0,1,2,1,0,1,0,2,0,0,0,0,0,2,1,2,2,0,2,0,1,0,0
0,2,2,1,1,1,0,0,1,1,1,1,0,2,2,0,1,1,1,0,0,2,1,1,0,1,0,1,0,2
0,0,2,1,1,0,0,2,1,1,2,0,0,2,2,0,0,1,1,0,2,2,2,1,0,2,0,0,1,0
0,1,2,0,0,1,2,0,0,1,1,0,0,2,1,0,1,1,0,0,1,1,2,1,1,1,0,0,1,1
0,1,2,1,1,0,1,1,0,0,1,2,1,2,0,0,1,0,0,2,2,2,2,1,0,1,0,0,0,0
0,1,2,0,0,1,0,0,1,2,0,2,0,0,1,1,0,0,0,0,0,1,2,2,0,0,0,1,0,0
0,1,2,0,0,0,1,2,1,0,2,1,1,2,1,0,1,1,0,0,1,1,2,1,1,1,0,1,0,2
0,1,2,1,1,1,1,0,1,0,2,1,1,2,1,1,1,1,1,2,2,2,2,1,1,2,0,1,0,0
0,1,0,1,1,0,0,0,0,2,0,1,0,1,0,1,0,1,0,2,2,2,0,0,0,1,0,1,1,1
0,1,2,1,0,1,0,0,1,0,2,1,1,2,1,1,0,0,0,2,2,1,2,0,0,1,0,1,0,0
0,1,2,1,0,1,1,1,1,2,1,2,0,0,2,0,0,1,1,2,0,2,0,0,0,2,0,1,1,0
0,1,2,0,0,0,0,0,0,2,1,2,1,1,2,1,1,2,1,0,1,0,0,0,0,2,0,1,0,1
0,2,1,1,1,0,1,2,0,2,0,2,1,0,1,0,0,2,0,0,1,2,2,1,0,1,0,1,1,0
0,1,1,1,1,1,2,2,1,0,2,1,1,0,0,0,0,0,0,1,0,0,2,0,0,2,0,0,1,1
0,1,2,1,1,1,0,0,0,2,2,1,1,2,0,0,1,2,0,0,2,2,2,2,1,0,0,1,1,1
0,1,2,0,1,1,1,2,0,0,1,1,0,2,0,1,1,1,1,2,0,1,2,1,1,0,0,1,0,1
0,2,2,1,0,1,0,0,0,1,1,2,0,0,2,0,0,0,1,0,0,2,2,0,1,1,0,1,1,1
0,2,1,1,1,0,2,0,1,2,0,2,1,0,1,1,1,1,1,0,1,2,2,1,1,1,0,1,1,2
0,1,2,1,1,0,1,2,0,0,2,0,0,0,2,0,1,0,0,0,2,2,1,1,1,2,0,1,1,1
0,1,2,1,1,0,2,0,0,2,1,0,0,1,0,0,0,1,1,0,1,2,0,0,0,2,0,1,1,0
0,2,2,0,0,0,0,2,1,1,1,2,0,2,2,1,0,0,0,2,0,1,2,2,1,2,0,1,0,0
0,2,2,1,1,0,1,0,0,0,1,0,1,0,1,0,0,0,0,1,0,2,2,0,0,1,0,1,1,1
0,1,2,1,1,1,1,0,0,1,2,0,1,2,0,1,0,0,0,2,2,0,2,2,1,2,0,1,1,1
0,1,0,1,1,1,0,2,1,0,0,0,1,2,2,1,0,1,0,2,0,2,2,1,0,1,0,0,1,2
0,1,1,1,1,0,0,1,1,1,1,0,0,1,0,0,0,2,1,0,2,2,0,2,1,0,0,0,0,1
0,2,2,1,1,1,0,0,1,0,2,2,1,2,2,1,1,1,1,1,0,2,1,1,1,2,0,1,1,1
0,1,0,1,0,1,1,0,1,1,0,0,1,1,2,1,0,1,0,2,0,2,2,0,0,0,0,1,0,0
0,1,2,0,0,0,0,2,1,2,1,0,1,0,1,0,0,0,0,1,0,1,2,1,1,2,0,1,0,0
0,2,2,1,0,1,2,0,0,2,2,2,0,1,1,1,1,1,1,2,2,2,2,0,1,1,0,1,1,1
0,1,2,1,1,1,0,0,1,2,0,0,0,2,0,0,1,1,1,0,2,2,0,0,1,1,1,0,0,2
0,2,2,1,0,0,2,2,1,0,2,1,1,2,0,1,1,1,0,0,0,2,1,0,1,2,0,1,1,1
0,2,1,0,1,0,1,2,1,1,1,0,0,1,1,1,0,1,0,2,1,1,2,1,0,1,0,1,1,0
0,2,2,1,1,0,1,0,1,1,1,0,0,1,1,0,0,0,1,2,0,2,2,2,1,2,0,1,1,1
0,2,2,1,1,0,0,0,0,1,2,2,0,2,1,0,1,0,1,0,2,2,2,0,1,1,0,1,1,2
0,1,2,1,0,1,2,1,0,1,1,0,0,0,0,1,1,1,0,0,0,2,1,1,0,1,0,1,1,2
0,1,2,1,1,0,1,2,1,0,2,1,0,2,0,0,1,1,0,0,0,2,2,1,1,0,0,1,1,0
0,1,0,1,1,0,2,0,0,1,2,1,0,2,0,0,1,1,0,0,1,2,2,2,0,1,0,1,1,0
0,2,2,1,1,0,1,0,0,0,2,2,1,1,1,0,1,1,0,0,2,2,2,0,1,1,0,1,1,2
0,1,2,1,0,0,1,0,0,0,2,1,1,2,1,1,1,1,1,2,2,2,2,1,1,1,0,0,1,0
0,1,2,1,1,0,1,2,1,1,0,0,0,0,0,1,1,0,0,0,0,2,0,1,0,0,0,0,1,1
0,1,2,1,1,1,1,2,0,1,0,0,1,2,0,1,0,0,0,0,2,2,2,2,1,2,0,1,1,0
0,1,0,0,1,0,2,2,1,1,1,0,0,0,2,0,1,1,0,0,1,1,1,1,1,2,0,1,0,2
0,1,1,1,1,1,2,2,0,1,1,0,1,2,1,0,1,2,0,1,2,2,2,2,0,2,0,0,1,0
0,2,2,1,1,0,1,0,0,0,0,2,1,2,2,0,0,1,0,0,1,2,0,2,1,2,0,1,1,1
0,2,2,1,0,0,2,2,1,1,0,2,0,2,2,0,1,1,1,0,2,2,2,1,0,0,0,1,1,2
0,1,2,1,1,0,1,0,0,2,2,1,1,2,0,1,1,1,0,0,0,0,2,1,1,0,0,1,0,0
0,2,1,1,1,1,2,0,0,2,1,1,1,2,0,0,0,0,1,1,0,2,2,1,0,0,0,1,1,1
0,2,2,1,1,0,0,2,1,1,2,2,0,2,2,1,0,1,0,2,0,2,1,0,0,2,0,1,1,0
0,1,2,1,1,0,0,0,0,2,0,1,0,2,0,0,1,1,0,2,0,2,2,0,0,0,0,1,1,0
0,1,0,1,1,1,2,0,1,1,1,2,0,2,2,0,1,0,1,0,0,2,0,0,1,0,0,1,1,1
0,2,2,1,1,1,2,1,1,2,2,0,0,0,2,0,0,1,1,1,2,2,1,1,0,0,0,1,1,1
0,1,1,0,1,1,2,0,0,0,2,2,1,2,0,1,0,1,1,1,0,1,2,1,1,2,0,0,1,0
0,0,2,1,1,0,0,0,1,1,2,2,0,2,0,0,1,1,0,2,0,2,2,1,0,0,0,1,1,2
0,1,0,1,1,1,2,0,1,2,1,1,0,2,1,0,0,0,0,2,1,2,2,1,0,0,0,1,1,1
0,1,2,1,0,1,1,0,1,1,1,2,0,1,1,0,1,1,0,0,0,2,2,1,0,1,0,1,1,2
0,2,2,1,1,1,2,0,1,2,0,2,0,1,1,2,1,0,0,2,0,2,2,2,0,1,0,1,1,2
0,2,2,1,0,0,1,0,1,2,1,2,0,1,2,0,0,1,0,0,0,2,2,0,1,1,0,1,1,0
0,1,2,1,1,1,1,0,1,2,2,0,1,0,0,1,0,1,0,2,0,2,0,1,0,2,0,1,1,0
0,2,2,1,0,1,0,0,0,1,2,1,1,2,2,1,1,2,0,1,2,2,2,2,1,1,0,1,1,1
0,1,2,0,1,0,0,0,0,0,2,0,0,2,0,1,1,1,1,2,2,1,2,1,1,1,0,1,0,0
0,2,2,1,0,1,1,0,1,2,2,0,1,0,2,1,1,1,1,2,2,2,0,1,1,0,1,1,1,1
0,1,2,1,0,1,1,0,0,2,2,1,0,0,2,1,0,1,1,2,0,2,2,1,0,2,0,1,0,0
0,2,2,1,1,0,2,1,0,2,1,1,1,1,0,0,0,1,0,2,2,2,2,0,0,1,0,1,1,0
0,2,2,1,1,1,0,2,1,1,2,1,0,2,2,1,1,1,1,1,2,2,0,1,0,1,0,1,1,1
0,1,2,1,0,0,0,0,0,1,2,1,1,2,2,1,0,0,0,2,2,2,2,2,1,0,0,1,1,2
0,0,2,1,0,1,2,0,1,0,0,2,1,2,1,1,0,1,1,2,0,2,2,0,1,0,0,1,1,2
0,1,2,1,0,0,0,0,0,2,0,0,0,2,1,0,0,2,0,0,0,0,2,2,0,0,0,1,1,0
0,2,2,1,0,0,2,0,0,0,2,2,0,2,2,1,1,1,1,0,2,0,2,1,1,1,0,1,1,0
0,1,2,1,0,0,2,0,0,2,0,0,0,2,2,0,0,2,0,0,1,2,2,1,0,0,0,1,1,0
0,1,2,1,1,0,2,1,0,2,2,2,1,2,2,0,0,0,1,2,0,2,2,2,1,2,0,1,1,2
0,2,1,1,0,0,0,0,0,1,1,1,1,2,0,1,0,1,0,1,2,2,0,1,0,2,0,1,1,2
0,1,2,1,1,0,2,0,1,1,1,0,1,2,0,2,1,2,0,0,1,1,2,1,1,0,0,0,1,1
0,2,2,1,1,0,1,0,0,1,1,0,0,0,0,0,0,1,0,1,0,1,1,0,0,0,0,1,1,1
0,1,0,1,0,0,1,0,0,1,1,0,0,1,2,0,1,0,0,0,2,1,0,1,1,2,0,1,0,2
0,2,2,1,0,1,2,2,0,1,2,2,0,2,0,0,1,0,0,2,2,2,2,1,1,2,1,0,0,0
0,1,2,0,1,0,0,0,1,2,2,2,1,1,2,1,1,1,0,0,2,1,1,0,1,0,0,1,0,0
0,1,2,0,0,0,0,0,1,2,0,1,0,2,1,1,1,1,1,1,0,1,0,1,1,1,0,1,0,1
0,2,2,0,1,0,0,0,1,2,1,2,0,0,0,0,1,0,0,0,0,2,0,1,0,2,0,1,1,2
0,1,2,1,1,0,0,0,1,1,2,2,1,1,2,1,0,1,1,2,0,2,0,0,1,2,0,1,1,0
0,1,0,1,1,1,0,0,1,0,1,0,1,1,0,2,0,0,0,0,0,2,0,2,0,2,0,1,1,2
0,1,2,1,1,1,0,1,1,2,1,2,0,2,0,2,1,1,1,0,0,2,2,1,0,1,0,1,1,1
0,1,1,1,0,0,2,2,1,1,0,0,0,2,2,1,1,1,0,2,1,2,2,1,0,1,0,1,1,1
0,2,2,1,1,0,0,2,0,0,2,1,0,2,1,1,0,1,1,0,2,0,2,1,0,1,0,1,0,1
0,1,2,1,0,1,2,0,1,0,2,1,0,1,2,1,0,1,0,0,0,2,2,0,1,1,1,0,0,0
0,1,0,1,1,0,0,1,1,2,0,0,0,2,1,0,1,1,0,0,2,2,2,1,1,2,0,1,1,2
0,2,2,0,0,0,2,0,0,1,0,2,0,2,0,1,1,0,0,1,0,1,1,2,1,0,0,0,1,2
0,2,1,0,1,0,1,0,1,2,2,2,1,0,1,1,0,1,1,0,0,1,2,1,1,1,0,1,0,0
0,1,2,1,1,0,2,0,0,2,2,0,0,2,0,1,0,1,0,0,0,2,2,0,0,0,0,0,1,2
0,1,2,1,0,1,1,0,0,0,2,1,1,2,1,1,1,1,0,2,0,2,2,0,1,0,1,0,0,2
0,2,2,1,1,1,1,2,1,0,0,2,1,0,1,0,0,1,0,0,0,2,2,0,1,1,0,0,1,2
0,1,2,1,0,1,1,0,1,2,2,1,1,2,1,1,1,1,1,2,2,0,2,1,1,0,0,1,0,1
0,2,2,1,1,0,1,2,0,1,2,0,1,2,2,1,0,0,1,1,2,2,0,2,0,2,0,1,1,1
0,2,2,1,1,0,0,0,0,0,0,0,0,2,1,1,0,0,1,2,0,2,2,2,1,1,0,1,1,0
0,2,1,1,1,0,0,2,1,1,2,2,1,2,1,2,0,1,1,0,0,2,2,1,0,1,0,1,1,0
0,2,2,1,0,1,2,0,0,2,2,0,0,0,2,1,1,1,1,2,2,2,2,1,1,1,0,1,1,0
0,1,2,1,1,1,2,0,0,2,0,0,0,2,0,0,0,1,0,2,2,2,2,2,1,1,0,0,1,2
0,1,1,1,1,1,0,2,1,0,1,0,0,1,0,1,0,2,1,1,0,2,0,0,0,1,0,1,0,1
0,2,2,1,0,0,1,0,1,1,1,0,1,0,1,0,0,1,1,2,1,2,2,1,0,2,0,1,0,1
0,2,2,1,0,0,1,2,1,1,2,1,1,2,2,1,0,1,1,2,2,2,0,0,0,1,0,1,0,1
0,2,2,1,1,0,1,2,0,1,1,0,0,2,1,1,0,0,1,2,0,2,2,2,1,2,0,1,1,0
0,2,2,1,1,0,0,0,1,1,1,0,0,1,1,1,0,1,0,2,0,2,2,0,0,0,0,1,1,0
0,1,0,1,1,1,0,0,1,0,1,0,1,0,0,2,1,1,1,0,0,2,2,1,1,2,0,0,1,1
0,1,2,0,0,0,1,0,1,1,1,0,0,1,0,0,1,0,1,1,0,0,1,0,1,0,0,1,0,1
0,0,2,1,1,0,2,0,1,0,0,2,0,2,2,1,1,1,0,0,0,2,2,1,1,1,0,1,0,2
0,1,2,1,1,0,2,0,1,2,1,1,1,0,0,0,0,0,0,2,0,2,2,1,0,0,0,0,1,0
0,1,1,1,0,1,1,2,0,0,0,0,1,0,0,0,1,0,0,0,1,2,0,1,1,1,0,1,1,2
0,2,0,1,0,0,1,0,1,1,2,2,0,0,2,1,1,1,0,0,1,2,2,1,0,1,0,1,1,1
0,1,2,1,0,1,0,0,1,2,1,1,1,1,1,0,0,2,0,0,0,2,2,2,1,0,0,1,1,1
0,2,1,1,1,1,0,2,0,0,0,2,0,2,1,0,1,1,0,1,1,2,2,1,0,2,0,1,1,0
0,2,0,0,1,1,0,0,0,1,0,2,0,0,1,0,1,2,1,0,0,2,2,1,1,1,0,1,1,0
0,2,2,1,1,0,1,2,1,1,2,1,0,0,1,1,0,1,1,2,2,2,2,0,0,2,0,1,1,0
0,2,1,1,0,1,0,0,1,1,0,0,1,2,2,0,1,0,1,2,2,1,0,0,1,1,0,1,0,2
0,2,2,1,1,1,0,0,0,1,1,0,0,2,2,2,1,0,0,0,0,2,2,2,1,1,0,1,1,1
0,1,0,1,1,1,1,0,0,2,1,2,0,2,2,0,0,1,1,1,0,2,0,2,1,2,1,1,1,2
0,2,2,1,1,1,0,2,0,1,0,2,0,1,2,1,1,1,0,2,0,2,2,1,0,2,0,1,1,0
0,2,2,1,0,1,2,0,0,2,1,1,1,0,2,0,1,1,0,0,0,2,2,0,1,2,0,1,1,1
0,0,0,1,1,1,0,0,0,1,1,2,0,2,0,1,0,0,1,0,1,2,2,2,1,2,0,1,0,1
0,2,2,1,1,0,1,0,0,2,2,1,0,2,2,1,0,1,0,1,2,2,0,0,0,2,0,1,1,1
0,2,2,1,1,0,1,2,1,1,2,0,1,2,2,0,1,0,0,2,2,2,0,1,1,1,0,1,1,2
0,1,2,1,0,1,0,2,0,0,1,1,1,2,1,1,0,0,0,2,0,2,2,2,0,1,0,1,1,0
0,2,2,1,0,0,0,0,1,2,2,2,1,1,1,2,0,2,1,0,2,2,2,0,0,1,0,1,1,0
0,2,0,1,1,1,0,2,0,0,1,1,1,0,2,0,0,0,0,0,0,2,1,1,0,0,0,1,1,2
0,2,1,1,1,1,2,2,0,0,1,1,1,0,2,0,0,0,0,0,0,2,1,0,0,0,0,1,1,2
0,1,2,1,1,1,1,0,0,2,2,1,0,2,0,1,0,2,0,0,2,2,2,1,0,0,0,1,1,1
0,1,2,1,0,1,1,0,1,2,1,2,1,1,2,1,0,2,0,2,1,2,0,0,1,2,0,1,1,2
0,0,2,1,1,0,0,2,0,1,2,0,0,2,2,1,0,0,0,0,0,2,2,2,1,2,0,1,1,2
0,2,2,1,1,0,2,0,0,2,1,0,0,0,1,0,0,1,1,2,2,0,2,1,0,0,0,1,1,1
0,1,0,1,0,1,1,0,0,0,1,1,1,2,1,2,1,1,0,0,0,2,2,2,1,0,0,1,1,0
0,1,2,1,0,0,0,0,0,0,1,2,0,0,1,0,1,1,0,0,0,2,2,0,1,0,0,1,0,0
0,2,2,0,0,1,0,0,1,0,1,1,1,2,2,0,1,0,0,0,0,1,0,1,0,1,0,1,0,0
0,1,2,1,1,0,2,0,1,1,1,0,0,1,1,0,1,0,0,2,1,2,0,0,1,2,0,1,0,2
0,2,2,1,1,0,2,1,1,2,1,0,1,2,0,1,0,0,1,2,0,2,1,2,0,1,0,1,1,1
0,1,1,1,1,1,1,0,0,1,1,1,1,2,0,0,1,0,1,0,2,2,2,0,1,0,0,1,1,2
0,2,2,1,0,0,0,0,0,2,1,0,0,0,1,1,1,1,1,2,0,2,0,1,0,1,0,1,0,1
0,1,0,1,0,0,2,0,0,1,1,0,0,0,1,0,1,0,0,2,1,2,2,0,1,1,0,1,0,0
0,1,1,1,0,0,2,0,0,1,2,1,1,2,1,1,1,1,0,2,0,0,2,1,0,2,0,1,1,2
0,2,2,1,1,0,0,2,1,1,1,2,0,2,1,1,0,1,1,2,0,2,2,0,0,1,0,0,1,1
0,2,2,1,0,0,2,0,1,0,0,2,1,1,2,0,1,0,1,2,0,2,2,0,1,0,0,0,0,0
0,2,2,1,1,0,1,0,1,2,1,0,0,1,1,0,1,2,0,1,2,0,2,1,0,0,0,0,0,1
0,2,2,1,1,0,0,0,1,2,1,2,1,1,1,0,0,2,1,1,0,2,2,1,0,1,0,1,1,1
0,1,2,0,1,1,1,0,0,0,1,1,0,2,0,2,1,1,1,0,0,1,2,1,1,0,0,1,0,1
0,2,2,1,1,0,1,0,0,2,1,2,1,1,1,0,0,1,1,2,0,2,2,1,0,1,0,1,1,1
0,1,1,1,0,1,1,0,1,2,1,1,0,2,2,0,0,0,1,0,0,1,2,2,1,1,0,1,0,1
0,1,2,1,0,1,1,2,0,1,1,0,0,0,2,2,1,1,1,0,0,2,2,1,0,2,0,1,0,1
0,2,2,1,1,1,0,2,1,1,1,1,1,1,1,1,0,0,1,0,0,2,2,0,1,1,0,1,0,1
0,1,2,1,1,1,1,0,0,0,1,0,1,0,0,0,0,0,1,1,2,2,2,0,0,2,0,1,1,1
0,2,2,1,1,1,0,1,1,2,2,1,0,2,2,1,0,0,1,1,0,2,0,2,0,2,0,1,1,1
0,0,2,1,0,1,2,0,1,0,1,2,0,1,1,0,1,1,0,2,0,2,2,0,1,2,0,1,0,2
0,2,1,1,0,0,0,2,0,1,0,1,0,0,0,0,1,0,0,1,1,2,1,1,1,2,0,1,1,2
0,1,1,1,1,0,0,2,1,2,0,0,1,2,2,0,1,1,1,2,1,2,2,1,0,0,1,1,1,2
0,1,2,0,0,1,1,1,1,2,1,2,0,2,1,1,1,1,0,0,0,2,2,1,0,2,0,1,1,2
0,1,1,1,1,1,0,0,1,0,2,2,0,0,0,0,0,0,1,2,0,1,2,1,0,1,0,1,1,1
0,1,2,1,0,1,1,0,1,0,2,2,1,0,1,1,1,1,1,0,2,2,2,1,1,0,0,1,1,0
0,2,2,1,1,0,1,0,1,1,2,0,1,2,1,1,1,1,1,2,2,2,2,1,1,1,0,1,1,0
0,1,2,1,1,1,1,2,1,0,1,1,0,2,0,1,1,1,1,0,0,2,2,1,1,0,0,1,1,0
0,1,2,1,1,1,1,0,1,0,2,1,1,2,1,1,1,1,0,2,2,2,2,1,0,2,0,1,1,0
0,2,2,1,1,0,0,2,0,1,2,2,1,2,1,1,0,0,1,0,0,2,2,2,1,2,0,0,1,2
0,1,2,1,1,1,2,2,0,2,0,0,1,0,2,1,0,2,1,0,0,2,1,0,1,1,0,1,1,2
0,2,2,1,1,0,0,0,0,2,2,2,0,2,1,1,1,0,0,2,2,2,2,1,0,0,0,1,1,1
0,2,2,1,1,0,0,0,0,1,2,2,0,2,2,0,0,2,0,0,2,2,1,2,1,0,0,1,1,1
0,1,2,1,1,0,2,2,0,1,2,1,1,2,0,0,0,0,1,1,2,2,0,2,1,2,0,1,1,1
0,1,2,1,0,1,0,1,1,2,1,0,0,0,1,1,0,1,1,0,0,2,0,0,0,2,0,1,1,0
0,1,2,1,0,0,1,2,1,1,1,1,0,2,1,0,0,2,0,0,0,2,2,2,1,2,0,0,1,1
0,2,1,1,1,0,2,1,1,0,1,0,0,2,2,0,0,0,0,2,2,2,2,0,0,2,0,1,1,1
0,1,2,1,0,1,2,0,0,1,2,1,1,2,2,1,1,1,1,2,2,2,2,1,0,0,0,1,0,2
0,1,1,1,1,1,0,0,0,2,1,1,1,2,0,0,0,1,1,2,2,2,2,2,0,0,0,0,1,0
0,2,1,1,0,1,1,0,0,2,2,2,0,0,2,1,0,1,1,2,2,2,2,1,0,0,0,1,1,1
0,1,2,0,1,0,2,0,0,2,2,1,0,2,1,2,0,1,1,0,1,1,1,1,1,1,0,1,0,0
0,2,1,1,1,1,0,2,0,1,1,2,1,0,1,1,0,1,1,0,0,0,2,1,0,2,0,0,0,1
0,1,0,1,1,1,0,2,1,0,0,2,1,2,0,0,0,1,1,0,2,2,2,2,0,1,0,1,1,2
0,1,2,0,1,0,0,2,0,2,0,0,1,2,2,1,0,0,1,1,0,1,1,2,0,1,0,1,0,0
0,1,2,1,0,0,2,2,1,1,2,1,1,2,1,0,1,0,0,0,2,0,2,1,1,0,0,1,1,2
0,2,2,1,1,1,2,0,0,2,2,0,0,0,0,0,1,1,0,0,0,2,2,1,1,2,0,1,1,0
0,1,0,1,0,1,1,0,1,1,1,0,0,2,2,0,1,1,1,2,1,2,2,1,0,0,0,1,1,0
0,2,1,1,1,1,2,0,1,2,0,1,1,1,1,0,0,0,0,2,1,2,2,0,0,0,0,1,1,2
0,1,0,0,0,1,0,2,0,2,2,2,1,0,1,1,0,0,1,2,2,1,1,2,0,2,0,1,0,2
0,1,2,1,1,1,1,0,0,2,0,1,1,2,0,0,0,1,0,2,0,2,2,0,0,2,0,1,1,2
0,1,0,1,1,0,1,0,1,0,2,2,0,2,1,0,1,1,0,2,1,2,2,1,1,1,0,1,1,0
0,2,2,1,1,0,2,2,0,1,0,1,0,1,1,1,1,1,0,0,0,2,2,1,0,0,0,1,1,2
0,2,1,1,1,1,1,2,1,0,2,2,0,2,2,1,1,1,0,2,0,2,0,1,1,0,0,1,1,1
0,1,2,1,1,0,1,2,1,0,0,0,0,1,0,1,0,0,0,1,1,2,0,2,0,1,0,1,1,1
0,2,0,1,1,0,1,0,1,0,1,2,0,1,1,0,0,2,0,0,2,0,2,2,1,1,0,1,1,1
0,1,0,1,1,1,0,0,0,0,0,1,1,2,0,1,0,0,1,2,2,2,2,2,0,1,0,1,1,0
0,2,0,1,1,0,0,0,0,1,0,1,1,1,1,1,0,0,1,0,2,2,2,0,1,0,0,1,1,0
0,1,2,1,1,1,2,2,0,1,2,0,1,0,2,1,1,0,0,2,2,2,2,1,1,1,0,1,1,2
0,1,2,1,1,1,1,0,1,2,1,0,1,0,2,1,0,1,1,2,2,0,2,0,0,2,0,1,0,0
0,1,0,1,0,1,1,0,0,1,1,2,0,2,2,0,0,0,0,0,1,2,2,2,1,1,0,1,1,0
0,2,2,1,1,0,0,2,0,0,0,1,0,0,2,1,0,2,0,1,0,2,0,0,0,0,0,1,1,1
0,1,2,1,1,0,0,0,1,0,1,1,1,0,0,1,1,1,1,2,1,2,2,1,1,2,0,1,1,1
0,1,2,1,1,0,1,2,1,1,2,1,0,2,0,0,0,0,1,1,0,2,2,0,1,0,0,1,1,2
0,2,1,1,1,1,0,0,1,1,1,1,1,2,0,1,1,1,0,1,0,2,0,1,0,1,0,1,1,2
0,2,0,1,1,1,0,2,1,1,1,2,0,1,1,1,0,2,0,0,1,2,2,0,1,1,0,1,1,2
0,1,1,0,0,0,2,1,0,2,1,1,1,1,1,1,0,0,1,2,2,1,2,0,1,1,0,1,0,2
0,1,2,1,1,1,1,0,1,1,2,2,1,0,2,2,1,2,0,1,2,1,1,1,1,0,0,1,0,1
0,1,2,1,1,0,2,0,0,2,2,1,0,2,1,0,0,1,0,2,2,2,2,1,0,1,0,1,1,0
0,2,2,1,1,0,2,0,1,2,1,2,0,1,1,1,1,2,0,2,0,1,2,2,0,0,0,1,1,1
0,2,1,1,1,1,0,0,0,2,2,2,0,0,1,1,0,2,1,2,2,2,2,0,0,1,0,1,1,1
0,0,1,1,1,1,2,0,1,1,1,0,1,0,0,0,1,0,0,0,0,2,2,1,1,1,0,1,1,0
0,1,2,1,1,1,0,0,0,0,2,1,1,2,0,0,1,0,0,2,0,2,2,1,0,2,0,1,1,2
0,1,2,0,1,0,2,0,1,1,1,0,1,2,0,2,1,0,0,0,0,1,2,2,1,2,0,1,0,0
0,1,0,1,0,0,1,2,1,0,0,1,0,1,2,1,0,1,1,2,2,2,0,0,1,1,0,1,1,2
0,1,1,1,0,0,2,0,1,2,2,1,1,1,1,2,0,0,1,0,2,2,0,0,0,1,0,0,1,1
0,2,2,1,0,0,0,0,0,2,1,1,1,2,2,1,1,1,1,2,0,2,2,1,0,0,0,1,1,0
0,2,2,1,0,0,0,2,1,2,2,1,0,1,1,2,1,2,1,0,0,2,2,0,1,0,0,1,1,0
0,1,2,1,0,1,1,1,0,1,1,2,1,0,1,1,0,1,1,1,0,2,1,1,0,0,0,0,1,2
0,1,2,0,1,1,0,2,0,0,1,0,0,0,0,1,0,1,1,2,1,0,2,1,1,0,0,0,0,0
0,2,2,1,1,1,0,2,1,1,2,1,0,2,2,0,1,0,0,0,0,2,0,1,1,2,0,1,1,2
0,0,2,1,1,0,1,0,0,2,0,2,0,2,0,0,0,2,1,2,1,2,2,2,0,0,0,1,1,0
0,2,2,1,0,1,2,0,0,0,2,2,1,2,2,1,0,1,0,2,0,0,0,0,1,2,0,1,0,1
0,1,2,1,0,1,0,0,1,1,1,2,0,0,2,0,1,0,0,2,2,2,2,1,1,2,0,1,1,0
0,2,1,1,1,0,0,2,1,0,2,1,0,0,0,1,1,1,1,0,0,2,2,1,1,2,0,0,1,1
0,2,2,1,0,0,1,2,1,1,2,2,1,2,1,0,1,0,0,0,2,0,0,1,0,0,0,1,1,0
0,1,2,1,1,0,1,2,1,0,1,0,0,2,0,1,0,2,0,2,1,2,1,1,0,0,0,1,1,0
0,1,2,0,1,0,2,0,0,1,1,2,0,1,0,0,0,0,0,2,0,1,2,1,1,0,0,1,1,2
0,1,2,1,1,0,2,0,1,1,0,0,0,2,2,0,1,0,0,0,2,2,2,1,1,1,0,1,0,2
0,1,2,1,1,1,1,0,1,0,1,2,1,0,0,0,0,0,0,0,1,2,0,1,0,1,0,1,0,2
0,1,2,1,0,0,2,2,1,2,2,1,1,2,1,0,0,0,1,2,0,2,2,1,0,1,0,1,1,1
0,1,2,1,1,0,1,2,1,1,2,1,0,2,0,0,0,1,0,0,1,1,2,0,1,2,0,1,0,2
0,1,2,1,1,1,0,2,0,0,2,0,1,0,0,0,1,0,1,0,0,2,2,1,0,1,1,0,1,1
0,2,2,1,1,1,0,2,1,1,0,1,1,2,0,1,0,1,1,1,2,2,1,0,0,0,0,1,0,0
0,1,1,1,1,0,2,0,1,2,1,1,1,2,0,1,0,1,1,0,0,2,2,1,0,1,0,1,1,0
0,1,2,1,1,0,1,2,0,0,2,1,1,0,0,0,0,0,0,0,2,2,2,0,0,1,0,1,1,2
0,2,2,1,0,1,1,0,1,2,1,0,1,0,2,0,0,1,1,2,0,2,2,1,0,0,0,1,1,1
0,1,2,1,1,1,1,1,0,1,2,2,0,2,0,0,0,2,0,2,2,2,2,2,0,0,0,1,1,1
0,1,2,1,1,1,0,0,1,0,0,1,1,2,0,0,0,1,0,0,2,2,0,0,0,1,0,1,0,0
0,2,2,1,1,1,1,2,1,1,0,2,1,2,1,0,0,0,0,0,0,2,0,1,0,1,0,0,1,2
0,1,2,1,0,0,2,0,0,1,2,0,0,2,2,0,1,1,1,1,0,2,2,1,0,0,0,1,0,1
0,1,0,1,1,0,0,0,0,2,2,0,0,1,2,0,1,1,0,0,1,0,0,0,0,0,0,1,1,1
0,2,2,1,1,0,2,0,1,0,2,0,1,1,1,1,1,1,1,0,0,2,2,0,1,2,0,1,1,0
0,2,2,1,0,0,0,0,0,1,2,2,0,2,1,1,1,0,0,1,2,0,2,1,1,0,0,0,0,0
0,1,2,1,0,1,2,2,0,1,0,0,1,0,2,1,1,1,1,0,0,2,2,1,0,2,0,1,1,2
0,0,2,1,1,0,1,2,0,2,2,0,1,2,1,0,0,2,0,0,2,2,2,2,1,0,0,1,1,1
0,1,0,0,0,0,2,0,0,0,1,1,0,1,1,1,0,1,1,0,1,1,0,0,1,2,0,1,0,0
0,2,2,1,1,1,0,2,1,1,0,2,1,0,1,1,0,1,1,0,0,2,2,0,0,1,0,1,0,2
0,2,2,1,1,0,0,2,1,1,1,1,1,1,1,0,1,0,1,0,0,2,2,0,1,2,0,1,1,1
0,1,2,0,1,1,1,1,0,2,1,2,0,0,2,0,0,1,1,1,0,1,1,2,0,0,1,1,0,2
0,1,2,1,1,1,0,2,0,0,2,0,1,0,0,2,0,2,0,0,2,2,2,0,0,0,0,1,1,2
0,2,2,0,1,1,2,1,0,0,1,2,0,2,0,1,0,1,1,1,0,1,1,1,1,0,0,1,0,1
0,1,2,1,1,0,2,0,0,2,2,1,0,0,2,0,0,0,0,2,2,2,2,0,0,0,0,0,0,2
0,2,2,1,1,1,1,0,0,0,2,2,1,2,0,0,1,0,0,0,2,2,0,1,0,0,0,1,1,2
0,1,2,1,1,1,2,2,1,0,2,1,0,2,0,1,0,1,1,2,2,2,0,1,0,2,0,1,1,1
0,2,2,1,0,0,1,0,0,0,0,2,1,2,2,1,0,1,1,2,0,2,2,0,1,0,0,1,1,2
0,1,1,1,0,0,2,0,0,1,2,1,0,2,2,2,1,2,1,2,1,2,0,1,1,1,0,1,1,2
0,2,2,1,1,0,2,0,0,2,2,2,0,2,2,0,0,1,1,0,2,0,0,1,0,2,0,1,1,1
0,1,2,0,1,1,1,0,1,0,1,1,1,2,2,0,1,1,1,1,0,1,0,1,1,1,0,1,1,0
0,0,2,1,1,0,2,0,0,0,2,2,0,2,0,0,1,1,1,2,0,2,2,2,1,0,0,0,1,0
0,0,2,0,1,1,2,2,0,1,0,2,0,1,0,1,1,1,0,2,0,1,1,1,0,0,0,1,0,2
0,2,1,1,0,0,2,2,1,0,0,1,0,0,1,0,1,1,1,1,1,0,0,0,1,0,0,0,1,1
0,2,2,1,1,1,2,0,0,0,2,2,1,2,2,2,0,2,0,0,2,2,0,1,0,2,0,1,1,0
0,1,2,1,1,0,2,0,0,0,1,1,1,0,2,0,0,1,0,2,1,2,1,0,0,0,0,1,1,1
0,2,2,1,1,1,0,2,0,1,2,1,1,0,2,0,1,0,0,1,0,2,1,1,1,1,0,1,1,1
0,1,2,1,0,0,2,2,0,1,2,1,1,2,1,0,1,0,0,0,2,2,2,1,1,2,0,1,1,1
0,2,0,0,0,0,2,0,1,2,0,0,1,2,2,0,1,1,1,0,2,1,1,1,0,0,0,1,0,1
0,2,2,1,0,0,1,0,0,1,2,2,0,2,2,0,1,0,0,0,2,2,0,1,1,1,0,1,1,1
0,1,1,1,1,0,2,2,1,1,2,1,0,1,0,1,1,1,0,1,0,2,0,1,0,2,0,1,1,1
0,1,2,1,0,1,2,0,0,1,1,1,0,2,2,0,1,0,0,0,1,0,2,1,1,0,0,1,0,0
0,2,2,1,1,0,1,2,1,1,2,0,0,2,2,1,1,1,1,0,0,2,1,1,1,2,0,1,1,2
0,2,0,1,1,1,0,2,0,2,0,1,1,2,1,1,0,2,1,0,0,2,2,2,1,2,0,1,1,1
0,2,0,0,1,0,2,2,1,0,2,2,1,2,0,0,1,0,1,2,0,1,2,1,0,2,0,1,0,1
0,1,2,1,0,1,2,0,0,1,2,1,0,0,2,1,1,1,0,2,2,0,2,1,0,0,0,0,0,0
0,1,2,1,1,1,1,0,0,1,0,2,0,1,2,0,1,0,1,1,0,2,0,0,1,0,0,1,1,2
0,1,2,1,1,0,1,0,1,1,0,1,1,2,1,1,0,0,0,0,0,2,0,2,1,2,0,1,0,2
0,1,2,1,1,1,0,1,0,0,2,1,0,2,0,0,0,2,0,2,2,2,2,2,0,0,0,1,1,1
0,1,0,1,1,0,0,2,1,1,2,1,1,2,0,2,0,0,0,0,1,2,2,2,1,0,0,0,1,2
0,1,0,1,0,1,1,0,1,1,0,0,0,0,1,0,0,1,1,0,0,2,2,1,0,0,0,1,1,2
0,1,2,1,0,0,0,0,1,2,2,1,0,2,1,0,1,1,1,0,2,2,2,1,1,1,0,1,1,0
0,2,1,1,0,1,0,0,1,2,1,2,0,2,0,0,0,0,0,0,1,1,0,1,0,1,0,1,0,2
0,1,2,1,1,1,1,1,0,1,1,1,1,2,0,1,0,0,1,2,0,2,2,2,1,1,0,1,1,1
0,1,2,1,1,1,1,0,1,1,0,2,0,1,0,0,1,0,0,1,0,2,0,1,1,1,0,0,0,2
0,2,0,1,0,0,0,2,1,1,2,2,0,2,2,0,1,0,1,1,1,2,2,0,1,0,0,1,1,2
0,2,0,1,0,0,2,2,0,1,1,0,1,0,2,1,0,1,1,1,1,2,2,1,0,1,0,1,1,2
0,2,2,1,0,0,0,0,1,0,0,2,0,1,2,0,0,2,0,0,0,2,2,2,0,0,0,1,1,2
0,1,1,1,0,0,1,2,1,0,0,0,0,2,2,0,0,0,0,2,1,2,2,1,0,1,0,1,1,2
0,1,2,1,1,1,2,2,1,0,1,2,0,0,2,0,1,1,0,1,0,2,1,1,1,1,0,1,1,2
0,1,2,1,0,1,0,0,0,0,2,1,1,0,2,1,1,1,0,1,2,2,2,1,1,0,1,0,0,2
0,1,2,0,0,1,1,0,0,2,0,0,0,2,1,1,1,1,1,0,2,0,2,1,1,1,0,1,1,2
0,1,2,0,0,1,1,2,0,0,1,1,1,2,2,0,1,1,1,0,0,1,2,1,1,0,0,1,0,1
0,1,2,1,1,1,1,2,1,1,2,1,0,2,0,0,0,0,0,0,2,2,2,0,1,1,0,1,1,2
0,1,2,1,1,0,1,0,1,1,0,1,1,2,0,0,0,1,0,0,0,2,2,2,1,1,0,1,0,2
0,2,1,0,1,0,1,2,1,0,0,0,0,1,0,1,0,0,1,2,2,1,2,2,0,2,0,1,0,0
0,1,1,1,0,0,2,2,0,0,2,1,0,1,0,1,0,0,1,1,2,1,0,2,0,2,0,1,0,1
0,1,2,0,0,0,1,0,1,0,1,0,1,0,0,0,0,2,0,1,0,1,1,2,1,1,0,1,0,2
0,2,2,1,1,1,1,0,0,1,1,2,0,2,1,0,1,2,0,0,0,2,2,2,1,0,0,1,1,0
0,1,2,1,1,0,2,2,0,1,2,0,0,0,0,1,0,1,1,1,2,2,0,1,0,1,0,0,0,1
0,1,2,1,0,1,1,0,0,2,2,0,1,2,2,2,1,1,1,0,2,2,2,2,0,1,0,1,1,1
0,1,2,1,1,1,1,0,0,2,2,1,0,0,0,1,1,1,1,0,2,2,2,1,1,1,0,1,0,0
0,1,2,1,1,1,0,2,1,0,1,0,0,2,2,0,0,2,1,2,0,2,2,1,0,2,0,1,1,1
0,1,2,1,0,1,1,2,1,1,2,0,1,0,1,0,0,0,1,0,0,2,2,0,1,2,0,1,1,1
0,1,2,1,0,1,0,0,1,1,2,1,1,2,0,0,0,0,1,1,2,0,1,0,1,0,0,1,1,2
0,2,2,1,1,0,0,0,0,1,0,2,1,2,0,1,0,0,0,0,2,2,1,2,1,0,0,1,1,2
0,2,2,1,1,0,2,2,0,0,2,1,1,2,1,0,1,1,0,2,2,2,2,1,1,0,0,0,1,2
0,2,2,1,0,1,2,0,1,1,0,1,1,1,1,0,1,2,1,0,0,2,2,2,1,2,0,0,1,2
0,1,2,1,0,0,2,0,1,2,1,1,1,0,1,0,0,0,0,2,0,2,2,1,0,1,0,1,1,0
0,2,0,1,1,0,0,2,1,0,2,1,1,2,2,0,0,1,1,1,2,2,0,2,1,1,0,1,0,0
0,1,1,1,1,0,1,0,1,1,1,1,1,2,1,1,0,2,0,2,2,2,2,2,1,0,0,1,0,0
0,1,2,1,0,0,0,0,1,2,2,1,0,2,1,0,0,1,1,2,0,2,2,1,0,1,0,1,1,0
0,1,1,0,1,0,1,0,1,2,0,2,1,0,0,0,1,1,1,0,2,1,2,1,1,0,0,0,0,2
0,2,2,1,1,1,2,0,1,0,2,2,1,2,1,0,1,0,1,2,0,2,2,0,0,0,0,1,0,0
0,2,2,1,0,0,0,0,1,0,1,2,0,1,1,1,0,2,1,1,0,2,2,0,1,1,0,1,0,0
0,2,2,1,0,1,0,2,1,2,0,1,1,1,2,0,0,2,0,2,2,2,2,2,0,2,0,1,1,0
0,0,2,1,0,0,0,2,1,1,2,0,1,2,2,0,1,0,1,1,2,2,0,0,1,2,0,1,1,1
0,1,2,1,0,1,1,2,0,1,0,1,1,1,0,1,1,0,1,2,2,2,0,2,1,2,0,1,1,1
0,2,2,1,1,1,0,2,1,1,2,2,1,0,2,0,0,1,1,0,2,0,0,1,0,2,0,1,1,0
0,1,1,1,0,0,2,0,0,0,1,1,1,2,2,0,0,0,0,1,0,2,2,2,0,0,0,1,1,0
0,2,2,1,1,0,1,2,0,1,0,1,1,1,1,0,1,0,0,0,2,2,2,1,1,2,0,0,1,0
0,2,1,1,0,1,0,0,1,1,0,1,1,1,2,1,0,2,1,0,1,0,2,0,1,0,0,1,1,2
0,2,2,1,1,0,2,0,0,2,2,1,1,0,1,0,1,0,0,2,2,2,2,0,0,2,0,1,1,1
0,1,1,1,0,1,0,0,1,2,1,0,1,0,0,1,0,1,1,2,0,2,1,0,0,2,0,0,0,2
0,1,2,1,1,0,0,0,0,2,2,1,0,2,0,1,0,2,0,2,2,2,2,0,0,2,0,1,1,1
0,2,2,0,0,1,1,0,0,2,2,1,1,2,2,2,1,2,0,0,2,1,2,0,1,0,1,0,1,1
0,1,2,1,1,0,0,2,0,0,2,2,0,2,2,0,0,1,0,0,2,2,2,2,1,2,0,0,1,0
0,1,0,1,0,0,2,0,1,0,1,1,1,2,2,2,1,1,1,0,1,1,2,1,0,0,0,1,0,0
0,0,2,1,0,1,2,2,1,1,1,0,0,1,2,0,1,0,1,0,0,2,0,1,0,2,0,1,1,2
0,2,2,1,0,0,2,0,1,2,0,2,1,2,1,1,0,0,1,2,0,2,1,2,0,0,0,1,1,1
0,1,2,0,0,1,0,0,0,1,1,2,0,0,0,0,0,1,1,2,0,2,1,2,0,2,0,0,1,2
0,1,2,1,0,0,0,0,0,2,1,2,0,1,1,2,1,2,0,2,0,2,1,0,0,2,0,1,1,0
0,1,2,1,0,0,0,2,1,0,0,0,0,2,2,0,0,1,0,2,2,2,2,0,1,0,0,0,1,0
0,1,1,1,0,0,1,0,1,1,0,2,1,2,1,1,0,2,1,2,2,1,2,0,1,1,0,1,0,1
0,2,2,1,0,1,2,0,1,0,1,2,1,1,2,0,0,0,0,2,0,0,2,0,0,1,0,1,0,0
0,2,2,1,1,1,2,2,1,1,2,1,1,0,1,0,0,0,1,2,0,0,0,0,1,2,0,1,1,1
0,0,1,1,0,1,1,0,1,0,0,2,1,2,1,1,1,1,1,0,1,2,2,1,1,0,0,1,1,2
0,2,1,1,1,0,0,2,1,0,2,0,0,2,0,1,1,1,1,2,0,2,2,1,1,2,0,1,1,0
0,1,2,1,1,0,0,2,1,1,0,1,1,1,0,1,0,0,1,0,0,2,2,2,1,1,0,1,1,0
0,1,2,1,0,0,2,0,1,1,0,0,1,2,1,0,1,0,1,2,2,2,2,2,1,1,0,1,0,0
0,1,2,1,0,0,1,0,0,1,0,0,0,2,2,0,0,0,1,0,1,0,2,2,1,0,0,1,1,1
0,2,2,1,0,0,1,0,0,0,2,2,1,2,2,1,0,2,1,0,0,0,2,0,0,1,0,1,1,0
0,1,1,0,1,1,0,0,0,0,0,1,0,2,0,1,1,1,1,0,2,1,2,1,1,2,0,1,0,2
0,2,2,1,1,0,2,0,0,0,0,1,0,2,1,1,0,0,1,2,2,2,2,2,0,1,0,1,1,0
0,2,2,1,1,1,2,0,0,0,1,0,1,0,2,1,0,1,0,0,2,2,1,0,1,2,0,1,0,1
0,2,2,1,1,1,0,0,1,1,2,0,1,0,2,2,0,0,0,2,0,2,1,2,1,1,0,1,1,1
0,2,1,1,1,1,0,0,0,0,0,1,1,2,0,0,1,0,0,0,2,2,0,1,0,2,0,1,1,1
0,1,2,1,0,0,1,2,1,0,2,1,0,2,2,0,1,1,0,1,2,2,0,2,1,1,0,1,1,1
0,1,1,1,1,0,0,0,1,1,0,1,0,2,0,0,0,0,1,2,1,2,2,0,1,1,0,1,1,1
0,2,2,1,1,1,2,0,0,2,0,2,0,2,2,2,1,0,0,0,2,2,0,2,0,0,0,1,1,2
0,2,0,1,1,1,0,2,0,1,1,2,1,0,1,1,1,2,0,2,1,2,2,1,0,0,0,1,1,1
0,1,2,1,1,1,1,0,1,2,2,2,1,0,2,0,1,0,0,1,0,2,1,1,0,1,0,1,1,1
0,1,2,1,1,1,1,0,0,2,0,1,1,2,0,0,1,2,0,2,2,2,2,2,0,0,0,1,1,1
0,2,2,0,0,1,1,1,0,0,1,2,0,2,1,0,0,2,0,1,1,1,1,2,0,1,0,1,0,0
0,2,0,1,0,1,2,0,1,0,1,2,1,1,1,1,0,2,1,1,1,0,2,0,1,1,0,1,0,1
0,2,0,1,1,0,1,2,0,1,2,1,1,2,2,0,0,1,0,0,2,2,1,2,0,2,0,1,1,2
0,1,2,1,0,1,0,0,0,1,2,2,0,1,1,1,0,1,1,0,2,2,0,0,0,1,0,0,1,0
0,1,0,1,1,0,2,0,1,0,0,1,1,1,1,1,0,0,1,1,0,2,0,2,1,2,0,1,1,1
0,1,2,1,1,0,2,0,1,1,2,1,0,2,2,0,1,0,0,2,2,2,2,1,1,1,0,1,0,2
0,1,2,1,1,1,0,0,0,0,2,0,0,1,2,1,0,1,0,0,0,2,0,0,1,2,0,1,1,1
0,2,2,1,0,0,2,2,1,0,0,1,0,0,0,2,0,2,1,0,2,0,1,0,0,1,0,1,1,2
0,2,2,1,0,1,0,2,0,1,2,1,1,1,1,2,1,1,0,0,2,2,2,1,1,2,0,1,1,0
0,2,2,1,1,1,2,1,1,1,2,2,0,1,1,0,0,0,1,0,0,2,2,0,1,2,0,1,1,2
0,1,2,1,1,1,2,2,1,0,2,0,1,0,1,0,1,1,0,0,2,2,0,1,1,1,0,1,0,0
0,1,2,1,1,0,2,0,0,2,2,1,1,2,0,1,0,0,1,0,2,0,2,0,0,1,0,1,0,1
0,1,2,1,0,1,0,1,1,0,0,2,0,0,0,0,1,1,1,0,0,2,1,0,1,2,1,0,0,1
0,2,2,1,1,0,0,0,1,2,1,2,1,1,1,1,1,1,0,2,0,2,2,1,1,1,0,1,1,0
0,1,1,1,0,0,2,0,0,0,1,2,1,2,2,0,0,0,0,0,2,2,2,2,0,0,0,1,1,0
0,2,2,1,1,0,0,0,0,2,2,2,1,2,2,0,0,0,1,1,2,2,1,0,1,0,0,1,1,1
0,1,2,1,0,0,1,0,0,0,0,1,1,0,2,1,1,1,1,1,0,2,2,1,1,0,0,1,1,2
0,1,1,1,1,0,1,0,1,0,0,0,0,0,0,0,1,1,1,0,1,2,2,1,1,1,0,1,1,2
0,1,0,1,1,1,0,2,0,0,1,0,0,0,2,0,0,1,1,0,1,2,0,1,0,1,0,1,1,0
0,1,2,1,0,0,2,0,1,0,1,2,1,1,2,1,1,1,1,2,2,2,0,1,1,0,0,1,1,0
0,2,2,1,1,1,0,0,0,1,0,2,0,2,2,0,1,0,0,2,2,2,0,1,1,1,0,1,1,2
0,1,0,1,1,1,0,0,1,2,1,1,1,2,1,0,1,1,0,1,1,2,1,1,1,0,0,0,1,2
0,1,2,1,0,1,1,0,0,1,2,1,1,2,1,1,1,1,1,2,0,2,2,1,0,1,0,1,1,0
0,1,0,1,1,0,2,2,1,2,0,2,0,1,1,1,0,0,1,1,2,2,0,2,0,1,0,1,1,1
0,1,2,1,1,1,1,0,1,2,2,0,1,0,2,1,0,1,1,0,0,2,1,1,0,2,0,1,1,1
0,0,0,1,1,0,0,0,0,1,1,0,0,1,2,0,0,1,0,2,0,2,2,0,0,2,0,1,0,0
0,2,2,1,1,0,1,2,0,2,1,2,1,2,2,2,0,0,0,1,0,2,0,2,1,1,0,1,1,2
0,2,1,0,0,1,2,0,1,2,0,2,0,2,2,0,0,2,0,2,2,1,2,2,0,1,0,1,0,0
0,2,0,1,1,0,2,0,0,1,0,2,0,0,1,0,0,1,0,0,2,2,2,0,1,0,0,1,1,0
0,2,2,1,1,1,1,0,1,0,1,2,0,2,2,2,1,1,1,1,0,2,0,1,1,2,0,1,1,0
0,2,1,1,0,1,2,0,1,0,2,0,0,1,2,1,0,1,0,0,2,2,2,0,1,0,0,1,0,0
0,1,2,1,0,1,1,2,1,2,2,0,0,2,2,0,1,2,1,2,2,2,2,1,1,2,0,1,1,1
0,1,2,1,0,1,2,2,0,0,1,2,1,0,1,0,1,1,0,0,0,2,2,1,1,1,0,1,1,0
0,2,0,1,1,1,0,2,1,1,1,1,0,2,2,1,0,1,0,1,0,2,0,1,0,1,0,1,1,0
0,1,2,1,0,1,1,0,1,2,1,2,1,0,1,2,1,1,1,0,0,2,2,1,1,1,0,1,0,0
0,2,2,0,0,0,0,0,0,0,0,1,0,1,0,1,1,1,0,2,0,1,2,0,1,0,0,0,1,2
0,2,2,1,1,0,2,2,0,0,2,0,0,2,0,0,0,1,1,0,2,2,2,2,1,1,0,1,1,0
0,2,2,1,1,0,2,0,0,2,0,2,0,2,2,0,0,1,1,1,0,2,0,2,1,2,0,1,1,2
0,2,2,1,1,1,2,1,1,0,0,0,0,0,2,0,0,0,0,0,2,2,0,1,0,0,0,1,1,0
0,1,1,1,1,0,1,0,0,2,2,1,0,2,0,1,1,0,0,2,1,2,2,2,0,2,0,1,1,1
0,1,2,1,1,0,1,2,1,1,2,1,0,2,0,0,0,0,1,2,0,2,2,1,0,1,0,1,1,1
0,1,2,1,0,0,2,2,1,1,2,0,1,2,1,1,1,1,0,2,2,2,2,1,1,1,0,1,0,0
0,1,2,1,1,0,2,2,1,2,2,0,1,2,0,1,0,0,1,2,2,2,2,2,0,1,0,1,1,2
0,2,2,1,1,1,0,2,1,1,2,2,0,2,2,1,0,2,0,0,1,2,0,0,0,0,0,1,1,2
0,2,2,1,1,0,0,2,1,0,2,0,1,2,2,0,0,1,0,1,2,2,0,2,1,2,0,1,0,1
0,1,2,1,0,1,1,0,1,1,2,1,1,2,1,2,1,1,1,0,2,2,2,1,1,0,0,1,1,1
0,1,2,1,1,1,1,0,1,1,1,0,1,2,0,2,0,0,1,0,2,2,2,0,1,1,0,1,1,1
0,0,0,1,1,0,2,0,1,1,0,1,1,1,1,1,1,0,1,2,2,2,0,1,1,0,0,0,0,1
0,1,2,1,1,0,0,0,1,2,1,2,1,1,0,0,0,2,0,0,0,2,0,2,1,2,0,1,1,1
0,2,2,1,0,0,1,2,1,1,1,1,1,1,2,0,1,1,0,0,2,0,2,0,1,2,0,1,1,0
0,1,2,1,0,0,1,0,1,1,2,2,0,0,1,0,0,1,1,2,1,2,2,1,0,1,0,1,1,0
0,2,2,1,1,0,0,0,1,0,2,1,1,2,1,0,0,1,1,0,2,2,2,2,1,2,0,1,0,0
0,1,2,1,0,0,2,0,0,2,1,2,0,0,1,2,0,2,1,0,2,2,2,0,0,1,0,1,1,1
0,0,2,1,1,0,0,0,0,2,0,2,0,2,2,1,1,2,0,2,0,2,0,1,0,0,0,1,1,1
0,1,2,1,1,1,1,0,1,2,0,1,1,2,0,1,0,1,0,0,0,2,2,1,0,1,0,1,1,0
0,2,2,1,1,1,0,0,1,1,1,2,0,1,1,0,1,0,1,0,0,2,2,2,1,0,0,1,1,1
0,2,2,1,1,0,0,2,1,1,2,2,1,2,2,0,0,1,1,1,2,2,1,0,0,0,0,1,1,0
0,2,2,1,0,0,2,0,1,2,2,2,0,1,1,0,0,1,1,1,2,2,2,0,0,2,0,0,0,0
0,0,2,1,0,1,0,0,0,1,0,2,0,2,1,0,1,0,1,1,2,2,2,2,1,1,0,1,1,1
0,2,2,1,0,1,1,2,0,2,1,2,1,0,2,1,0,2,1,2,0,2,2,0,1,0,0,0,1,1
0,2,2,0,0,1,0,0,1,1,0,2,1,2,2,1,1,1,0,0,2,1,2,0,0,1,0,1,0,2
0,2,2,1,0,0,2,0,0,1,2,1,0,2,0,1,1,0,0,2,1,2,0,2,1,2,0,1,1,2
0,1,1,1,1,0,1,2,1,0,0,0,0,0,0,0,1,1,0,0,1,0,2,0,1,2,0,0,0,0
0,1,0,1,1,1,0,1,0,0,0,1,1,0,2,0,0,0,0,0,1,2,0,0,0,2,0,1,1,2
0,2,2,1,1,0,0,2,1,0,2,2,0,1,0,0,0,0,0,1,2,2,1,0,0,0,0,1,1,1
0,2,1,1,1,0,1,0,1,2,2,2,0,0,1,0,0,0,0,1,0,2,2,0,0,2,0,1,1,2
0,0,2,1,1,1,0,2,1,1,2,1,0,2,0,0,0,0,0,2,2,2,2,1,0,1,0,0,1,2
0,0,2,1,0,1,2,0,0,2,2,1,1,0,0,1,0,1,1,0,2,2,2,0,0,1,0,1,1,0
0,1,2,0,0,1,1,2,0,1,0,0,1,0,2,2,0,0,0,0,0,1,2,2,0,2,0,1,0,1
0,2,2,1,1,0,1,0,1,1,1,0,0,0,1,0,0,0,0,0,0,2,2,1,1,1,0,1,1,1
0,2,2,1,1,0,0,2,0,2,2,2,0,0,1,0,1,2,0,0,2,2,2,0,1,0,0,1,1,1
0,1,2,1,0,1,1,0,0,2,2,2,0,1,2,1,0,1,0,1,2,2,0,0,0,1,0,1,1,1
0,2,2,1,0,0,0,2,1,0,2,2,0,2,0,0,0,1,1,0,0,2,0,1,0,2,0,1,1,1
0,1,0,1,1,1,0,2,0,1,1,0,0,0,2,1,0,1,0,2,1,2,2,1,0,1,0,0,0,0
0,1,2,1,0,1,2,2,1,0,2,0,1,0,1,0,0,1,1,2,1,2,2,2,1,2,1,0,0,0
0,2,2,1,0,0,0,0,1,2,2,0,1,2,2,1,1,1,1,2,2,0,1,1,0,1,0,1,1,2
0,2,2,1,0,0,1,0,1,2,2,1,1,2,2,1,0,1,1,1,2,2,0,0,0,1,0,1,0,0
0,2,2,1,0,0,2,0,1,1,1,2,0,1,2,0,0,0,0,0,0,2,2,2,1,0,0,1,1,0
0,1,2,1,1,1,0,2,0,0,1,1,0,0,2,0,0,1,1,1,2,2,1,0,1,1,0,1,1,2
0,1,2,1,1,1,2,0,0,0,1,2,0,0,0,1,0,2,0,2,0,2,2,0,1,1,0,1,1,1
0,1,2,1,1,1,1,1,0,2,2,2,0,2,0,0,1,2,1,0,2,2,2,2,1,2,0,1,1,0
0,2,0,1,0,0,2,2,0,2,2,2,0,2,1,0,1,0,0,2,1,2,1,2,0,0,0,1,1,1
0,2,1,1,0,0,1,0,1,2,0,1,0,2,1,0,0,1,0,1,1,2,1,0,0,1,0,1,1,1
0,1,0,1,1,0,2,2,1,0,2,0,0,1,2,1,1,1,0,0,1,2,1,0,1,2,1,0,1,1
0,2,2,1,0,1,0,2,0,1,0,2,1,2,0,0,0,0,1,0,0,2,0,1,0,1,0,0,0,2
0,1,2,1,1,1,1,2,1,2,0,1,1,2,1,0,1,0,0,0,2,2,2,0,1,2,0,1,0,1
0,1,2,1,0,1,0,2,1,2,2,1,0,2,1,0,1,0,0,1,2,2,2,1,1,0,1,0,1,0
0,1,1,0,0,0,0,0,0,0,1,1,1,2,2,1,0,1,1,2,1,0,2,1,1,2,0,0,1,1
0,2,2,1,1,1,0,0,0,2,2,0,0,1,2,1,0,1,1,2,2,2,2,0,1,2,0,1,1,0
0,2,1,1,0,1,0,1,1,0,2,1,0,2,2,1,1,1,0,0,2,0,2,1,0,0,0,1,1,2
0,2,1,0,0,1,0,2,1,1,1,0,0,1,2,0,1,2,1,0,1,1,2,1,1,1,0,1,0,1
0,1,2,1,0,1,2,0,1,1,2,2,1,0,2,0,1,0,0,0,2,2,2,1,1,0,0,0,0,2
0,1,2,0,1,1,0,2,1,2,1,1,1,2,1,0,1,0,1,2,0,1,2,1,0,0,0,0,1,1
0,2,2,1,1,0,0,0,0,0,0,1,1,1,1,0,0,0,0,0,0,2,2,0,0,0,0,1,1,1
0,2,2,1,1,0,1,2,0,1,2,2,0,2,2,1,0,0,0,2,2,2,2,2,1,2,0,1,1,0
0,2,1,1,0,1,0,2,0,0,1,2,0,0,2,1,1,1,1,2,0,2,2,1,1,1,0,1,1,0
0,2,2,1,0,0,0,2,1,0,2,2,0,0,1,0,1,2,0,1,0,2,2,0,0,2,0,1,1,1
0,0,1,1,0,0,1,0,1,0,0,2,0,2,1,0,1,0,0,2,1,0,2,1,0,0,0,1,1,0
0,1,2,1,0,0,1,0,0,0,2,0,0,0,1,1,0,1,1,0,2,2,0,1,0,1,0,1,1,0
0,1,1,1,0,0,2,2,1,1,2,1,0,0,2,0,1,0,1,2,1,2,2,0,1,1,0,1,1,1
0,1,2,1,0,0,2,0,0,2,2,0,0,2,1,1,0,1,0,1,2,2,2,1,0,2,0,1,1,0
0,1,1,1,1,0,0,0,0,1,1,0,1,2,0,1,0,0,1,2,0,2,2,2,1,2,0,1,1,1
0,1,2,1,1,1,0,0,0,0,2,0,1,0,2,1,0,1,0,2,2,2,0,0,1,2,0,1,1,2
0,1,2,0,0,1,0,2,0,1,1,2,1,2,1,0,0,2,0,2,2,1,2,2,0,1,0,0,1,0
0,2,0,1,1,0,0,1,0,2,0,2,1,1,1,0,1,0,0,1,2,2,2,0,1,1,0,1,1,2
0,1,0,1,0,1,2,0,0,1,2,1,1,2,2,1,1,1,1,0,1,2,2,1,1,0,0,1,1,0
0,1,2,1,1,0,0,0,1,2,0,1,1,0,0,0,1,0,0,2,2,2,2,1,0,2,0,1,1,2
0,2,2,1,0,1,1,0,0,2,1,0,0,0,0,1,0,2,1,0,1,2,2,0,1,1,0,1,1,2
0,1,2,1,0,0,1,0,0,0,1,1,0,0,2,1,1,1,1,2,2,0,0,1,1,1,0,1,1,0
0,2,1,1,0,1,2,1,1,0,2,2,1,1,2,1,0,1,0,0,0,2,2,0,1,0,0,1,1,0
0,1,0,1,1,0,2,0,0,2,2,1,0,2,1,1,0,1,0,2,1,2,2,0,1,2,0,1,1,0
0,2,2,0,1,0,2,2,0,0,1,1,0,1,2,1,1,1,1,0,0,1,2,1,1,1,0,1,0,0
0,1,2,1,0,0,2,2,0,0,2,2,0,2,1,0,0,1,1,0,0,2,2,2,1,1,0,1,1,0
0,2,2,1,1,1,2,0,1,2,1,1,0,0,2,0,0,0,1,2,0,2,2,1,0,1,0,1,1,1
0,1,2,0,1,0,0,0,1,2,1,0,0,1,1,1,1,1,1,2,1,1,0,1,1,2,0,1,0,0
0,1,2,1,0,1,1,2,0,0,2,1,0,2,2,0,1,1,0,0,2,0,2,1,1,0,0,1,0,2
0,1,2,1,1,1,1,0,1,0,2,0,1,0,2,1,1,1,1,2,2,2,0,1,1,0,0,1,1,0
0,0,2,1,0,1,0,0,1,1,2,1,1,0,0,1,1,1,0,0,2,2,2,1,0,0,0,0,1,0
0,1,1,1,0,1,1,2,1,0,2,1,0,1,2,1,0,1,0,2,2,2,1,0,0,0,0,1,1,2
0,1,1,1,1,0,2,0,0,0,0,1,0,1,0,1,0,1,1,2,1,2,2,0,0,2,0,1,1,2
0,2,2,1,1,0,2,2,1,0,0,1,0,1,0,0,1,0,0,2,0,2,2,0,0,0,0,1,1,2
0,2,1,1,1,1,0,0,0,1,1,1,0,2,1,0,0,1,0,2,2,2,2,1,0,2,0,1,1,0
0,1,2,1,1,0,0,0,0,0,0,0,1,2,0,2,0,1,0,0,2,2,2,2,1,0,0,0,1,0
0,1,2,0,1,1,1,0,0,2,0,1,1,2,1,1,0,0,1,0,0,1,2,2,0,2,0,1,1,0
0,1,2,0,1,0,1,2,0,1,2,0,1,1,0,0,0,0,0,0,2,1,2,1,1,0,1,0,0,2
0,1,2,1,1,0,2,0,0,1,0,0,0,2,0,0,0,0,0,0,0,2,2,2,1,0,0,1,1,2
0,1,2,1,1,0,2,0,1,1,1,1,0,1,0,0,1,0,0,0,0,2,0,1,1,0,0,0,0,2
0,2,0,1,0,0,2,0,0,0,1,0,0,1,1,1,0,1,1,2,0,2,2,0,0,0,0,1,0,1
0,1,0,1,0,0,2,0,0,0,2,0,1,0,2,1,0,1,0,2,2,0,2,0,1,2,0,1,1,2
0,2,1,0,0,1,0,0,1,1,1,1,0,2,2,1,0,1,0,2,2,1,2,1,0,2,0,1,0,0
0,2,0,1,1,0,0,0,0,1,1,1,1,2,1,1,0,0,1,2,1,2,2,2,1,0,0,1,1,1
0,1,2,1,0,1,1,2,1,2,0,1,0,1,2,0,1,0,1,1,2,2,0,0,1,1,0,1,1,1
0,1,2,1,0,1,0,2,0,0,2,0,1,0,0,0,1,1,1,0,0,2,1,1,1,2,0,1,1,0
0,1,2,1,0,0,2,0,1,0,1,2,1,1,2,1,0,1,0,1,0,2,0,1,0,1,0,1,1,0
0,2,2,1,0,1,2,0,1,2,2,0,0,0,2,0,1,0,0,0,2,2,2,1,0,1,0,0,1,2
0,1,1,1,1,0,0,0,0,2,2,2,1,0,0,2,1,2,0,0,0,2,2,0,0,2,0,1,1,1
0,2,1,1,1,1,0,0,1,1,2,1,0,2,0,0,1,1,0,0,0,2,2,1,1,1,0,1,1,0
0,2,0,0,0,1,2,0,1,2,2,1,1,0,0,1,0,1,0,1,0,1,1,0,1,1,0,1,0,2
0,1,2,1,1,0,1,2,0,1,2,1,1,2,0,0,0,2,1,0,2,2,2,2,1,2,0,1,1,0
0,1,2,1,0,1,0,0,0,2,1,0,0,0,1,2,0,2,0,2,0,2,2,1,0,1,1,0,1,1
0,1,2,0,0,0,0,0,1,2,0,1,1,0,0,1,1,0,1,0,0,0,1,1,0,0,0,1,1,0
0,1,2,0,1,1,2,2,0,1,2,0,1,0,0,0,1,0,1,2,2,1,2,1,0,2,0,1,0,1
0,1,2,1,1,0,2,0,1,2,2,2,1,0,2,2,1,2,0,0,2,2,1,1,0,2,0,1,1,1
0,0,2,1,1,1,0,2,1,1,0,1,1,2,0,2,0,0,0,0,2,2,2,2,1,1,0,1,1,1
0,1,2,1,0,1,1,2,1,1,1,1,0,1,2,1,0,1,1,1,0,2,0,0,0,2,0,1,1,2
0,2,2,1,1,0,0,2,0,0,0,2,1,1,1,0,0,0,1,2,0,2,2,1,0,0,0,1,0,1
0,1,2,0,0,0,1,2,0,1,2,0,1,1,2,0,0,0,0,1,0,0,0,1,1,1,0,1,1,2
0,2,2,1,1,0,2,0,1,2,0,2,1,1,2,0,0,1,0,2,0,2,2,1,0,1,0,1,1,0
0,0,2,1,1,1,2,0,0,0,1,1,1,0,0,0,0,0,1,1,2,2,1,1,0,1,0,1,1,0
0,1,2,1,1,1,0,2,0,0,2,0,0,2,0,0,0,1,0,2,2,2,2,1,0,2,0,1,0,0
0,0,0,1,1,0,1,1,0,2,2,2,0,0,0,2,1,1,1,0,1,2,2,1,1,1,0,1,1,1
0,1,2,1,1,0,0,0,0,0,1,2,0,0,0,1,0,1,0,2,0,2,2,0,1,2,0,0,1,1
0,1,1,0,1,1,1,0,1,2,2,0,1,0,0,2,0,2,0,0,0,2,2,1,0,0,0,1,1,1
0,1,2,1,0,0,2,0,0,1,0,0,1,2,1,1,1,0,0,2,0,2,2,2,1,1,1,0,1,0
0,0,2,1,0,0,0,2,0,1,2,0,1,2,2,0,1,0,0,1,2,2,1,2,1,1,0,1,1,0
0,1,2,1,0,0,0,0,0,0,2,1,0,0,1,1,0,1,0,0,2,0,1,0,1,1,0,1,1,1
0,1,1,1,1,1,2,2,0,0,0,1,1,0,0,0,1,0,0,0,1,2,2,1,1,2,0,1,1,0
0,1,2,1,1,1,1,2,1,2,1,0,0,1,0,0,0,0,0,1,2,2,2,0,0,2,0,1,1,0
0,2,2,1,1,0,2,2,1,1,2,2,0,2,1,0,1,0,0,0,2,2,2,1,1,0,0,1,0,1
0,2,2,0,1,1,2,0,0,2,1,2,0,2,0,0,1,1,1,2,0,2,0,1,0,2,0,1,1,2
0,2,2,1,1,0,0,0,1,1,1,0,1,0,1,0,0,1,0,2,0,2,2,0,0,1,0,1,0,1
0,1,2,1,0,1,1,2,1,1,2,1,1,1,1,1,1,0,0,0,0,2,0,2,1,2,0,1,0,2
0,0,2,1,1,0,1,0,0,1,2,1,1,2,1,1,0,0,1,0,2,2,2,2,1,0,0,1,1,2
0,1,2,1,0,1,1,0,0,0,1,1,1,0,2,2,1,2,1,0,0,2,2,0,1,2,0,1,1,1
0,0,2,1,0,1,0,0,0,0,1,2,1,0,1,0,1,0,1,0,2,0,2,0,1,0,0,1,1,2
0,2,2,1,0,0,1,0,1,1,2,2,0,2,2,1,0,1,0,2,2,0,2,1,0,0,0,1,0,0
0,2,0,1,0,1,1,0,0,0,1,0,1,2,1,1,1,1,1,1,1,2,1,1,0,2,0,1,1,2
0,2,2,1,1,0,1,0,1,2,1,0,1,0,0,1,0,1,0,2,0,2,0,0,1,1,0,1,0,1
0,1,2,1,1,0,0,0,1,1,2,1,0,2,0,0,0,0,0,0,2,0,0,2,0,2,0,1,0,0
0,0,2,0,1,1,0,0,1,0,1,0,1,2,1,0,1,0,0,1,0,1,1,2,0,2,0,1,0,2
0,1,2,1,0,0,1,1,0,1,2,0,0,2,1,0,1,0,0,1,2,2,2,1,1,1,0,1,1,1
0,1,2,1,1,1,1,0,0,2,1,1,1,2,0,0,0,2,1,0,0,2,2,2,1,0,0,1,1,2
0,0,1,1,1,0,2,2,1,1,2,2,1,2,1,0,0,1,0,1,0,2,1,0,0,1,0,1,1,1
0,1,2,1,0,1,2,2,0,1,2,0,1,0,1,0,1,0,0,0,2,2,2,1,1,0,0,1,1,2
0,1,2,1,0,0,2,0,1,1,2,1,0,2,2,0,1,1,0,2,2,2,2,0,1,2,0,1,1,2
0,2,2,1,1,1,2,2,1,0,1,1,0,1,1,1,0,1,1,2,0,2,2,0,1,0,0,0,1,0
0,1,2,0,1,0,1,0,0,0,0,1,0,2,0,1,0,0,1,0,0,1,2,2,0,0,0,0,0,0
0,1,0,1,0,1,2,0,0,0,0,1,1,2,1,1,1,0,0,2,0,0,2,2,0,2,0,1,0,2
0,2,2,0,0,1,1,0,1,0,1,1,0,2,2,0,1,0,0,2,0,1,2,1,0,2,0,1,0,1
0,0,2,1,1,1,0,0,1,1,1,1,0,1,0,1,0,1,1,2,2,2,2,0,0,2,0,1,1,2
0,2,0,1,1,1,0,2,0,1,2,1,1,0,1,1,0,1,1,2,1,2,2,0,0,2,0,1,1,1
0,1,1,1,0,0,1,2,1,1,0,0,0,0,2,0,0,1,1,2,1,2,0,0,0,1,0,1,1,0
0,1,1,1,0,0,1,2,1,1,0,0,1,2,2,0,1,1,0,0,1,2,2,1,1,2,0,1,1,2
0,2,2,1,1,0,0,0,1,0,2,2,0,2,1,0,0,1,0,2,2,2,2,0,0,1,0,1,1,2
0,1,2,1,1,1,1,2,1,1,1,0,1,0,0,0,0,0,1,0,2,0,0,0,1,0,0,1,1,1
0,1,2,1,1,1,0,2,1,0,2,1,0,0,0,1,0,2,0,2,2,2,2,0,0,0,0,1,1,1
0,1,2,0,1,1,0,0,0,0,1,1,0,2,0,1,0,1,1,2,0,1,2,1,1,1,0,1,0,2
0,1,1,1,1,1,0,0,0,1,0,1,1,2,0,0,0,2,1,0,1,2,2,2,1,2,0,1,1,1
0,1,2,1,0,0,1,2,0,2,1,1,1,2,1,2,1,2,1,0,0,2,2,1,1,1,0,1,1,1
0,1,2,1,0,0,1,0,1,1,2,0,0,0,2,0,1,1,1,1,0,2,1,1,0,2,0,1,0,0
0,0,0,1,0,1,0,0,1,0,1,2,0,2,1,1,1,1,0,2,1,2,2,1,0,0,0,1,0,0
0,2,2,1,0,0,2,0,0,1,2,0,0,0,1,1,1,1,1,0,1,2,2,1,1,2,0,1,1,1
0,1,2,1,1,0,2,0,0,2,1,2,0,1,0,0,0,1,0,0,0,2,0,0,0,2,0,1,1,2
0,1,2,0,0,1,1,1,0,2,2,2,0,2,0,0,1,0,0,0,0,1,1,1,1,2,0,1,0,1
0,1,1,1,0,0,1,0,0,2,2,1,0,2,2,1,1,1,1,2,1,2,2,1,1,2,0,1,1,1
0,1,1,0,1,0,2,0,1,1,2,0,1,0,0,1,1,0,0,2,0,1,0,2,1,2,0,1,0,2
0,0,2,0,0,1,2,0,1,1,1,1,1,2,1,0,1,0,0,1,1,1,1,1,1,1,0,1,0,2
0,1,2,0,1,1,2,1,0,0,1,2,1,2,0,0,1,0,0,0,0,1,2,1,1,2,0,1,0,0
0,0,1,1,1,1,0,0,0,0,1,0,1,2,2,0,0,2,0,1,0,2,2,2,0,2,0,1,1,1
0,1,2,1,1,0,2,2,0,2,2,1,0,2,0,0,0,0,1,0,2,2,2,2,1,0,0,1,1,0
0,1,1,1,0,0,1,0,1,1,0,1,0,1,1,0,0,2,0,0,2,2,0,2,1,2,0,1,1,1
0,1,0,1,0,1,0,2,1,1,1,2,0,0,1,1,0,1,1,1,1,2,2,1,0,2,0,0,1,1
0,2,2,1,1,0,1,0,1,0,1,2,0,1,1,0,0,1,0,0,0,2,2,0,1,0,0,1,1,0
0,1,2,1,1,0,0,0,0,2,2,1,0,2,2,1,1,1,0,2,0,2,2,1,0,2,0,1,1,2
0,1,2,1,0,1,0,2,1,0,0,0,1,2,2,1,1,1,1,0,1,0,2,1,1,1,0,1,1,2
0,1,2,1,0,0,2,0,0,1,2,1,0,2,2,1,1,1,1,2,0,0,1,1,0,1,0,1,0,1
0,2,2,0,0,1,0,1,1,2,1,1,0,2,0,0,0,1,0,0,1,0,2,0,1,0,0,1,1,0
0,1,1,1,0,1,1,2,1,2,0,0,1,0,2,0,1,0,0,2,1,2,2,0,0,1,0,1,1,0
0,1,2,1,1,0,1,0,1,0,0,2,0,2,0,1,1,1,1,0,0,2,2,1,1,0,0,1,0,2
0,2,2,0,1,1,1,0,1,2,0,2,1,2,2,1,0,1,1,1,0,1,0,1,0,0,0,1,0,1
0,1,2,1,1,1,0,1,1,1,2,2,1,2,0,2,0,2,1,0,2,2,2,0,0,1,0,1,1,1
0,1,0,0,0,1,0,0,0,0,1,0,0,2,2,1,1,1,1,0,2,1,2,1,1,0,0,1,0,1
0,1,2,0,0,1,2,0,1,1,1,1,1,2,2,0,1,0,0,0,0,1,0,1,1,1,0,1,0,0
0,1,0,1,0,0,0,0,0,0,1,2,1,2,2,0,1,1,0,0,1,2,2,1,1,2,0,1,1,0
0,1,2,1,1,0,2,0,0,2,1,0,1,0,0,0,0,2,0,2,0,2,0,1,0,1,0,1,1,1
0,2,1,1,1,1,2,2,1,0,2,1,0,2,1,1,0,1,1,2,0,2,2,0,1,2,0,1,1,0
0,1,2,1,1,1,0,2,1,1,1,0,0,1,2,1,0,1,1,1,0,2,0,0,0,2,0,1,1,2
0,1,2,1,1,1,2,0,1,1,2,0,1,2,2,1,1,1,0,0,0,2,2,1,0,1,0,1,0,1
0,1,2,1,1,0,2,0,1,2,1,2,1,0,0,2,0,2,0,2,0,2,2,1,0,2,0,0,0,1
0,1,1,1,1,0,0,0,0,2,0,2,0,1,1,1,0,2,1,2,1,2,0,0,1,0,0,1,1,0
0,1,2,1,1,1,0,0,1,0,1,0,0,0,0,0,0,0,1,2,0,2,2,1,0,1,0,1,1,1
0,2,0,1,1,0,2,0,1,0,0,0,1,2,1,1,0,0,1,0,2,2,2,1,0,2,0,1,1,1
0,2,2,1,0,1,0,0,1,2,1,2,1,1,2,0,0,0,0,2,2,0,2,0,0,2,0,1,1,0
0,2,1,1,1,1,1,0,0,1,1,1,0,2,1,1,0,0,1,0,0,2,2,2,1,1,0,1,1,2
0,1,2,1,1,1,0,0,0,2,2,2,1,2,0,0,0,1,0,2,2,2,2,0,0,1,0,1,1,0
0,2,2,1,1,0,2,0,0,0,1,2,1,2,2,0,0,1,0,1,0,2,0,2,1,2,0,1,1,2
0,2,1,0,0,0,0,1,0,0,1,1,1,2,2,2,1,1,0,1,1,1,0,1,1,0,0,1,0,0
0,2,1,1,1,1,0,2,1,1,1,1,0,0,2,1,0,1,1,2,2,2,2,0,0,2,0,1,1,0
0,2,2,1,1,1,0,0,0,0,2,0,1,1,1,1,0,1,0,2,2,0,2,1,0,1,0,1,0,2
0,2,1,1,1,0,1,1,0,2,2,0,0,0,2,2,0,0,0,0,0,2,0,0,0,0,0,1,1,2
0,2,2,1,1,0,0,2,1,0,2,0,1,2,2,0,0,1,0,1,2,2,0,2,1,1,0,0,0,1
0,1,2,1,1,1,1,2,1,1,2,1,0,2,2,0,0,1,1,1,2,2,2,1,0,1,0,1,1,1
0,2,1,1,1,0,1,0,1,1,0,1,0,2,2,0,1,0,1,1,2,2,1,0,1,2,0,1,1,0
0,1,1,1,1,0,2,0,1,2,0,1,1,2,0,0,0,0,0,2,1,2,2,1,0,0,0,0,0,2
0,1,1,1,1,0,1,0,1,2,0,1,1,1,0,1,1,0,0,0,1,0,0,1,0,2,0,1,1,2
0,2,2,1,1,0,2,0,0,2,2,2,0,2,1,1,1,1,0,0,2,2,2,0,1,2,0,1,1,2
0,2,2,1,1,1,0,0,1,1,1,1,1,2,2,1,0,1,0,1,0,2,1,1,0,0,0,1,0,1
0,1,0,1,0,1,0,0,0,2,1,0,0,1,0,1,0,1,1,0,1,2,0,0,0,2,0,1,1,0
0,1,1,1,1,0,1,2,1,1,2,0,0,2,0,1,0,1,0,0,0,2,2,0,0,2,0,1,1,0
0,2,1,1,0,1,0,2,1,2,2,2,0,1,1,1,0,2,0,0,0,2,2,0,0,0,0,1,1,1
0,0,1,0,1,1,1,2,0,0,0,2,1,1,0,0,1,1,0,1,2,1,1,1,1,1,0,1,0,2
0,1,2,1,1,1,1,0,0,2,2,1,0,2,0,2,1,2,1,0,2,2,2,0,1,0,0,1,1,0
0,1,2,1,0,1,0,0,1,1,2,1,1,2,2,1,0,1,1,2,2,2,2,1,0,0,0,0,1,0
0,2,2,1,0,1,0,0,1,1,1,0,0,0,2,0,1,1,1,2,2,2,2,1,0,2,0,1,1,0
0,1,2,1,1,1,2,0,1,1,1,2,0,0,0,0,1,0,1,0,0,2,2,1,1,1,0,1,1,1
0,1,1,1,1,0,0,2,0,0,0,1,0,0,0,2,0,2,0,0,1,2,2,0,0,2,1,0,1,0
0,1,2,1,0,0,0,0,1,2,1,0,0,1,0,0,0,2,0,2,0,2,1,2,1,1,0,1,1,1
0,2,2,1,1,1,2,2,0,1,0,2,1,0,1,1,1,1,0,2,0,2,2,1,0,0,0,1,1,1
0,2,0,1,1,1,0,0,1,1,0,1,0,1,0,1,0,0,0,2,0,2,2,2,1,1,0,1,1,2
0,1,2,0,1,0,1,2,1,1,1,0,0,2,0,1,0,1,1,0,1,1,2,1,1,0,0,1,0,0
0,1,2,1,1,0,2,0,1,0,1,0,1,2,1,2,1,0,0,0,0,2,2,2,0,1,0,1,1,0
0,1,2,1,1,0,0,2,1,1,0,0,0,1,0,0,0,0,0,0,2,2,0,0,1,0,0,1,1,2
0,1,2,1,1,1,1,2,0,0,0,0,1,0,0,1,1,1,0,2,0,2,2,1,0,1,0,1,1,2
0,1,1,1,0,1,0,2,1,0,2,1,1,1,2,1,0,2,1,0,0,0,0,0,0,0,0,1,1,2
0,1,1,1,1,1,2,0,0,1,2,1,0,1,0,0,1,0,0,2,0,2,0,0,1,2,0,1,1,2
0,1,2,1,1,0,0,2,0,2,0,1,0,2,0,0,0,2,1,0,0,2,2,2,1,2,0,1,1,0
0,2,2,0,1,1,2,0,0,0,1,2,1,2,2,1,1,1,1,0,0,1,0,1,1,2,0,1,0,0
0,2,2,1,1,0,1,0,1,2,2,2,1,2,1,1,0,1,0,0,2,2,2,0,0,1,0,1,1,0
0,1,2,1,1,0,2,0,1,1,2,2,0,1,0,0,1,0,0,2,2,2,0,1,1,1,0,0,1,2
0,2,2,1,1,1,1,2,1,1,2,1,1,0,2,0,0,0,1,0,2,2,0,1,1,2,0,1,1,1
0,1,2,1,0,0,2,2,1,0,2,1,1,2,2,0,1,1,1,0,2,2,2,1,1,1,0,0,0,0
0,1,1,1,0,0,0,0,1,2,1,1,0,1,0,2,1,2,1,0,2,2,0,0,1,1,0,1,1,1
0,0,2,1,0,0,1,2,1,1,2,0,0,2,0,1,0,1,1,2,0,2,2,0,0,2,0,1,1,0
0,2,2,1,0,1,1,0,0,0,0,2,0,1,2,2,1,2,1,0,2,0,2,0,1,1,0,0,0,0
0,2,2,1,0,0,1,2,0,0,2,1,1,2,1,1,0,0,1,1,2,2,1,2,1,1,0,1,1,2
0,0,2,1,1,1,2,0,0,1,0,2,1,2,1,1,1,1,1,0,0,2,2,1,0,2,0,1,1,0
0,1,2,1,0,0,0,0,0,0,0,0,1,2,2,0,1,1,0,1,2,2,2,1,1,0,0,1,1,0
0,2,0,1,1,0,2,2,1,1,2,1,0,2,1,0,1,0,0,2,2,2,2,2,0,2,0,0,0,1
0,2,2,1,1,1,1,1,1,0,2,2,0,1,1,2,0,0,0,0,2,2,2,2,1,1,0,0,0,2
0,1,0,1,1,1,1,0,0,2,1,2,0,2,0,0,0,2,0,2,0,2,2,2,1,2,0,1,1,0
0,2,2,1,1,1,2,2,1,2,0,2,0,1,1,2,1,2,1,0,2,2,2,0,1,2,0,1,1,0
0,2,0,1,1,1,2,0,0,2,1,1,1,2,1,1,1,1,1,0,1,2,2,1,1,0,0,1,1,1
0,1,2,1,1,1,2,0,0,2,1,0,0,0,1,0,1,0,0,2,0,2,2,0,0,1,0,1,1,1
0,1,2,1,1,0,0,0,1,2,0,0,1,2,0,1,1,2,1,0,0,2,2,0,1,1,0,1,1,2
0,2,1,1,0,1,2,2,0,0,1,2,0,1,2,0,0,0,1,2,2,2,2,1,0,0,0,1,1,2
0,2,1,1,0,0,1,0,1,2,0,2,0,0,2,1,0,2,0,2,0,1,2,0,0,0,0,0,1,1
0,2,2,1,0,1,2,0,1,0,2,2,1,2,2,2,0,0,0,0,1,2,2,2,0,0,0,1,0,0
0,1,1,1,1,0,1,2,1,0,0,1,0,1,0,0,0,0,0,2,1,2,2,0,0,0,0,1,1,1
0,1,2,1,0,1,0,2,1,2,0,1,1,2,1,0,0,2,0,0,2,2,2,2,1,2,0,1,0,0
0,1,2,1,1,1,1,2,0,1,0,1,1,2,0,2,0,1,1,0,0,2,2,2,0,2,0,1,1,2
0,1,0,1,1,1,1,0,0,1,0,0,1,1,0,1,0,0,0,2,0,2,0,2,1,2,0,1,1,2
0,2,2,1,1,1,2,2,0,0,0,1,1,2,2,0,0,1,0,1,0,2,0,2,1,1,0,1,1,1
0,0,2,1,1,1,2,2,1,0,1,0,1,2,0,2,1,1,0,0,0,2,2,1,1,1,0,1,1,0
0,1,2,0,1,0,1,2,1,1,2,0,0,0,0,0,1,1,1,2,2,1,2,1,0,0,0,1,0,0
0,2,2,1,0,1,2,2,1,1,2,0,0,2,0,1,1,1,0,1,2,2,1,1,0,1,0,1,1,1
0,1,2,1,0,0,2,0,0,2,1,1,0,2,2,0,0,0,0,2,0,2,2,2,0,1,0,1,1,1
0,1,2,1,0,1,2,2,1,1,2,0,1,0,2,0,1,1,0,0,0,1,2,1,1,1,0,1,1,0
0,1,1,1,0,0,0,2,0,0,1,1,0,0,1,0,1,1,1,1,0,0,1,1,0,2,0,1,0,2
0,2,2,1,0,0,1,2,1,1,2,2,1,2,1,0,1,0,0,0,2,2,2,1,1,0,0,1,1,2
0,0,2,1,1,1,2,2,0,0,2,1,0,2,0,0,0,1,1,0,0,2,2,2,1,1,0,1,1,0
0,1,0,1,1,0,1,2,1,1,2,1,0,2,0,0,0,0,0,0,1,2,2,0,1,0,0,1,1,0
0,2,1,1,1,0,0,2,1,0,2,2,0,2,1,1,1,1,1,0,0,2,2,1,1,0,0,1,0,1
0,1,1,1,0,1,0,1,0,0,2,0,1,0,1,0,1,0,1,2,1,2,2,1,0,2,1,0,0,2
0,1,2,1,0,1,1,2,1,1,1,1,0,1,2,0,1,1,1,0,0,2,0,0,0,2,0,1,1,0
0,2,1,1,1,0,0,2,0,1,1,1,1,0,1,1,0,1,1,2,1,2,2,1,0,1,0,1,1,0
0,1,0,1,1,1,1,0,0,2,1,1,0,2,0,0,1,1,1,2,1,2,2,2,1,0,0,1,1,1
0,2,2,1,0,1,1,2,1,0,1,1,0,0,0,1,0,1,0,1,0,2,1,0,0,2,0,1,1,0
0,1,1,1,1,1,0,0,1,0,0,1,0,1,0,1,1,1,0,0,1,2,2,1,1,2,1,0,1,0
0,1,2,1,1,1,1,0,0,2,1,2,1,0,0,2,1,2,1,0,1,2,2,0,1,0,0,1,1,2
0,2,0,1,1,1,2,0,0,2,1,0,0,2,0,0,0,1,0,2,1,2,2,1,0,0,0,1,1,0
0,1,2,1,0,1,0,0,1,1,2,1,1,2,1,1,0,0,1,2,1,0,2,2,1,0,0,0,0,2
0,2,2,0,1,0,0,2,1,1,1,2,1,2,2,2,0,2,1,2,0,1,1,1,1,1,0,0,1,2
0,1,2,1,0,0,1,0,1,0,0,0,1,2,1,0,0,1,0,0,0,1,2,2,1,0,0,1,0,1
0,1,2,1,0,1,0,0,0,0,2,1,1,2,2,0,0,0,0,2,2,2,2,1,0,0,0,1,1,1
0,2,2,1,1,1,1,0,0,2,2,0,0,1,1,1,0,1,1,0,2,2,2,0,1,0,0,1,1,0
0,1,2,1,1,1,1,0,1,0,1,0,0,0,0,0,0,0,0,2,0,2,2,1,0,0,0,0,1,0
0,2,0,0,0,0,2,2,1,0,0,1,0,2,2,1,0,0,0,1,2,1,0,2,0,0,0,1,0,1
0,1,2,1,1,0,2,2,1,1,0,1,1,2,0,2,1,1,0,1,1,2,2,1,1,2,0,1,1,2
0,2,2,1,1,1,2,2,1,2,1,2,0,0,1,2,1,2,0,0,0,2,2,1,1,0,0,1,1,1
0,2,0,1,1,0,2,2,0,1,0,1,0,2,1,1,1,0,1,0,1,2,2,2,1,1,0,1,1,0
0,0,2,1,1,0,0,2,1,2,2,0,0,2,1,0,1,0,0,0,2,2,2,1,1,2,0,1,1,2
0,1,2,0,0,0,1,0,1,0,1,0,1,2,2,0,1,1,0,0,1,1,2,1,1,1,0,1,0,0
0,1,2,1,1,0,0,2,1,1,0,0,0,0,0,1,0,1,1,0,0,2,0,0,0,1,0,1,1,1
0,1,1,1,1,0,2,2,0,1,2,0,0,2,0,1,0,0,0,1,0,2,0,2,1,2,0,0,1,2
0,0,1,1,1,0,1,2,1,1,0,2,1,2,1,0,0,0,0,1,1,2,0,0,1,2,0,1,1,2
0,1,2,1,1,0,1,2,1,0,2,0,0,2,0,0,0,1,0,0,1,2,2,2,1,2,0,1,1,1
0,1,2,0,0,1,2,0,1,0,0,1,0,0,0,0,1,0,0,1,1,2,1,1,0,1,0,1,1,2
0,1,2,1,1,1,2,2,1,0,2,1,0,2,0,1,1,1,1,0,2,2,2,1,1,0,0,1,1,0
0,2,1,1,0,0,1,0,0,1,2,1,1,2,1,1,1,0,0,2,0,2,0,2,1,2,0,1,1,2
0,1,0,1,1,0,0,0,0,2,2,2,0,2,0,0,0,2,0,2,1,2,2,1,0,1,0,1,1,0
0,1,2,1,0,1,2,2,1,0,2,1,0,2,2,1,1,1,1,2,2,2,2,1,1,0,0,1,1,0
0,1,2,1,1,1,0,0,1,0,0,2,0,1,0,0,0,1,0,1,2,2,2,2,1,1,0,1,1,0
0,2,0,1,1,1,2,0,0,1,0,1,0,0,1,0,1,0,1,0,0,1,2,0,1,0,0,1,0,1
0,1,2,1,0,1,0,0,1,1,2,1,0,0,0,1,0,0,1,0,0,2,1,2,1,1,0,1,1,2
0,2,2,0,0,1,2,0,0,1,1,1,0,2,2,0,1,0,0,1,0,1,2,1,1,0,0,0,1,0
0,1,2,0,1,1,1,0,0,2,1,1,0,2,1,2,1,1,0,0,1,1,2,1,1,0,0,1,0,1
0,1,1,1,0,0,1,2,0,1,1,0,0,2,2,0,0,0,1,2,2,2,2,2,1,2,0,1,1,1
0,1,1,1,1,1,0,0,0,0,1,1,0,2,0,0,0,0,0,2,2,2,2,0,0,0,0,1,0,1
0,1,2,1,1,1,0,0,0,0,2,0,1,2,2,1,0,2,1,2,1,2,2,2,1,1,0,1,1,0
0,1,2,1,0,1,0,2,0,0,1,0,1,2,1,0,0,0,0,1,0,2,2,2,0,1,0,1,1,0
0,1,0,1,0,1,1,0,1,2,0,0,0,0,2,1,0,0,1,0,2,2,0,1,0,2,0,1,1,1
0,0,0,0,1,0,2,2,0,0,2,0,0,2,2,1,0,1,1,0,0,1,2,1,1,1,0,1,0,1
0,1,2,1,0,1,1,0,0,1,2,0,1,2,1,1,0,2,1,0,2,2,2,2,1,0,0,1,1,1
0,2,2,1,0,1,1,0,0,0,1,0,1,0,2,0,1,0,0,2,0,2,2,0,0,2,0,1,1,1
0,2,2,1,1,0,1,2,0,1,2,2,1,2,2,1,0,0,0,2,0,2,0,2,0,1,0,1,1,0
0,1,2,1,0,0,0,0,1,0,1,0,0,0,1,0,1,0,1,2,0,2,2,1,0,1,0,1,1,1
0,2,2,1,0,0,1,0,1,1,2,0,0,2,0,0,1,0,0,1,0,2,1,1,1,2,0,1,0,1
0,2,2,1,0,1,2,0,1,1,2,1,1,0,2,2,1,1,1,0,2,2,2,1,0,2,0,0,1,1
0,0,2,1,1,0,2,0,1,0,1,1,1,0,1,1,1,1,0,0,0,2,0,1,0,0,0,1,1,2
0,0,2,1,0,0,2,0,0,0,2,2,0,2,2,1,1,1,1,2,2,2,0,1,1,0,0,1,1,1
0,2,2,0,1,0,0,0,1,2,1,2,0,1,2,1,1,2,1,1,1,1,2,0,0,1,0,1,0,2
0,1,2,1,1,1,0,0,0,1,1,0,0,1,0,0,0,0,1,1,0,2,0,0,1,1,0,0,1,1
0,2,2,1,0,0,1,2,0,1,1,0,1,1,2,1,0,0,0,2,2,0,2,2,0,2,0,1,1,1
0,1,0,1,0,1,0,0,0,0,1,0,1,2,2,1,0,1,1,0,2,0,2,0,0,2,0,1,1,1
0,1,2,1,1,1,1,0,1,0,1,2,0,1,0,0,1,1,0,0,0,2,0,1,1,0,0,1,1,2
0,1,2,1,1,0,2,2,1,2,2,1,1,2,0,0,0,0,0,2,0,2,2,1,0,0,0,1,1,2
0,1,2,1,1,0,1,0,1,0,1,0,1,1,2,0,0,1,0,0,1,1,0,0,1,1,0,1,0,2
0,2,2,1,1,0,1,0,0,1,1,0,1,0,1,0,1,0,0,0,0,2,2,1,1,0,0,1,1,1
0,2,2,0,0,0,2,1,0,2,1,2,1,2,1,1,1,0,0,0,0,1,1,2,0,2,0,1,0,1
0,2,1,1,0,0,2,0,1,0,0,1,0,1,2,1,0,0,1,1,1,2,2,2,0,1,0,1,0,2
0,1,2,1,0,0,0,0,1,2,2,2,1,1,2,1,0,1,1,2,2,2,0,0,1,0,0,0,0,0
0,2,1,1,1,0,2,0,0,1,2,1,0,1,0,0,1,0,1,0,2,2,2,0,1,0,0,1,1,1
0,2,1,1,1,1,2,2,1,0,0,0,0,1,1,0,0,1,1,2,1,2,2,1,0,0,0,1,1,2
0,1,2,1,0,0,2,0,0,2,1,0,0,1,1,0,0,0,1,2,0,0,0,0,0,2,0,1,1,1
0,1,2,1,1,1,1,2,0,2,1,1,1,1,0,1,0,2,0,1,0,2,0,2,1,2,0,1,1,2
0,1,2,1,0,1,1,0,0,2,0,0,0,2,1,1,0,1,1,2,0,2,2,1,0,2,0,1,1,2
0,1,2,1,0,0,2,0,0,1,2,0,0,2,1,1,1,1,1,0,2,2,2,1,0,2,0,1,1,1
0,2,2,1,0,0,1,2,0,0,0,1,1,1,2,0,0,0,1,2,0,2,2,1,0,0,0,1,1,0
0,2,2,0,0,1,1,2,0,1,1,1,1,0,2,2,1,1,0,0,0,2,2,1,0,1,0,1,1,0
0,1,2,0,1,0,0,2,1,0,0,1,0,1,2,0,1,1,0,0,0,1,1,0,1,2,0,1,0,1
0,1,0,0,1,1,1,0,1,1,0,1,1,2,0,0,0,2,1,2,0,1,2,2,0,2,0,1,0,2
0,1,2,1,0,0,2,2,0,1,0,0,1,1,1,0,1,0,1,0,0,2,0,1,0,2,0,1,1,1
0,2,2,0,1,1,2,2,1,0,1,0,0,2,1,1,0,1,1,2,2,2,2,1,1,2,0,1,1,1
0,1,2,1,0,0,1,0,0,2,2,1,0,2,1,0,1,1,0,0,0,2,2,2,1,1,0,1,1,0
0,1,2,1,0,0,0,2,0,1,0,2,0,1,2,1,0,1,1,0,2,2,0,0,0,2,0,0,0,1
0,1,1,1,1,0,0,0,1,0,0,0,1,0,2,1,1,1,1,0,1,2,1,1,1,1,0,1,1,1
0,2,2,1,1,0,1,0,0,2,2,2,0,2,2,1,1,1,0,1,2,0,0,1,1,1,0,0,1,1
0,1,2,0,0,0,2,1,0,2,2,2,0,2,2,0,0,0,0,2,0,1,2,2,0,0,0,1,0,2
0,2,2,1,1,1,0,2,0,1,1,2,0,2,1,1,0,0,1,0,0,2,2,2,1,1,0,1,1,1
0,2,0,1,1,0,1,0,0,1,0,0,1,2,1,1,1,1,1,2,2,2,2,1,1,0,0,1,1,2
0,1,1,1,1,0,0,2,0,2,0,0,1,2,0,0,0,2,0,0,1,2,2,2,1,1,1,0,1,1
0,1,2,0,0,0,2,0,0,2,0,0,1,0,2,1,0,1,1,2,0,1,2,1,1,1,0,1,0,2
0,2,2,1,0,0,1,0,1,1,2,2,1,1,2,1,0,1,0,2,2,0,2,0,0,2,0,0,0,2
0,1,2,1,1,1,0,2,1,1,2,2,0,2,1,0,1,1,1,1,0,1,2,2,0,0,0,1,0,0
0,2,2,1,0,1,2,0,1,1,1,2,1,1,2,0,1,0,1,0,1,1,2,0,1,1,0,1,0,1
0,1,2,1,0,1,1,0,1,1,2,1,1,2,2,0,0,0,0,0,2,1,2,2,1,0,0,1,0,2
0,1,2,1,1,0,0,2,1,1,2,1,0,2,0,0,0,2,1,2,2,2,0,1,0,2,0,1,1,0
0,2,2,1,1,0,0,2,0,2,0,2,0,0,1,2,1,2,0,0,2,2,2,1,1,0,0,0,0,0
0,2,1,1,1,1,0,2,0,1,0,1,0,0,2,0,0,1,1,0,1,0,0,1,0,1,0,1,1,1
0,1,2,1,0,1,2,2,1,1,1,0,0,1,1,0,1,0,1,0,0,0,2,0,1,2,0,1,0,1
0,1,1,1,1,1,1,0,1,0,2,2,1,0,0,0,1,1,0,0,0,1,2,1,1,1,0,1,0,2
0,1,2,1,1,1,1,0,0,2,1,1,0,2,0,1,1,0,0,2,0,2,2,1,0,1,0,1,1,1
0,1,2,1,1,1,1,0,0,2,2,0,0,0,0,1,0,1,1,2,2,2,2,0,1,0,0,1,1,1
0,2,2,0,1,0,1,0,0,0,2,2,0,2,1,2,0,1,0,0,2,0,2,1,1,1,0,1,1,0
0,0,2,0,1,1,0,0,1,0,2,2,1,2,0,0,0,2,0,2,2,0,0,2,0,0,0,1,0,0
0,1,2,0,0,0,1,0,0,0,1,0,1,2,1,0,1,1,1,0,2,2,2,1,1,1,0,1,1,1
0,2,2,1,1,0,0,2,1,0,2,2,0,0,1,0,0,0,0,2,2,2,2,1,0,2,0,1,1,0
0,1,1,0,1,1,0,0,1,1,1,2,0,2,2,1,1,1,0,2,0,2,2,1,0,0,0,0,1,0
0,2,2,1,0,1,0,0,1,2,1,0,0,1,1,0,0,0,0,2,1,2,2,0,0,1,0,1,0,0
0,2,2,1,0,1,0,2,0,0,2,2,1,0,2,0,1,1,1,1,2,2,0,0,1,0,0,1,1,1
0,1,2,0,0,1,0,0,0,1,1,1,0,2,1,0,1,0,0,0,1,1,2,1,1,2,0,0,1,1
0,2,2,1,1,0,0,0,0,0,1,2,0,1,1,0,0,1,1,0,0,2,2,2,1,2,0,0,0,1
0,2,2,1,1,0,0,0,1,1,1,0,0,0,1,0,0,1,0,0,0,2,2,1,0,0,0,0,0,0
0,2,2,0,1,1,2,2,0,1,2,1,1,0,2,0,1,1,0,2,2,1,1,1,0,2,0,1,0,0
0,1,2,1,1,0,0,0,0,1,2,1,0,2,2,0,0,2,0,2,1,0,2,2,0,2,0,1,0,1
0,1,2,1,1,0,1,0,0,0,1,1,1,2,0,2,1,2,1,0,0,2,2,0,1,2,0,1,1,1
0,1,0,1,1,0,1,2,0,1,0,0,1,0,0,1,0,1,0,0,2,2,2,1,0,1,0,1,1,2
0,1,2,0,1,0,1,1,0,2,2,2,0,0,0,0,1,0,1,2,1,1,2,1,0,2,0,1,0,2
0,0,2,1,1,0,0,2,1,1,1,1,0,2,0,1,0,0,1,0,0,2,2,2,1,1,0,1,1,1
0,1,1,1,1,1,1,2,0,2,1,1,1,0,1,2,1,2,1,0,2,2,0,0,1,1,0,1,1,2
0,1,2,0,1,1,2,0,1,1,1,1,1,2,0,0,1,1,1,1,0,1,1,1,0,2,0,1,1,1
0,1,2,1,1,1,0,2,0,1,1,1,1,2,0,2,0,0,0,0,0,2,2,2,1,1,0,1,1,1
0,2,0,1,0,0,2,2,1,1,2,1,1,2,2,0,0,1,0,2,1,2,2,0,0,2,0,1,1,0
0,2,2,1,1,1,0,2,1,1,0,1,1,1,1,1,0,0,1,0,0,2,2,2,1,0,0,1,1,0
0,2,1,0,1,0,2,0,1,2,2,2,0,0,2,0,1,1,1,1,0,1,1,1,0,1,0,1,0,2
0,1,2,1,1,0,2,0,1,0,1,0,1,0,0,0,0,0,0,2,0,2,2,1,0,2,0,1,1,0
0,1,2,1,0,0,0,0,1,2,2,0,0,2,2,1,0,1,1,1,2,0,0,0,0,1,1,0,0,1
0,1,1,1,0,0,1,0,0,2,2,1,1,1,1,2,1,2,0,0,0,2,2,0,1,1,1,0,1,1
0,1,0,1,1,0,0,2,1,1,2,2,0,1,1,1,0,1,1,2,1,2,0,0,0,2,0,1,1,0
0,2,2,1,1,0,0,0,1,1,1,0,1,1,0,0,0,1,1,0,0,2,2,2,0,1,0,1,1,1
0,1,2,1,0,1,2,2,0,0,1,0,1,0,2,1,1,1,1,2,0,2,2,1,1,1,0,1,1,1
0,1,0,1,0,1,1,0,0,1,1,2,0,2,2,1,0,0,0,2,1,1,2,2,1,2,0,1,1,0
0,2,1,1,1,1,1,0,0,0,0,1,0,2,2,0,1,1,0,2,1,2,0,1,1,0,0,0,0,0
0,2,2,1,0,0,0,0,0,0,0,0,1,2,2,0,0,0,1,0,0,2,2,1,0,2,0,1,1,0
0,2,2,1,1,0,1,2,1,2,0,1,0,0,1,2,0,2,1,0,0,2,2,0,0,0,0,1,1,1
0,1,0,0,1,1,2,0,0,0,1,0,0,2,2,1,1,1,1,2,1,1,2,1,1,1,0,1,0,1
0,1,2,1,1,0,2,0,1,1,1,0,1,2,0,0,1,0,0,0,2,1,2,1,1,2,0,1,0,0
0,0,2,1,1,1,1,0,1,0,2,2,1,2,0,1,1,1,0,2,1,1,0,1,1,0,0,1,0,1
0,1,2,1,1,1,1,0,1,0,2,1,0,0,0,1,1,1,1,0,2,2,2,1,1,0,0,1,1,0
0,2,2,1,0,1,0,0,0,1,1,2,1,2,2,0,0,0,1,0,2,2,2,2,1,1,0,1,1,2
0,2,1,1,0,0,1,2,1,1,0,2,1,1,1,0,1,0,1,0,0,2,2,0,1,1,0,1,1,0
0,1,2,1,1,1,1,2,0,0,1,1,0,2,1,2,1,0,0,2,0,2,2,2,0,2,0,1,1,0
0,2,0,1,1,1,0,2,0,0,1,1,0,2,2,0,1,2,0,0,1,2,0,2,0,1,0,1,1,0
0,2,2,1,0,1,0,0,0,1,0,0,0,0,2,0,1,1,0,0,2,2,2,1,1,0,0,1,1,2
0,1,0,1,1,1,1,0,0,2,0,0,0,1,0,1,0,1,1,1,2,2,0,0,1,2,0,1,1,0
0,1,2,1,0,0,1,2,1,0,2,1,1,2,1,0,0,0,1,0,0,0,2,1,0,0,0,1,1,0
0,1,2,1,1,1,0,0,1,2,0,0,0,1,2,2,0,0,0,2,0,1,1,2,0,0,1,0,1,2
0,1,2,1,0,0,2,2,1,1,2,0,0,0,2,1,1,0,0,2,2,0,2,1,0,1,0,1,1,2
0,1,2,1,0,1,1,1,1,0,1,1,0,1,2,0,1,1,1,0,0,2,0,0,1,1,0,1,1,0
0,1,2,1,1,0,2,0,0,1,0,1,0,2,0,0,1,0,1,0,0,2,2,0,1,2,0,0,1,0
0,1,2,0,0,1,1,2,0,0,1,2,1,2,2,0,1,1,0,2,0,1,2,1,1,1,0,1,0,0
0,1,2,1,0,1,0,0,1,1,2,1,1,2,2,1,0,0,0,1,2,0,2,2,1,0,0,1,0,2
0,1,0,1,1,1,0,2,1,1,1,2,0,1,2,0,0,0,0,2,0,0,0,0,0,1,0,1,1,2
0,2,2,1,1,0,0,2,1,0,2,1,0,0,0,0,1,1,0,0,0,2,2,1,1,1,0,1,1,2
0,1,0,1,0,1,2,2,1,1,0,2,1,0,2,1,1,1,1,2,2,2,2,1,1,0,0,1,1,2
0,2,2,0,0,1,1,0,0,0,1,2,0,2,2,2,1,1,1,0,0,1,2,1,0,0,0,1,0,0
0,1,2,1,1,1,0,2,0,0,0,1,1,2,0,0,0,1,0,1,2,0,2,2,0,2,0,1,1,2
0,2,2,1,0,1,2,0,0,0,1,0,1,0,2,2,0,2,1,0,0,2,2,1,0,2,0,1,1,2
0,1,2,1,0,0,1,2,0,0,2,0,0,0,0,1,1,0,1,1,1,2,1,1,0,0,0,1,1,2
0,2,2,1,1,1,2,2,0,1,0,1,1,2,1,0,1,1,1,1,2,1,2,1,0,0,0,1,0,2
0,1,2,1,1,0,0,0,1,2,0,0,1,2,0,1,1,1,0,0,0,2,2,1,0,1,0,1,1,1
0,2,2,0,0,0,0,0,1,1,0,2,1,1,2,1,1,2,1,1,0,2,2,0,1,2,0,1,0,0
0,2,2,1,1,1,2,0,0,2,1,0,0,0,1,1,1,1,1,0,0,2,2,0,1,1,0,1,1,0
0,2,2,1,1,1,0,2,1,1,2,2,1,0,1,0,1,1,1,2,2,2,2,1,0,2,0,1,1,0
0,1,2,0,1,0,0,0,0,2,0,0,1,0,2,0,1,0,1,1,0,1,1,1,0,0,0,1,0,1
0,1,2,1,1,1,0,0,0,1,2,1,1,2,2,1,0,0,1,2,2,2,2,2,1,0,0,1,1,2
0,1,2,1,1,1,1,0,0,1,2,0,1,2,0,1,0,0,0,0,2,2,2,2,1,0,0,1,1,2
0,1,2,0,0,1,2,2,0,0,1,1,0,2,0,1,1,0,0,2,0,1,1,1,0,0,0,1,0,2
0,1,2,1,1,1,0,2,0,0,2,1,1,0,0,0,0,1,0,0,2,2,2,0,1,1,0,1,1,0
0,1,2,1,1,0,2,2,0,1,2,1,0,0,0,1,1,1,1,2,2,2,2,1,0,0,0,1,1,0
0,1,2,1,1,0,2,0,0,2,1,0,0,2,2,0,0,2,0,2,2,2,2,2,0,1,0,1,1,0
0,0,2,1,0,0,1,1,1,2,1,1,0,2,1,1,0,2,0,0,0,2,1,0,0,2,0,1,1,2
0,1,0,1,1,0,1,0,1,0,0,1,1,1,2,2,1,0,1,1,2,2,1,2,1,1,0,1,0,0
0,2,2,1,0,0,1,2,0,0,2,1,0,2,2,0,0,0,1,1,1,0,2,1,0,1,0,1,0,2
0,2,2,1,1,1,2,2,0,2,0,2,1,2,2,2,1,1,1,0,1,2,0,1,0,1,0,0,0,1
0,2,0,1,1,0,2,0,1,1,2,1,0,2,2,0,0,1,0,1,0,0,1,0,0,1,0,1,0,0
0,1,2,1,1,1,2,0,0,0,2,2,1,0,0,1,0,1,0,0,2,2,2,0,1,1,0,1,0,2
0,1,2,1,1,0,1,0,0,0,2,1,1,2,0,0,0,2,0,0,0,0,2,2,1,1,0,0,1,1
0,1,2,1,1,0,0,2,0,1,2,1,1,2,2,0,0,0,1,0,2,1,0,1,0,2,0,1,0,1
0,1,2,1,0,1,0,0,1,0,1,2,0,1,2,0,0,0,1,0,0,2,0,1,0,1,0,1,1,1
0,0,2,0,0,0,0,2,1,0,0,2,1,1,2,0,0,0,1,0,2,0,2,0,1,1,0,1,1,0
0,2,2,0,0,1,2,2,0,0,1,1,0,1,2,1,0,1,1,0,2,1,2,1,1,0,0,1,0,1
0,2,0,1,1,1,0,0,0,2,1,0,0,2,1,0,0,1,0,2,1,2,2,1,0,2,0,1,1,0
0,1,2,1,1,0,2,0,0,1,2,0,0,2,0,0,0,1,1,1,0,2,2,1,0,1,0,0,1,1
0,2,2,1,1,0,2,0,0,2,0,2,1,2,0,0,0,0,0,1,0,2,2,2,0,1,0,1,1,2
0,2,2,1,0,0,1,2,1,1,2,2,0,2,1,1,1,1,0,2,0,2,1,1,0,1,1,1,1,1
0,1,2,1,0,1,1,0,0,0,1,2,1,0,0,1,1,1,0,0,2,2,1,1,1,0,0,1,1,2
0,2,2,1,0,0,2,2,1,0,1,1,1,2,0,1,0,1,0,0,0,2,0,0,1,1,0,1,0,2
0,1,2,0,0,0,1,2,0,1,2,0,1,0,0,0,0,0,0,1,0,1,1,2,0,1,0,1,0,1
0,0,2,1,1,0,0,0,0,0,0,2,0,2,0,0,0,0,0,0,0,2,0,0,0,1,0,0,1,2
0,1,1,1,0,1,2,0,1,0,0,2,1,2,2,0,1,1,1,0,1,2,2,0,1,0,0,1,1,2
0,1,2,0,0,1,0,0,1,2,2,0,0,2,1,0,1,0,0,2,2,1,2,1,0,2,0,1,0,1
0,1,2,1,1,1,2,1,1,1,1,2,1,2,1,2,1,2,0,0,0,2,2,1,1,1,0,1,1,1
0,1,0,1,1,1,0,0,0,1,1,2,0,2,0,0,0,1,1,2,1,2,2,2,0,0,0,1,1,0
0,1,1,1,0,0,2,2,1,0,2,0,1,2,2,0,0,0,0,2,0,2,2,1,0,2,0,1,1,2
0,1,2,1,0,1,1,2,1,2,1,1,0,2,2,2,1,2,1,0,0,2,2,0,1,0,0,1,1,2
0,1,1,1,1,1,2,0,1,1,1,0,0,0,0,1,1,1,1,2,2,2,2,1,0,0,0,1,1,1
0,1,2,1,1,1,0,0,0,1,1,1,1,2,0,2,0,0,0,0,0,2,2,2,1,1,0,0,1,0
0,1,2,1,0,1,0,0,0,2,1,1,1,2,1,2,1,1,0,0,1,0,2,1,0,2,0,0,0,0
0,2,2,1,1,1,0,0,0,2,2,2,1,2,1,1,0,1,0,2,0,2,2,1,0,0,0,0,0,0
0,2,1,1,0,1,2,0,0,1,2,1,1,2,1,1,0,2,1,1,2,0,1,0,1,1,0,1,0,0
0,1,2,1,1,0,1,2,1,0,2,1,1,2,2,0,0,1,1,0,2,2,1,0,1,2,0,0,0,1
0,2,1,0,1,1,0,2,1,1,2,0,0,2,1,1,1,1,1,2,0,1,2,1,0,0,0,1,0,0
0,1,2,1,1,0,0,1,0,1,1,0,1,0,2,1,1,1,0,2,0,2,1,1,0,1,0,1,1,0
0,2,2,1,0,0,2,2,1,0,0,1,0,0,0,1,0,2,1,0,0,2,2,0,0,2,0,1,1,0
0,1,2,1,1,1,0,0,0,0,1,0,1,2,0,2,1,1,0,0,1,2,2,2,1,2,0,1,1,1
0,0,2,1,1,1,2,0,1,1,2,1,1,0,0,1,1,1,0,0,2,2,2,1,0,1,0,1,1,0
0,1,2,1,0,1,1,0,0,1,0,1,1,2,2,1,1,0,1,2,2,2,2,1,1,2,0,1,1,1
0,1,2,0,1,0,1,0,0,2,2,2,1,1,0,0,1,0,1,0,2,1,0,2,0,1,0,0,0,1
0,2,2,1,0,0,2,0,1,2,1,0,1,1,2,0,1,0,0,0,1,1,2,1,0,1,0,1,0,1
0,1,2,1,1,0,1,2,1,2,0,0,0,2,0,2,1,0,0,0,2,2,2,2,0,2,0,1,0,2
0,1,2,1,1,1,1,2,1,1,2,1,0,2,0,1,0,1,1,2,2,0,2,0,0,2,0,1,1,1
0,1,2,1,0,1,1,0,0,2,1,0,0,2,1,0,1,2,0,2,0,2,2,2,0,1,0,1,1,2
0,1,2,1,1,1,1,0,1,0,1,1,1,0,0,1,1,2,0,2,0,2,2,1,0,2,0,1,1,0
0,2,2,1,0,1,0,2,1,1,2,1,0,2,2,1,0,1,0,0,2,2,2,0,0,1,0,1,1,0
0,1,2,0,0,1,1,0,0,0,2,0,1,2,1,2,1,0,0,0,2,0,2,2,0,2,0,1,1,0
0,2,2,1,1,0,0,0,1,0,1,0,0,0,2,0,0,0,1,0,1,2,0,1,0,2,0,0,1,1
0,1,1,1,0,0,2,0,1,1,0,1,0,2,2,0,1,0,1,0,1,2,2,2,1,0,0,1,0,0
0,2,2,1,1,1,0,0,0,2,2,2,0,1,1,1,0,1,0,0,0,2,2,0,0,0,0,1,1,2
0,1,0,1,0,1,1,0,0,0,1,2,1,2,2,1,1,1,1,2,1,2,2,1,1,1,0,1,1,0
0,1,2,1,1,0,1,0,0,1,2,2,0,0,0,0,1,0,1,0,0,2,2,0,1,1,0,1,1,0
0,1,2,1,1,1,0,2,0,0,0,0,1,0,2,1,1,1,1,1,0,2,1,1,1,1,0,1,1,1
0,2,2,1,1,0,2,2,1,1,0,2,0,2,1,0,0,0,0,1,0,2,2,0,0,0,0,1,1,1
0,1,2,0,0,0,2,2,1,2,0,1,1,1,0,0,1,2,1,1,0,1,1,1,1,2,0,1,0,2
0,2,2,1,1,0,2,2,0,1,0,1,0,0,1,1,0,1,0,1,0,2,2,1,0,2,0,1,1,2
1,0,1,0,0,1,1,0,0,2,1,2,1,2,0,1,1,1,1,2,0,1,2,1,1,1,0,1,0,1
0,2,2,1,1,1,2,2,0,0,0,2,0,1,0,0,0,1,1,0,0,2,2,0,1,1,0,1,1,2
0,1,2,1,0,0,1,0,1,0,2,0,1,2,1,0,0,0,0,1,0,0,2,0,0,2,0,1,1,2
0,2,2,1,0,0,2,0,0,0,1,2,0,0,1,0,0,1,1,0,0,2,2,0,1,0,0,0,0,1
0,0,2,1,1,1,1,0,1,0,2,2,0,2,0,0,0,0,0,2,2,2,2,0,0,2,0,1,1,1
0,2,0,1,0,1,2,2,1,0,1,0,1,0,1,0,0,0,1,2,1,2,2,1,0,0,0,0,0,2
0,2,0,1,0,1,2,0,1,0,2,1,1,0,2,1,0,1,1,0,1,2,0,1,0,1,0,1,0,0
0,0,2,1,0,0,0,0,0,1,0,2,0,2,1,0,0,0,0,2,2,2,2,1,0,0,0,0,0,2
0,1,1,1,1,0,1,2,1,0,2,0,1,2,0,1,0,0,0,0,0,2,2,2,0,0,0,1,1,2
0,0,1,0,0,0,0,0,0,1,0,2,0,2,1,0,1,2,1,0,2,1,2,1,1,1,0,1,0,0
0,2,2,1,0,1,1,0,1,0,1,2,0,2,2,0,1,0,1,2,0,2,0,1,0,2,1,0,1,1
0,1,2,1,1,0,1,0,0,1,0,0,0,2,0,0,0,2,0,1,0,2,2,2,1,1,0,1,1,0
0,1,2,1,1,1,0,0,1,1,1,2,1,0,0,1,0,1,0,2,0,2,0,0,1,0,0,0,0,0
0,1,2,1,0,1,2,0,0,1,2,0,0,1,2,1,0,0,1,1,2,0,0,2,1,1,0,0,0,1
0,1,1,1,1,0,0,2,1,0,0,0,0,1,0,0,0,1,1,0,1,2,0,0,0,2,0,1,1,0
0,0,0,1,0,0,1,2,0,1,1,1,0,2,2,1,1,1,0,0,0,1,0,1,0,1,0,1,0,1
0,2,2,1,1,1,2,0,0,1,0,2,1,2,1,1,0,0,1,2,2,2,0,2,1,1,0,1,1,1
0,1,1,0,1,0,2,0,0,1,0,2,0,0,2,0,1,0,1,1,2,1,1,0,1,1,0,1,0,1
0,1,0,1,1,1,1,0,0,2,1,2,0,2,1,0,0,1,1,1,1,2,2,1,0,1,0,1,1,1
0,1,2,1,0,0,0,0,1,2,0,0,0,0,1,2,1,2,1,0,2,1,1,1,0,2,0,1,0,1
0,1,2,1,0,0,1,2,0,0,2,1,0,2,2,1,1,0,1,2,1,2,2,2,0,2,0,1,1,2
0,2,2,1,1,0,1,2,0,0,2,2,1,2,1,1,1,0,1,2,2,2,2,2,1,1,0,1,1,1
0,1,2,1,1,0,1,0,1,0,2,2,0,1,0,2,1,0,0,0,2,2,0,2,0,0,0,1,1,2
0,2,2,1,1,1,0,0,0,1,1,0,0,2,2,0,1,0,0,0,0,2,0,1,1,2,0,1,1,2
0,1,2,1,0,0,1,0,1,1,2,0,0,0,2,1,0,1,1,2,0,2,2,1,0,0,0,1,1,1
0,1,2,1,1,0,2,2,1,0,2,1,0,2,0,1,0,1,1,1,0,2,0,1,0,1,0,1,1,0
0,1,2,1,0,0,1,0,1,0,2,2,0,2,2,1,0,1,1,2,1,0,2,0,0,1,0,1,1,2
0,1,1,1,0,0,0,0,1,2,0,1,0,2,2,0,1,1,1,0,2,2,2,2,1,0,0,1,0,2
0,0,2,1,0,1,0,0,0,1,0,1,1,2,1,0,0,1,1,1,0,0,1,2,0,1,0,1,1,1
0,2,2,1,0,1,0,0,1,1,1,2,0,2,0,2,0,0,1,0,2,0,0,2,1,2,0,1,0,1
0,2,2,1,1,1,2,1,1,0,2,1,1,1,1,1,0,1,1,2,2,2,2,0,1,1,0,1,1,0
0,1,2,1,0,1,0,0,1,0,1,0,0,1,2,0,0,0,1,0,0,2,0,1,0,2,0,1,1,2
0,1,2,0,0,1,1,0,0,2,1,1,0,2,2,0,1,0,0,2,0,1,2,1,0,1,0,1,1,1
0,1,2,1,1,0,1,2,1,1,2,0,0,0,2,1,0,1,1,0,2,2,1,1,0,0,0,1,1,0
0,1,1,0,1,1,1,0,0,0,1,1,0,2,1,0,1,1,0,0,2,1,2,1,1,1,0,1,0,0
0,1,2,0,1,1,1,0,1,1,2,1,0,1,2,0,1,0,0,0,2,2,0,1,1,2,0,1,1,2
0,1,2,1,1,1,2,2,1,1,2,0,0,0,0,1,1,0,1,2,2,2,2,1,1,1,0,1,1,0
0,2,2,1,0,0,0,0,1,2,1,1,1,1,2,0,1,1,1,2,0,2,2,2,0,0,0,1,1,1
0,2,0,1,0,0,2,0,1,1,0,2,0,1,1,1,0,0,0,2,0,2,2,2,1,1,0,1,1,1
0,2,1,1,0,1,0,2,1,0,2,0,0,2,2,1,1,1,1,0,1,2,2,1,1,1,0,1,1,1
0,1,2,1,0,0,2,0,0,2,1,0,1,2,2,1,0,1,0,2,0,1,2,0,0,1,0,0,1,2
0,1,2,1,1,0,2,2,1,1,1,0,1,2,0,2,1,2,0,0,2,2,2,1,0,1,0,1,1,0
0,1,1,1,1,0,1,0,0,0,2,1,0,1,0,1,0,1,1,1,1,2,0,1,0,1,0,1,1,0
0,1,2,1,1,1,2,2,0,1,0,1,1,2,0,1,1,0,1,2,0,2,2,2,1,0,0,1,1,0
0,2,2,1,1,1,2,0,1,2,1,0,0,0,1,0,0,0,1,0,1,1,2,1,0,1,0,1,0,1
0,0,2,1,1,0,1,2,0,2,2,0,0,2,1,0,0,2,0,0,2,2,0,2,0,2,0,1,0,0
0,1,0,1,1,1,2,0,1,1,1,2,0,2,0,0,1,0,0,0,0,0,2,1,1,0,0,1,0,1
0,2,2,1,1,0,2,0,1,0,2,2,1,2,2,1,1,1,1,2,0,2,0,1,1,1,0,1,1,1
0,1,2,1,1,0,2,0,0,2,2,1,1,2,2,0,0,2,1,0,2,2,2,2,1,2,0,1,1,0
0,1,2,1,0,1,1,2,0,0,0,0,1,0,1,1,1,1,1,0,0,2,2,1,1,1,0,1,1,2
0,1,2,1,1,1,1,2,0,1,2,0,0,2,0,1,0,2,0,0,1,2,2,0,0,1,0,1,1,1
0,1,2,1,0,1,0,0,1,2,1,0,1,2,1,0,0,2,0,2,1,0,2,2,1,0,0,1,0,0
0,2,1,1,1,1,0,0,1,1,2,1,1,2,1,1,1,0,0,2,0,2,2,2,1,2,0,1,0,2
0,0,2,1,0,0,0,0,0,0,2,2,0,2,2,1,1,1,1,2,2,2,0,1,1,0,0,1,1,1
0,2,1,1,1,0,1,2,1,1,2,2,1,2,2,2,0,2,0,1,0,2,0,1,1,0,0,1,1,0
0,2,1,1,1,1,0,0,0,1,0,1,0,1,1,1,0,1,1,2,1,2,2,0,0,2,0,1,1,2
0,1,2,1,1,1,0,0,1,0,2,2,0,1,0,1,0,2,0,2,2,2,0,0,0,0,0,1,0,0
0,2,0,1,0,0,2,2,1,0,1,1,0,2,2,1,1,1,0,2,0,2,0,1,1,2,0,1,1,2
0,1,0,1,1,0,0,2,1,1,1,1,1,2,2,1,0,0,1,2,1,2,0,2,1,2,0,1,0,1
0,2,2,1,1,0,0,0,1,0,2,2,1,1,1,1,0,1,0,2,0,2,2,0,1,1,0,1,1,2
0,1,2,1,1,1,0,0,0,2,2,1,0,0,0,1,0,1,1,0,0,2,2,0,1,1,0,1,1,0
0,1,2,0,1,1,0,0,1,2,1,0,1,2,0,0,1,2,1,2,0,1,2,1,0,0,0,0,1,2
0,1,2,1,0,0,1,0,0,0,0,2,0,2,2,1,0,0,0,2,2,2,0,2,0,2,0,1,1,1
0,1,2,1,1,0,1,0,0,1,1,1,1,0,0,0,0,0,1,0,1,2,2,0,0,1,0,1,1,1
0,1,2,1,1,0,1,2,0,0,2,0,0,2,0,1,0,0,0,2,2,2,2,2,0,2,0,1,0,2
0,1,2,0,0,1,1,0,0,1,1,0,0,2,1,0,1,0,0,1,0,1,2,1,1,2,0,1,0,0
0,1,2,1,0,0,1,0,0,0,2,1,1,1,0,1,0,2,1,2,2,2,0,0,0,1,0,1,1,2
0,1,0,1,1,0,1,0,0,0,2,2,1,2,0,1,0,1,1,0,0,2,2,1,0,1,0,1,1,0
0,1,2,1,1,1,0,0,0,0,2,0,1,0,2,1,0,1,0,2,2,0,0,0,1,2,0,1,1,0
0,1,0,1,1,1,1,0,0,2,2,2,1,2,0,0,1,2,0,1,0,2,2,1,0,0,0,1,1,0
0,1,0,1,1,1,0,0,1,0,0,1,1,1,0,0,0,1,0,0,0,0,0,2,1,2,0,1,1,2
0,1,2,0,0,0,1,0,1,0,1,1,1,2,1,0,0,2,0,0,0,1,2,2,0,1,0,1,0,1
0,1,2,1,1,1,2,0,0,0,1,0,1,2,0,2,1,2,1,0,2,2,2,0,1,1,0,1,1,1
0,1,2,1,0,0,1,0,0,0,0,0,1,1,2,0,1,0,0,2,2,2,0,1,0,1,0,1,1,0
0,2,2,1,1,1,0,2,0,1,0,2,0,1,0,1,0,1,1,2,2,2,2,0,0,2,0,0,0,2
0,1,2,1,0,0,1,0,1,2,1,0,1,2,1,2,1,1,1,0,0,2,2,1,0,1,0,1,1,2
0,2,2,1,0,1,2,0,1,2,1,0,1,0,2,0,1,0,0,2,0,2,2,1,0,1,0,1,1,1
0,2,2,1,1,0,1,0,0,1,2,2,0,2,2,0,1,0,0,0,2,2,0,1,1,1,0,1,1,2
0,2,0,0,1,1,0,1,0,1,2,1,1,2,2,0,0,2,1,1,1,1,0,1,1,0,0,1,0,0
0,2,2,0,1,1,2,0,0,1,1,1,0,2,2,0,1,0,0,1,1,1,0,1,1,1,0,1,0,1
0,1,2,1,1,0,0,0,1,2,2,2,0,0,0,1,0,1,1,0,0,2,0,0,0,2,0,1,0,1
0,0,2,1,0,1,0,0,0,2,2,1,0,0,1,1,0,1,1,2,0,2,2,0,0,2,0,1,0,0
0,2,2,1,1,0,2,2,1,1,2,1,1,2,2,1,1,2,1,2,2,2,0,2,1,1,0,1,0,2
0,2,1,1,0,1,0,2,1,1,0,0,0,1,2,0,0,0,0,0,1,2,2,0,1,1,0,1,1,1
0,2,2,1,1,1,0,0,0,1,1,0,0,0,1,0,1,0,0,1,0,2,0,1,1,2,0,1,1,2
0,0,1,1,0,0,0,0,1,2,0,2,0,2,2,2,1,2,1,0,1,2,0,0,1,0,0,1,1,0
0,2,2,1,1,1,2,0,1,1,2,2,1,2,2,1,0,0,1,2,2,2,0,2,1,1,0,1,0,1
0,2,2,1,1,0,0,2,0,2,2,1,0,2,0,1,0,0,0,2,2,2,1,2,0,0,0,1,1,1
0,2,2,1,1,1,1,0,0,1,1,0,0,0,1,0,0,1,1,2,0,2,2,1,0,1,0,0,0,0
0,1,2,1,1,0,1,0,1,0,2,1,1,2,0,1,1,2,0,0,1,1,2,1,1,2,0,1,0,1
0,2,2,1,1,1,1,2,1,0,1,1,0,1,2,0,1,1,0,0,0,2,2,0,1,2,0,1,1,0
0,1,2,0,0,0,2,2,0,1,2,1,1,2,1,0,1,0,0,0,2,1,2,1,1,2,0,1,0,2
0,1,2,1,0,1,1,0,1,1,2,1,1,0,0,1,1,1,1,1,2,2,1,1,1,1,0,1,0,0
0,1,1,1,0,0,2,2,1,1,0,0,0,2,1,0,1,0,1,1,1,2,2,0,1,1,0,0,1,0
0,2,2,1,1,0,2,2,0,0,2,1,1,2,0,0,0,1,1,0,2,2,0,2,1,2,0,1,1,1
0,2,2,1,1,1,2,0,0,0,2,1,1,0,1,1,0,1,1,2,0,0,2,0,0,2,0,1,1,0
0,0,2,1,0,0,0,0,1,0,2,0,0,1,1,1,0,2,0,2,2,2,2,2,0,1,0,0,0,1
0,2,2,1,1,1,0,0,1,1,1,0,0,1,0,0,1,0,0,0,0,2,2,2,1,2,0,1,1,0
0,1,2,1,0,0,1,2,1,1,2,1,1,2,1,0,0,0,0,0,0,2,2,0,0,1,0,1,1,0
0,1,0,1,0,1,1,0,1,0,1,1,0,0,0,0,1,1,0,0,1,2,1,1,1,2,0,1,1,1
0,1,2,0,0,0,0,2,1,0,0,1,1,2,2,1,0,1,1,0,0,1,2,1,1,0,0,0,1,0
0,2,2,1,1,0,1,0,0,1,2,2,0,2,0,1,0,1,0,1,2,2,1,1,0,1,0,1,1,0
0,1,0,1,1,1,1,0,1,0,0,2,0,0,0,0,1,0,1,1,0,2,1,1,0,0,0,0,1,1
0,0,2,1,1,1,2,0,0,1,2,2,1,2,0,2,1,0,0,0,2,2,2,2,1,1,0,1,1,2
0,1,0,1,1,1,2,2,1,2,1,0,1,2,2,0,1,0,1,2,1,2,2,1,0,2,0,1,1,0
0,1,2,1,1,0,0,0,1,2,1,1,1,2,0,2,0,2,0,2,0,2,0,1,0,2,1,1,1,2
0,1,2,1,1,0,2,2,0,1,2,0,0,2,0,0,1,0,0,0,2,2,2,1,1,1,0,0,0,2
0,2,2,1,0,1,2,0,0,0,1,2,1,2,2,2,0,1,1,2,1,0,2,2,0,1,0,1,1,2
0,2,2,1,1,0,1,0,0,1,2,2,0,2,2,1,0,0,1,0,0,2,2,2,1,2,0,1,1,0
0,2,0,1,1,0,0,2,0,1,0,2,0,1,0,1,0,1,1,2,0,2,2,1,0,1,0,1,1,2
0,1,0,1,1,0,0,0,0,1,0,0,1,1,2,0,0,1,1,0,2,2,0,0,0,2,0,1,1,2
0,1,2,1,0,1,1,1,0,2,2,0,1,1,1,1,0,1,1,2,0,2,0,0,1,1,0,1,1,0
0,1,2,1,0,1,2,0,1,0,1,0,1,0,2,0,0,0,0,0,0,2,0,1,0,2,0,0,1,1
0,2,0,1,1,0,2,0,1,1,2,2,0,0,2,1,1,1,0,0,2,1,0,1,0,1,1,0,0,1
0,2,2,1,1,1,2,2,1,0,1,0,1,1,2,0,0,0,0,2,0,2,2,0,0,2,0,1,1,0
0,2,2,1,0,1,0,0,1,0,1,2,1,2,2,0,1,1,1,1,1,1,0,2,1,0,0,1,0,2
0,1,2,1,1,0,2,2,1,1,2,1,1,2,0,1,1,1,1,0,2,2,2,1,0,0,0,0,1,0
0,2,0,1,1,1,0,0,1,1,2,1,1,0,1,1,1,1,0,2,1,2,2,1,0,1,0,1,0,0
0,2,2,1,0,1,2,2,0,2,1,2,0,0,2,2,1,2,0,0,0,2,2,1,1,0,0,1,1,1
0,1,1,1,1,0,2,1,0,1,2,0,0,0,0,0,1,0,0,1,1,2,2,1,1,1,0,1,1,2
0,1,2,1,0,1,0,1,0,1,0,2,0,0,2,0,0,0,1,0,0,2,0,0,0,1,0,1,1,1
0,2,1,1,0,1,2,2,1,2,0,2,1,1,2,0,1,2,1,0,1,2,2,1,1,1,0,1,1,2
0,2,0,1,1,0,0,2,1,2,2,1,0,0,1,0,1,0,1,2,1,2,2,0,1,2,0,1,1,0
0,1,0,1,1,0,0,2,1,1,2,1,1,2,0,0,0,1,0,1,0,2,2,0,0,2,0,1,1,2
0,1,2,1,1,0,1,0,0,0,1,0,1,0,0,0,1,1,0,2,0,2,2,1,1,1,0,1,1,0
0,1,2,0,0,1,0,2,1,0,1,2,0,2,1,1,0,2,0,0,1,1,2,2,0,0,0,1,0,1
0,1,2,1,1,0,2,2,1,1,2,1,0,1,2,1,1,1,0,2,2,2,0,1,0,1,0,1,1,1
0,1,0,1,0,1,1,0,1,2,2,0,1,0,1,2,0,1,1,0,1,2,2,1,0,0,0,1,1,0
0,2,1,1,1,0,0,2,0,0,0,1,0,0,0,0,0,1,0,1,1,2,1,0,1,0,0,1,1,1
0,2,0,1,1,0,1,0,0,2,2,0,0,2,1,0,0,0,0,2,1,2,2,1,0,0,0,1,1,0
0,1,2,1,1,1,1,0,1,2,2,1,1,0,0,1,1,1,1,2,1,2,0,1,1,1,0,1,1,0
0,1,2,1,1,1,0,2,1,0,0,1,0,1,0,0,0,0,1,2,2,2,0,0,0,0,0,1,1,1
0,1,2,0,1,0,2,0,0,2,2,1,0,0,0,2,0,2,1,0,2,2,2,1,1,1,0,1,1,2
0,1,2,1,0,1,1,0,0,1,2,2,0,1,1,0,1,0,1,1,2,2,0,0,1,0,0,1,1,1
0,1,2,0,1,0,2,2,0,0,1,0,0,0,2,1,0,1,1,2,1,1,2,1,1,0,0,1,0,1
0,1,2,1,1,1,1,2,0,1,1,1,0,1,2,1,0,1,0,0,0,2,0,1,0,1,0,1,1,2
0,1,2,1,0,1,1,2,0,0,2,1,1,0,1,0,1,0,0,2,0,2,2,1,0,2,0,1,1,1
0,1,1,1,1,1,0,0,0,2,2,1,1,2,0,2,0,2,1,0,2,2,0,1,0,0,0,1,0,0
0,1,2,1,1,1,2,0,0,1,1,0,0,0,0,0,1,0,1,1,0,2,0,0,1,2,0,1,1,2
0,2,2,1,1,1,2,1,0,2,0,0,1,0,1,2,1,2,1,0,2,2,2,0,1,1,0,1,1,1
0,2,2,1,1,1,0,2,0,0,2,1,1,0,2,0,1,0,0,1,2,2,1,1,0,1,0,1,1,1
0,2,2,0,0,1,1,2,1,2,1,1,1,2,2,0,0,2,0,1,1,1,2,2,0,1,0,1,0,1
0,0,2,0,1,0,1,0,1,0,0,2,1,0,0,1,1,1,0,2,0,1,2,1,0,0,1,0,1,1
0,2,0,1,0,1,2,2,1,0,2,1,0,2,1,0,0,0,0,2,0,2,2,1,0,1,0,1,1,2
0,0,2,1,1,1,2,0,0,0,0,0,1,2,0,1,1,1,0,1,0,2,2,1,1,1,0,1,1,0
0,1,2,1,1,1,0,2,1,2,1,1,0,2,0,2,0,2,1,0,0,2,2,0,1,2,0,1,1,1
0,2,2,1,0,0,0,0,0,0,1,2,0,1,2,1,0,1,0,0,0,2,2,0,1,0,0,1,1,0
0,1,2,1,1,1,2,0,0,1,1,2,0,1,2,0,1,0,1,0,1,2,0,0,1,0,0,1,1,1
0,2,2,0,1,1,0,0,0,0,1,2,1,2,2,0,1,0,1,0,1,1,0,1,0,1,0,0,0,0
0,2,2,1,1,1,0,2,1,0,2,1,0,2,2,0,1,1,0,2,0,2,1,1,1,2,0,1,1,0
0,1,2,1,0,0,0,0,0,1,1,1,1,1,2,0,0,0,1,0,1,2,0,0,1,2,0,1,1,1
0,1,2,1,0,1,0,0,1,2,2,0,0,1,2,1,0,2,0,1,2,2,0,0,0,1,0,1,0,0
0,1,1,1,1,1,1,0,1,1,1,1,1,2,0,0,1,0,0,1,0,2,2,1,1,2,0,0,0,0
0,2,2,0,0,1,2,0,0,1,1,0,0,2,1,0,1,1,1,0,0,2,0,2,1,0,0,1,0,2
0,0,0,1,1,0,1,0,1,1,0,2,1,2,2,1,0,0,1,2,2,2,0,2,1,1,0,1,0,1
0,1,2,1,1,0,1,0,1,1,0,1,1,1,0,2,0,1,1,0,1,2,0,1,0,2,0,1,1,0
0,1,2,0,0,1,0,2,1,0,0,0,0,1,2,0,0,1,0,0,1,0,2,2,0,0,0,1,1,0
0,2,2,1,0,1,0,0,0,1,1,0,1,1,2,0,0,0,1,0,2,0,2,0,1,2,0,1,0,0
0,1,1,1,0,0,2,0,0,1,0,1,1,0,1,1,1,0,0,1,1,2,2,2,1,2,1,0,1,0
0,1,1,1,1,1,1,2,1,1,1,1,1,0,2,1,0,2,1,2,1,0,1,0,0,0,0,1,0,0
0,2,2,1,0,0,0,0,0,0,2,2,1,1,2,1,0,1,0,2,2,0,2,0,1,0,0,1,0,2
0,2,2,0,0,1,0,0,1,0,0,2,1,2,2,1,1,1,1,1,0,1,2,1,1,1,0,1,0,2
0,1,2,1,1,1,1,2,1,2,1,1,1,1,0,1,1,2,1,0,0,2,2,0,1,1,0,1,1,1
0,1,0,1,0,0,1,0,0,1,1,2,1,0,2,0,1,1,1,0,0,2,0,1,0,0,0,1,1,0
0,2,2,1,1,1,1,2,1,0,1,1,0,0,1,2,0,2,1,0,0,2,2,0,0,2,0,1,1,2
0,2,2,1,1,0,2,0,0,0,2,2,1,2,1,1,1,1,0,0,2,2,2,1,1,2,0,1,1,2
0,1,2,1,1,0,0,0,0,0,2,1,0,2,2,1,0,2,1,0,2,2,2,2,1,0,0,1,1,0
0,2,2,1,0,0,0,0,0,0,1,0,1,0,0,0,1,1,1,0,0,2,0,0,1,1,0,1,1,0
0,1,2,1,1,0,1,0,0,0,0,2,1,2,2,1,1,1,1,2,2,2,2,1,1,0,0,1,1,2
0,1,1,1,1,0,0,0,0,2,0,0,0,0,2,1,1,1,0,2,1,2,2,1,1,1,0,1,1,2
0,1,0,1,1,1,1,0,1,1,1,2,0,2,0,0,0,1,1,2,1,2,2,1,0,1,0,1,0,1
0,1,2,1,0,0,0,0,0,0,1,2,0,0,1,0,0,0,1,1,0,2,2,1,0,1,0,1,1,1
0,2,1,1,1,1,0,0,0,1,1,1,1,2,2,2,1,0,0,2,2,2,1,0,1,2,0,1,0,2
0,2,2,1,1,0,0,0,0,0,2,2,0,2,2,1,0,0,1,1,0,2,0,2,0,2,0,0,1,1
0,2,0,1,0,0,1,0,1,1,1,0,1,1,2,0,0,0,0,0,1,2,2,2,1,2,0,1,1,0
0,1,1,1,1,0,1,1,1,0,1,0,0,0,2,2,1,2,1,0,2,2,2,0,1,1,0,1,1,1
0,1,2,0,0,1,2,0,1,1,1,1,0,2,1,1,1,1,1,2,2,0,2,1,0,2,0,1,0,1
0,1,1,1,1,0,0,0,0,2,0,2,0,1,0,0,0,0,1,2,1,2,2,0,0,0,0,1,1,0
0,1,1,1,1,1,2,0,1,0,1,1,0,2,0,1,1,1,1,0,2,2,2,1,1,0,0,1,1,2
0,1,1,1,1,1,0,2,1,1,0,1,1,1,2,0,1,1,0,0,1,2,0,0,0,0,0,0,1,1
0,1,2,0,0,0,2,2,0,1,2,2,1,2,2,0,1,1,0,1,1,1,2,1,1,0,0,1,0,0
0,2,2,1,0,0,0,0,1,1,1,0,0,0,2,0,0,1,0,1,2,0,2,0,0,0,0,1,0,0
0,1,0,1,1,1,2,0,0,0,2,0,1,2,0,2,1,0,0,0,1,2,2,2,0,1,0,1,1,1
0,1,2,1,1,1,1,0,1,0,2,2,1,0,0,0,1,1,0,2,2,2,2,1,1,0,0,1,1,2
0,1,2,1,0,0,0,0,1,0,0,0,1,1,2,2,1,2,1,0,2,0,0,0,0,1,0,1,0,2
0,2,1,1,1,1,2,0,1,1,2,2,0,0,1,0,1,0,0,0,0,0,2,1,1,0,0,0,0,0
0,1,2,1,1,0,2,2,0,2,0,1,0,2,0,1,0,0,0,0,2,0,2,2,1,1,0,1,1,0
0,2,2,1,0,1,0,0,0,1,2,2,1,2,1,1,0,1,1,1,2,2,0,0,0,2,0,1,1,1
0,1,2,1,0,0,2,2,0,1,0,1,0,2,1,0,1,0,0,0,2,2,2,1,1,2,0,0,0,2
0,1,1,1,0,1,0,0,1,0,1,0,0,1,0,2,0,0,0,2,2,2,1,2,0,1,0,1,1,2
0,2,2,1,0,0,1,2,1,1,2,2,1,2,1,1,1,0,1,0,0,2,1,1,1,1,0,1,1,0
0,1,2,1,1,1,1,0,0,2,1,1,1,2,0,0,1,1,0,2,0,2,2,2,1,0,0,1,1,1
0,1,2,1,0,0,2,0,1,2,2,1,0,2,1,1,0,1,0,2,2,2,2,0,0,1,0,1,1,0
0,0,1,1,1,1,0,2,0,2,2,1,1,2,1,2,0,2,1,0,2,2,2,0,0,2,0,1,0,0
0,1,2,1,1,0,2,0,0,1,2,1,1,2,0,1,1,0,1,2,2,2,2,1,1,2,0,1,1,0
0,1,2,1,0,0,1,0,1,2,2,2,1,0,1,1,1,1,1,0,2,2,1,1,0,2,0,1,1,0
0,1,2,0,1,0,0,0,0,2,0,0,1,2,0,1,0,1,0,0,0,0,2,1,0,0,0,1,0,0
0,1,2,0,0,1,0,0,1,2,1,0,1,2,2,1,0,1,1,2,1,1,2,1,1,2,0,1,0,0
0,2,2,1,0,1,1,2,1,1,2,2,0,2,2,1,0,2,0,2,2,2,2,0,0,1,0,1,1,1
0,1,2,1,1,0,1,0,0,2,1,1,1,2,0,0,0,1,0,2,0,2,2,2,1,1,0,0,1,0
0,1,2,1,1,0,1,2,1,0,2,0,0,2,2,1,1,1,1,1,2,2,1,1,1,0,0,1,1,1
0,1,1,1,1,0,0,2,0,0,2,2,1,2,0,1,1,1,1,2,0,1,2,1,0,1,0,1,0,0
0,0,2,1,0,1,0,0,0,1,2,2,1,2,1,1,1,1,0,1,0,2,1,1,0,1,0,1,1,0
0,2,2,1,0,0,1,0,0,2,1,2,0,1,2,0,0,0,0,1,0,2,2,2,0,1,0,1,1,1
0,1,2,1,1,0,0,0,1,1,2,0,1,1,2,1,0,0,1,1,2,2,1,0,1,0,0,1,1,2
0,1,2,1,0,0,0,0,1,1,2,0,1,1,0,1,0,1,1,1,1,2,0,0,0,1,0,0,1,0
0,2,2,1,0,1,2,2,1,2,0,1,1,1,1,1,0,2,1,2,0,2,2,0,1,2,0,1,1,2
0,1,1,1,1,1,1,0,0,2,1,2,0,2,0,1,0,1,1,0,0,2,2,1,0,0,0,1,1,1
0,2,2,1,1,0,2,2,1,0,2,2,0,1,0,2,1,2,0,0,2,2,2,0,0,0,0,1,1,1
0,1,2,1,1,1,2,2,1,1,1,0,0,0,0,0,1,0,0,1,2,0,2,1,1,1,0,1,0,0
0,1,1,1,1,0,2,0,0,2,2,0,1,1,2,0,0,2,0,1,1,2,1,1,0,1,1,0,1,1
0,1,2,1,0,0,2,2,1,0,0,0,1,1,2,2,0,2,1,0,0,0,2,0,0,1,0,0,0,1
0,2,1,1,0,0,2,2,0,2,1,0,1,1,2,0,0,1,0,2,2,2,2,1,0,1,0,1,1,0
0,2,2,1,0,0,1,0,1,0,1,0,0,0,2,0,0,0,0,0,0,2,0,1,0,2,0,1,1,0
0,1,2,1,0,0,1,0,1,1,2,0,0,2,1,0,1,0,0,0,2,2,2,1,1,1,0,1,1,2
0,2,1,1,0,1,0,2,0,1,1,1,1,0,2,1,1,1,0,2,0,2,2,1,0,0,0,1,0,2
0,2,2,1,1,1,2,0,0,0,0,0,1,1,0,0,0,1,1,1,2,2,2,0,1,2,0,1,1,2
0,2,1,1,1,0,1,0,1,0,0,1,1,2,2,1,1,1,1,1,1,2,0,1,1,1,0,1,1,1
0,2,2,1,0,0,2,1,0,2,1,0,1,0,2,1,1,0,1,2,0,2,2,1,0,1,0,1,1,1
0,1,1,1,1,0,1,2,0,0,0,1,1,0,1,0,1,1,1,0,1,2,0,1,0,1,0,1,1,0
0,2,2,1,0,0,2,0,0,0,1,1,1,0,2,2,1,2,1,0,0,2,2,0,1,0,0,1,1,1
0,1,2,1,1,0,1,0,1,1,2,1,1,0,0,1,0,1,1,0,0,2,2,1,0,2,0,1,1,0
0,1,2,1,0,0,1,2,1,1,2,0,0,0,1,0,0,1,1,2,2,2,2,0,0,1,0,1,1,0
0,1,2,1,1,0,1,0,1,2,2,2,1,1,0,2,1,0,0,0,0,2,0,2,0,1,0,1,1,0
0,2,2,1,0,1,2,2,0,0,0,1,1,2,2,0,0,1,1,2,0,2,2,2,1,2,0,1,1,2
0,1,2,1,0,0,1,0,1,0,1,0,1,1,1,0,1,0,0,2,2,0,2,1,0,1,0,1,1,0
0,1,2,0,0,1,2,0,0,1,1,1,0,2,2,0,1,2,1,1,0,2,2,2,1,2,0,1,1,0
0,2,2,1,0,1,0,0,0,0,1,0,1,1,2,1,0,1,0,0,0,2,2,0,0,0,0,1,1,0
0,1,2,1,1,1,0,2,1,0,2,1,0,2,0,1,0,1,0,2,2,2,2,0,1,1,0,1,1,0
0,1,2,1,1,1,2,0,0,1,1,0,0,2,0,0,1,0,0,0,0,2,2,1,1,2,0,1,1,0
0,1,2,1,1,1,2,2,1,1,0,0,1,2,0,2,1,2,1,0,0,2,2,0,1,1,0,1,1,0
0,1,2,1,1,1,1,0,1,2,1,0,0,0,0,2,1,1,1,0,0,2,2,1,0,2,0,1,1,1
0,1,2,1,1,1,0,0,0,0,0,0,1,2,1,0,0,1,0,2,0,2,2,2,1,2,0,1,1,2
0,2,2,1,0,0,1,0,0,0,2,2,1,1,2,0,0,0,0,0,0,2,2,1,0,2,0,1,1,2
0,2,2,1,0,0,1,0,0,1,2,2,0,2,2,1,1,1,0,1,1,1,0,1,0,0,0,1,0,1
0,1,2,1,1,1,1,0,0,0,1,0,0,0,0,1,1,1,0,2,2,1,2,1,0,2,0,1,0,1
0,2,2,1,1,0,1,2,1,1,0,1,0,2,0,0,0,1,0,1,2,2,1,0,0,0,0,1,1,2
0,1,1,1,1,1,1,0,0,1,0,0,0,0,2,1,0,1,0,0,1,2,1,1,0,2,0,1,1,1
0,0,1,0,1,1,2,0,1,1,1,2,0,2,2,2,1,1,1,0,2,1,0,1,0,1,0,1,0,2
0,0,2,1,1,0,1,2,0,0,2,0,1,2,1,1,0,0,1,2,0,2,2,2,0,2,0,1,1,1
0,1,0,1,1,0,0,0,1,2,2,1,0,1,0,0,1,2,0,1,0,2,0,2,1,1,0,1,1,0
0,2,2,1,0,1,1,0,1,0,2,0,0,0,0,1,1,1,1,2,2,2,2,1,1,2,0,0,0,0
0,1,2,1,0,0,0,0,1,0,1,1,1,2,2,2,1,2,1,0,0,2,2,0,1,2,0,1,1,0
0,2,0,1,1,0,1,2,1,1,2,0,0,1,1,0,1,0,1,0,1,2,2,0,1,2,0,1,1,2
0,1,2,0,0,0,1,0,1,0,1,1,1,2,1,0,1,1,0,2,2,1,2,1,0,1,0,1,0,0
0,1,2,1,1,0,1,0,0,0,2,1,0,2,0,0,1,2,1,0,0,2,2,1,1,0,0,1,1,0
0,2,2,1,1,0,1,2,0,1,2,2,0,0,1,0,1,1,0,1,0,2,2,1,1,1,0,0,1,2
0,0,2,1,1,1,0,0,0,1,0,2,1,2,2,1,0,0,1,0,2,2,2,2,1,0,0,1,1,0
0,1,2,1,1,1,0,0,0,2,0,1,1,2,0,1,0,0,0,2,2,2,2,2,0,0,0,1,1,1
0,2,2,1,1,0,0,0,0,2,1,0,1,0,2,0,0,1,1,1,1,2,1,0,0,0,0,1,1,2
0,2,2,1,0,1,2,2,0,2,1,2,0,0,2,2,1,2,1,1,2,2,0,0,1,0,0,1,1,2
0,1,2,1,1,0,0,2,0,1,0,1,1,2,0,0,0,1,1,0,0,2,2,1,0,0,0,1,1,0
0,1,0,1,1,0,1,2,0,0,2,0,0,0,0,0,0,0,0,2,0,2,2,1,0,0,0,0,1,2
0,2,1,1,1,1,0,0,0,2,0,1,1,2,1,1,0,1,0,0,1,0,2,1,0,2,0,1,0,2
0,1,2,1,1,1,1,2,1,1,0,1,1,2,0,0,0,0,1,2,2,2,2,0,1,1,0,1,1,1
0,1,0,0,1,1,2,2,0,0,1,1,1,2,0,2,0,0,0,0,1,2,2,2,0,0,0,0,1,0
0,1,2,1,1,1,2,2,1,0,0,0,0,1,0,1,0,1,0,1,0,2,0,0,1,1,0,0,1,1
0,2,2,1,1,1,0,2,1,1,2,2,0,2,1,1,0,1,1,2,0,2,2,0,0,0,0,1,1,0
0,1,2,1,1,0,1,2,1,1,2,1,1,2,0,0,0,2,0,2,2,2,2,2,0,2,0,0,0,1
0,1,2,1,0,1,1,0,0,2,0,1,0,0,2,1,1,1,0,2,1,2,2,1,0,0,0,1,1,2
0,1,2,1,0,1,2,2,0,1,1,0,1,0,0,1,1,1,0,2,2,2,1,1,0,2,0,1,1,2
0,2,1,0,0,1,0,2,0,0,0,2,1,0,2,1,0,1,1,2,2,1,2,1,1,1,0,1,0,2
0,2,2,1,0,1,0,2,1,1,1,0,1,2,0,2,1,2,0,0,0,2,0,1,1,0,0,1,1,2
0,2,2,1,0,0,0,0,1,0,1,2,1,1,2,1,0,0,1,2,0,2,2,2,0,2,0,1,1,1
0,2,2,1,0,1,0,2,1,0,1,1,1,0,2,2,0,1,1,0,0,2,0,1,0,1,0,1,1,1
0,1,2,1,0,1,1,0,1,2,2,0,1,0,2,2,1,2,1,0,0,2,2,1,1,1,0,1,0,0
0,2,2,1,1,0,1,0,1,1,0,2,0,2,1,0,0,2,0,2,1,2,2,1,0,1,0,1,1,1
0,1,1,1,1,1,2,0,1,2,2,2,1,0,0,0,0,0,0,2,0,2,2,1,0,1,0,0,1,1
0,1,1,1,1,0,0,0,1,0,2,2,0,0,0,1,0,1,1,1,2,0,1,0,1,1,0,1,1,2
0,1,2,1,1,1,0,0,0,2,2,1,0,1,0,1,0,1,1,1,0,2,0,0,0,2,0,0,1,1
0,2,2,0,0,0,1,2,1,1,0,2,0,0,2,0,0,0,0,0,2,1,0,0,1,2,0,1,0,2
0,1,2,1,0,1,0,2,0,1,1,2,0,2,1,2,1,1,1,0,0,2,2,1,0,2,0,1,0,1
0,2,2,0,0,0,0,2,0,0,2,1,1,2,2,2,1,2,0,0,2,1,0,1,0,1,0,1,0,0
0,2,2,1,1,0,0,0,0,1,2,2,0,2,1,0,0,2,0,2,0,2,0,2,0,2,0,1,1,1
0,2,2,1,0,0,1,0,0,0,1,2,1,1,2,1,0,1,0,0,1,2,2,0,1,1,0,1,1,1
0,1,2,1,1,0,1,1,0,1,1,0,0,2,2,1,0,0,0,0,0,2,2,2,1,0,0,0,1,1
0,1,2,1,0,0,1,0,1,1,2,2,0,1,2,1,1,1,0,1,2,2,0,1,0,0,0,1,1,1
0,1,2,0,0,1,0,0,0,2,1,1,1,2,1,0,0,0,0,2,2,1,2,1,0,2,0,0,1,0
0,2,0,1,1,0,2,2,1,1,0,1,0,1,0,1,0,1,1,2,2,2,2,0,0,2,0,1,1,2
0,1,0,1,1,1,2,0,0,1,2,0,1,0,0,1,1,1,0,1,0,0,0,1,0,1,0,1,1,1
0,0,2,0,1,0,2,0,1,0,0,2,1,0,1,1,0,1,1,1,0,2,1,1,1,0,0,1,1,1
0,2,0,1,0,1,0,2,0,1,1,1,1,0,1,1,0,2,1,2,1,2,2,1,0,2,0,1,1,1
0,0,2,1,1,0,0,0,0,1,2,2,1,2,1,1,1,2,0,0,2,2,2,2,1,0,0,1,1,1
0,1,0,1,0,1,2,2,1,0,0,0,1,0,2,1,0,1,0,2,0,0,2,0,1,2,0,1,1,0
0,1,1,1,1,1,0,0,1,1,0,1,0,1,1,1,0,1,1,2,1,2,0,0,1,1,0,1,1,0
0,0,2,1,1,0,0,0,1,0,1,1,0,0,1,0,1,1,0,0,1,2,1,1,1,0,0,1,1,1
0,1,2,1,0,1,0,0,1,0,2,1,0,0,1,1,1,1,1,2,0,2,2,1,1,0,0,0,1,1
0,2,2,1,0,1,0,2,0,1,1,0,1,2,0,1,0,2,1,2,0,2,0,2,1,0,0,1,1,1
0,1,2,1,0,0,1,0,1,1,2,0,0,2,1,0,1,0,0,0,0,2,2,1,1,1,0,1,1,2
0,2,2,1,0,0,1,2,0,0,1,1,0,0,2,0,1,1,1,1,2,0,0,1,1,1,1,0,0,2
0,1,2,1,1,0,0,2,1,2,2,1,1,2,0,0,0,0,1,2,0,2,2,1,0,0,0,1,1,2
0,1,2,1,1,0,2,0,1,2,1,2,1,1,1,1,0,0,0,0,0,2,0,2,0,1,0,1,1,0
0,1,2,1,0,0,0,0,1,2,0,1,1,2,1,2,1,2,1,0,0,2,2,0,1,0,0,1,1,1
0,1,2,1,0,1,0,2,1,1,1,0,0,0,2,1,0,1,1,2,2,2,2,0,0,0,0,1,1,1
0,2,0,1,1,1,0,2,0,1,0,1,0,1,1,1,1,1,0,0,2,2,2,1,0,0,0,1,1,0
0,1,2,1,1,1,2,0,0,2,2,1,0,1,2,1,0,2,1,2,2,2,1,0,0,0,0,0,1,0
0,1,2,1,0,1,1,2,0,2,1,0,1,0,0,0,1,0,0,0,0,2,1,1,1,0,0,1,1,1
0,2,2,1,1,0,0,0,0,0,1,0,1,1,1,0,0,0,0,2,0,2,2,0,0,1,0,1,1,0
0,0,2,0,0,0,1,0,1,2,1,1,1,2,2,0,1,0,1,0,2,0,1,1,0,0,0,1,1,1
0,2,2,1,1,1,1,0,0,1,2,0,1,0,1,1,0,1,1,2,0,0,2,0,0,1,0,0,1,0
0,1,2,1,0,1,0,0,1,0,1,1,0,2,2,0,0,0,0,2,0,2,2,1,0,0,0,1,0,0
0,2,2,1,0,1,0,0,0,1,2,1,0,0,2,0,0,1,1,2,1,1,2,0,0,2,0,1,0,1
0,1,1,0,0,0,0,0,1,2,0,1,0,2,1,0,1,0,0,0,2,1,2,1,0,2,0,1,0,2
0,0,2,1,1,1,2,0,1,0,2,0,1,2,0,1,0,1,0,2,1,2,2,1,0,2,0,1,1,2
0,2,2,1,1,0,0,2,1,0,2,2,0,2,2,0,0,0,1,0,0,2,0,1,0,1,0,1,1,1
0,1,2,1,0,1,1,0,0,1,1,2,0,0,2,0,0,0,1,0,2,2,0,0,1,0,0,1,1,1
0,2,2,1,0,1,0,2,1,1,0,2,1,1,2,0,0,1,1,2,1,0,2,0,0,1,0,1,1,2
0,1,2,1,1,1,2,0,1,1,0,2,1,2,2,0,1,2,1,0,1,2,2,1,1,2,0,1,0,1
0,1,2,1,1,1,1,0,0,2,1,2,0,0,2,2,0,2,1,2,2,2,1,0,1,0,0,1,1,1
0,1,2,1,0,0,1,2,1,0,2,2,0,2,2,1,1,1,1,1,0,2,2,1,1,1,0,1,1,0
0,1,0,1,0,0,0,0,1,1,1,2,1,2,1,0,0,0,1,0,0,2,2,0,1,1,0,1,0,1
0,1,1,1,0,0,1,0,0,1,1,2,0,0,2,0,0,0,1,2,0,2,0,0,1,0,0,1,1,1
0,0,2,1,1,0,1,0,1,2,2,2,1,2,1,1,0,1,1,0,0,2,2,0,0,2,0,1,1,0
0,2,2,1,1,1,2,0,1,2,1,0,1,0,2,2,1,1,1,0,0,2,2,1,0,1,0,1,1,1
0,2,0,1,1,1,0,1,1,2,0,1,0,0,2,0,0,2,0,1,0,2,1,2,1,2,0,1,1,1
0,1,2,1,1,0,1,0,1,0,0,2,1,1,2,0,0,0,0,1,0,0,1,0,0,0,0,1,0,1
0,1,1,1,1,0,1,2,1,1,1,2,0,2,2,1,0,1,0,0,0,2,1,0,1,2,0,1,1,2
0,2,2,1,1,1,0,0,1,0,0,2,1,2,2,0,1,1,0,1,0,1,1,2,0,0,0,1,0,1
0,0,0,1,0,0,0,0,0,1,1,2,1,0,1,2,1,2,1,0,0,2,1,0,0,2,0,1,1,1
0,1,1,1,1,0,2,0,0,2,0,1,1,2,1,0,0,1,1,1,1,2,2,1,0,1,0,1,1,2
0,1,2,0,0,1,0,2,0,0,2,0,1,0,2,0,0,1,0,0,2,1,2,0,1,1,0,1,0,0
0,1,2,1,0,0,1,2,1,1,2,0,0,1,1,2,1,0,1,1,2,0,0,0,1,0,0,1,1,1
0,2,2,1,1,1,1,0,0,2,2,0,0,0,2,2,0,2,0,2,2,2,2,0,0,2,1,0,1,1
0,1,1,1,0,1,1,0,0,1,1,1,0,2,1,0,1,0,1,1,0,2,2,0,1,0,0,1,1,2
0,2,2,1,0,0,1,0,1,2,2,1,1,0,2,1,0,1,1,2,2,2,2,0,1,1,0,1,0,0
0,1,2,1,1,1,1,0,1,2,2,0,1,0,0,1,1,1,0,1,0,2,2,1,1,0,0,1,1,2
0,0,2,1,1,1,2,0,0,0,2,2,1,2,0,1,1,1,1,2,2,2,0,1,1,0,0,1,1,1
0,1,2,1,1,1,0,0,0,2,0,1,1,2,0,1,0,1,0,2,0,2,2,0,1,1,0,1,1,0
0,1,0,0,0,1,2,2,1,1,0,0,1,2,1,0,1,0,0,1,2,1,1,1,1,0,0,1,0,2
0,2,2,1,0,1,0,1,0,1,0,0,0,0,2,2,1,2,1,0,0,2,2,0,1,1,0,1,1,1
0,2,0,1,1,1,0,2,1,1,0,0,0,1,1,1,0,1,1,1,2,2,2,0,0,0,0,1,1,2
0,2,2,1,1,0,1,0,0,2,2,2,1,2,1,0,0,1,0,2,2,0,2,0,0,0,0,1,0,0
0,2,2,1,1,0,1,2,1,1,1,1,1,0,0,1,1,1,0,2,1,2,2,1,0,0,0,1,0,0
0,1,2,1,0,0,0,0,0,0,2,1,0,2,1,0,1,1,1,0,2,2,2,1,0,0,0,1,1,0
0,2,2,1,1,1,0,0,1,2,1,1,0,2,1,0,0,0,0,2,0,2,2,0,0,1,0,1,1,0
0,1,2,1,1,1,1,2,0,0,1,0,0,0,2,1,1,2,0,0,0,2,1,1,0,1,0,0,1,1
0,1,2,1,1,1,1,0,0,2,2,0,1,2,0,0,0,0,0,2,0,2,2,1,0,1,0,1,1,1
0,2,0,1,0,0,1,0,0,1,1,1,0,0,2,0,0,0,1,0,0,2,2,0,1,0,0,1,1,1
0,1,1,1,1,1,1,2,1,1,1,1,1,1,0,0,0,1,0,2,2,2,2,0,0,1,0,1,1,0
0,2,2,1,1,1,2,0,1,2,2,0,1,0,1,2,1,1,0,0,2,2,2,1,1,0,0,1,1,0
0,1,2,1,0,0,2,0,0,2,0,1,0,1,2,0,0,1,0,2,0,2,0,0,1,0,0,1,1,1
0,1,2,1,1,1,0,0,0,0,2,2,1,1,0,1,0,1,1,0,2,2,0,0,0,2,0,1,1,1
0,2,2,1,1,1,2,0,0,1,1,2,0,2,1,0,0,0,1,0,2,2,2,2,1,0,0,0,1,1
0,1,2,0,1,1,0,2,0,2,2,1,0,0,0,0,1,0,0,0,2,1,2,1,0,0,0,0,1,2
0,1,2,0,0,0,1,0,0,0,0,0,1,0,1,1,1,1,0,1,2,2,2,0,1,1,0,1,1,1
0,2,2,1,1,0,0,2,0,2,2,2,1,2,1,0,0,2,0,0,2,2,2,2,1,0,1,0,1,1
0,2,1,0,1,1,2,2,0,0,1,2,1,2,1,2,0,1,1,0,0,1,2,1,1,2,0,1,0,1
0,1,2,1,1,1,1,2,1,1,0,0,0,1,2,1,0,1,1,0,2,2,1,0,0,2,0,1,1,0
0,2,0,1,0,1,0,0,0,1,2,2,0,0,2,0,1,0,1,0,0,2,2,0,1,0,0,1,1,2
0,1,2,1,0,1,1,2,0,1,0,2,1,2,2,0,0,1,1,2,0,2,2,2,0,0,0,1,1,2
0,2,2,0,1,0,2,0,0,2,0,1,1,0,1,1,1,1,1,0,0,1,2,1,1,0,0,1,0,2
0,2,2,1,1,1,1,2,1,2,1,2,0,2,2,0,1,2,1,0,0,2,0,1,1,2,0,1,1,2
0,2,0,1,1,0,1,0,1,1,1,2,0,1,2,0,1,0,0,0,0,2,2,1,1,1,0,0,0,0
0,1,0,1,0,1,2,0,0,1,2,0,1,2,1,0,1,0,1,0,2,1,2,0,1,1,0,1,0,1
0,1,2,1,1,1,0,0,0,1,2,0,1,2,0,1,0,0,1,2,2,2,2,2,1,0,0,0,1,0
0,1,2,1,1,1,2,0,1,0,2,1,1,2,0,1,1,1,1,0,0,2,2,1,1,0,0,1,0,1
0,1,2,1,0,0,2,0,0,0,1,2,1,1,2,0,0,0,0,0,0,0,0,0,0,1,0,1,1,2
0,1,2,1,1,0,0,0,0,0,1,1,1,2,0,0,0,1,1,0,0,2,0,2,0,2,1,0,1,2
0,2,2,1,1,0,2,0,0,2,2,2,0,2,1,0,0,0,0,2,0,2,2,1,0,2,0,1,1,1
0,2,1,1,0,1,0,0,0,1,1,1,1,2,0,1,0,2,1,0,2,2,1,0,1,1,0,1,1,0
0,2,0,1,1,1,2,0,0,2,1,0,0,2,0,0,0,2,0,0,1,2,0,2,0,1,0,1,1,0
0,1,2,1,1,0,2,0,0,2,1,0,1,1,2,0,0,0,1,1,0,2,1,0,0,1,0,1,1,1
0,1,0,0,0,0,2,0,0,1,0,1,1,1,2,1,1,0,1,2,0,0,0,0,1,2,0,1,1,1
0,0,2,1,0,0,0,0,0,0,1,2,1,2,0,0,1,1,0,0,0,2,2,2,1,2,0,1,1,1
0,1,0,1,0,0,1,0,0,1,2,1,0,2,2,1,0,0,1,1,0,2,0,2,1,2,0,1,1,1
0,1,2,0,1,1,2,2,0,1,1,1,0,2,0,0,1,0,0,0,0,1,2,1,1,2,0,1,0,1
0,1,2,1,0,0,1,1,1,0,2,0,1,2,1,1,0,1,1,2,0,0,2,0,0,0,0,1,1,0
0,2,2,1,0,0,0,0,1,1,2,2,0,2,2,2,0,0,0,1,2,1,0,2,1,1,0,1,0,2
0,0,0,1,0,0,1,0,0,2,0,0,1,0,1,2,1,2,1,2,0,2,2,0,1,2,0,0,0,2
0,2,2,1,1,0,0,2,1,2,0,2,1,1,1,1,1,2,1,0,1,2,2,0,1,0,0,1,1,1
0,1,0,1,0,1,1,0,0,1,2,2,1,0,0,1,0,1,1,0,0,2,1,0,0,1,0,1,1,1
0,2,2,1,0,0,0,1,1,0,1,1,1,0,2,0,1,1,0,1,0,2,2,0,1,0,0,1,0,0
0,1,2,1,0,1,1,0,1,0,0,1,1,2,1,0,1,1,1,0,1,0,2,1,1,2,0,1,0,2
0,1,2,1,1,1,1,0,0,0,2,1,1,0,0,2,1,1,0,1,2,2,0,1,1,1,0,1,1,1
0,2,1,1,1,1,2,0,0,2,1,2,1,0,1,0,1,1,0,0,2,2,2,1,1,2,0,0,1,0
0,1,2,1,1,0,2,2,1,2,0,1,1,2,0,1,0,2,1,0,1,2,0,2,1,2,0,1,0,0
0,0,1,1,1,0,0,0,1,1,1,2,1,2,2,1,0,0,1,2,0,2,0,2,1,1,0,1,0,1
0,2,2,1,0,1,0,0,0,2,0,2,0,2,1,0,0,0,1,0,2,2,1,0,0,0,0,1,0,0
0,1,0,1,0,1,0,0,0,0,1,2,1,2,2,0,0,0,1,2,0,2,2,2,0,1,0,1,1,1
0,1,2,1,0,0,2,0,0,2,1,0,1,2,1,0,0,2,0,1,0,2,2,2,0,0,0,1,1,0
0,1,0,1,0,1,1,0,1,2,2,0,1,0,1,1,1,2,0,2,1,2,2,1,0,1,0,1,1,1
0,2,1,0,0,1,2,2,1,1,2,2,0,2,0,1,1,2,1,2,0,1,0,0,1,2,0,1,1,0
0,2,0,1,1,0,0,0,1,0,0,1,1,1,1,1,0,1,0,0,2,2,2,0,1,1,0,1,1,2
0,1,2,1,1,0,1,0,0,1,2,1,0,2,0,1,0,1,1,2,2,2,2,1,0,2,0,1,0,0
0,2,2,0,0,1,0,0,0,1,2,0,0,1,2,2,0,1,0,2,0,0,2,1,1,0,0,1,0,0
0,1,0,1,1,1,2,2,1,1,1,1,0,1,0,0,1,0,1,0,1,2,0,0,1,1,0,1,1,1
0,2,2,1,1,0,0,2,0,0,0,2,1,2,1,1,0,0,0,0,0,2,2,2,0,1,0,1,1,0
0,1,2,1,0,1,1,2,1,2,0,1,1,2,2,0,1,0,0,0,2,2,0,1,0,0,0,1,1,2
0,1,2,0,1,0,2,2,0,0,2,1,0,0,2,0,0,0,0,1,2,2,1,2,0,0,0,1,1,1
0,1,2,1,1,0,1,2,1,1,1,1,0,2,2,0,0,0,0,2,0,2,2,1,0,1,0,1,1,1
0,1,2,1,1,0,0,0,1,2,0,0,0,2,2,2,1,2,1,2,2,1,1,0,1,2,0,1,0,0
0,1,2,1,1,1,0,2,1,0,2,0,0,0,0,1,1,1,1,0,0,2,2,1,1,1,0,1,1,0
0,1,2,1,1,1,1,2,0,1,2,1,0,2,2,0,0,0,1,0,2,2,2,2,1,1,0,1,0,2
0,1,2,1,1,1,1,0,0,2,2,0,0,0,0,0,0,1,0,0,2,2,0,0,0,2,0,1,1,1
0,2,2,1,0,0,0,2,1,1,0,2,0,1,0,1,0,1,0,0,0,2,2,0,0,1,0,1,1,2
0,1,2,1,0,0,1,0,0,0,2,0,0,2,1,1,0,2,1,0,1,2,2,0,1,1,0,1,1,0
0,2,2,1,1,0,1,0,1,2,1,2,0,1,1,0,0,1,1,2,0,2,2,1,0,0,0,1,1,0
0,1,2,1,1,0,2,2,1,2,1,2,0,2,0,1,0,2,0,0,0,2,2,0,0,1,0,1,1,0
0,2,2,1,1,0,0,0,0,0,2,1,0,2,1,1,1,1,1,2,2,2,0,1,1,1,0,1,1,0
0,1,2,1,1,1,0,0,0,0,0,0,1,2,0,0,0,2,1,0,2,2,2,2,0,1,0,1,1,1
0,1,0,1,0,1,1,0,1,2,1,2,1,2,1,1,0,2,0,0,2,1,2,0,0,1,0,1,0,0
0,2,2,1,1,0,0,0,0,0,1,2,1,2,2,0,0,1,0,0,0,2,0,2,0,2,0,0,1,2
0,1,1,1,1,0,1,1,1,1,2,2,1,2,1,1,0,1,1,0,2,2,2,0,0,2,0,1,1,1
0,2,2,1,1,0,1,0,0,1,1,1,1,2,2,1,0,0,0,2,0,2,2,2,1,1,0,1,1,0
0,1,2,1,1,0,1,2,0,1,0,0,0,1,2,1,0,0,1,1,0,2,1,2,1,0,0,1,0,0
0,2,2,0,1,0,0,1,1,0,1,0,1,1,2,1,1,1,0,0,2,0,2,0,1,1,0,1,0,2
0,1,2,1,1,1,1,0,0,1,1,1,1,2,1,2,1,0,0,0,1,2,2,2,1,1,0,1,1,0
0,1,1,1,0,0,1,2,0,1,0,1,1,0,1,0,0,1,0,2,2,2,1,0,0,1,0,1,1,0
0,1,2,1,1,1,0,2,1,0,0,0,1,2,2,0,0,0,1,2,1,2,2,1,0,2,0,1,1,0
0,0,2,1,1,0,0,0,1,2,1,1,0,0,0,0,1,0,0,0,0,2,2,1,1,0,0,1,1,1
0,0,0,1,1,1,2,2,0,1,0,0,1,0,0,0,1,2,0,0,2,2,0,1,0,0,0,1,1,1
0,2,2,1,1,1,1,2,1,2,0,1,1,2,1,0,0,0,0,2,1,0,2,0,0,0,0,0,1,1
0,1,2,1,0,1,2,0,0,1,1,0,0,0,1,0,1,0,0,2,0,2,2,0,1,2,0,1,1,1
0,2,2,1,0,1,1,0,0,1,1,2,0,2,1,0,1,0,0,0,0,2,0,1,1,0,0,1,1,2
0,2,2,0,0,1,2,2,0,1,0,2,1,0,2,0,1,0,0,0,0,1,2,1,1,1,0,1,0,2
0,0,2,1,0,1,2,0,0,0,1,2,0,2,0,0,1,0,0,0,1,0,0,0,0,1,0,1,0,2
0,2,2,1,0,0,2,2,0,2,2,0,1,2,1,0,0,0,0,1,0,2,1,2,0,0,1,1,1,1
0,1,2,1,0,0,1,0,1,2,0,1,0,2,0,0,1,0,1,1,0,2,1,0,0,2,1,0,0,1
0,2,2,1,0,1,1,0,1,1,1,2,0,2,2,0,1,0,0,1,0,0,0,1,1,0,0,1,0,2
0,1,2,1,0,0,0,1,0,2,1,0,1,2,1,1,0,2,1,2,0,2,2,0,1,1,0,1,1,1
0,1,2,1,1,0,2,1,1,1,2,0,1,2,2,2,1,1,1,0,2,2,2,1,0,1,0,1,1,1
0,2,2,1,0,1,2,0,1,2,0,0,1,1,2,0,0,1,0,2,2,2,2,0,0,0,0,1,1,1
0,1,2,1,1,0,1,0,1,1,0,2,1,1,2,2,1,2,1,1,0,2,0,0,1,0,0,1,1,1
0,0,2,1,1,1,1,0,0,0,2,2,1,2,2,0,0,0,1,1,2,2,2,1,0,0,0,1,1,1
0,1,2,0,0,1,1,0,0,1,1,2,0,1,2,0,0,0,1,0,1,1,2,0,1,0,0,1,1,1
0,1,2,1,1,0,1,2,1,1,2,0,1,2,0,1,0,0,0,0,2,2,2,2,1,1,0,1,0,2
0,2,1,1,0,0,0,2,0,0,0,1,0,0,2,0,1,1,0,0,0,0,0,1,1,1,0,1,1,1
0,2,0,1,1,0,2,0,1,2,1,0,1,1,1,2,0,2,0,0,0,0,1,0,0,1,1,0,0,0
0,2,1,0,0,0,1,2,0,2,2,2,1,2,2,1,0,1,1,0,1,1,0,1,1,0,0,1,0,1
0,1,2,1,1,0,0,0,1,0,2,0,0,2,0,0,0,0,1,1,2,2,2,0,1,1,0,1,1,0
0,1,1,1,1,1,2,0,0,2,1,1,0,2,1,0,0,1,1,2,0,2,2,2,1,2,0,1,0,0
0,1,2,1,1,1,1,0,0,2,1,2,1,0,0,0,1,0,0,2,2,0,2,1,0,0,0,1,0,0
0,1,1,1,1,1,2,1,0,2,2,1,0,2,1,0,1,2,0,0,0,2,2,2,0,1,0,0,0,1
0,1,2,1,1,1,2,2,0,0,2,0,1,0,0,0,1,2,0,1,2,0,2,1,0,1,0,1,1,1
0,2,1,0,0,1,2,0,0,2,1,0,0,2,1,1,0,1,0,2,0,1,2,0,1,1,0,1,0,1
0,2,2,1,0,1,2,0,1,0,0,0,0,1,2,0,0,0,0,2,0,2,2,0,0,0,0,0,1,0
0,1,2,1,0,0,2,0,0,2,2,0,0,2,2,1,0,0,1,2,0,2,2,2,0,1,0,1,1,2
0,2,2,1,0,1,0,0,1,1,0,2,1,2,2,1,0,2,0,1,1,0,1,1,0,1,0,1,1,0
0,2,0,1,0,0,1,0,0,1,2,0,1,0,2,1,1,1,1,2,1,2,2,1,1,1,0,1,1,0
0,1,1,1,0,0,1,0,0,1,1,1,1,2,1,1,0,0,0,2,0,2,2,2,1,1,0,0,1,1
0,1,2,1,1,0,2,0,1,2,2,1,1,2,1,1,0,2,1,0,0,2,2,2,1,2,0,1,0,0
0,2,0,1,1,0,1,2,1,1,1,1,1,1,1,1,0,2,1,0,0,2,2,0,1,2,0,1,1,2
0,2,2,1,1,0,1,2,1,1,0,1,0,2,1,0,0,1,1,2,2,1,2,0,0,1,0,1,0,2
0,0,1,1,1,1,2,0,0,0,0,2,1,2,0,2,0,0,0,1,1,2,1,2,0,0,0,1,1,2
0,1,1,1,1,1,0,0,0,2,1,0,0,2,0,1,0,1,1,2,2,2,2,0,0,0,0,1,1,1
0,1,2,1,1,0,2,0,0,2,2,2,0,1,0,1,0,1,1,2,2,2,0,0,1,2,0,1,1,1
0,1,2,1,1,1,1,0,0,1,2,2,1,0,0,1,0,1,1,2,0,2,2,0,0,1,0,1,1,0
0,1,2,1,1,0,2,0,0,0,0,0,0,2,0,1,1,0,1,0,2,2,2,1,0,2,0,1,1,1
0,1,2,1,1,1,2,2,1,1,1,1,1,2,0,2,1,0,1,0,1,2,2,2,1,0,0,0,0,1
0,1,2,1,1,0,1,0,1,0,1,2,0,1,0,1,0,2,1,2,0,2,0,2,1,2,0,1,1,1
0,1,2,1,0,1,1,2,0,1,1,0,1,0,1,0,1,0,0,0,2,2,2,1,0,1,0,1,0,0
0,1,1,1,1,0,2,2,1,1,1,0,1,2,0,0,1,0,0,0,0,2,2,0,1,1,0,1,1,0
0,1,0,1,0,1,2,2,0,0,1,0,0,0,2,1,1,1,0,0,1,2,1,1,1,2,0,1,1,1
0,2,2,1,1,1,2,0,1,0,0,0,0,1,1,2,0,0,0,0,2,2,2,2,0,2,0,1,1,2
0,2,2,1,0,1,1,0,0,0,1,1,0,2,1,0,1,1,0,0,0,2,0,1,1,0,0,0,0,2
0,2,1,1,1,0,1,2,1,1,0,2,0,0,2,0,1,2,0,0,1,2,1,1,0,2,0,1,1,0
0,2,1,1,1,0,0,0,0,0,1,2,1,0,1,1,0,1,1,0,1,1,2,0,1,2,0,1,0,2
0,1,1,1,1,1,1,2,1,2,2,0,0,2,1,1,0,2,1,0,0,2,2,0,1,0,0,1,1,2
0,1,2,1,0,1,1,2,0,0,1,1,0,2,2,1,1,1,1,2,1,1,0,1,1,2,0,1,0,2
0,1,2,1,1,1,2,0,1,2,2,1,1,2,0,1,0,1,1,2,2,2,2,0,0,2,0,1,1,1
0,2,1,1,0,0,2,0,1,2,1,1,1,2,1,1,0,2,0,1,2,2,1,0,0,0,0,1,1,2
0,1,2,1,0,1,1,2,0,1,0,0,1,0,2,1,0,1,1,2,2,2,2,0,0,1,0,1,1,2
0,2,2,1,0,0,2,0,0,2,2,2,0,2,0,1,0,1,1,1,0,2,1,1,0,2,0,0,1,1
0,2,2,1,1,0,2,0,0,0,0,2,0,2,0,0,0,0,0,0,0,2,0,0,0,2,0,1,1,1
0,1,2,1,0,0,2,2,0,1,0,0,0,0,1,0,1,1,1,2,2,2,1,0,0,1,0,1,1,1
0,1,2,1,0,1,1,0,0,0,1,1,1,0,0,0,1,1,0,0,0,2,1,1,1,0,0,1,1,1
0,1,2,1,1,0,0,2,1,2,0,1,0,2,0,0,1,0,0,1,2,2,2,0,1,1,0,1,1,2
0,1,0,1,1,0,2,2,0,1,2,2,1,2,0,2,1,2,0,0,1,2,2,1,0,0,0,1,1,1
0,0,2,1,1,0,2,0,0,1,1,2,0,2,1,1,0,1,1,2,0,2,2,0,0,1,0,1,0,1
0,1,2,1,0,0,0,0,1,1,1,2,1,1,2,0,0,0,1,0,1,0,0,0,1,0,0,1,1,1
0,1,0,1,0,1,1,2,0,1,2,2,1,0,2,0,1,0,1,0,1,2,2,1,0,1,0,1,1,1
0,1,2,1,1,0,1,2,0,0,2,1,0,2,2,1,0,0,0,2,2,2,1,2,0,1,0,1,1,1
0,1,2,0,0,1,1,2,0,1,0,0,1,0,2,2,0,2,0,2,0,1,2,1,0,0,0,1,0,0
0,1,2,1,0,1,0,2,1,2,0,0,1,2,1,0,1,0,1,0,2,0,2,2,1,1,0,0,0,0
0,2,2,1,0,1,1,0,1,1,0,2,0,1,2,0,0,1,1,1,0,2,2,2,0,1,0,1,1,2
0,1,1,1,1,1,1,0,1,0,1,2,0,0,0,0,1,2,1,0,0,2,2,1,1,0,0,1,1,0
0,2,2,1,1,1,2,0,1,0,1,0,1,0,0,0,1,0,1,1,0,1,1,1,0,2,0,1,0,1
0,1,2,1,0,1,2,0,1,2,2,0,0,0,2,0,1,2,0,2,2,2,2,2,1,2,1,0,0,1
0,2,2,1,0,1,1,2,0,0,2,1,1,0,0,1,1,1,1,0,2,2,2,1,1,0,0,1,1,0
0,1,2,1,0,0,2,0,0,1,0,1,0,2,1,0,1,0,0,0,2,2,2,1,1,2,0,1,0,1
0,1,2,1,1,0,2,0,0,2,2,1,0,2,0,0,0,0,1,0,0,2,0,1,0,2,0,1,1,1
0,2,2,1,1,0,1,2,0,0,0,1,0,1,1,0,0,0,1,2,2,2,2,1,0,1,0,1,1,0
0,1,2,0,0,0,2,0,1,1,1,2,1,0,1,0,1,0,1,0,0,1,2,0,1,2,0,1,0,1
0,1,2,0,1,1,2,2,0,1,0,1,1,0,0,0,1,0,0,2,2,2,2,0,0,2,0,1,1,2
0,1,2,1,0,0,0,0,1,2,1,1,1,2,1,2,1,2,1,0,0,2,2,1,1,1,0,1,1,2
0,1,1,1,0,1,0,0,0,1,0,2,0,0,2,1,1,1,0,1,1,2,0,1,0,0,0,1,1,0
0,0,2,0,1,1,2,2,0,1,0,0,1,0,0,2,1,2,0,1,2,1,1,1,0,1,0,1,0,2
0,1,0,1,1,0,1,0,0,2,0,2,0,2,0,2,1,1,1,0,0,2,2,1,0,1,0,1,1,2
0,1,0,1,1,1,2,2,1,0,1,2,0,1,0,0,1,0,0,0,1,2,0,1,0,0,0,1,1,0
0,1,2,1,1,1,0,0,0,1,2,1,1,0,2,1,0,0,1,1,2,2,2,0,1,1,0,1,1,2
0,2,2,1,1,1,0,0,0,2,2,2,0,1,1,1,0,1,0,2,0,2,2,0,1,1,0,0,1,2
0,1,0,1,0,0,2,2,1,2,0,0,0,2,0,1,0,2,1,1,0,2,1,0,1,2,0,1,1,0
0,2,2,1,1,0,0,0,1,2,2,2,1,2,0,1,0,2,1,1,2,2,0,0,0,2,0,1,0,2
0,1,1,0,1,1,1,0,0,1,1,1,0,2,2,0,0,1,1,2,1,1,2,2,0,0,0,1,0,0
0,1,2,1,1,1,2,0,1,0,1,1,0,2,0,0,1,1,1,0,0,2,2,0,1,0,0,1,1,0
0,2,2,1,1,1,0,0,1,1,0,2,0,1,1,0,0,1,1,0,0,2,2,2,1,1,0,1,1,2
0,1,2,1,1,1,1,2,1,1,0,1,0,2,0,1,0,1,1,0,0,2,2,0,0,1,0,1,1,2
0,1,2,1,1,0,0,0,1,2,2,0,0,2,0,0,1,2,1,0,0,2,2,1,1,1,0,1,1,1
0,2,2,1,0,0,2,0,0,2,1,0,0,0,2,1,0,1,1,0,0,2,2,0,0,2,0,1,1,1
0,2,1,0,0,1,0,0,0,0,1,1,0,2,2,2,1,0,0,2,1,1,2,2,0,2,0,1,0,1
0,1,0,1,1,1,1,0,1,2,1,2,1,0,2,0,1,0,0,1,0,2,1,1,0,1,0,1,1,2
0,2,1,1,1,0,0,2,0,0,0,1,1,0,1,0,1,0,1,2,1,2,2,1,0,2,0,1,1,0
0,1,2,1,1,1,1,2,1,2,2,1,0,2,0,1,0,1,1,0,2,2,2,1,0,1,0,1,1,1
0,1,2,1,0,0,1,2,1,0,0,0,1,1,2,1,1,1,1,2,0,2,0,1,1,1,0,1,1,2
0,1,2,1,0,1,1,0,1,1,2,2,1,0,1,1,0,1,1,1,2,2,1,0,1,1,0,1,1,1
0,2,2,0,0,0,0,0,1,0,1,0,0,1,1,0,0,0,1,0,0,1,2,0,1,1,0,1,0,1
0,1,2,1,0,0,1,2,1,0,0,2,0,2,2,0,0,0,1,2,0,2,2,1,0,1,0,1,1,2
0,1,1,1,0,0,2,2,1,1,2,1,0,0,1,0,0,1,1,2,1,2,2,0,0,2,0,1,1,1
0,2,0,1,1,0,2,0,1,1,1,0,1,2,0,0,1,0,0,0,0,2,2,0,1,2,0,1,1,1
0,1,2,1,0,0,2,2,0,1,2,0,1,0,2,1,1,1,1,1,2,2,0,1,0,0,0,1,0,1
0,2,2,1,1,1,0,2,0,0,2,1,1,0,1,0,1,1,0,0,2,2,2,0,1,2,0,1,1,0
0,1,1,1,1,1,0,0,1,0,0,1,1,1,1,1,0,1,1,0,1,2,0,1,1,2,0,1,1,2
0,0,2,1,1,1,0,2,1,0,1,1,0,2,2,1,1,1,1,1,0,2,1,1,1,2,1,1,1,2
0,1,2,1,1,0,2,2,1,0,0,1,0,2,0,0,0,1,0,2,1,2,2,0,0,1,0,1,1,2
0,1,2,0,0,0,1,0,1,0,1,2,1,0,0,0,0,0,0,1,1,1,1,2,0,2,0,1,0,1
0,1,2,1,1,0,1,0,1,1,0,1,1,2,2,0,1,0,0,1,0,1,1,1,1,1,0,1,0,0
0,2,1,1,1,0,0,0,1,2,0,1,1,0,2,1,1,1,0,1,1,2,1,1,0,0,0,1,1,1
0,1,2,1,0,0,1,0,1,0,1,0,0,1,1,0,0,0,0,0,0,2,0,2,0,0,0,1,1,2
0,1,0,1,0,1,1,0,0,2,1,1,0,2,1,0,1,0,0,0,0,0,2,1,1,2,0,1,1,1
0,2,2,0,1,0,1,0,0,0,1,0,0,1,1,1,0,1,1,0,0,1,2,0,1,1,0,1,1,1
0,1,2,1,1,1,0,0,0,1,1,0,0,0,0,0,0,1,1,2,0,2,2,0,0,0,0,1,1,0
0,2,2,1,0,1,2,1,0,2,2,1,1,2,2,0,1,2,1,1,2,2,0,2,1,2,0,0,1,2
0,1,2,1,1,1,1,2,0,0,2,0,1,0,0,1,1,1,1,2,2,2,2,1,1,1,0,1,1,1
0,2,2,1,1,1,2,2,1,0,0,1,1,2,1,0,0,1,1,0,0,2,2,2,1,2,0,1,0,2
0,1,1,1,0,1,1,2,1,0,0,2,0,1,2,0,1,1,1,0,1,2,0,1,1,0,0,1,1,2
0,1,2,1,1,1,0,1,0,0,1,0,0,2,0,0,0,2,0,2,2,0,2,2,0,1,0,1,1,2
0,1,2,1,0,0,0,2,1,0,2,0,0,0,2,0,1,0,1,1,2,2,2,1,0,1,0,1,1,2
0,1,2,1,1,0,0,0,0,1,1,0,1,0,0,0,0,0,1,2,2,0,2,0,1,2,0,1,0,1
0,0,0,0,1,1,0,2,0,1,0,1,1,2,1,2,0,1,1,0,0,1,2,1,1,2,0,1,0,2
0,0,2,1,1,0,1,0,0,2,0,2,0,2,0,1,0,1,1,2,2,2,2,1,0,1,0,1,1,2
0,2,2,1,0,1,2,0,0,0,1,1,1,0,2,0,0,0,1,2,2,2,2,1,0,1,0,1,1,1
0,1,2,1,1,0,0,0,0,1,2,0,0,2,0,0,0,1,0,2,2,0,2,2,0,0,0,1,1,0
0,1,1,0,1,1,1,0,1,1,1,2,0,2,0,0,1,1,1,2,1,1,2,1,0,2,0,1,0,1
0,1,2,1,1,1,0,2,1,0,2,0,0,2,2,0,0,0,0,0,0,2,2,0,0,2,0,1,1,2
0,1,2,1,1,1,0,2,0,1,0,0,1,0,1,0,0,2,1,0,2,2,0,1,0,2,0,1,1,0
0,1,2,1,1,0,1,0,0,0,1,0,0,1,2,1,0,2,0,2,2,2,0,0,0,1,0,1,1,1
0,1,2,0,0,0,2,0,1,0,0,0,1,0,1,1,0,1,1,0,0,1,1,1,1,0,0,1,0,0
0,1,2,1,0,0,0,0,0,2,0,0,0,2,1,0,0,1,0,2,2,2,2,0,1,0,0,1,1,0
0,0,2,1,1,1,1,0,0,0,2,2,1,2,2,0,0,1,1,2,0,0,2,1,0,1,0,1,1,0
0,1,2,1,1,1,0,0,0,2,1,1,1,2,2,0,1,1,1,2,2,2,1,2,0,2,0,1,1,1
0,1,0,1,1,1,0,2,0,0,2,0,1,0,2,2,1,1,0,1,0,0,0,1,1,1,0,0,0,1
0,1,2,1,1,1,1,0,1,2,2,0,1,0,0,1,1,1,1,0,2,1,2,1,1,2,0,1,0,0
0,1,2,1,0,0,1,0,0,1,1,1,1,1,0,1,0,1,1,1,0,2,0,0,0,1,0,1,1,0
0,1,2,1,0,0,0,0,1,1,1,0,0,0,2,1,0,1,1,1,2,0,2,0,0,1,0,1,0,0
0,2,2,1,0,0,0,0,1,0,2,2,1,2,1,2,0,2,1,2,0,2,1,1,0,2,0,1,0,1
0,1,2,1,1,0,1,0,1,0,1,0,0,1,2,0,0,1,0,0,0,2,0,0,1,1,0,0,1,0
0,1,2,1,1,0,1,0,0,0,0,1,0,2,0,0,1,0,0,0,0,2,2,1,0,0,0,1,1,0
0,1,2,1,0,0,0,0,1,1,1,1,0,1,0,0,0,1,0,0,2,2,0,2,0,2,0,1,1,0
0,1,2,1,1,1,1,0,0,2,2,2,0,1,2,2,1,2,1,1,2,2,0,0,1,0,0,1,1,2
0,2,2,0,0,0,0,0,1,2,1,2,1,2,1,0,1,0,1,2,1,1,1,1,0,2,0,1,0,1
0,1,2,1,1,0,1,2,1,0,2,1,0,2,0,1,1,1,1,0,2,2,2,1,1,0,0,0,1,1
0,1,2,0,0,1,1,1,0,0,1,2,0,2,1,1,1,1,1,0,0,1,2,1,1,1,0,1,0,0
0,1,2,1,1,0,0,0,0,1,1,1,1,2,2,2,0,0,1,0,0,2,2,2,1,0,0,1,1,1
0,1,2,1,1,1,2,2,0,1,1,0,1,0,0,0,1,1,0,2,0,2,2,1,1,1,0,1,1,2
0,1,2,0,0,1,0,0,0,1,2,1,1,2,2,0,0,0,0,0,1,1,2,1,1,2,0,1,0,1
0,0,2,1,1,1,0,0,1,1,2,2,0,0,1,1,0,1,0,2,2,2,2,1,0,2,0,1,1,0
0,2,2,1,1,0,0,0,1,0,2,0,1,1,1,1,0,1,1,2,0,2,2,0,0,0,0,1,1,1
0,1,2,1,0,0,2,2,1,1,2,0,0,0,2,1,1,1,0,2,2,2,2,0,1,1,0,1,1,0
0,1,2,1,0,1,1,2,1,0,2,1,0,2,1,0,1,0,0,2,2,2,2,1,0,2,0,1,1,2
0,2,2,1,0,0,0,2,0,0,0,0,0,1,2,1,0,1,0,0,0,0,2,0,1,2,0,1,0,1
0,1,2,1,1,1,1,0,0,2,1,1,0,2,0,0,1,2,0,2,2,0,2,2,0,2,0,1,1,0
0,2,1,1,1,1,2,0,0,1,2,1,1,2,2,1,0,1,1,1,1,2,0,0,0,1,0,1,1,0
0,0,2,1,1,1,0,0,0,1,1,2,0,2,0,0,0,0,0,0,0,2,2,0,1,0,0,1,1,0
0,2,2,1,1,0,0,0,0,2,2,2,1,2,2,1,0,2,0,0,0,2,1,0,0,0,0,1,0,1
0,2,2,1,0,0,1,0,1,2,2,2,1,2,2,1,1,1,0,1,2,2,0,1,0,0,0,0,1,0
0,1,2,1,0,0,2,0,1,2,1,1,0,1,2,0,0,2,0,2,0,2,2,2,0,2,0,1,1,0
0,2,2,0,1,0,0,0,1,2,0,0,1,0,1,1,1,1,0,2,0,1,2,1,1,1,0,1,0,0
0,2,2,1,1,0,2,2,1,0,0,2,0,2,2,0,0,0,0,0,2,2,0,1,0,1,0,1,1,2
0,2,2,1,1,1,0,0,0,0,2,0,0,0,1,2,1,2,1,2,1,1,2,1,1,1,0,1,0,0
0,1,1,1,1,0,2,2,0,0,2,0,0,0,0,0,1,0,1,2,0,2,2,1,0,1,1,0,1,2
0,0,2,1,1,0,0,2,1,1,2,1,0,2,2,1,0,1,0,0,2,2,0,1,0,2,0,1,1,1
0,1,2,1,0,1,1,0,0,1,1,1,0,2,2,2,0,0,1,0,0,2,2,2,1,1,0,1,1,1
0,1,2,1,0,0,1,2,0,1,2,0,1,2,1,1,0,0,1,2,2,2,2,2,1,2,0,1,1,2
0,1,2,1,1,1,2,0,0,0,2,0,0,2,0,1,1,1,1,0,2,2,2,1,1,1,0,1,1,0
0,2,2,0,1,0,2,2,0,1,0,2,0,1,2,0,1,2,0,0,0,1,2,0,1,0,0,1,1,0
0,2,1,0,0,1,2,0,1,0,2,2,1,0,2,1,0,1,0,2,1,1,2,1,1,1,0,1,1,2
0,2,0,1,1,1,0,0,0,2,1,2,0,2,1,0,0,2,0,0,1,2,2,2,0,1,0,1,1,0
0,1,2,1,0,0,1,2,0,0,1,0,1,0,2,0,0,0,0,1,1,0,1,1,0,0,0,1,0,2
0,1,1,1,0,0,2,0,0,1,0,2,1,2,2,1,1,1,0,0,1,2,2,1,0,1,0,1,1,2
0,1,2,1,1,0,0,0,0,0,1,2,0,1,0,0,1,1,1,1,0,2,0,0,1,0,0,1,0,0
0,0,1,1,0,1,0,0,0,1,1,2,0,2,0,1,0,2,1,2,0,2,2,2,1,0,0,1,1,1
0,0,2,1,0,1,0,0,0,0,1,0,0,1,1,0,0,1,0,1,2,0,2,0,0,0,0,1,0,0
0,2,2,0,0,0,0,2,0,1,1,2,0,2,2,1,0,1,1,0,2,1,0,1,0,0,0,1,0,2
0,2,2,1,1,0,2,0,1,0,1,2,1,2,0,2,1,2,0,0,2,2,1,2,0,0,0,1,0,0
0,1,1,1,0,1,1,0,0,2,1,1,1,2,1,0,1,0,0,1,1,0,2,1,0,2,0,1,1,0
0,2,2,1,1,0,1,0,1,0,2,2,0,2,2,0,0,0,0,0,2,2,0,0,0,0,0,1,1,2
0,1,2,1,1,1,0,2,1,0,2,1,0,2,0,1,0,0,0,0,0,2,0,2,0,2,0,1,1,1
0,2,1,1,1,1,2,0,0,0,1,1,1,2,1,0,0,0,0,0,2,2,2,1,0,1,0,1,1,1
0,2,2,1,1,1,2,0,0,2,2,2,0,2,2,1,0,2,0,0,1,2,2,2,1,0,0,1,1,1
0,1,2,1,0,1,1,0,1,2,1,1,0,0,1,0,1,0,0,0,1,2,2,1,0,2,0,1,0,1
0,1,0,1,1,0,0,0,0,1,2,1,0,0,2,1,0,1,0,0,2,2,1,0,1,1,0,1,0,1
0,1,2,0,1,1,1,0,1,0,0,1,1,2,0,1,0,1,1,2,0,1,2,1,1,0,0,1,0,2
0,1,0,1,1,0,1,0,0,0,1,2,1,2,0,1,1,1,1,0,1,2,2,1,1,0,0,1,1,1
0,2,2,1,1,0,0,0,1,2,0,0,1,0,1,0,1,1,0,1,0,2,2,1,0,1,0,1,1,0
0,1,2,1,1,0,2,0,1,2,0,1,1,2,0,0,0,1,1,2,2,2,2,0,0,1,0,1,1,2
0,2,2,1,0,0,1,2,0,2,0,2,0,1,2,0,1,2,0,1,2,2,2,2,1,0,0,1,1,1
0,1,2,1,1,0,0,2,0,1,2,1,0,2,0,1,0,0,0,2,1,2,2,2,0,0,0,1,1,1
0,1,2,1,1,0,1,0,0,1,1,1,1,2,0,0,1,0,0,2,0,2,2,1,1,2,0,1,1,1
0,1,2,1,0,0,0,2,0,0,1,0,0,0,2,1,1,1,1,2,2,2,2,1,1,1,0,1,1,0
0,2,2,1,1,0,2,0,0,2,2,2,0,2,2,1,0,2,1,2,0,2,0,2,1,0,0,0,1,0
0,2,2,1,0,1,2,0,0,2,1,2,0,2,2,1,1,1,0,0,0,1,2,1,1,0,0,1,0,0
0,1,2,1,1,0,1,0,0,0,0,1,0,2,2,0,0,0,0,0,1,2,1,0,0,1,0,1,0,2
0,2,2,0,0,0,0,0,1,1,2,2,1,1,2,0,1,0,0,0,2,1,2,1,1,2,0,1,0,1
0,1,0,1,1,0,2,0,1,2,0,1,1,1,2,1,0,1,1,2,0,2,0,0,1,2,0,1,1,2
0,1,0,1,0,0,1,0,0,0,0,0,1,1,1,1,0,2,1,1,1,2,0,0,0,1,0,1,1,0
0,1,2,1,1,1,1,1,0,0,1,0,1,2,0,0,1,2,0,2,2,2,2,2,0,1,0,1,1,1
0,1,2,1,1,0,1,0,1,0,0,1,1,2,0,1,0,1,0,0,1,2,2,0,1,1,0,1,1,1
0,1,2,1,0,0,0,2,0,0,0,0,0,0,0,1,1,0,1,0,0,0,0,2,0,1,0,1,1,1
0,2,2,0,0,0,0,0,1,2,1,1,1,2,2,1,0,0,0,1,0,1,0,1,0,0,0,1,0,0
0,1,1,1,1,0,2,2,0,1,2,1,1,1,2,1,1,0,0,0,1,2,0,2,0,0,0,0,1,2
0,1,0,1,1,0,2,0,0,0,2,0,1,0,1,1,0,1,1,0,1,2,1,0,1,2,0,1,1,2
0,1,0,1,1,0,1,2,0,0,0,2,0,0,2,1,1,1,1,2,2,2,0,1,1,0,0,0,0,2
0,1,0,1,1,0,2,2,0,1,2,2,0,1,0,1,1,0,1,1,2,1,0,2,1,0,0,1,0,1
0,1,2,0,1,1,1,2,1,2,1,1,1,0,2,1,1,0,0,0,0,1,1,2,0,1,0,1,0,2
0,2,1,1,1,0,2,2,0,1,2,0,1,1,1,0,1,0,0,0,0,2,2,1,1,1,0,0,0,2
0,1,2,1,1,1,1,0,1,2,2,1,1,2,0,0,0,1,1,2,2,2,2,1,0,2,0,1,1,0
0,2,2,1,1,1,2,0,1,2,1,0,0,0,1,0,1,1,1,2,0,2,2,1,0,1,0,1,1,0
0,1,1,1,0,0,2,0,1,2,0,2,1,0,2,1,0,2,1,2,1,2,2,0,1,1,0,1,0,1
0,1,2,1,0,0,2,0,1,1,0,1,1,2,1,1,1,0,1,0,2,2,2,1,1,2,0,1,0,0
0,0,2,1,0,1,0,0,0,2,1,1,1,2,0,0,0,1,0,0,0,2,2,0,1,2,0,1,0,0
0,1,2,1,0,0,0,2,1,0,2,0,1,2,1,1,1,1,1,1,2,2,2,1,1,0,0,0,0,0
0,1,1,1,0,0,0,2,0,0,2,0,1,0,0,0,1,0,1,1,0,2,1,1,0,0,0,1,1,2
0,2,1,1,0,1,0,0,0,1,0,2,0,0,2,0,0,1,1,2,1,2,2,0,0,2,0,1,1,1
0,1,2,0,0,0,2,2,0,1,1,1,0,2,0,1,1,1,1,2,1,1,1,1,0,2,0,1,0,1
0,2,1,1,0,0,0,2,1,1,0,1,1,1,2,1,0,1,1,2,1,2,2,0,0,1,0,1,0,2
0,2,2,1,0,1,2,0,0,2,1,2,0,2,2,0,1,1,1,0,1,2,0,1,0,0,0,1,1,2
0,1,2,1,1,0,2,0,1,1,0,2,1,1,0,2,1,2,1,1,0,2,0,0,1,0,0,1,1,2
0,1,2,1,1,0,0,0,0,2,1,1,1,2,0,1,0,2,1,2,0,0,0,0,1,2,0,1,0,1
0,1,2,0,1,1,0,0,1,0,1,2,0,0,0,0,0,1,1,2,2,0,2,2,0,1,0,1,1,1
0,2,0,1,1,1,0,0,0,1,0,2,0,1,1,0,1,0,1,0,2,2,2,0,1,0,0,1,1,0
0,2,2,1,1,0,1,2,1,1,1,0,1,2,1,2,1,0,0,0,2,2,2,2,1,2,0,1,1,0
0,2,2,1,1,0,1,2,1,1,2,2,0,2,1,0,0,0,1,1,2,1,2,0,1,2,0,1,0,2
0,1,0,0,1,0,1,0,1,1,1,2,0,2,2,0,1,0,0,1,1,2,2,1,1,2,0,1,1,0
0,1,2,1,1,0,1,2,1,0,1,0,0,2,0,1,0,1,0,1,2,2,0,1,0,2,0,1,1,2
0,2,2,1,1,1,0,0,0,2,2,2,0,0,1,1,0,2,0,2,2,2,2,0,0,1,0,1,1,1
0,1,2,1,1,0,1,2,1,1,0,1,0,2,0,0,0,0,0,0,0,2,0,1,1,2,0,1,1,0
0,1,1,1,0,0,1,2,0,1,2,1,1,1,2,1,1,0,1,0,2,2,0,2,1,2,0,1,1,1
0,1,2,1,1,0,1,2,0,1,2,1,1,2,2,1,0,0,1,2,0,0,2,2,1,1,0,1,1,2
0,1,1,0,0,0,1,2,1,1,2,0,0,2,2,0,1,1,1,1,2,1,2,1,0,1,0,1,0,0
0,2,1,1,1,1,2,0,0,2,1,0,0,2,0,1,0,1,1,0,0,2,1,0,1,2,0,1,1,2
0,1,2,1,1,0,0,2,1,2,2,1,1,2,2,0,0,1,1,0,2,1,2,2,0,2,0,1,0,2
0,2,2,1,0,0,0,0,0,0,2,2,1,2,2,1,1,1,1,2,2,2,2,1,1,2,0,1,1,0
0,2,0,1,1,0,2,0,1,1,0,0,1,1,0,1,0,1,1,0,2,2,2,0,0,0,0,0,1,2
0,1,2,1,1,1,1,0,0,1,0,0,0,0,0,0,0,0,0,0,0,2,2,0,1,2,0,1,1,0
0,2,2,1,1,1,2,0,0,2,0,0,0,2,0,0,0,0,1,0,0,2,0,1,0,0,0,1,1,1
0,2,2,1,0,0,0,0,0,0,2,0,0,0,2,1,1,1,1,2,2,2,0,1,1,1,0,1,1,0
0,2,2,1,0,0,2,1,1,2,1,0,0,1,1,0,1,2,1,2,0,2,2,1,1,1,0,1,1,2
0,2,2,0,1,0,2,2,1,0,0,2,0,1,1,1,1,1,1,0,2,1,2,0,1,1,0,1,0,2
0,1,1,1,1,0,1,2,0,0,0,2,0,0,0,0,0,1,0,2,0,0,2,1,1,1,0,1,1,0
0,2,2,1,1,0,1,0,1,1,2,0,1,1,1,2,1,1,1,2,0,2,2,1,0,2,0,1,1,0
0,1,1,1,1,0,1,0,1,0,1,1,1,2,0,1,1,1,1,2,0,2,2,1,0,0,0,1,1,1
0,0,1,1,0,0,0,2,0,0,2,1,1,2,0,1,0,0,0,2,0,2,1,2,0,0,0,1,1,0
0,1,2,1,1,0,2,0,0,2,2,1,0,2,0,0,0,2,0,2,0,0,2,2,0,2,0,1,1,1
0,2,1,1,1,1,0,2,0,0,2,1,0,0,1,2,1,1,0,0,0,2,2,1,1,1,0,1,1,2
0,1,1,1,1,1,1,0,0,2,1,1,1,2,0,1,0,2,1,2,2,2,2,0,1,2,0,1,1,1
0,2,2,1,1,0,0,0,1,2,2,2,0,2,1,1,0,0,0,2,2,0,2,2,0,1,0,1,0,0
0,1,2,1,1,0,0,0,1,2,1,0,1,0,0,0,0,1,1,2,1,1,2,1,0,1,0,1,0,0
0,1,0,1,1,0,1,2,1,0,0,0,0,2,0,1,0,1,1,0,0,2,2,0,0,0,0,1,0,2
0,2,0,1,0,0,2,0,0,0,1,2,1,0,1,0,1,0,0,1,1,2,2,1,0,1,0,0,0,1
0,2,2,1,1,1,0,1,0,1,2,2,1,2,1,1,1,0,1,1,0,2,0,2,1,0,0,1,1,1
0,2,2,0,1,1,0,0,1,1,1,2,1,2,0,0,1,0,0,1,0,1,0,1,1,2,0,1,0,2
0,1,2,1,0,0,1,2,0,0,1,1,1,2,1,2,1,1,1,2,1,1,2,1,0,0,0,1,0,2
0,1,0,1,0,0,1,0,0,0,2,0,0,0,1,1,0,0,1,0,1,2,2,2,0,2,0,1,1,2
0,1,2,1,0,0,2,0,1,0,2,0,1,1,2,1,0,2,1,0,2,2,0,0,1,2,0,1,1,2
0,2,2,1,1,0,0,0,1,1,2,0,1,1,1,1,0,1,1,2,2,2,2,0,0,2,0,1,1,0
0,1,0,1,1,0,1,0,1,0,1,0,1,0,0,0,0,0,1,0,1,0,0,1,0,2,0,1,1,2
0,1,1,1,1,0,0,2,0,0,2,0,1,2,2,2,1,1,0,0,0,2,2,2,1,2,0,1,1,0
0,2,2,0,1,1,2,0,0,1,1,2,0,2,2,2,0,2,1,2,0,1,1,1,1,2,0,1,0,1
0,2,0,0,1,0,0,0,1,2,0,0,0,1,1,1,1,1,0,0,0,1,2,0,1,0,0,1,0,2
0,1,1,1,0,0,1,2,1,0,0,0,0,2,2,2,1,1,1,0,1,2,2,1,1,1,0,1,1,2
0,2,2,1,0,1,0,0,0,0,0,2,1,2,1,0,1,0,0,2,2,2,2,1,0,0,0,1,1,0
0,0,1,1,0,1,0,2,0,1,2,1,1,0,0,0,0,1,1,2,0,2,2,0,0,1,0,1,1,0
0,2,0,1,1,0,1,0,0,0,0,1,1,2,2,1,0,1,1,1,0,2,0,0,0,2,0,1,1,0
0,2,2,1,0,1,2,0,0,0,2,2,0,1,2,1,0,1,0,0,2,2,2,0,1,0,0,1,1,2
0,2,2,1,1,0,1,2,0,1,2,1,0,0,2,1,1,1,0,0,0,2,0,1,0,0,1,0,1,1
0,1,1,1,1,0,2,2,1,1,0,1,1,1,0,0,0,1,1,0,1,2,0,0,0,2,0,1,1,0
0,0,0,1,0,0,0,0,0,2,2,0,1,2,1,0,1,2,0,0,0,0,2,2,1,1,0,1,0,1
0,1,2,1,1,0,2,0,0,2,2,0,0,0,0,1,0,2,0,2,2,2,2,0,0,2,0,1,1,1
0,1,1,1,0,0,2,0,1,2,1,0,0,1,0,0,0,1,0,2,2,2,0,0,0,2,0,1,1,0
0,1,2,1,1,1,1,0,0,2,0,2,0,0,0,0,1,1,0,0,0,2,0,1,1,0,0,1,1,0
0,1,2,1,1,1,1,0,0,2,0,2,1,1,1,0,0,0,0,0,1,2,0,0,0,1,0,1,1,1
0,1,2,0,0,0,2,0,0,1,1,2,1,1,2,1,0,1,1,1,0,0,0,1,0,0,0,1,1,0
0,1,0,1,0,0,0,0,0,0,1,2,1,2,1,0,0,1,1,1,1,2,2,0,0,0,0,1,1,1
0,2,2,1,0,1,1,0,1,0,0,2,1,2,2,0,1,0,0,1,2,2,1,1,0,2,0,0,0,1
0,0,1,1,0,0,1,2,0,1,0,2,0,2,1,1,0,0,0,0,2,2,2,2,1,2,0,1,1,0
0,1,2,1,0,0,0,0,1,2,0,1,1,2,2,0,1,1,1,2,1,0,2,1,0,0,0,1,1,2
0,2,2,1,1,1,2,2,1,0,1,0,0,2,2,2,1,1,0,2,0,2,1,1,1,2,0,1,1,0
0,1,1,1,1,1,0,2,1,0,1,0,0,2,0,0,0,1,0,0,0,2,2,0,1,2,0,1,1,0
0,1,2,1,0,0,1,2,1,1,0,1,1,2,1,0,1,0,0,2,0,2,2,1,0,2,0,0,1,2
0,2,2,1,1,1,1,0,0,2,0,2,1,2,1,0,0,0,0,2,2,2,2,0,0,0,0,1,1,1
0,1,2,0,0,0,1,2,0,1,0,1,0,2,2,0,1,0,0,0,2,0,2,1,1,1,0,1,0,2
0,1,2,1,1,0,2,2,1,0,2,0,0,0,0,0,0,1,0,0,2,2,2,0,1,0,0,1,1,0
0,2,1,1,0,0,2,2,1,1,2,2,0,2,2,1,1,1,1,1,1,2,0,1,0,0,0,1,1,1
0,2,2,1,0,0,0,1,1,2,0,0,1,0,2,0,1,2,0,0,2,2,2,2,1,1,0,1,0,1
0,2,1,1,0,0,0,0,1,1,1,2,0,0,2,0,1,1,1,2,2,2,2,1,0,2,0,1,1,1
0,2,2,1,1,0,2,0,0,1,2,2,0,2,2,0,1,0,1,1,2,2,1,1,1,1,0,1,1,2
0,1,1,1,1,0,0,1,0,0,1,0,1,0,2,2,1,1,0,2,2,2,2,1,1,0,0,1,1,2
0,1,2,1,1,0,2,2,1,1,0,2,0,2,1,0,1,0,0,1,1,2,2,1,1,0,0,1,1,1
0,2,0,1,1,1,0,0,0,1,1,0,1,2,1,0,1,0,1,0,1,2,2,2,1,1,0,1,1,1
0,1,2,1,0,1,1,2,0,2,2,2,1,0,1,0,1,0,1,1,2,0,2,0,1,0,0,1,1,1
0,1,2,1,1,0,2,0,0,0,1,2,0,0,2,0,0,0,0,1,2,0,1,1,0,2,0,0,1,2
0,1,2,1,1,0,2,2,1,1,0,0,0,0,0,0,1,0,1,2,0,2,0,0,1,2,0,1,0,2
0,1,2,0,0,1,2,0,1,1,1,0,0,2,1,0,1,1,1,2,0,2,2,1,0,1,0,1,1,1
0,2,2,1,1,1,0,2,0,0,2,2,0,2,2,0,1,1,0,0,2,2,0,2,1,0,0,1,1,2
0,1,1,1,1,0,1,2,1,0,2,0,0,2,0,1,0,1,0,0,1,2,2,0,1,2,0,1,1,0
0,0,1,0,0,1,0,0,0,2,1,1,0,2,1,0,1,1,0,0,1,1,2,1,1,1,0,1,0,0
0,1,2,1,1,0,0,0,1,2,0,0,1,2,1,0,0,1,0,0,0,2,2,2,1,2,0,1,1,2
0,1,2,1,1,0,0,0,1,1,0,1,1,2,0,1,0,1,0,2,2,2,2,0,0,0,0,1,1,2
0,2,2,1,1,0,0,2,0,1,2,2,0,0,0,1,0,1,0,2,2,2,2,1,0,0,0,1,1,0
0,2,2,1,1,1,2,0,1,2,2,0,1,2,2,2,0,2,0,0,2,2,0,1,0,1,0,1,1,0
0,1,2,1,1,1,2,0,1,1,1,1,1,0,0,2,1,1,0,0,0,2,2,1,0,0,0,1,1,2
0,2,2,1,0,1,0,2,1,1,2,2,0,2,0,0,0,1,0,0,0,2,1,0,0,0,0,0,0,0
0,1,2,1,1,0,1,2,0,0,1,0,1,0,0,2,1,2,1,0,0,0,0,1,0,1,0,1,0,2
0,1,2,1,1,0,2,0,0,2,2,1,0,0,0,1,0,1,1,0,2,2,2,0,1,2,0,1,0,1
0,2,2,1,1,1,2,0,0,2,1,0,1,0,1,2,1,2,1,0,0,2,0,0,0,1,0,1,1,1
0,2,2,1,1,0,0,2,1,1,0,0,0,1,1,0,0,0,1,0,0,2,2,0,1,2,0,1,1,0
0,2,2,1,1,1,0,0,1,1,1,0,1,0,2,1,0,1,0,1,0,2,0,1,0,1,0,1,0,0
0,1,1,1,1,1,1,1,1,1,2,0,1,0,2,0,0,0,0,0,0,2,0,0,1,0,0,1,0,0
0,1,2,1,1,1,2,2,0,2,2,0,1,0,0,0,0,1,0,2,0,2,2,1,0,2,0,1,1,0
0,1,0,1,1,0,0,2,0,2,2,0,1,2,0,0,0,0,1,1,0,2,2,2,1,2,0,1,1,2
0,2,1,1,0,1,0,2,0,2,1,2,0,1,2,1,0,2,1,0,2,2,2,2,1,1,0,1,1,0
0,1,1,1,1,0,2,2,0,2,0,0,0,2,0,1,0,0,0,2,1,2,2,2,1,0,0,0,0,1
0,2,1,1,0,1,0,0,0,1,0,1,1,2,1,2,0,0,1,1,1,2,0,2,1,2,0,1,1,1
0,1,1,1,0,1,1,0,1,0,1,1,0,2,1,2,1,2,1,0,2,2,2,1,1,1,0,1,1,2
0,1,0,1,1,0,0,0,0,0,1,1,0,0,0,0,1,0,1,2,1,2,2,0,1,2,0,1,1,1
0,1,2,1,0,0,0,0,0,2,2,1,0,2,2,0,1,1,0,0,0,0,2,1,1,0,0,1,1,1
0,1,1,1,1,1,1,0,0,1,1,1,1,2,0,1,0,1,0,2,2,2,2,1,0,2,0,1,1,0
0,1,1,1,0,0,0,2,1,2,2,0,0,2,1,1,0,2,0,2,1,2,2,0,1,0,0,1,1,1
0,1,2,1,0,0,2,0,1,2,0,2,1,1,2,2,1,2,1,1,2,2,0,0,1,0,0,1,1,0
0,2,2,0,0,0,0,2,0,1,1,1,0,2,2,1,0,1,1,2,1,1,2,1,1,0,0,1,0,2
0,1,2,1,1,1,0,1,0,2,0,1,0,0,0,1,1,1,1,2,2,2,2,1,0,1,1,0,1,2
0,2,2,1,1,1,2,0,0,2,2,0,0,0,1,1,1,1,0,0,2,2,0,1,0,1,0,1,1,2
0,2,1,0,0,1,2,0,0,0,1,0,0,1,2,1,0,1,1,0,1,1,2,1,1,1,0,1,0,2
0,1,2,1,0,0,0,2,1,1,2,0,0,2,1,0,0,1,0,0,2,2,2,0,0,2,0,1,1,0
0,1,2,1,0,1,2,0,0,1,1,1,1,0,1,0,1,0,1,0,0,2,2,0,1,0,0,1,1,1
0,1,2,1,1,0,0,0,0,0,2,1,0,2,2,1,1,1,1,0,2,2,2,1,1,2,0,1,1,1
0,1,0,1,1,0,2,2,1,0,0,1,0,2,0,0,0,1,1,2,0,2,2,1,0,2,0,1,1,2
0,1,2,1,1,1,2,0,1,2,1,0,0,1,0,0,0,1,0,2,2,2,0,0,0,1,0,1,1,2
0,1,0,1,1,0,0,1,0,1,1,0,0,2,2,0,0,1,0,1,1,2,1,2,0,0,0,1,1,2
0,2,2,1,0,0,2,1,1,2,2,2,1,2,2,1,1,1,1,1,2,2,2,1,1,1,0,1,1,0
0,1,2,1,1,0,0,0,1,2,2,1,0,2,0,2,1,2,1,0,0,2,2,0,1,1,0,1,1,0
0,1,1,1,0,0,0,2,1,1,2,1,0,1,2,1,0,2,1,1,0,2,0,0,0,1,0,1,1,2
0,2,2,1,1,1,1,0,0,2,1,0,0,0,2,0,0,1,1,1,0,0,1,2,1,2,1,1,1,2
0,1,2,1,0,0,1,0,1,0,2,1,1,2,1,2,0,2,1,0,0,2,2,0,1,2,0,1,1,0
0,2,2,1,0,1,2,0,1,1,0,2,0,2,1,0,0,2,1,0,0,0,2,2,1,1,0,1,0,1
0,1,2,1,1,1,1,0,1,2,2,0,1,0,0,1,1,1,1,0,2,2,2,1,1,0,0,1,0,0
0,1,2,1,0,0,2,2,0,2,1,0,1,2,2,1,0,2,1,1,0,2,2,2,1,2,0,1,1,2
0,2,2,0,1,0,1,0,1,0,2,2,1,1,1,2,0,0,0,0,1,1,2,2,0,1,0,1,0,2
0,1,0,1,0,0,0,0,0,2,1,0,0,0,1,0,1,1,1,0,1,2,2,1,1,0,0,1,1,1
0,1,2,0,1,1,0,0,0,0,0,0,0,0,0,1,1,1,1,2,0,1,2,1,1,1,0,1,0,2
0,2,2,0,1,1,2,2,1,0,1,1,1,1,1,2,0,1,0,0,1,1,2,1,1,0,0,1,0,0
0,2,2,1,1,1,0,0,1,1,1,2,1,2,0,2,1,2,1,1,0,2,1,0,1,2,0,1,1,0
0,1,2,1,0,1,1,0,0,0,2,0,1,0,0,1,1,1,0,0,2,2,1,1,1,1,0,1,1,1
0,1,1,1,0,1,1,0,1,1,0,0,0,0,1,1,1,1,1,0,1,2,2,1,0,1,0,1,1,2
0,1,2,1,1,0,0,2,1,1,2,0,0,1,0,1,0,1,1,0,2,2,2,0,0,0,0,1,1,0
0,2,2,1,1,0,1,2,1,1,2,2,1,1,2,0,1,0,1,0,0,2,1,0,1,1,0,1,1,2
0,1,2,1,0,1,0,0,1,1,2,1,1,2,1,2,1,2,0,0,2,2,2,1,1,2,0,0,1,1
0,1,2,1,0,0,0,0,0,2,2,1,1,2,2,0,1,0,0,2,2,2,2,0,0,1,0,1,1,2
0,2,0,1,1,0,0,0,1,1,0,1,0,2,2,0,0,0,1,1,2,2,1,2,1,1,0,1,0,0
0,1,2,0,1,1,1,0,0,2,2,0,1,0,2,1,0,0,1,2,2,1,1,2,0,1,0,1,0,0
0,1,0,1,0,1,0,2,1,1,0,1,1,2,2,1,0,0,0,2,2,2,2,2,1,0,0,1,0,2
0,2,2,1,0,0,1,0,0,2,2,0,0,0,1,1,0,1,0,1,2,2,1,0,1,0,0,1,1,2
0,1,2,0,0,0,1,0,0,1,0,2,1,2,1,1,0,1,0,0,0,1,2,1,0,2,0,1,0,0
0,2,2,1,1,1,0,2,0,1,1,2,1,0,2,1,0,1,0,2,0,2,0,0,1,2,0,1,0,2
0,2,2,1,1,1,2,0,0,2,2,0,0,2,1,1,1,1,0,2,1,0,2,1,1,0,0,1,1,0
0,0,2,1,0,0,0,2,1,1,2,0,1,2,1,1,1,1,1,2,0,2,2,1,0,2,0,1,1,1
0,1,2,1,1,0,2,0,0,2,2,1,0,2,0,0,0,2,0,2,2,2,2,2,0,2,0,1,1,1
0,2,2,1,1,0,1,0,0,2,2,2,0,2,0,0,0,1,0,1,2,2,0,2,1,2,0,1,1,1
0,1,2,1,0,1,1,0,0,0,1,0,0,2,2,2,1,2,1,0,1,0,2,0,1,1,0,1,1,2
0,0,0,1,1,0,1,0,0,1,0,1,0,0,0,0,1,0,0,2,2,2,2,1,1,0,0,1,1,2
0,2,2,1,1,0,2,0,1,2,0,2,0,2,1,0,0,1,1,2,2,2,2,1,0,0,0,1,1,2
0,1,2,1,1,1,0,2,1,0,2,1,0,2,1,0,0,0,1,2,2,0,2,1,0,1,0,1,1,2
0,2,2,1,1,1,0,2,0,0,2,0,0,2,2,0,1,1,0,0,0,2,0,1,1,0,0,1,1,1
0,0,2,1,0,0,0,2,0,0,2,0,1,2,1,1,1,1,1,0,2,2,2,1,1,1,0,1,1,0
0,1,0,1,1,0,1,1,0,2,2,0,0,0,2,1,1,1,0,0,2,2,2,1,1,0,0,1,1,2
0,2,0,0,1,1,2,0,0,2,1,0,1,0,1,0,1,1,1,1,0,1,2,0,1,0,0,1,1,0
0,1,2,0,1,0,0,2,0,2,0,1,0,1,2,2,0,2,0,1,0,1,1,1,1,0,0,1,0,2
0,1,2,0,1,1,2,0,0,0,2,0,0,2,2,0,1,1,0,0,2,1,0,1,1,2,0,1,0,1
0,1,1,1,1,1,0,2,1,0,2,0,0,2,0,1,0,2,0,0,0,2,2,0,0,1,0,1,1,2
0,1,1,1,1,0,1,0,1,1,1,0,1,2,2,1,0,1,1,2,2,1,2,0,0,0,0,1,0,0
0,2,2,1,1,1,2,0,0,0,2,2,0,1,0,0,0,0,0,1,2,2,2,0,0,2,0,1,1,2
0,2,2,1,1,0,0,2,0,1,2,1,1,2,2,0,0,1,1,0,2,2,0,2,0,1,0,1,1,1
0,1,1,0,0,0,0,0,1,0,1,1,1,1,2,1,1,1,1,1,1,1,0,0,0,0,0,1,0,2
0,1,2,1,1,1,0,0,1,0,1,2,0,0,0,1,1,1,1,2,0,2,2,1,1,2,1,0,0,1
0,1,2,1,0,0,1,2,1,0,2,0,0,0,1,1,1,1,1,2,2,2,2,1,1,0,0,1,1,1
0,2,2,0,0,0,1,0,1,1,2,2,1,1,1,0,1,0,0,0,0,1,2,1,1,2,0,1,0,0
0,2,2,1,0,1,2,2,1,0,2,0,0,2,0,0,0,0,1,0,2,2,0,1,0,2,0,1,1,1
0,2,2,1,1,1,2,2,1,0,2,2,0,2,1,1,0,1,1,2,2,2,2,0,1,1,0,1,1,0
0,1,2,1,1,0,0,2,1,1,2,0,0,0,2,1,0,0,1,0,2,2,1,2,0,1,0,1,1,2
0,0,2,1,1,1,1,1,1,2,2,1,0,2,1,1,0,1,1,1,0,2,0,0,0,2,0,1,1,1
0,0,0,1,0,0,1,0,0,1,1,2,1,2,2,1,0,0,1,2,1,2,1,2,1,2,0,1,1,1
0,2,2,0,0,0,1,0,1,1,2,0,1,1,2,2,1,1,1,1,2,1,1,1,0,1,0,1,0,0
0,1,0,1,1,0,0,2,1,1,2,2,0,2,0,0,0,1,1,1,1,2,2,2,0,2,0,1,1,0
0,1,2,1,1,1,0,2,0,0,2,0,1,0,1,0,1,1,0,0,2,2,2,1,1,2,0,0,0,2
0,2,2,0,1,1,0,0,0,0,1,2,0,2,0,0,1,1,1,0,0,1,2,1,1,1,0,1,0,2
0,2,2,1,1,0,2,2,0,2,0,1,0,1,1,0,1,2,0,1,0,2,1,2,1,0,0,1,0,2
0,1,2,1,1,0,1,2,1,1,0,0,0,1,2,0,0,0,1,1,0,2,0,0,1,1,0,1,1,1
0,2,2,1,0,0,1,2,1,1,1,0,1,1,2,0,0,0,1,0,0,2,2,0,1,1,0,1,1,1
0,1,2,1,1,0,1,1,1,1,1,1,1,2,0,0,0,0,0,0,2,2,2,1,0,1,0,1,1,0
0,1,2,0,1,0,1,0,1,0,2,0,0,1,2,0,1,0,1,1,1,1,1,1,0,2,0,1,0,0
0,1,1,1,0,1,0,0,0,0,2,1,1,0,1,1,0,1,1,2,0,2,0,0,1,2,0,1,1,1
0,1,2,1,1,0,1,2,0,1,2,1,1,2,2,0,0,1,0,2,2,2,2,2,0,1,0,1,1,2
0,2,2,1,1,1,2,2,0,1,1,2,0,2,2,1,0,0,1,0,2,2,2,2,0,0,0,1,1,1
0,1,1,1,1,1,2,2,1,0,2,0,0,2,0,1,1,1,0,0,0,2,2,1,1,0,0,1,1,2
0,1,1,1,1,1,0,0,0,1,1,1,0,2,1,1,0,0,1,2,2,2,2,2,1,0,0,1,1,1
0,1,2,0,0,0,1,0,0,0,0,1,0,0,0,1,0,0,0,0,0,1,1,2,0,0,0,1,0,1
0,1,2,1,0,1,2,2,0,1,1,0,0,2,1,1,1,0,0,0,0,2,2,2,1,1,0,1,1,0
0,1,2,0,0,0,0,2,0,0,2,1,1,2,1,0,1,1,0,0,0,1,2,1,1,2,0,1,0,0
0,2,2,1,0,0,2,1,1,0,1,2,1,1,2,1,0,0,1,2,0,2,2,0,0,2,0,1,1,1
0,1,1,1,1,1,0,2,0,1,1,1,0,1,0,0,0,1,1,0,2,2,0,0,0,2,0,1,1,2
0,1,0,1,1,0,2,2,0,0,2,1,1,2,0,0,1,1,0,0,2,2,2,2,1,0,0,1,1,1
0,1,1,1,1,0,2,0,0,1,1,1,1,2,2,1,1,0,1,0,0,2,2,2,1,2,0,0,1,1
0,0,2,1,1,0,2,2,1,1,0,2,1,1,0,0,0,1,1,2,1,2,2,0,0,0,0,1,1,0
0,1,2,1,1,0,2,2,1,2,0,0,1,1,2,0,0,2,0,2,2,2,0,2,1,1,0,1,1,1
0,2,2,1,0,0,1,1,0,2,0,0,1,0,0,2,0,2,1,2,2,2,0,0,0,1,0,1,1,0
0,1,2,1,0,0,2,0,0,1,1,1,0,2,2,0,1,0,0,0,0,2,2,2,1,2,0,1,1,0
0,1,2,1,0,0,1,0,0,2,0,0,1,2,1,0,0,1,0,0,0,1,0,1,0,1,0,0,1,1
0,1,0,0,1,0,1,0,1,0,0,1,1,1,0,1,1,1,0,0,0,1,2,0,1,0,0,1,0,0
0,1,2,1,1,0,2,0,1,2,1,0,1,1,2,0,0,1,0,0,0,2,0,2,1,1,0,1,1,1
0,1,1,1,1,1,1,2,1,1,1,2,0,0,0,1,1,1,0,0,2,2,2,1,0,1,0,1,1,0
0,1,2,1,1,1,0,0,0,0,1,0,0,0,0,0,0,0,0,2,0,2,2,0,0,1,0,1,1,0
0,1,1,1,0,0,2,2,0,1,2,0,0,2,2,1,1,2,0,0,0,2,2,2,0,1,0,1,1,1
0,2,2,1,1,0,2,2,0,1,2,2,0,2,0,1,1,0,1,0,0,2,1,2,1,1,0,1,1,2
0,2,2,1,0,0,1,2,1,1,2,1,0,2,0,1,1,1,1,2,2,2,0,1,1,0,0,0,1,0
0,1,0,0,1,0,2,0,0,1,0,2,1,2,1,0,1,0,0,0,2,1,2,1,1,2,0,1,0,0
0,1,2,1,1,1,0,1,0,0,2,0,1,2,0,1,0,0,0,2,2,2,2,2,1,2,0,1,0,0
0,1,2,1,1,1,0,2,1,0,0,1,1,1,0,0,0,0,0,0,0,1,0,0,0,2,0,1,0,2
0,2,2,1,1,1,0,0,1,1,0,0,1,1,1,2,0,0,1,0,2,2,2,2,1,2,0,1,1,0
0,1,0,1,1,0,0,2,0,1,0,2,1,2,0,1,0,0,0,0,2,2,2,2,0,0,0,1,1,2
0,0,2,1,0,0,0,2,0,0,2,2,0,0,1,0,1,0,1,2,1,2,2,0,0,1,0,1,1,2
0,1,2,1,1,0,1,2,0,0,0,1,1,1,1,1,0,2,0,2,2,2,0,0,1,1,0,1,1,1
0,2,0,0,0,0,0,2,0,0,2,1,0,0,0,1,1,1,1,1,2,0,1,1,1,1,0,1,1,2
0,1,0,0,1,1,2,0,0,2,1,2,1,2,0,1,0,2,0,0,2,1,2,2,0,2,0,1,0,1
0,0,0,1,0,0,0,2,1,1,2,0,0,2,2,0,1,0,0,0,0,0,0,0,1,1,0,1,0,2
0,2,2,1,1,0,0,0,1,1,1,2,0,1,1,0,0,1,0,2,0,2,2,0,0,0,0,1,1,1
0,1,2,0,1,1,2,0,0,2,2,1,0,2,0,2,0,1,0,0,0,2,2,1,1,1,0,0,1,1
0,1,0,1,0,0,2,2,1,0,0,0,0,2,1,1,1,1,1,2,2,2,2,1,1,1,0,1,1,2
0,1,2,1,1,1,1,2,0,0,0,0,1,0,0,2,1,1,0,0,0,1,2,1,1,0,0,1,0,2
0,1,2,1,0,1,1,0,0,2,1,0,1,0,1,0,0,1,1,2,2,2,1,0,0,0,0,1,1,2
0,1,0,0,1,1,0,2,0,1,1,0,1,0,2,2,1,2,0,1,1,2,1,1,1,1,0,1,1,0
0,2,0,0,1,1,2,2,1,0,1,0,0,0,1,0,0,2,0,2,2,1,2,2,0,2,0,1,0,1
0,1,2,1,1,0,1,2,1,1,0,1,1,2,0,2,1,2,1,0,1,2,2,0,0,2,0,1,1,1
0,1,2,1,1,1,1,0,0,1,1,2,0,0,0,0,0,0,1,0,1,2,2,0,1,2,0,0,1,1
0,2,2,1,1,1,0,0,0,1,0,2,0,2,1,0,0,1,1,1,2,2,1,1,0,1,0,1,1,1
0,0,2,1,1,0,2,2,0,0,1,2,1,0,0,0,1,1,0,2,0,2,2,1,1,0,0,1,1,2
0,1,2,1,1,0,1,0,0,1,2,1,1,2,0,1,0,0,1,0,0,2,2,2,1,0,0,1,1,2
0,2,0,1,1,0,0,2,1,0,2,1,1,2,2,0,0,0,0,2,1,2,0,1,0,0,0,1,1,2
0,1,0,1,0,1,0,0,1,0,2,2,1,0,2,1,1,1,0,1,1,2,0,1,0,1,0,0,1,2
0,1,2,1,1,0,1,2,1,0,2,0,0,2,0,0,1,0,0,2,0,2,2,1,0,2,0,1,1,2
0,2,2,1,1,1,1,1,1,1,1,1,1,2,2,0,1,0,1,0,2,2,0,0,1,0,0,1,1,1
0,2,2,1,1,0,2,0,0,2,2,2,0,2,2,0,1,0,1,1,1,2,1,2,0,0,0,1,1,0
0,1,2,1,1,0,2,0,0,1,1,1,0,1,0,0,1,0,0,0,0,2,0,0,1,0,0,1,1,2
0,2,2,1,1,1,2,0,0,0,2,2,1,2,1,1,0,1,1,2,0,2,0,0,0,0,0,0,0,0
0,2,2,1,1,0,0,0,1,2,2,1,1,2,1,0,1,2,1,0,0,2,2,1,1,0,0,1,1,0
0,1,2,1,0,0,1,0,0,0,0,1,1,2,1,0,1,1,1,1,1,2,2,2,1,0,0,1,1,2
0,1,2,1,1,1,0,0,1,2,2,2,0,0,2,0,0,0,0,1,2,2,1,0,0,0,0,1,1,0
0,2,2,1,0,0,2,2,0,0,2,1,0,2,2,0,1,1,0,0,0,2,2,2,1,0,0,1,1,0
0,1,2,1,1,1,1,2,0,2,2,0,1,0,0,0,0,1,1,2,2,2,0,1,0,0,0,1,1,1
0,2,2,0,1,1,0,2,0,1,1,1,1,0,0,1,1,0,1,0,0,1,1,1,1,1,0,0,1,1
0,1,1,1,0,1,0,0,1,1,1,2,1,0,2,2,1,2,0,0,2,0,2,1,1,0,0,1,1,2
0,2,2,1,1,0,2,0,0,1,0,2,0,2,0,2,1,2,1,0,1,2,2,0,1,2,0,1,1,0
0,1,2,1,1,0,2,2,1,1,1,1,0,2,0,1,1,1,0,2,0,2,2,1,0,0,0,1,1,1
0,1,2,1,0,1,1,2,0,0,1,0,1,0,2,1,1,1,1,0,0,2,2,1,1,0,0,1,1,1
0,2,1,1,1,0,0,0,0,0,1,1,1,2,1,0,0,0,0,2,0,2,2,1,0,1,0,1,1,0
0,2,2,1,0,0,1,2,1,2,0,1,1,1,2,1,0,2,1,0,0,2,2,0,1,2,0,1,1,2
0,2,2,1,0,0,2,1,0,2,1,0,1,0,1,0,0,1,1,2,0,2,2,1,0,2,0,1,1,0
0,1,2,1,0,0,2,0,0,1,1,2,0,1,2,0,1,0,1,0,0,2,0,0,1,1,0,1,1,1
0,1,2,0,0,1,2,0,0,2,1,1,0,2,0,0,1,2,1,1,2,0,2,1,1,0,0,1,1,0
0,2,1,1,0,0,1,2,1,0,2,1,0,0,0,1,1,1,1,0,0,2,0,1,1,1,1,1,1,0
0,1,0,1,0,0,1,0,0,2,0,1,0,1,1,1,1,1,1,0,0,2,2,1,1,0,0,1,1,2
0,1,2,0,1,1,1,2,0,2,0,1,1,1,0,0,1,0,0,0,0,1,0,1,0,2,0,1,0,2
0,2,2,1,1,1,0,0,1,1,2,1,0,0,1,0,1,0,0,0,2,0,2,1,1,2,0,1,1,0
0,1,2,1,1,0,0,0,1,2,2,1,0,2,0,0,0,0,0,1,2,2,2,1,0,1,0,1,1,1
0,1,2,1,1,1,1,0,0,2,0,1,1,2,1,0,1,1,0,0,2,2,2,1,1,1,0,1,1,2
0,2,2,1,1,0,0,2,0,1,0,1,1,1,1,1,0,1,0,2,0,2,2,1,0,2,0,1,1,0
0,2,2,0,0,1,1,2,1,1,1,1,0,2,2,0,1,0,1,0,0,1,0,0,1,2,1,0,0,1
0,1,2,1,1,1,2,2,0,0,2,0,1,0,1,1,1,1,0,2,0,2,2,1,1,1,0,1,1,2
0,1,2,1,0,0,2,2,0,0,2,1,1,2,2,0,1,2,0,2,2,2,2,1,0,0,0,1,0,0
0,2,2,1,1,0,2,0,0,2,2,2,0,2,2,1,0,2,1,2,2,2,0,0,1,2,0,1,1,2
0,2,2,1,0,0,1,0,0,1,2,2,1,2,2,1,1,0,1,0,2,2,2,2,1,1,0,1,1,0
0,0,0,1,0,0,2,0,0,1,0,0,1,2,1,1,0,1,1,0,0,2,2,0,0,1,0,0,1,2
0,1,2,1,0,0,1,2,1,2,2,2,0,1,2,2,1,2,1,0,0,2,2,0,1,2,0,0,1,0
0,2,2,1,0,1,0,0,0,2,2,2,1,2,1,0,1,0,1,1,0,2,1,1,0,2,0,0,1,2
0,2,2,1,1,1,2,0,0,2,1,2,0,2,1,0,1,1,1,2,0,2,2,1,0,1,0,1,1,1
0,2,2,0,0,1,2,0,0,1,1,2,1,2,2,0,1,0,0,1,0,1,1,1,1,0,0,0,0,2
0,1,2,1,1,1,1,0,0,1,1,2,0,1,0,1,0,1,1,2,0,2,0,0,0,1,0,1,1,0
0,0,2,1,1,1,1,2,0,2,0,0,1,0,0,2,1,2,0,0,0,2,1,1,0,0,0,1,1,1
0,1,1,1,1,1,1,2,1,0,1,0,0,0,2,1,1,1,0,2,1,1,1,1,0,1,0,1,0,2
0,1,1,1,1,0,1,0,0,0,0,1,1,2,0,0,1,0,0,2,1,2,2,1,0,0,0,1,1,1
0,1,1,1,1,1,1,0,0,1,1,1,1,2,0,1,0,1,0,2,2,2,2,0,0,2,0,1,1,1
0,1,2,0,0,1,1,2,1,0,1,0,1,2,2,0,1,1,0,0,1,1,0,1,1,0,0,1,0,0
0,1,0,1,1,0,1,0,1,1,0,2,1,2,1,1,0,0,1,2,2,2,2,2,1,2,0,1,0,0
0,1,2,1,0,0,2,2,1,0,0,0,0,1,1,1,1,1,1,2,2,2,0,1,1,2,0,0,0,2
0,1,2,1,1,0,0,2,1,1,1,0,0,2,2,1,0,1,0,0,2,2,2,1,0,2,0,1,1,2
0,2,1,1,1,1,1,0,0,2,0,2,0,0,2,1,1,1,1,1,1,2,0,0,1,0,1,0,1,0
0,2,2,1,0,0,1,0,0,0,2,2,1,2,0,1,0,2,0,1,1,2,1,2,0,2,0,1,1,1
0,1,1,1,0,1,1,0,0,2,1,2,0,2,1,0,1,1,0,0,0,2,2,2,1,1,0,1,1,1
0,1,2,0,1,0,1,2,0,0,1,1,0,2,0,1,1,1,1,0,0,1,2,1,1,1,0,1,0,1
0,1,2,1,1,0,1,2,1,1,0,1,1,1,0,1,0,1,1,0,2,2,2,0,0,0,0,0,1,2
0,1,2,1,1,1,1,0,1,1,2,0,1,2,1,1,0,1,1,0,1,2,2,1,0,0,0,1,1,0
0,1,2,1,0,0,2,0,1,0,2,1,1,2,2,2,1,1,0,0,0,0,2,1,1,0,0,1,0,1
0,2,0,1,0,1,0,0,0,1,2,1,1,0,2,1,0,1,1,2,1,2,2,1,1,1,0,1,1,0
0,0,2,1,1,1,0,2,1,1,0,2,0,1,2,1,0,1,1,2,0,2,2,0,0,0,0,1,1,2
0,2,2,1,0,0,0,2,1,0,2,2,0,0,0,0,0,0,0,0,0,0,0,0,0,1,0,1,1,2
0,2,2,0,1,0,2,2,0,1,1,2,1,2,2,0,1,2,1,1,1,1,1,1,0,0,0,1,0,0
0,1,0,1,0,1,2,0,1,2,2,0,0,1,2,0,0,1,0,0,1,2,0,2,1,1,0,0,1,1
0,1,1,1,0,0,2,0,1,2,0,0,1,0,2,1,0,1,1,2,1,2,2,0,0,1,0,1,1,2
0,1,2,1,1,0,1,2,0,1,2,1,0,2,0,0,0,1,1,2,0,0,2,1,0,1,0,1,0,0
0,2,2,1,0,1,0,2,1,1,1,1,0,1,2,0,0,1,1,2,0,2,2,0,0,2,0,1,0,0
0,2,2,1,1,1,0,1,0,1,2,2,0,2,2,1,0,0,1,0,2,1,1,2,1,2,0,1,0,2
0,1,2,1,1,0,1,0,0,1,2,1,1,2,0,1,0,1,0,2,2,2,2,0,0,1,0,1,1,2
0,1,2,1,0,0,1,2,0,0,0,2,0,0,1,1,1,1,1,0,0,2,2,1,1,2,0,1,1,2
0,1,2,0,1,0,0,0,1,1,1,2,1,1,2,0,0,0,0,0,1,1,1,1,1,1,0,1,1,2
0,0,0,1,0,1,2,0,0,1,1,0,0,2,1,0,1,0,1,0,1,2,2,0,1,1,0,1,0,1
0,1,1,1,1,0,0,1,0,2,0,1,0,1,0,0,0,0,1,2,1,2,0,0,1,2,0,1,1,1
0,2,2,1,1,1,0,0,0,1,0,2,0,1,1,0,1,0,1,0,2,2,2,0,1,1,0,1,0,0
0,1,1,1,1,0,0,2,0,2,2,2,1,1,0,1,1,2,0,1,0,2,0,0,0,2,0,1,1,0
0,1,2,1,1,0,2,0,1,2,2,1,1,2,0,1,0,1,0,2,2,2,2,0,0,1,0,1,1,0
0,1,2,1,0,0,2,0,1,1,2,2,0,0,1,0,1,0,0,0,2,2,2,1,1,1,1,0,0,2
0,1,0,1,1,1,1,0,1,1,2,2,1,2,0,1,0,1,0,2,0,2,2,1,0,1,0,1,1,0
0,1,2,1,0,0,0,0,0,1,2,1,0,2,2,0,0,1,1,2,2,2,2,1,0,1,0,1,1,0
0,1,2,1,1,0,1,0,1,0,1,2,0,1,0,0,1,0,1,0,0,2,0,0,1,0,0,1,1,1
0,2,2,1,1,0,0,0,0,2,2,1,0,0,1,1,0,1,1,2,0,2,2,0,0,2,0,1,1,0
0,1,2,1,0,1,0,0,1,1,2,2,1,1,2,1,0,0,0,2,2,0,0,2,1,1,0,1,1,2
0,0,2,1,0,0,2,0,0,2,0,2,0,2,2,1,1,1,1,2,2,2,0,1,0,0,0,1,1,1
0,1,2,0,1,1,0,0,1,0,0,1,1,2,0,1,0,1,1,2,0,1,2,1,1,0,0,1,0,0
0,1,2,0,1,0,1,0,1,0,0,2,1,0,0,1,0,1,1,2,1,0,2,1,1,1,0,1,0,2
0,2,2,1,1,0,0,1,0,2,0,0,1,0,0,0,0,0,0,2,0,2,2,0,0,1,0,1,1,0
0,2,1,0,1,1,0,2,1,1,0,1,1,0,2,1,0,0,1,0,2,1,1,2,0,0,0,1,0,2
0,1,2,1,0,0,0,1,1,2,1,0,1,2,0,1,1,1,1,0,0,2,1,1,1,2,0,1,1,2
0,1,2,1,1,1,0,0,1,2,2,0,1,2,0,0,0,2,0,2,0,2,2,1,0,1,0,1,1,1
0,2,2,1,0,0,2,2,1,0,0,0,0,2,1,0,1,1,1,1,0,2,0,1,1,1,0,1,1,2
0,0,2,1,0,0,2,0,0,1,0,2,0,2,2,1,0,1,1,2,2,2,2,0,0,2,0,0,1,2
0,1,2,1,1,0,1,2,0,0,1,1,0,2,0,0,0,0,0,0,0,2,2,1,0,0,0,1,1,0
0,1,2,1,1,0,2,0,0,1,2,1,0,2,0,0,1,0,1,0,2,2,2,0,1,0,0,1,1,2
0,2,0,1,1,1,0,1,1,1,1,2,0,2,2,0,1,1,1,2,1,2,0,1,0,0,0,1,1,2
0,1,2,1,1,1,2,0,1,0,0,1,1,2,0,0,0,1,1,0,1,2,2,2,1,0,0,0,0,2
0,1,2,1,1,1,1,2,1,1,2,1,0,2,0,0,1,0,0,2,0,2,2,1,1,1,0,1,1,2
0,2,2,1,0,0,1,2,1,1,2,2,1,2,2,0,1,1,0,1,2,2,1,1,0,2,0,1,1,0
0,1,0,1,1,0,1,2,1,0,0,0,0,2,0,1,1,1,1,2,2,2,2,1,1,1,0,1,1,2
0,2,2,1,0,1,0,2,1,1,1,2,0,1,2,1,0,2,1,2,0,1,2,0,0,0,0,1,0,1
0,2,2,1,1,1,0,0,1,1,1,2,0,1,1,0,0,0,1,0,2,2,2,2,1,0,0,1,1,1
0,1,1,0,1,1,2,0,1,0,1,0,1,0,2,1,0,0,0,1,0,1,1,2,0,0,0,0,0,2
0,1,2,1,0,0,1,1,0,0,0,0,0,2,1,0,0,1,1,2,0,2,2,1,0,2,0,1,1,2
0,2,0,1,0,0,2,0,1,1,2,0,1,2,2,1,1,1,0,2,1,2,0,1,0,1,0,1,0,1
0,2,2,1,1,1,2,0,0,2,1,0,0,0,2,2,1,2,1,0,2,2,0,0,0,0,0,1,0,1
0,0,2,1,1,1,1,2,0,0,1,2,1,0,2,1,1,1,1,2,0,2,2,1,1,2,0,0,1,0
0,1,2,0,1,0,1,0,1,0,0,0,1,2,2,1,0,1,1,2,0,1,2,1,1,0,0,1,0,2
0,1,0,1,1,1,1,0,0,1,1,2,0,2,0,0,0,1,0,2,1,2,2,2,0,1,0,1,1,0
0,2,2,1,1,1,1,2,0,2,1,2,1,0,2,0,0,0,0,1,0,2,1,1,0,0,0,1,1,2
0,1,2,1,1,0,1,0,0,0,1,1,1,2,0,0,1,1,0,0,0,2,2,1,1,2,0,1,1,0
0,1,1,1,1,1,0,0,0,1,1,2,0,2,2,0,0,1,1,2,1,2,2,1,0,0,0,1,1,1
0,2,2,1,0,1,0,0,1,1,1,2,0,1,1,1,0,2,1,2,0,2,2,0,1,1,0,1,1,2
0,1,2,1,1,1,1,0,0,0,2,1,1,2,1,0,1,0,1,2,2,2,2,2,0,2,0,1,1,1
0,2,2,1,0,1,0,0,1,1,1,1,0,0,1,0,1,0,0,1,0,2,1,1,1,2,0,1,1,1
0,2,2,1,1,0,1,0,0,0,1,2,1,1,1,0,0,0,1,2,0,2,2,0,0,0,0,1,1,1
0,1,2,1,1,0,0,2,0,0,0,1,0,2,1,1,0,1,0,2,0,0,2,1,0,1,0,1,0,2
0,0,1,1,0,0,0,0,0,2,0,2,0,2,1,0,0,0,0,2,1,2,2,0,0,2,0,0,1,0
0,2,2,1,0,0,0,2,1,1,0,2,1,1,1,0,0,0,1,0,2,2,2,0,1,2,0,1,1,1
0,1,2,1,1,0,1,0,1,1,1,0,1,1,2,1,0,1,1,0,0,2,0,0,0,2,0,1,1,2
0,1,2,1,0,1,1,0,1,2,2,2,0,1,1,1,0,1,0,0,0,2,2,0,1,1,1,0,1,0
0,1,2,1,1,0,0,0,1,2,1,2,1,1,2,0,1,0,1,0,2,2,0,1,0,0,0,1,1,1
0,1,2,1,0,1,0,2,0,2,2,1,0,2,2,1,1,0,0,2,2,0,2,2,1,2,0,1,1,0
0,1,0,0,1,0,2,2,0,1,0,1,0,2,0,1,1,1,0,2,0,1,2,1,0,1,0,1,0,0
0,1,0,1,1,1,2,0,1,0,1,2,0,2,0,0,1,0,1,1,1,2,2,1,0,1,0,1,1,1
0,1,2,1,1,0,1,2,0,1,2,1,0,0,0,0,0,0,0,0,0,2,2,2,1,0,1,0,1,2
0,1,0,1,1,0,1,2,1,1,0,2,0,1,0,1,0,1,1,1,2,2,0,0,0,2,0,1,1,0
0,0,2,1,1,0,2,0,1,2,0,2,0,2,2,0,0,0,0,0,0,2,0,2,0,2,1,0,0,2
0,2,0,1,1,1,2,0,1,0,2,0,0,0,2,1,0,1,1,2,1,2,1,0,0,1,0,1,0,1
0,0,2,1,1,0,1,0,0,2,1,1,0,0,0,0,0,2,0,1,0,2,1,1,0,2,0,1,1,0
0,2,2,1,1,1,2,0,0,2,0,2,0,2,1,1,0,0,1,2,2,2,2,2,0,2,0,1,1,0
0,1,1,1,1,1,0,0,0,0,2,1,1,2,2,0,0,1,0,0,0,2,2,2,1,1,0,1,1,0
0,2,2,1,0,1,0,0,0,1,2,2,1,2,2,1,0,0,1,1,1,2,0,2,1,1,0,1,1,0
0,1,1,1,1,0,2,0,0,2,2,0,0,0,2,1,0,1,1,1,0,2,1,1,0,1,0,1,1,1
0,1,2,1,1,1,1,0,1,0,2,1,1,0,0,1,1,0,0,0,2,2,2,1,0,1,0,1,1,1
0,2,2,1,0,1,2,0,0,1,1,1,0,2,0,2,1,1,1,1,0,2,1,1,0,1,0,1,1,2
0,2,2,1,1,1,0,0,0,2,0,0,1,1,1,0,0,0,0,2,0,1,2,0,0,1,0,1,0,0
0,2,2,1,1,0,0,2,1,0,2,2,1,1,2,0,0,2,1,2,2,2,2,0,0,0,0,1,1,0
0,1,2,1,1,1,1,0,0,2,0,1,0,2,0,0,0,2,0,1,0,2,2,2,0,2,0,1,1,0
0,1,2,0,1,0,2,0,1,1,2,1,1,2,2,0,1,0,0,0,2,1,0,1,1,1,0,1,0,1
0,2,2,1,1,0,1,2,1,1,2,0,1,2,2,1,0,0,1,2,2,2,0,2,1,0,0,1,0,0
0,1,1,1,1,0,1,2,1,0,2,2,0,1,0,1,1,1,0,2,0,2,0,1,1,1,0,0,1,1
0,1,1,1,1,0,2,2,1,0,2,0,0,2,0,1,1,1,1,2,0,2,2,1,1,1,0,1,1,0
0,1,2,1,0,0,2,0,1,1,2,0,0,2,0,1,1,0,1,1,2,2,1,2,1,2,0,1,0,2
0,2,0,1,0,1,1,0,0,2,2,0,0,0,2,1,0,2,1,2,1,2,2,0,1,0,0,0,1,0
0,2,2,1,0,0,1,2,1,1,1,1,1,1,1,0,0,0,0,1,0,2,2,0,0,0,0,1,1,0
0,1,2,1,0,1,0,0,0,1,2,1,0,2,2,1,0,0,1,0,0,0,2,2,1,1,0,1,0,2
0,2,2,1,1,1,0,2,1,1,1,2,0,1,1,0,1,0,1,1,0,2,2,0,1,1,0,1,1,1
0,1,2,1,1,0,1,2,0,1,2,0,0,2,1,1,1,1,1,0,0,1,2,1,1,2,0,1,0,0
0,2,2,1,1,1,2,0,1,2,2,2,0,2,1,0,1,0,1,1,2,2,2,1,0,1,0,1,1,0
0,2,2,0,1,0,2,2,0,2,2,2,0,1,1,0,0,0,0,2,1,1,2,1,0,1,0,0,1,2
0,2,0,1,1,0,0,0,1,1,0,2,0,1,1,1,1,0,1,0,0,2,2,2,1,0,0,1,1,1
0,2,2,1,0,1,0,0,1,1,0,2,1,2,2,1,1,1,0,0,1,0,0,1,0,0,0,1,0,1
0,1,2,1,1,1,0,0,1,0,2,1,1,0,2,1,0,1,0,0,0,2,1,1,0,0,0,1,1,2
0,0,2,1,1,0,2,0,0,0,1,2,1,2,1,0,1,1,0,1,2,0,2,2,0,0,0,1,1,2
0,2,2,0,1,1,2,2,0,0,1,2,0,2,1,1,0,1,1,0,0,1,2,1,1,1,0,1,0,1
0,1,0,1,1,1,1,0,1,2,2,0,0,2,0,0,0,0,0,1,2,0,2,0,0,2,0,1,1,2
0,0,2,1,1,1,0,0,1,1,2,1,0,1,2,1,0,0,1,2,0,2,0,2,1,2,0,1,1,1
0,2,2,1,1,1,0,1,0,1,0,0,0,0,1,0,1,0,0,1,1,2,2,1,1,1,0,1,1,1
0,0,0,1,1,0,0,0,1,1,0,2,0,2,1,1,0,1,1,0,1,2,2,0,0,2,0,1,1,2
0,2,1,1,0,0,1,0,1,2,2,1,1,1,0,2,0,2,0,2,0,2,1,1,0,1,1,0,1,1
0,2,2,1,1,0,1,2,0,0,2,2,0,0,2,0,1,1,0,0,1,2,1,1,1,0,0,1,1,2
0,2,2,1,1,0,1,0,1,1,2,2,0,2,2,0,0,1,0,1,2,2,1,0,0,1,0,1,1,0
0,1,0,1,1,1,0,0,1,0,2,2,1,2,1,1,0,1,1,2,1,2,0,0,1,2,0,1,1,1
0,2,2,1,0,0,0,2,0,0,2,0,1,2,2,0,1,1,1,0,2,2,2,2,1,0,0,0,1,0
0,2,0,1,1,1,2,1,1,2,0,2,0,0,1,0,0,1,0,2,2,2,2,0,0,1,0,1,1,2
0,2,2,1,0,0,1,0,1,2,2,2,1,2,2,2,0,1,1,0,2,2,0,1,0,2,0,1,1,1
0,2,0,1,0,1,1,2,0,0,1,1,1,0,2,0,0,0,1,0,0,2,0,1,0,0,0,1,1,0
0,1,0,1,0,1,1,0,0,2,1,0,1,2,1,2,1,1,1,0,1,0,2,1,1,1,0,1,0,0
0,1,2,1,1,0,1,2,1,1,0,0,0,1,0,1,1,1,1,2,2,2,0,1,1,0,0,1,1,0
0,1,2,1,0,1,0,0,1,0,1,2,1,1,0,0,0,0,0,1,0,2,1,1,0,0,0,1,1,2
0,2,1,1,1,0,2,0,0,1,0,0,0,2,0,0,0,0,1,0,1,2,0,2,1,2,0,1,1,2
0,2,2,0,1,0,1,0,0,0,0,2,0,2,0,1,0,1,1,0,2,2,2,1,1,0,0,0,1,2
0,1,0,1,0,1,2,0,1,2,0,0,0,0,0,0,0,2,1,1,0,2,1,1,0,1,0,1,1,2
0,1,2,0,1,0,1,0,1,0,2,0,1,1,2,1,0,1,0,2,2,1,1,0,0,2,0,1,0,0
0,2,2,1,0,0,0,0,0,1,1,1,1,2,2,1,0,1,1,0,0,2,0,0,0,1,0,1,1,2
0,1,2,0,0,1,1,2,0,1,1,0,0,2,2,1,1,1,0,2,1,1,2,1,0,1,0,1,0,0
0,2,2,0,1,0,1,2,1,1,2,1,0,0,1,0,1,0,0,2,1,1,2,1,1,0,0,0,1,2
0,1,2,1,1,0,0,2,1,1,0,0,1,1,0,1,0,1,1,0,2,2,0,0,0,1,0,1,0,2
0,2,2,1,1,1,0,0,0,1,2,2,1,2,1,1,0,1,1,2,2,2,2,1,0,1,0,1,1,0
0,1,1,1,1,0,0,2,0,1,0,1,0,0,2,0,0,1,1,2,1,0,0,1,0,2,0,1,0,2
0,1,1,0,0,1,0,2,1,0,1,1,1,1,0,0,0,1,0,1,1,0,1,0,1,1,0,1,1,1
0,2,2,1,1,1,2,0,0,2,2,0,0,0,0,1,1,1,1,2,2,2,2,1,0,0,0,1,1,0
0,1,1,1,0,0,2,0,1,2,0,1,1,2,2,2,1,2,1,0,1,0,2,1,0,1,0,1,0,1
0,2,1,0,0,1,2,0,0,0,1,1,0,2,1,1,0,1,1,2,2,1,1,1,1,0,0,1,1,2
0,1,2,1,1,0,2,0,0,2,1,1,1,2,0,0,0,2,1,2,0,2,2,2,1,2,0,1,1,2
0,2,2,1,0,1,2,0,0,1,1,2,0,2,1,0,1,2,1,0,0,2,0,1,0,2,0,0,1,2
0,2,2,1,1,1,2,0,1,0,1,2,0,2,2,0,0,0,0,0,2,2,0,1,0,1,0,1,1,1
0,1,0,1,0,0,2,0,1,1,1,0,1,1,1,1,1,1,0,2,1,2,2,1,0,1,0,1,1,0
0,1,1,1,0,1,1,2,1,0,1,0,0,2,1,0,1,0,1,2,1,0,2,1,0,1,0,1,0,1
0,1,2,1,1,1,1,0,0,2,2,1,1,2,0,0,0,1,1,2,2,2,2,2,1,2,0,1,1,1
0,2,2,1,0,0,2,0,0,1,2,0,1,1,2,1,0,1,1,0,0,2,2,0,0,1,0,0,1,0
0,1,2,1,0,1,0,0,0,1,1,2,1,1,2,1,0,2,0,1,0,2,0,0,0,2,0,0,1,2
0,1,2,0,1,1,1,0,1,1,1,0,1,2,0,1,0,1,1,0,0,1,2,1,1,0,0,1,0,1
0,1,2,1,1,0,1,0,1,0,1,1,0,1,2,1,0,1,0,1,0,2,0,1,0,2,0,0,0,2
0,1,0,0,1,1,1,0,1,2,1,2,0,2,1,0,1,1,1,2,1,1,2,1,0,1,0,1,0,0
0,1,2,1,0,1,1,2,0,0,1,2,0,0,1,2,1,1,0,0,0,0,2,1,1,2,0,1,1,1
0,1,2,0,1,1,0,2,0,0,1,1,0,2,1,1,0,1,1,0,1,2,2,1,1,0,0,1,0,0
0,1,2,1,1,1,0,0,1,2,1,1,0,2,1,0,0,0,1,1,1,0,2,1,0,0,0,1,0,1
0,2,1,1,1,0,2,0,1,0,0,2,1,0,1,1,1,1,0,0,1,2,2,1,0,1,0,1,1,0
0,2,2,1,1,1,1,0,0,2,2,2,0,2,0,1,1,1,0,1,2,2,1,1,0,1,0,0,1,1
0,1,2,1,1,1,1,0,0,2,1,0,1,2,0,0,0,0,0,2,2,2,2,1,0,2,0,1,1,0
0,1,2,1,1,0,2,2,0,1,2,0,1,1,2,0,1,0,0,0,2,2,0,0,1,0,0,1,1,0
0,1,2,1,1,0,1,0,1,0,0,0,1,2,0,1,1,1,1,0,2,2,2,1,1,2,0,0,1,2
0,2,2,1,1,0,2,0,0,2,2,2,0,2,0,2,1,2,0,0,2,2,0,1,0,0,0,1,1,0
0,1,2,1,1,0,0,0,0,1,1,2,1,0,1,2,0,1,1,0,0,2,2,1,0,2,0,0,0,1
0,1,2,1,0,0,1,0,1,1,1,0,0,2,2,0,0,1,1,0,2,2,0,1,0,2,0,1,1,2
0,1,1,1,1,0,2,2,1,0,1,0,1,2,2,0,1,1,0,0,0,2,2,1,1,1,0,1,1,1
0,1,2,0,1,1,0,2,0,1,1,1,1,2,0,1,0,1,1,2,0,2,2,1,0,0,0,1,1,2
0,2,2,0,0,1,0,0,0,1,0,2,1,2,2,1,0,0,0,0,0,1,0,2,0,2,0,1,0,2
0,2,2,1,1,1,0,2,1,1,0,1,1,1,1,0,0,1,1,1,0,2,2,0,0,2,0,1,1,2
0,1,0,1,0,1,1,2,0,1,0,1,0,1,2,1,1,1,1,2,0,2,0,1,1,0,0,0,0,1
0,1,2,1,1,0,1,2,1,1,2,0,1,2,0,0,0,0,1,1,2,2,2,1,0,2,0,1,1,2
0,0,0,1,1,1,0,0,0,1,0,1,1,2,1,1,0,0,0,1,0,2,1,2,1,1,0,1,1,0
0,1,2,1,0,0,2,2,0,0,2,1,1,2,2,0,0,0,1,1,1,1,2,1,0,1,0,1,0,2
0,1,2,1,1,0,0,0,1,2,1,2,1,1,2,1,1,1,0,2,0,2,0,1,1,0,0,1,1,2
0,2,1,0,0,0,0,0,1,0,1,1,1,2,0,1,1,1,1,1,2,1,0,1,1,0,0,1,0,0
0,2,2,1,1,0,0,2,1,1,2,2,0,2,1,0,0,1,0,1,0,2,2,1,0,1,0,1,1,0
0,2,2,0,0,1,1,2,1,0,1,1,0,2,2,0,1,1,1,0,2,0,2,2,1,0,1,0,0,1
0,1,2,1,1,0,1,0,0,0,0,0,0,2,0,1,0,0,0,2,0,2,2,2,0,0,0,0,1,0
0,2,1,0,0,1,0,0,1,1,1,1,0,2,0,0,1,0,0,1,0,1,1,1,1,1,0,1,0,2
0,2,2,1,0,0,1,0,0,2,0,0,1,0,2,1,0,2,1,0,2,2,2,0,1,2,0,1,1,0
0,1,0,1,1,0,1,2,0,0,2,0,0,1,2,1,0,2,1,1,0,2,0,2,1,1,0,1,1,2
0,1,2,1,1,1,0,0,0,0,0,0,1,2,0,0,0,0,1,2,0,2,2,1,0,2,0,1,1,0
0,2,1,1,0,0,1,0,1,2,0,1,1,1,2,1,0,1,0,0,1,2,2,0,1,2,0,1,1,2
0,1,1,1,1,0,2,0,1,2,1,1,1,2,0,1,0,1,0,2,2,2,2,0,1,1,0,1,1,1
0,1,2,0,1,1,1,0,1,2,0,1,1,2,0,1,1,1,1,0,2,1,2,1,1,1,0,1,1,2
0,1,0,1,1,1,1,1,0,1,1,0,0,0,0,0,0,0,0,1,0,2,2,1,0,1,0,1,1,0
0,1,2,1,1,0,0,0,0,2,2,0,0,2,2,0,1,1,1,2,2,2,2,1,0,2,0,1,1,1
0,1,2,1,0,0,1,2,1,1,0,1,0,1,2,1,0,1,1,1,2,2,0,0,0,1,0,1,1,2
0,2,1,1,1,1,1,1,0,2,1,1,0,2,1,0,1,1,1,0,2,1,2,2,1,0,0,1,0,1
0,1,2,1,1,0,0,0,0,2,2,2,1,0,2,1,0,1,1,0,2,2,2,0,1,0,0,1,1,1
0,2,2,1,0,0,1,2,0,0,2,2,1,1,0,0,0,0,1,2,2,2,2,1,0,1,0,1,1,0
0,1,1,1,1,0,1,0,1,1,1,2,0,0,0,0,0,1,1,2,1,2,2,1,0,1,0,1,1,1
0,1,2,0,1,0,1,0,0,1,0,2,1,0,0,1,1,0,0,2,0,1,0,2,1,0,0,1,0,2
0,1,2,1,1,0,1,2,0,0,2,0,0,2,2,0,0,2,0,1,0,2,1,2,0,1,0,0,1,2
0,1,1,1,1,1,1,2,0,1,0,0,1,2,2,1,0,0,1,2,1,2,2,2,0,1,0,1,1,1
0,1,0,1,1,1,0,0,0,0,2,0,1,0,0,0,0,1,0,0,1,2,2,0,1,1,0,0,1,2
0,2,0,1,0,1,0,0,1,1,1,2,0,0,1,0,1,1,1,1,0,2,2,1,1,0,0,1,1,1
0,2,2,1,0,0,2,2,1,1,2,2,1,0,1,2,1,1,1,0,0,2,2,1,1,1,0,1,1,0
0,1,1,1,0,0,1,0,0,0,1,1,0,1,2,1,1,1,0,0,0,2,0,1,0,1,0,1,1,2
0,1,2,1,0,1,0,0,1,0,2,2,1,0,2,1,1,1,1,2,2,2,2,1,0,1,0,0,1,0
0,1,2,1,1,0,2,0,1,0,1,1,1,1,2,1,0,1,1,1,0,2,0,0,0,1,0,1,1,0
0,1,2,1,0,1,0,2,1,0,1,0,0,0,1,0,1,1,1,1,0,2,2,1,0,2,1,0,1,1
0,1,2,1,1,0,2,2,0,0,2,0,0,0,0,0,0,0,0,0,2,2,0,1,0,0,0,1,1,1
0,2,2,1,1,0,0,0,0,1,2,2,1,2,2,1,0,0,1,2,2,2,0,2,1,2,0,1,1,1
0,2,2,1,0,0,0,2,0,1,0,1,1,0,1,1,0,1,1,1,0,2,1,1,0,0,0,1,1,0
0,2,2,0,1,1,2,2,0,0,2,2,1,0,2,0,0,1,1,0,2,1,0,2,0,0,0,1,0,0
0,1,1,1,1,0,1,0,1,0,0,0,0,0,2,0,1,0,1,1,1,2,1,1,0,2,0,1,1,0
0,2,0,1,0,0,2,0,0,0,2,2,1,2,0,0,1,2,0,0,1,2,0,2,1,0,0,1,1,0
0,1,1,1,1,0,2,0,1,2,2,1,1,1,0,0,0,1,1,0,1,2,0,2,1,1,0,1,1,1
0,2,2,1,1,1,2,0,1,2,2,1,0,0,2,0,0,0,0,1,0,2,2,1,0,0,0,1,0,2
0,2,0,1,0,0,0,0,1,1,0,0,0,1,2,1,0,0,0,2,0,2,2,2,1,2,0,1,1,0
0,1,1,1,1,0,0,2,1,1,0,0,0,2,0,0,0,2,0,2,2,2,2,2,0,1,0,1,1,1
0,1,2,1,1,0,1,2,0,1,0,0,0,0,2,1,0,1,0,2,0,2,1,1,0,2,0,1,1,1
0,2,2,1,1,0,1,0,1,0,2,2,1,2,0,1,1,1,1,0,2,2,2,1,1,1,0,1,1,0
0,2,2,1,1,1,0,0,0,1,1,1,1,0,1,2,1,1,0,0,0,2,2,1,0,1,0,1,1,2
0,1,2,1,0,0,1,0,0,0,2,2,1,1,2,1,0,1,0,2,0,2,0,0,1,2,0,1,1,1
0,2,2,1,1,1,1,0,1,2,2,2,1,2,2,1,0,2,0,0,2,2,0,0,0,0,0,1,1,0
0,2,2,1,0,0,0,0,0,1,2,1,0,2,2,0,0,1,0,2,0,2,2,0,0,2,0,1,1,0
0,1,1,1,1,0,2,0,1,2,1,2,1,2,0,1,0,0,1,2,2,2,2,2,0,1,0,1,0,1
0,1,2,1,1,0,0,0,0,0,2,2,1,1,2,1,0,2,0,0,2,2,0,0,0,2,0,1,1,0
0,1,1,1,1,1,1,0,1,0,0,0,0,0,0,0,1,0,1,2,1,2,2,1,0,1,0,1,1,0
0,0,2,1,1,1,2,0,0,1,2,1,1,0,0,1,1,1,0,1,2,2,0,1,0,0,1,0,1,1
0,1,2,0,0,0,2,0,1,0,0,1,1,2,1,1,1,1,0,2,0,1,2,1,1,0,0,0,1,1
0,2,2,1,1,1,1,0,0,2,2,0,1,0,0,1,0,1,0,0,2,2,2,0,1,0,0,1,1,0
0,1,2,1,1,0,0,2,1,0,1,1,0,2,0,1,0,1,0,1,1,2,2,0,1,0,0,0,1,1
0,2,2,0,1,1,1,0,0,0,1,0,0,1,2,1,1,1,1,2,1,1,2,1,1,1,0,1,0,2
0,0,2,1,0,1,2,0,1,1,1,1,0,1,0,0,1,0,1,1,1,2,1,0,1,2,1,0,0,0
0,1,2,1,1,0,0,2,0,2,2,1,0,0,2,0,0,0,0,1,0,2,1,1,0,0,0,1,0,1
0,1,2,1,0,1,0,2,0,0,2,0,1,0,2,0,0,0,0,2,2,0,2,1,0,1,0,1,1,2
0,0,0,1,1,0,2,2,1,0,0,2,0,2,1,0,0,1,0,0,0,0,2,2,1,2,0,0,0,2
0,2,2,1,0,0,0,0,0,0,0,2,1,2,1,0,0,1,0,2,0,2,2,2,1,2,0,0,1,1
0,2,2,1,0,1,0,0,0,0,2,0,1,0,2,1,1,1,1,0,2,0,2,1,1,1,0,1,0,0
0,2,1,1,1,1,0,0,0,1,2,1,1,2,2,1,0,0,1,2,0,2,0,2,1,2,0,1,1,1
0,1,1,1,1,0,2,0,1,2,0,1,0,2,0,0,0,0,0,2,1,2,2,1,0,1,0,1,1,1
0,2,1,0,0,0,0,0,0,0,1,1,1,2,2,2,0,1,0,1,1,1,2,1,1,2,0,1,0,0
0,0,2,1,1,1,0,2,0,1,0,1,1,2,2,1,0,0,1,2,2,2,0,2,1,2,0,1,1,2
0,1,2,1,0,0,0,2,1,2,2,1,1,2,2,0,1,1,1,1,2,2,2,1,0,2,0,1,1,1
0,1,2,1,0,1,1,0,0,1,0,2,0,1,2,2,0,2,1,1,2,2,0,0,1,2,0,1,1,1
0,1,2,1,1,0,1,2,1,0,2,1,0,2,0,0,1,1,0,1,2,2,0,1,1,2,0,1,1,1
0,2,2,1,1,0,1,0,1,2,2,2,0,2,1,0,0,2,0,2,2,0,2,2,0,1,0,1,0,1
0,1,2,1,0,1,1,2,1,1,1,0,0,0,1,2,1,2,1,2,0,2,1,1,1,2,0,1,1,2
0,1,0,1,1,0,1,2,1,0,0,1,1,2,0,1,0,0,1,2,0,0,2,1,0,0,0,1,1,1
0,2,1,1,0,1,2,0,0,2,0,1,1,1,2,1,1,1,1,2,1,2,2,0,0,0,0,1,1,2
0,1,2,0,0,0,1,1,0,1,2,2,1,1,0,0,1,0,0,2,2,1,0,1,0,2,0,1,0,2
0,1,2,1,1,1,1,2,1,1,1,1,0,1,0,0,0,0,1,0,0,2,0,0,1,2,0,1,1,2
0,2,2,1,1,1,1,1,0,2,2,2,0,2,1,0,0,1,0,0,2,2,2,2,1,1,0,1,1,2
0,1,2,1,1,1,2,2,0,1,2,1,0,2,0,1,1,0,1,1,2,2,2,2,1,0,0,1,1,0
0,1,2,1,0,1,1,0,1,1,0,0,0,2,1,1,0,1,0,1,2,2,2,0,1,1,0,1,1,2
0,1,0,1,1,1,0,0,0,1,1,2,0,2,0,0,0,1,0,1,1,2,2,2,0,0,0,1,1,0
0,2,2,1,1,1,2,2,0,0,1,2,0,2,2,2,0,0,0,0,0,2,2,2,1,0,0,1,1,1
0,2,2,0,1,0,1,2,0,2,0,2,1,0,1,0,0,0,0,1,0,0,2,1,1,1,0,0,0,2
0,1,2,1,1,0,1,0,1,0,2,0,0,2,0,1,1,1,1,2,2,2,2,1,1,1,0,1,0,1
0,1,2,1,0,0,2,2,0,0,2,1,1,2,1,0,0,0,0,0,2,0,2,1,0,1,0,1,0,2
0,1,0,1,1,0,1,2,1,0,0,0,0,2,0,1,1,1,1,0,0,2,2,0,1,1,0,1,1,2
0,1,2,1,1,0,1,2,0,0,2,0,0,2,0,0,0,2,0,0,2,2,2,2,0,2,0,1,1,1
0,2,0,1,0,0,1,1,0,2,2,2,0,0,2,0,0,0,1,2,1,2,2,0,0,0,0,1,1,0
0,1,2,1,1,1,1,2,0,1,2,0,1,0,0,1,0,1,0,0,2,2,2,0,0,2,0,1,1,0
0,1,0,1,0,1,2,2,0,1,0,2,1,2,1,1,1,1,1,2,2,0,2,1,0,1,0,1,1,2
0,2,2,1,0,1,0,2,0,1,0,2,1,0,0,1,1,1,1,2,2,2,2,1,1,0,0,1,1,2
0,2,2,1,1,1,2,0,1,2,1,2,1,2,0,2,1,1,0,0,0,2,2,1,1,1,0,1,1,1
0,1,2,1,1,0,0,0,0,2,0,0,1,2,0,0,1,2,0,2,0,2,2,2,0,1,0,1,1,1
0,2,2,1,1,0,1,0,0,2,2,2,1,2,2,1,0,1,0,2,1,2,0,0,1,2,0,1,1,1
0,2,2,1,1,0,0,0,0,0,2,2,0,2,2,1,0,0,1,0,2,2,2,2,0,1,0,1,1,0
0,1,2,0,1,0,2,0,1,0,1,1,1,1,1,1,0,1,0,1,1,1,0,0,0,2,0,1,0,0
0,1,2,1,0,1,1,0,0,2,2,0,1,2,2,0,0,2,1,2,2,2,2,2,1,1,0,1,1,0
0,2,1,1,1,1,1,2,1,1,0,1,1,0,1,0,1,0,0,2,1,2,2,1,1,2,0,1,1,1
0,2,2,1,1,0,1,0,0,2,1,0,0,1,0,1,0,1,1,2,0,2,2,0,1,2,0,1,1,1
0,2,2,1,0,1,0,2,1,1,1,1,1,1,2,0,1,0,1,2,0,2,2,0,1,0,0,1,1,1
0,2,1,1,1,1,0,2,1,2,0,2,1,1,1,0,0,0,1,1,1,2,2,0,1,0,0,1,1,0
0,2,2,0,0,1,2,0,0,2,1,2,0,2,0,0,1,1,0,0,0,1,2,1,1,2,0,0,1,0
0,2,0,1,0,1,0,2,0,0,0,1,1,2,1,1,1,1,1,0,0,2,2,1,1,2,0,1,0,2
0,1,0,1,0,1,1,0,0,1,0,2,1,2,2,1,0,1,1,0,2,2,2,0,0,2,0,1,1,2
0,2,0,1,0,1,0,0,0,1,1,2,0,2,2,0,1,1,1,2,1,2,2,1,0,2,0,1,0,2
0,2,2,1,1,1,0,2,0,1,0,2,0,1,1,1,0,1,1,2,0,2,2,0,0,1,0,1,1,2
0,0,0,1,0,1,2,0,0,1,2,0,0,1,1,0,1,0,1,0,1,0,2,0,1,2,0,1,1,1
0,1,2,1,1,0,0,0,0,0,0,0,0,2,2,0,0,1,1,0,2,2,0,2,1,2,0,1,1,2
0,2,2,1,0,1,0,2,1,0,1,1,0,1,2,0,1,1,1,2,0,2,2,0,1,1,0,1,1,1
0,1,2,1,0,1,1,2,1,1,0,0,1,0,1,1,0,2,0,2,0,0,2,0,0,1,0,1,1,0
0,1,2,1,0,1,0,0,1,0,1,1,1,2,2,1,0,1,0,2,0,2,2,1,0,0,0,1,1,0
0,1,2,1,1,1,1,2,1,1,2,0,1,0,0,0,0,0,0,0,0,2,0,0,0,0,0,1,1,1
0,1,1,1,0,0,1,0,0,1,1,0,1,0,2,1,1,1,1,2,2,2,2,1,0,1,0,1,1,0
0,1,2,1,1,0,1,0,1,0,0,0,0,1,2,0,1,1,1,0,2,2,0,0,1,1,0,1,1,2
0,1,1,1,0,1,0,0,0,0,0,1,1,2,1,2,0,1,1,2,0,0,2,1,0,1,0,1,1,2
0,1,2,1,0,0,1,0,1,1,1,0,0,0,2,0,1,2,0,2,0,2,2,1,0,1,0,1,1,1
0,1,2,1,1,1,1,2,1,1,2,1,0,2,0,0,1,0,0,0,2,2,2,1,1,1,0,1,1,2
0,2,2,1,0,1,2,0,0,0,2,1,1,1,2,2,0,2,0,2,2,2,2,0,0,2,0,1,1,1
0,0,2,1,1,0,2,0,0,1,2,2,0,2,2,1,0,1,0,2,2,0,0,1,0,2,0,0,0,1
0,0,2,1,0,1,0,0,1,0,2,2,0,0,0,1,1,1,1,0,2,2,1,1,1,1,0,0,0,0
0,2,2,1,0,1,2,0,1,2,1,0,1,1,2,0,1,2,1,0,2,0,2,2,1,1,0,1,1,2
0,0,1,0,0,0,2,0,0,2,1,1,0,2,1,0,1,1,1,0,0,1,2,1,1,0,0,1,0,0
0,1,1,1,1,0,0,2,1,1,1,2,1,1,2,2,0,0,0,0,2,2,0,2,1,1,0,1,1,0
0,2,2,1,1,0,1,2,0,2,1,1,1,2,0,1,0,0,1,0,2,2,0,2,0,2,0,1,1,1
0,2,1,1,1,1,1,1,0,2,1,1,1,2,2,0,1,1,1,1,0,2,0,1,1,1,0,1,1,2
0,2,2,1,0,0,0,2,0,1,1,2,0,1,2,0,0,0,1,1,0,2,2,0,1,0,0,1,0,1
0,1,1,1,0,1,2,1,1,1,1,2,1,2,1,0,1,0,1,2,2,2,2,1,0,2,0,1,1,1
0,1,1,1,1,0,2,0,0,0,2,0,0,0,2,0,0,0,0,1,0,1,1,0,0,1,0,1,0,1
0,1,2,1,1,1,2,0,1,0,1,0,0,0,2,0,0,0,0,1,0,2,1,1,0,1,0,1,1,1
0,1,2,1,0,0,1,0,1,1,2,1,1,2,1,1,1,1,1,0,0,2,2,1,1,1,0,1,1,0
0,1,0,0,0,1,2,0,0,0,2,2,0,0,1,1,0,1,1,2,0,1,2,1,1,1,1,0,0,1
0,1,2,1,0,0,2,2,1,1,0,0,0,0,0,0,1,0,1,0,2,0,1,0,1,1,0,1,0,0
0,1,2,1,1,1,1,2,1,1,2,0,0,2,0,0,0,1,1,2,1,2,2,1,0,1,0,1,1,1
0,2,2,1,1,0,1,0,1,0,1,0,1,0,0,0,0,1,0,2,0,2,2,1,0,2,0,1,0,1
0,1,2,1,0,0,1,2,1,0,0,1,1,2,2,0,1,1,0,0,2,2,2,2,1,0,0,1,0,2
0,1,2,1,1,1,0,2,0,0,2,2,0,2,0,0,0,2,0,0,1,2,0,2,0,2,0,1,1,0
0,1,2,1,1,1,1,0,1,2,2,1,1,0,0,1,1,1,0,0,2,2,2,1,1,0,0,1,0,0
0,1,2,1,1,0,0,2,1,2,0,0,0,1,0,1,0,2,1,2,2,2,0,2,1,1,0,1,1,1
0,1,0,1,1,1,0,2,0,0,2,0,0,0,2,2,0,2,0,2,2,2,1,1,0,1,0,1,1,1
0,1,2,1,1,0,2,0,0,0,0,0,1,2,1,1,0,0,1,0,0,2,2,2,1,2,0,1,1,0
0,1,2,1,0,1,1,2,1,1,0,0,0,1,2,1,0,2,0,2,2,0,0,0,1,1,0,1,1,1
0,1,2,1,1,0,2,2,0,1,0,0,0,0,0,1,1,1,0,0,0,2,2,1,0,1,0,1,1,0
0,2,1,1,0,1,2,2,0,2,0,2,0,1,2,1,0,0,1,2,1,0,2,2,1,2,0,1,1,1
0,1,2,1,1,1,1,2,0,1,2,1,0,2,0,1,0,0,0,0,2,2,2,2,1,0,0,1,1,2
0,1,2,1,0,1,0,0,1,0,0,0,1,2,1,1,0,1,1,2,0,1,2,0,0,2,0,1,0,2
0,2,2,1,1,0,1,0,0,1,0,2,0,2,0,0,1,0,1,2,0,2,2,0,1,1,0,1,1,1
0,1,1,1,1,0,2,2,1,1,2,0,1,2,0,0,1,0,1,0,0,2,2,0,1,1,0,1,1,2
0,1,1,1,1,1,2,0,0,2,1,2,1,2,0,0,0,0,0,2,2,2,2,1,0,1,0,1,1,1
0,2,1,1,0,0,0,2,0,1,1,0,0,1,2,0,0,1,1,0,0,2,2,2,0,0,0,1,1,0
0,1,2,1,1,0,0,0,0,2,1,1,0,1,0,1,0,1,1,1,0,2,0,0,0,1,0,1,1,2
0,2,2,1,1,1,0,0,0,0,0,0,0,1,0,0,0,1,0,0,2,2,2,0,1,0,0,1,1,2
0,2,2,1,0,0,2,0,1,0,2,2,1,2,1,0,1,0,0,1,2,0,1,1,1,1,0,1,0,1
0,1,2,1,0,0,0,2,1,1,0,1,0,2,0,1,0,1,1,2,0,1,2,0,0,2,0,1,0,2
0,2,1,1,1,0,2,2,1,0,2,0,0,2,2,1,1,0,1,0,0,2,2,1,0,1,0,1,1,2
0,1,2,1,0,0,2,0,0,0,1,1,1,2,1,2,1,2,1,0,0,2,2,1,0,2,0,1,1,1
0,0,2,1,0,1,1,2,1,0,0,1,1,2,0,1,0,0,0,2,2,2,2,2,0,1,0,1,0,1
0,1,2,0,0,0,1,2,1,1,0,1,1,1,1,1,0,2,1,2,0,2,0,0,1,2,0,1,0,2
0,2,2,1,1,1,0,2,0,1,1,2,0,0,2,1,0,1,0,2,0,2,2,1,0,1,0,1,1,2
0,1,0,1,0,0,2,0,0,2,0,0,1,1,1,1,0,1,1,1,2,2,0,0,0,0,0,1,1,0
0,1,2,1,1,1,0,0,1,0,1,2,1,1,0,0,1,1,1,0,2,1,2,0,1,1,0,1,0,1
0,2,2,1,1,1,2,0,1,2,0,2,1,2,1,0,0,0,0,2,2,2,2,0,0,0,0,1,1,0
0,2,2,1,0,1,2,0,1,2,0,2,0,2,0,1,0,0,0,0,0,1,1,2,0,1,0,1,0,2
0,1,2,1,1,0,1,0,1,1,2,2,1,1,0,1,0,2,0,2,0,2,0,2,1,2,0,1,1,0
0,1,2,1,0,1,0,1,0,1,2,2,0,1,1,0,0,1,1,0,2,2,0,0,0,2,0,1,1,1
0,1,2,1,1,0,0,0,0,2,2,1,0,2,0,0,0,1,1,0,2,2,2,2,1,2,0,1,1,1
0,1,2,0,1,1,2,0,1,1,1,0,1,2,0,0,1,1,0,0,0,1,2,1,1,1,0,1,0,2
0,0,0,0,0,1,2,0,0,2,1,2,1,2,1,0,1,1,0,0,1,1,2,1,1,1,0,0,1,1
0,2,2,1,1,1,0,0,1,1,2,0,0,0,1,1,0,1,0,2,1,2,2,1,0,2,0,1,1,0
0,2,0,0,0,0,0,0,0,0,0,0,0,2,2,1,0,1,0,2,0,1,2,1,1,0,1,0,1,0
0,0,1,1,1,0,1,0,0,2,2,1,0,2,0,0,0,2,0,0,1,2,0,2,0,2,0,1,1,0
0,2,2,1,1,1,0,0,1,0,1,2,0,1,1,0,1,0,0,2,0,2,2,1,0,0,0,1,1,0
0,1,2,1,1,0,0,2,0,1,2,1,0,2,0,0,0,2,0,2,2,2,2,2,0,0,0,1,1,1
0,1,2,1,1,1,2,2,0,0,0,1,1,2,0,0,1,1,1,0,1,2,2,1,1,0,0,1,1,2
0,1,2,1,1,0,2,2,0,1,1,2,0,2,1,2,1,0,1,1,0,2,2,2,1,1,0,1,1,1
0,2,2,1,1,1,1,0,1,2,2,2,1,1,1,0,0,0,0,2,0,2,2,0,0,0,0,1,1,2
0,2,2,0,1,0,1,2,1,1,0,0,0,1,1,0,1,1,0,1,0,1,2,1,0,1,0,1,0,2
0,1,2,0,1,0,0,0,1,2,0,1,1,2,0,1,1,0,0,2,0,1,2,2,0,2,0,1,0,2
0,1,2,1,1,1,1,2,1,1,2,0,1,0,0,0,1,0,0,2,0,2,2,1,1,1,0,1,1,2
0,1,2,1,0,0,1,0,1,0,2,2,1,1,1,1,0,0,0,0,2,2,0,2,0,1,0,1,1,1
0,1,2,1,0,0,2,0,1,2,2,2,1,1,1,1,0,1,0,2,0,2,2,0,1,1,0,0,1,0
0,1,2,1,0,0,0,0,0,2,1,2,1,1,2,0,0,1,1,0,2,2,0,0,1,1,0,1,1,2
0,2,1,1,1,1,2,0,0,2,1,1,0,2,2,0,1,1,1,0,0,2,0,2,1,2,0,1,1,0
0,1,2,0,1,0,1,0,1,0,1,1,1,1,0,0,0,0,0,2,1,1,0,0,0,0,0,1,0,1
0,1,1,1,1,0,0,2,1,1,0,2,1,2,2,1,0,1,0,2,2,2,1,1,0,0,0,0,0,1
0,2,2,1,1,0,2,2,1,0,2,2,0,2,1,1,0,1,0,0,2,2,2,0,1,1,0,1,1,0
0,2,2,1,1,0,0,0,0,0,2,0,0,0,1,1,0,1,0,0,0,2,2,0,1,1,0,1,1,2
0,2,2,1,1,0,0,0,0,0,0,1,1,2,1,1,0,1,1,2,0,2,2,0,1,1,0,0,0,2
0,1,2,1,1,1,0,1,1,0,1,2,1,2,0,0,0,2,0,2,2,2,2,1,0,1,0,1,1,0
0,1,1,1,1,0,0,0,0,0,0,0,1,0,0,2,1,2,0,0,1,2,2,1,0,1,0,1,1,0
0,2,2,1,0,0,2,2,0,0,2,2,0,0,2,0,1,0,1,2,2,2,2,0,0,2,1,0,0,2
0,1,2,1,1,1,1,1,1,1,1,2,0,2,0,1,1,1,0,2,0,2,2,1,0,0,0,1,1,2
0,2,2,1,1,0,1,0,1,2,1,0,1,0,0,1,1,1,1,0,0,2,1,1,1,0,0,0,1,2
0,1,0,0,0,0,2,2,1,0,2,1,0,2,0,1,0,2,0,1,0,1,1,2,0,0,0,1,0,1
0,1,2,0,0,0,2,0,0,2,0,0,0,2,1,1,0,0,1,2,0,1,2,2,0,0,0,0,1,2
0,1,1,1,1,1,0,2,1,0,1,0,1,2,0,0,0,1,1,0,0,2,2,0,1,2,0,1,0,1
0,1,2,1,1,1,1,0,1,1,0,1,0,2,0,1,0,1,1,2,2,2,2,1,0,2,0,1,1,2
0,2,2,1,0,1,0,2,0,1,2,1,1,2,2,0,0,1,0,1,0,2,2,2,0,1,0,1,1,2
0,1,2,1,0,1,1,0,1,1,0,1,1,1,1,0,0,0,1,0,2,2,0,0,1,2,0,1,1,1
0,1,1,0,0,1,2,2,1,1,1,1,0,1,2,0,1,0,1,0,2,1,0,0,1,1,0,1,0,1
0,0,2,1,0,0,0,2,0,1,2,0,1,2,0,0,1,1,1,1,2,1,2,1,0,1,0,1,0,0
0,1,2,1,0,0,0,2,1,2,0,1,0,0,1,1,0,2,1,0,0,2,2,0,1,0,0,1,1,1
0,1,2,0,0,1,1,0,1,1,1,0,0,2,1,2,0,0,0,0,1,1,2,2,0,2,0,1,0,0
0,0,2,1,0,0,1,0,0,2,2,2,0,2,2,0,0,1,1,2,0,0,0,1,0,2,0,1,1,0
0,2,2,0,0,1,0,0,1,1,0,0,0,0,2,1,1,0,0,1,0,1,0,2,1,0,0,1,0,2
0,1,1,1,1,0,0,0,0,0,0,0,0,0,2,1,0,1,1,2,1,2,0,0,1,0,0,1,0,2
0,1,0,1,0,1,1,0,1,2,2,1,0,1,2,0,0,0,0,0,1,2,0,1,0,2,0,1,1,2
0,2,2,1,0,1,2,0,0,2,2,2,1,0,1,0,1,1,1,1,0,2,1,1,0,0,0,1,1,1
0,2,2,1,0,0,2,2,1,1,2,2,1,2,2,0,1,0,0,1,0,2,2,1,0,0,0,1,1,0
0,2,2,1,1,0,0,2,1,0,1,1,0,2,0,1,1,1,1,0,0,2,2,1,1,0,0,1,1,0
0,2,1,1,1,0,0,0,0,0,1,1,1,2,2,0,0,0,1,0,2,2,1,1,0,1,0,1,1,1
0,2,2,1,0,1,2,2,0,0,1,1,0,1,2,1,0,0,0,0,1,2,2,2,0,1,0,1,1,1
0,2,2,1,1,0,0,2,1,1,2,2,1,1,0,0,0,2,1,2,2,2,2,2,1,1,0,1,1,0
0,2,2,1,0,0,1,0,1,1,1,0,1,0,0,2,1,1,1,0,0,2,2,1,0,0,0,1,1,1
0,1,2,1,0,1,1,0,0,1,1,1,0,2,0,0,1,0,0,1,0,2,1,1,1,2,0,1,1,2
0,1,2,1,1,1,2,0,0,1,1,0,0,2,0,2,1,0,0,0,0,2,2,2,1,0,0,1,1,0
0,0,1,1,1,0,1,0,0,0,0,0,1,2,0,1,0,1,0,2,2,2,2,1,0,0,0,1,1,1
0,1,2,1,1,1,1,0,1,2,1,1,1,0,2,2,1,1,0,0,2,2,2,1,1,1,0,1,1,1
0,2,2,0,1,0,1,1,1,0,1,1,1,2,1,1,1,1,1,2,1,1,2,1,1,0,0,0,1,0
0,1,2,1,1,0,1,2,1,0,2,1,1,2,0,0,1,0,1,2,2,0,2,1,0,2,0,1,1,2
0,1,2,1,1,0,0,0,0,1,0,0,0,2,0,0,0,0,1,0,0,2,2,2,1,2,0,1,1,0
0,1,2,1,0,1,2,2,0,1,2,0,1,0,1,1,1,1,0,2,0,2,2,1,0,1,0,1,1,0
0,1,1,1,0,0,2,0,1,2,2,2,1,0,1,0,0,2,0,0,0,0,2,2,1,1,1,1,0,1
0,2,2,1,1,1,0,0,1,0,2,2,0,1,1,1,1,1,1,2,0,2,2,1,1,2,0,1,0,0
0,0,1,1,1,1,0,2,0,1,1,1,0,2,2,0,0,0,1,2,0,2,2,1,0,0,0,1,0,1
0,1,2,1,1,1,1,0,1,2,2,0,1,2,0,0,0,1,1,1,0,0,2,0,0,0,0,1,0,0
0,2,2,1,1,0,1,0,0,2,0,2,0,2,1,0,0,1,1,0,1,2,2,2,1,1,0,1,1,2
0,1,2,1,1,1,1,0,0,1,2,1,0,2,0,0,0,0,0,2,2,2,2,1,1,0,0,1,1,2
0,1,1,0,1,1,2,0,0,1,0,2,1,2,0,1,1,0,1,2,2,1,2,2,1,2,0,1,0,1
0,1,1,1,1,0,0,2,1,0,2,0,0,2,2,1,1,1,1,2,0,2,0,1,1,0,0,1,1,0
0,1,2,0,0,0,1,0,1,1,1,1,1,2,1,0,0,1,0,2,0,1,2,2,0,0,0,1,0,0
0,1,1,1,1,0,1,2,1,1,0,0,0,2,1,1,0,1,1,0,1,2,2,0,0,2,0,1,1,2
0,1,2,1,1,0,0,0,1,2,2,1,1,1,2,2,1,2,0,0,2,2,0,0,0,1,0,1,1,0
0,2,0,1,0,1,0,2,0,0,1,0,1,1,1,0,1,0,0,2,0,0,2,0,1,1,0,1,0,0
0,1,2,1,1,1,1,0,1,0,0,1,1,2,0,0,1,1,0,0,1,2,2,2,1,0,0,1,0,0
0,2,0,0,0,0,0,0,1,0,2,2,1,2,0,1,0,1,0,1,1,1,0,1,0,0,0,1,0,0
0,2,1,1,0,1,0,0,1,1,0,1,0,2,0,0,1,0,1,2,1,2,0,0,1,0,1,0,0,1
0,1,1,0,0,1,0,2,0,0,0,1,1,0,1,0,1,1,1,1,1,2,1,0,1,2,0,0,1,1
0,1,1,1,1,1,1,2,0,1,2,0,1,0,1,1,0,1,0,2,1,2,2,1,0,2,0,1,1,2
0,2,1,1,0,1,2,2,1,1,1,1,0,0,2,1,0,1,1,0,0,2,2,0,0,2,0,1,1,1
0,2,1,1,0,0,0,2,1,0,0,2,0,2,0,0,1,0,0,1,1,2,1,1,0,2,0,1,1,0
0,1,2,0,1,0,1,1,0,2,1,1,0,2,2,0,1,0,0,0,0,1,2,1,1,2,0,1,0,0
0,1,2,1,0,0,2,0,1,1,2,1,0,2,1,0,1,0,0,0,1,2,2,1,1,0,0,1,1,2
0,1,1,1,1,1,1,0,0,1,1,1,0,2,0,0,0,1,1,0,2,2,2,2,0,1,0,1,1,2
0,1,1,1,1,0,1,0,0,0,1,2,1,2,2,0,0,2,0,0,2,2,0,2,1,0,0,1,1,2
0,1,0,1,1,1,1,2,1,0,1,0,1,2,2,1,1,1,1,0,1,2,1,1,1,1,0,1,1,2
0,2,1,1,1,1,2,2,1,1,1,0,0,1,1,0,1,0,0,2,2,2,2,0,1,2,0,1,1,0
0,1,2,1,0,0,0,1,1,0,1,0,1,2,1,0,1,1,0,0,0,2,2,1,1,2,0,1,1,0
0,2,2,1,0,0,1,0,0,1,0,2,1,2,1,1,0,1,1,0,0,2,2,1,0,2,0,1,1,2
0,1,2,1,0,0,1,2,0,1,2,2,1,2,2,1,0,0,1,0,0,2,2,2,1,1,0,1,1,1
0,1,2,1,1,1,0,2,0,0,2,0,1,0,2,0,0,0,1,1,0,2,1,1,0,1,0,1,1,2
0,2,2,1,0,0,1,2,0,0,2,1,0,1,2,0,1,0,0,2,0,2,2,2,0,2,0,1,1,2
0,1,2,1,0,1,0,2,1,2,2,1,0,2,2,0,1,0,0,1,2,2,2,1,1,2,0,0,1,1
0,1,2,0,1,1,2,2,0,0,1,0,0,2,0,1,1,1,1,2,1,1,2,1,0,1,0,1,0,1
0,2,2,0,0,0,0,0,1,1,0,1,1,2,1,1,0,1,1,2,2,1,0,1,1,0,0,1,0,0
0,1,2,1,0,0,0,2,1,2,1,1,0,2,1,2,1,2,0,0,0,2,2,1,0,2,0,1,1,2
0,1,2,1,0,0,0,0,1,2,2,2,1,1,0,1,0,1,1,1,2,0,0,1,0,2,0,0,0,0
0,2,0,1,1,0,0,0,0,0,2,1,1,1,2,0,0,0,1,0,0,2,2,2,1,1,0,0,0,2
0,1,2,1,1,1,0,0,1,0,1,0,0,0,0,0,0,1,0,0,0,2,2,0,1,0,0,1,1,1
0,1,1,0,0,1,1,0,0,1,1,0,0,2,1,0,1,0,0,0,0,0,2,1,1,2,0,1,1,0
0,0,2,0,0,0,2,2,1,0,1,1,0,2,0,2,1,1,1,2,0,1,1,1,1,1,0,1,0,1
0,1,2,1,0,1,0,2,1,0,0,0,1,2,2,2,0,2,0,2,2,2,2,1,0,1,0,1,1,0
0,1,2,1,1,1,2,2,1,1,2,2,0,2,0,0,1,0,1,2,2,2,2,0,1,0,0,1,1,2
0,1,1,0,1,1,2,0,0,0,0,2,1,2,0,0,1,0,0,2,1,2,2,1,0,2,0,1,1,2
0,1,2,0,1,0,1,0,1,0,0,0,1,0,2,1,0,0,0,1,0,1,1,1,0,1,0,1,0,2
0,1,2,1,0,1,0,0,1,2,2,1,1,2,2,1,0,2,0,2,2,2,2,0,0,1,0,1,1,1
0,1,2,1,1,0,1,2,1,1,0,0,1,1,0,2,1,2,1,0,2,2,0,0,0,1,0,1,1,0
0,2,2,0,0,1,2,0,1,2,2,0,1,0,2,1,0,1,1,1,1,1,2,1,1,1,0,1,0,0
0,1,2,1,1,0,2,2,1,1,2,1,0,2,0,0,1,0,0,2,2,2,2,1,0,2,0,1,1,2
0,1,2,1,0,0,1,2,1,2,2,0,1,2,1,0,1,2,1,1,0,0,2,1,1,1,0,1,0,2
0,2,2,0,1,1,0,2,0,1,1,1,1,0,2,0,1,1,1,2,0,1,1,2,0,2,0,1,0,1
0,2,2,1,1,0,1,0,0,1,1,0,0,1,1,0,1,0,1,0,2,2,2,0,1,1,0,1,1,1
0,2,2,1,1,1,2,1,1,2,2,2,1,2,2,2,1,2,1,1,0,2,0,1,1,2,0,0,1,0
0,2,2,1,0,1,0,2,1,1,1,1,0,1,2,0,0,1,0,2,0,2,2,0,0,2,0,1,0,1
0,1,2,1,1,0,1,2,1,1,2,0,1,2,0,1,0,1,1,2,2,2,2,0,0,1,0,1,1,1
0,2,2,0,0,0,0,2,1,1,0,1,0,1,2,0,0,0,1,1,0,1,2,0,1,1,0,0,1,0
0,2,2,1,1,1,0,0,1,1,0,1,0,1,1,2,1,2,0,0,0,2,2,0,1,1,0,0,0,1
0,1,2,0,1,1,1,0,0,1,1,1,1,2,0,0,0,2,1,0,1,1,2,1,1,0,0,1,0,1
0,1,2,1,1,0,1,2,1,1,1,0,1,0,0,1,0,2,0,0,1,2,2,1,0,1,0,1,1,2
0,1,2,1,1,0,1,2,1,0,0,0,0,1,0,0,0,0,0,0,2,2,0,0,0,2,0,1,1,1
0,2,1,1,0,0,1,2,0,1,2,1,0,0,2,1,0,1,1,2,2,2,2,0,0,2,0,1,0,0
0,2,0,1,1,0,2,2,0,1,0,1,1,0,1,1,1,1,1,2,0,2,2,1,0,0,0,0,1,2
0,2,1,0,0,1,1,0,0,0,1,2,1,2,0,0,1,1,0,0,2,1,1,1,1,1,0,0,1,2
0,2,2,1,0,0,0,0,0,1,2,2,0,2,1,1,0,1,0,1,0,2,0,1,0,2,0,1,1,1
0,1,2,0,0,1,1,0,0,0,1,0,0,2,2,0,1,0,0,1,1,1,2,1,0,2,0,1,0,0
0,2,2,1,0,0,1,0,0,1,1,0,0,0,2,0,0,1,0,1,0,1,2,0,0,0,0,1,0,2
0,2,2,1,1,1,1,2,0,0,2,2,1,0,1,0,0,1,1,1,2,2,2,0,1,2,0,1,1,0
0,1,2,1,1,0,2,2,1,1,1,0,1,0,0,2,1,1,1,2,1,2,0,1,0,1,0,1,1,2
0,1,2,1,1,1,1,0,0,2,2,0,1,2,0,0,1,1,0,2,2,2,2,1,1,1,0,1,1,2
0,2,2,0,0,0,2,2,1,0,2,1,0,0,1,0,0,0,0,2,2,1,2,2,0,2,0,1,1,2
0,1,2,1,0,0,0,0,0,0,0,1,1,2,2,1,0,0,0,0,0,1,2,2,1,0,0,1,0,0
0,2,2,1,1,0,2,0,1,0,2,1,0,0,2,1,1,1,1,0,2,2,0,1,1,1,0,1,1,0
0,1,0,1,0,1,0,2,0,0,1,2,1,1,2,0,1,2,1,0,0,2,0,1,0,0,0,0,1,2
0,1,0,1,0,0,1,2,1,0,2,0,0,0,2,2,1,2,0,0,0,0,2,0,1,1,0,1,1,1
0,1,2,1,1,1,0,2,1,0,2,1,0,2,0,0,0,1,1,2,1,2,2,0,0,2,0,1,1,0
0,1,2,0,0,0,2,0,0,1,0,0,0,2,1,1,1,0,1,0,0,2,2,1,1,2,0,1,1,0
0,1,2,1,0,1,1,2,1,1,2,1,0,0,1,1,0,1,1,0,2,2,1,0,0,0,0,1,1,0
0,2,2,1,1,0,0,2,0,0,0,1,1,2,0,1,1,0,1,0,0,2,1,2,0,2,0,1,1,0
0,1,1,1,0,0,0,0,1,0,2,1,1,1,0,0,0,0,1,1,2,1,1,0,1,1,0,1,0,2
0,1,2,1,1,0,0,2,0,1,2,0,1,2,0,1,0,0,1,2,2,2,2,2,1,2,0,1,1,0
0,1,2,1,1,0,2,2,1,0,0,0,1,1,0,0,0,0,1,0,0,2,0,0,0,0,0,1,1,1
0,2,2,1,0,0,1,0,0,1,0,2,0,2,1,0,1,0,0,0,0,2,0,0,1,0,0,1,1,2
0,1,1,1,1,0,2,0,0,0,0,1,1,2,0,0,1,1,0,2,2,2,2,1,1,1,0,1,1,2
0,1,2,1,1,1,1,1,1,0,1,0,1,1,0,0,1,2,1,0,0,2,0,2,0,1,0,1,1,2
0,0,1,0,0,1,1,0,1,1,1,2,0,2,1,2,0,2,1,0,2,1,2,1,1,2,0,1,0,2
0,1,2,1,0,1,0,2,1,0,0,1,0,1,2,0,0,1,0,0,0,2,0,0,1,1,0,1,1,1
0,2,1,1,0,1,2,2,1,2,2,2,0,2,2,1,0,1,1,0,0,2,0,1,0,2,0,1,1,0
0,1,2,1,1,1,0,0,0,0,2,0,0,2,0,1,0,0,0,1,2,2,2,2,0,1,0,1,1,2
0,1,0,1,1,0,2,2,0,0,2,2,0,0,0,2,1,1,0,1,0,2,2,1,1,1,0,1,0,2
0,1,2,1,1,1,1,2,1,2,2,1,0,1,0,2,1,2,1,0,0,2,0,0,0,1,0,1,1,1
0,1,2,1,1,1,0,0,1,0,1,0,1,0,0,2,0,1,1,2,0,2,0,1,0,2,0,1,1,2
0,2,0,1,1,0,0,0,1,1,1,0,0,1,1,0,0,0,1,0,1,2,2,0,1,2,0,1,0,1
0,1,1,1,1,0,1,2,1,1,2,0,0,2,2,1,0,1,0,2,2,2,2,1,0,2,0,1,1,2
0,1,2,1,0,0,1,0,0,2,1,2,0,0,0,1,1,1,1,0,0,2,1,1,1,2,0,0,1,2
0,2,2,0,1,0,2,0,1,2,1,2,1,1,1,0,1,2,1,0,1,1,2,2,1,1,0,1,0,1
0,2,2,1,1,1,0,0,1,1,1,2,0,1,0,0,1,0,1,0,0,2,2,2,1,1,0,1,1,1
0,2,1,1,1,1,2,2,0,0,1,1,1,0,1,1,0,1,0,0,2,2,2,1,0,2,0,1,1,1
0,0,2,1,1,0,0,0,0,2,2,2,1,2,1,0,0,1,0,1,2,2,2,2,1,1,0,0,1,0
0,1,2,1,1,0,1,2,0,1,1,0,1,0,0,1,0,1,1,0,2,2,2,1,0,1,0,1,1,1
0,2,1,1,0,0,0,0,0,2,0,1,0,2,1,0,1,2,0,2,1,2,2,2,0,1,0,1,1,2
0,1,2,1,1,0,2,2,1,1,2,0,1,2,0,0,1,0,1,0,2,2,0,1,0,2,1,0,1,1
0,1,2,1,0,1,0,0,1,2,0,1,1,2,2,1,1,1,0,0,0,2,2,1,0,0,0,0,1,2
0,2,2,1,0,1,0,0,1,1,2,0,0,1,2,1,0,1,1,0,2,2,0,0,0,0,0,1,1,1
0,2,1,1,0,1,0,0,1,0,2,2,1,0,2,1,1,1,1,2,0,2,2,1,1,0,0,1,1,1
0,1,2,1,1,0,2,0,0,0,0,2,1,1,0,0,0,0,0,0,2,2,0,0,0,1,0,1,1,1
0,1,0,1,1,1,0,0,0,0,0,2,1,2,0,1,0,1,1,2,0,2,2,1,0,2,0,1,1,2
0,1,2,1,0,0,2,2,1,1,0,2,1,2,2,1,1,0,1,0,2,0,2,2,1,1,0,1,0,0
0,2,2,1,1,1,2,2,1,0,2,0,0,2,1,0,0,0,0,0,0,2,0,1,0,0,0,1,1,2
0,1,0,1,1,1,1,0,0,2,1,0,0,2,2,1,0,2,1,1,1,2,1,2,1,1,0,1,1,0
0,1,2,1,0,1,0,0,1,0,1,1,0,2,1,2,0,2,1,2,2,2,2,0,0,1,0,1,1,1
0,1,2,1,0,1,1,0,0,2,1,0,0,2,2,2,1,2,0,0,2,2,2,2,0,1,0,1,1,1
0,1,1,1,1,0,0,2,0,2,2,0,1,2,2,2,1,0,0,0,0,2,2,2,1,1,0,1,1,2
0,2,0,1,0,1,2,0,1,2,1,1,1,0,2,0,1,0,0,2,2,1,2,1,0,2,0,1,0,0
0,1,2,1,1,1,1,2,0,1,2,0,1,0,0,0,0,2,0,2,0,2,2,2,1,0,0,1,1,1
0,1,1,1,1,1,0,2,0,1,0,1,1,0,0,0,0,1,1,2,1,2,2,1,0,2,0,1,1,2
0,1,2,1,0,0,2,0,0,1,0,0,0,2,1,1,1,0,0,2,2,2,2,2,1,2,0,1,1,2
0,1,2,1,0,0,1,2,0,1,2,1,1,2,2,1,1,1,0,2,1,2,2,1,0,0,0,1,1,0
0,0,2,1,1,1,2,2,1,1,2,1,0,2,1,0,0,0,1,1,2,2,0,2,1,2,1,0,0,1
0,2,2,1,1,0,1,2,1,2,0,1,0,2,2,1,0,1,1,2,0,2,2,1,0,0,0,1,1,2
0,2,0,0,1,1,0,0,0,1,2,1,0,0,2,0,1,0,1,1,0,1,1,0,1,2,0,1,0,2
0,0,2,1,0,0,1,2,1,1,2,1,0,2,1,2,1,0,0,2,2,0,1,2,1,2,0,1,1,0
0,2,2,1,0,0,0,2,1,0,0,1,0,0,0,0,0,1,1,0,0,2,2,0,1,1,0,0,1,2
0,2,0,1,1,1,0,0,0,1,2,1,1,0,1,1,0,1,0,2,1,2,2,0,0,2,0,1,1,0
0,1,2,1,1,1,0,0,0,0,2,0,1,2,0,0,0,0,0,2,0,2,1,1,0,1,0,1,1,2
0,1,2,1,1,0,1,2,1,0,0,0,0,0,2,0,0,1,0,2,2,2,1,1,0,0,0,1,1,2
0,1,0,1,0,1,2,0,1,1,2,1,0,0,0,1,1,1,1,0,0,2,1,1,0,0,0,1,1,0
0,2,2,1,0,0,1,2,1,1,2,1,0,2,2,1,0,0,0,0,2,2,0,2,1,1,0,1,1,0
0,2,1,0,0,1,0,0,0,2,1,2,1,0,2,1,0,1,1,2,2,1,2,0,1,1,0,1,0,2
0,1,1,1,1,1,2,0,0,2,0,1,1,2,0,0,0,0,0,2,1,2,2,2,0,0,0,0,1,0
0,2,2,1,1,1,0,0,1,0,2,2,0,0,2,1,1,1,1,2,0,2,0,1,1,1,0,0,0,0
0,1,0,1,1,1,0,0,0,0,2,0,1,0,2,1,0,1,1,1,0,2,1,0,0,1,0,0,0,1
0,1,0,1,0,0,1,0,0,1,2,0,0,1,0,0,1,0,1,0,1,2,0,0,1,2,0,1,1,1
0,1,2,1,0,0,1,0,0,1,0,1,0,2,2,0,0,1,1,2,0,0,2,0,0,2,0,1,1,2
0,2,0,1,1,1,2,0,1,2,1,0,0,2,0,1,0,1,1,0,1,2,2,0,0,2,0,1,1,0
0,1,2,1,0,1,1,0,1,2,2,1,1,2,1,0,0,0,1,0,0,0,2,2,0,1,0,1,0,2
0,1,2,1,1,1,1,2,0,2,2,0,1,0,0,0,1,2,0,2,2,2,2,1,0,1,0,1,1,1
0,1,2,1,0,1,2,0,1,2,2,1,1,0,1,1,1,1,1,2,2,2,2,1,0,1,0,1,1,0
0,2,2,1,1,1,0,2,1,0,0,2,0,1,2,0,1,1,0,1,0,2,1,0,1,0,0,1,1,1
0,2,2,0,1,0,2,0,1,0,0,0,1,0,1,1,1,1,1,0,2,1,2,0,1,1,0,1,0,2
0,2,2,0,1,0,2,0,0,2,0,2,1,2,1,1,1,0,0,0,0,1,2,2,0,2,0,1,0,2
0,0,2,1,1,1,1,0,1,0,1,1,0,0,2,1,1,1,0,0,1,0,0,1,1,2,0,1,0,2
0,2,2,1,0,1,1,2,1,2,0,2,0,0,1,1,0,2,1,1,1,2,2,0,1,0,0,0,0,0
0,1,2,0,0,0,2,0,1,2,2,0,0,2,0,1,1,1,1,0,1,1,1,1,1,2,0,1,0,1
0,0,2,1,0,0,0,0,0,1,1,0,0,1,2,0,0,0,1,0,0,0,0,0,1,0,0,1,1,1
0,0,2,1,1,0,0,2,1,2,0,0,0,2,1,1,0,1,1,1,0,2,2,0,0,2,0,1,1,2
0,2,0,1,0,1,0,2,0,1,2,1,1,0,1,0,0,1,0,1,1,2,2,1,0,0,0,0,1,0
0,1,0,1,1,1,0,0,1,2,0,0,0,1,2,0,0,1,0,0,0,1,0,0,0,2,0,1,0,1
0,1,2,1,0,1,1,0,0,1,0,1,0,2,1,0,0,1,1,2,2,2,2,0,0,0,0,1,1,2
0,1,2,1,1,0,2,2,1,2,0,1,1,2,0,0,0,2,1,2,0,2,2,1,1,2,0,0,1,1
0,1,2,1,0,0,0,2,1,0,2,0,0,0,0,0,1,1,1,1,2,2,1,1,1,1,0,1,1,0
0,2,0,1,1,0,0,0,0,0,1,2,0,0,1,1,0,1,1,2,1,2,2,1,0,1,0,1,1,0
0,2,2,1,1,1,0,0,1,1,2,0,0,0,1,1,0,1,0,2,2,2,2,1,0,1,0,1,1,2
0,2,0,0,1,1,2,0,1,0,1,2,1,0,1,0,0,2,0,2,1,0,2,2,0,1,0,1,0,1
0,1,2,1,1,0,2,2,1,1,2,1,1,2,0,0,1,0,0,2,2,0,0,1,1,2,0,1,1,2
0,1,2,1,1,0,1,2,1,0,2,0,0,0,0,0,0,0,1,0,0,0,2,0,0,1,0,1,1,2
0,1,2,1,0,1,0,0,1,2,0,0,1,2,2,1,0,1,1,2,2,0,2,1,0,0,0,1,1,2
0,1,0,1,1,0,1,0,0,0,1,0,0,0,2,0,1,1,1,1,1,2,0,2,1,0,0,1,0,0
0,1,2,1,0,0,1,0,0,0,0,2,1,1,2,2,0,2,1,2,0,2,0,0,1,2,0,1,1,2
0,1,2,1,1,1,0,2,0,0,1,1,0,0,2,0,0,0,1,0,1,2,1,1,0,0,0,1,1,1
0,2,1,1,1,0,2,2,0,2,0,1,0,0,2,0,1,2,0,0,1,2,0,1,0,1,0,1,1,0
0,1,2,0,0,1,2,0,1,0,1,0,1,2,1,1,0,1,1,0,1,1,2,1,1,0,0,1,0,1
0,1,1,1,1,0,2,2,1,0,2,2,0,2,2,1,0,1,0,1,1,2,1,0,1,1,0,0,1,1
0,1,2,1,1,0,2,2,0,1,0,0,0,0,0,1,0,1,0,2,2,2,2,1,0,1,0,0,0,2
0,2,2,1,0,0,1,2,0,1,2,2,0,2,1,1,0,0,1,2,2,2,2,2,1,0,0,1,1,2
0,1,2,1,1,0,1,2,0,0,0,1,1,1,0,1,0,2,1,1,0,2,0,0,0,2,0,1,1,0
0,1,1,1,1,1,0,0,0,1,1,1,0,2,0,1,0,0,1,2,2,2,0,2,1,0,1,0,1,0
0,2,2,0,1,0,2,1,0,2,1,2,1,2,1,1,0,1,1,0,0,2,2,1,1,1,0,1,0,0
0,1,2,1,0,1,1,0,1,2,1,0,1,2,1,1,0,1,0,1,2,1,0,1,0,2,0,1,0,0
0,1,2,1,1,0,2,0,0,1,2,2,1,1,2,2,1,2,1,0,2,2,1,0,0,2,0,1,1,2
0,1,2,1,0,1,1,0,0,2,2,2,0,1,2,1,0,1,0,0,2,2,0,0,0,1,0,1,0,1
0,1,2,1,1,1,2,0,1,1,1,1,0,0,0,0,1,0,0,0,2,2,2,1,1,2,0,1,1,0
0,1,2,1,1,1,0,0,0,0,1,1,1,2,2,0,0,0,1,0,0,2,1,0,1,1,0,1,1,1
0,1,2,1,1,0,1,2,1,1,1,0,1,1,0,2,1,2,1,2,0,2,0,0,1,1,0,1,1,2
0,1,2,0,0,1,1,0,0,0,2,0,1,2,1,1,1,1,1,2,2,0,2,1,0,1,0,1,1,0
0,2,2,1,0,0,0,0,1,0,2,2,1,2,2,1,1,0,1,2,2,2,2,2,1,0,0,1,1,0
0,2,2,0,1,1,0,2,0,1,1,1,0,1,1,1,0,1,0,2,0,1,2,1,0,2,0,1,0,0
0,2,2,1,0,0,1,2,1,1,2,2,0,2,1,0,1,0,0,1,0,2,1,1,1,1,0,1,1,2
0,1,2,1,1,0,2,0,0,1,2,0,0,2,2,0,1,0,0,1,2,2,2,1,1,1,0,0,1,2
0,1,2,1,1,1,1,2,0,2,0,0,1,0,0,1,1,1,1,2,0,1,2,1,0,1,0,1,0,2
0,1,2,1,1,1,0,0,1,2,1,0,1,1,0,1,0,1,1,0,2,2,0,0,0,2,0,1,0,2
0,0,2,1,1,0,2,2,1,0,2,2,0,2,2,1,0,1,0,2,2,2,2,1,0,2,0,1,1,0
0,2,2,1,1,0,0,2,0,0,1,1,0,0,2,0,0,0,0,0,0,2,0,0,0,2,0,1,1,2
0,1,2,1,1,1,2,0,0,0,2,2,1,2,2,0,1,1,0,0,2,2,0,1,1,0,0,1,1,1
0,1,2,1,0,1,2,0,0,1,1,0,0,0,1,0,1,0,1,2,0,2,2,0,1,1,0,1,1,1
0,1,2,1,1,1,1,0,0,1,2,2,1,0,0,1,0,1,1,2,2,2,2,0,0,1,0,1,1,1
0,2,2,1,1,0,2,0,0,2,0,2,0,2,0,1,0,1,0,1,2,2,0,1,0,0,0,0,0,1
0,1,2,1,1,0,2,2,0,2,1,0,1,0,0,0,0,0,1,0,2,2,0,1,0,0,0,1,1,0
0,1,2,1,1,1,1,0,0,1,1,0,0,2,2,0,0,0,0,2,0,2,2,0,1,2,0,1,1,0
0,1,2,1,1,1,0,0,0,0,2,2,0,0,2,1,0,2,0,2,0,2,2,0,0,1,0,1,1,1
0,1,2,0,0,0,1,0,0,1,0,0,1,0,2,0,0,1,0,0,0,1,2,2,0,1,0,1,0,0
0,2,2,1,0,0,0,2,0,2,2,0,1,2,2,0,1,2,1,0,2,2,0,2,1,1,0,1,1,0
0,1,2,1,1,0,2,0,1,0,0,2,0,2,2,0,0,0,1,2,0,2,2,0,0,1,0,1,1,1
0,1,2,1,1,1,2,2,1,1,2,0,0,2,0,0,1,2,0,0,2,2,0,1,0,1,0,1,1,0
0,1,2,1,1,0,1,0,0,1,2,2,1,0,1,1,1,1,0,2,0,2,2,1,0,0,0,1,1,2
0,1,0,0,0,1,1,0,1,1,1,1,1,2,0,1,1,0,1,2,2,1,0,2,1,1,0,1,0,1
0,1,2,1,1,1,0,0,0,2,2,0,0,2,0,1,0,1,0,0,2,2,2,1,0,2,0,1,1,2
0,2,2,1,0,0,0,0,1,1,2,0,1,1,1,0,0,0,1,0,2,2,2,0,1,2,0,1,1,2
0,1,2,1,1,0,1,1,1,0,1,0,1,2,2,0,1,1,1,0,0,2,0,1,1,1,0,1,1,1
0,1,2,1,1,1,0,0,0,0,2,1,1,2,0,1,0,0,0,0,2,2,2,2,0,1,0,1,1,0
0,1,2,1,1,0,2,0,0,0,2,0,0,2,0,1,0,1,0,2,2,2,2,0,1,0,0,1,0,0
0,1,2,1,0,0,1,2,0,1,0,0,1,0,2,0,0,1,0,0,2,2,1,1,0,1,0,1,1,2
0,2,2,1,1,0,2,2,1,1,0,1,0,1,0,1,0,1,1,0,0,2,2,0,0,1,0,1,1,2
0,1,2,1,1,0,0,0,0,1,1,1,1,2,2,0,0,1,0,2,0,2,2,1,0,0,0,0,1,1
0,1,1,1,1,0,1,0,0,0,2,1,0,1,0,2,1,2,1,2,0,1,0,0,0,1,0,1,0,0
0,1,2,1,1,0,0,2,0,1,1,0,1,2,0,1,0,0,0,0,2,0,2,2,0,0,0,0,1,0
0,0,0,1,0,0,0,0,0,1,2,0,0,2,0,1,0,1,1,2,0,2,2,1,0,2,0,1,1,0
0,1,0,1,1,1,1,0,1,0,1,1,1,1,0,1,0,1,0,0,0,2,2,0,1,0,0,1,1,1
0,2,0,1,1,1,0,2,1,1,1,2,1,1,1,0,0,1,0,0,1,2,2,0,1,1,0,1,0,1
0,0,2,1,1,1,2,1,0,0,0,1,1,0,2,0,1,1,1,1,1,2,2,1,0,0,0,1,1,2
0,0,2,1,0,0,2,1,0,2,1,1,1,2,1,0,1,0,1,2,0,2,2,1,0,2,0,1,1,1
0,2,1,1,1,1,2,0,0,2,1,0,0,2,2,1,0,1,1,2,2,2,2,0,1,2,0,1,1,2
0,1,2,1,0,0,0,0,0,2,1,1,1,2,1,0,0,1,1,2,2,0,2,2,0,2,0,1,0,1
0,1,1,1,1,0,0,1,0,1,2,0,1,2,0,1,0,0,1,2,2,2,0,2,1,2,0,1,1,1
0,1,2,1,1,0,0,0,0,2,2,1,0,2,0,1,0,1,0,0,2,2,2,0,1,0,0,1,1,1
0,1,0,1,1,1,1,2,1,1,1,2,0,0,2,1,0,1,1,1,1,2,1,1,0,1,0,1,1,2
0,1,2,1,1,0,0,0,0,2,0,1,0,2,0,0,1,2,0,2,2,2,2,2,0,2,0,1,1,1
0,1,2,1,1,1,0,0,0,2,2,1,0,2,0,1,0,0,1,0,2,2,0,2,0,0,0,1,1,1
0,1,2,1,0,0,1,0,0,1,1,2,0,0,1,0,0,1,1,2,0,2,2,1,0,1,0,1,1,1
0,1,1,1,1,1,2,2,0,0,1,1,0,0,0,1,1,1,0,2,2,2,2,1,0,1,0,1,1,0
0,2,1,1,1,1,0,0,1,1,0,0,1,1,1,1,0,1,1,0,1,2,2,0,0,1,0,1,1,2
0,1,2,1,1,0,1,2,1,0,0,1,1,1,2,1,1,1,0,1,0,2,0,1,0,1,0,1,0,1
0,1,2,1,1,1,0,0,1,2,1,0,0,0,0,0,0,1,0,2,0,2,2,0,1,1,0,0,0,1
0,2,1,1,0,0,2,0,0,2,0,0,0,2,1,1,0,1,0,2,0,2,0,1,0,2,0,1,1,1
0,0,2,1,1,1,2,0,0,0,2,2,1,2,1,0,1,0,1,0,2,2,2,1,0,0,0,1,1,2
0,1,0,1,1,0,1,0,0,1,0,2,0,2,2,1,0,0,1,2,2,2,2,2,1,0,0,1,1,1
0,1,2,1,1,1,1,0,1,2,2,0,1,0,0,1,0,1,1,0,2,2,2,0,0,0,0,1,1,0
0,1,2,1,0,0,2,0,0,2,2,0,0,2,0,1,1,1,1,0,2,2,2,1,1,1,0,1,1,1
0,1,1,1,0,0,0,0,0,0,1,1,1,2,1,0,0,1,1,0,0,2,2,1,0,1,0,1,1,0
0,2,1,1,1,1,0,0,1,1,1,1,0,2,0,1,0,1,0,0,2,2,2,1,0,0,0,1,1,1
0,1,2,1,1,1,0,2,0,0,1,1,1,2,0,0,0,1,1,1,2,2,1,2,1,1,0,1,1,1
0,1,0,1,1,0,1,2,1,1,0,1,0,2,2,1,0,1,1,1,2,2,0,0,0,1,0,1,1,2
0,1,2,1,1,1,0,0,1,0,1,2,0,0,2,0,0,1,1,0,0,2,2,2,1,2,0,1,1,1
0,2,2,1,0,1,0,0,0,1,0,2,0,2,0,0,0,0,1,1,0,2,0,2,1,1,0,1,1,1
0,2,2,1,1,1,1,0,1,2,2,2,0,2,2,1,0,1,1,1,0,2,1,0,0,1,0,1,0,1
0,1,1,1,1,1,0,2,0,2,1,0,1,0,2,1,1,2,1,2,2,2,0,1,1,1,0,0,1,2
0,2,1,1,0,0,0,0,0,0,0,1,1,2,0,0,0,0,0,1,2,2,1,2,0,0,0,1,1,2
0,2,2,1,1,0,2,0,1,1,1,2,1,1,1,0,1,0,1,0,0,2,2,0,1,0,0,1,1,1
0,2,2,1,1,0,1,0,0,0,1,0,1,1,1,1,0,1,0,0,0,2,2,0,0,2,0,1,1,0
0,1,2,1,1,0,1,2,1,1,0,0,0,0,2,1,0,1,1,1,2,2,1,1,0,1,0,1,1,1
0,1,2,1,1,1,0,0,0,1,1,0,1,2,0,2,1,0,0,0,0,2,2,2,1,1,0,1,1,0
0,1,1,1,0,0,1,0,0,1,0,0,0,0,2,1,0,1,1,0,1,2,2,0,0,1,0,1,1,2
0,1,2,0,0,0,1,0,1,1,2,1,0,2,2,0,1,0,0,0,0,0,2,1,1,2,0,1,0,2
0,2,0,1,0,0,0,1,0,2,0,2,1,0,2,0,1,0,1,0,2,2,0,1,0,2,1,0,1,1
0,1,1,1,1,1,2,0,0,1,1,1,0,2,0,0,1,0,1,2,2,2,2,1,1,2,0,1,1,1
0,2,2,1,1,1,0,2,0,0,2,2,1,0,2,0,1,0,0,0,2,2,0,1,0,0,0,1,0,1
0,2,0,1,1,1,0,0,1,1,0,1,0,0,1,0,0,2,0,0,2,2,2,2,1,0,0,1,1,0
0,2,1,1,1,1,2,0,0,0,0,2,0,0,1,0,0,1,0,2,1,2,2,0,0,1,0,1,1,1
0,2,2,1,1,1,0,0,1,1,1,0,0,0,1,0,1,0,1,2,0,2,2,0,1,1,0,1,1,1
0,1,0,1,1,0,0,0,1,1,0,0,0,1,2,0,0,1,1,0,0,2,0,2,0,2,0,1,1,0
0,1,2,1,1,0,1,0,1,0,2,1,0,2,0,0,1,1,0,1,2,2,0,1,1,1,0,1,1,1
0,2,1,1,0,1,1,2,1,1,1,0,0,2,2,0,1,1,0,0,1,2,0,0,0,0,0,1,1,0
0,1,2,1,1,1,2,2,0,1,1,0,1,0,1,0,1,1,0,1,2,2,2,1,1,1,0,1,1,1
0,1,2,1,1,1,1,0,1,2,1,1,0,0,0,2,1,2,1,0,0,2,2,0,1,0,0,1,0,1
0,2,2,0,1,1,0,1,0,0,2,0,1,2,2,0,1,1,0,1,0,1,1,1,1,2,0,1,0,1
0,2,2,1,0,0,0,1,0,2,2,2,1,1,2,2,0,2,0,0,2,2,2,1,0,0,0,0,1,1
0,2,2,1,1,0,1,1,1,2,2,2,1,2,1,2,1,1,0,0,2,0,2,1,1,2,0,0,1,2
0,2,1,1,1,0,0,2,1,2,0,0,1,2,2,0,0,1,1,2,1,2,1,1,0,1,0,1,1,1
0,1,2,1,1,1,1,0,1,2,1,2,1,0,2,0,0,1,0,1,0,2,1,2,1,1,0,1,1,2
0,2,1,1,0,0,2,2,1,2,0,1,1,0,1,0,1,2,1,1,1,2,0,1,1,1,0,1,1,0
0,1,2,1,0,1,2,2,0,0,0,0,1,0,0,2,1,1,0,2,1,2,1,1,1,1,0,1,1,0
0,2,2,1,0,1,2,2,0,0,2,2,1,0,2,0,0,0,1,2,0,2,2,1,0,1,0,1,1,0
0,2,1,0,0,0,2,2,0,2,1,2,0,2,2,2,0,2,1,0,0,1,0,1,1,0,0,1,0,1
0,1,1,1,1,0,2,0,0,2,0,2,1,0,2,1,0,2,1,0,1,2,0,0,0,2,0,1,1,0
0,0,0,1,0,1,0,0,1,0,2,2,0,1,0,0,1,0,1,1,0,2,2,0,0,1,0,1,0,1
0,1,0,1,1,1,0,2,0,0,1,0,0,0,2,0,0,0,1,1,0,0,2,1,0,2,0,1,0,1
0,1,2,1,0,1,0,1,1,0,1,0,0,2,2,0,0,0,0,2,2,2,2,0,0,2,0,1,1,1
0,1,2,1,0,1,0,0,1,0,2,2,0,0,1,1,0,1,1,0,2,2,2,0,1,0,0,1,0,0
0,1,2,1,0,0,2,2,1,2,0,1,1,1,0,2,1,2,1,2,2,2,1,0,1,1,0,1,1,2
0,1,2,1,1,1,0,2,0,0,2,1,0,2,0,0,0,0,1,2,2,2,2,1,0,0,0,1,0,1
0,2,2,1,1,0,0,2,1,0,0,2,0,2,2,1,0,1,0,0,2,2,0,1,0,2,0,1,1,0
0,0,2,1,0,0,2,0,0,0,2,2,1,2,2,1,1,1,1,2,2,0,0,1,1,0,0,1,0,1
0,0,0,1,1,0,1,2,1,1,0,1,0,2,2,1,0,1,1,2,0,2,2,0,0,2,0,1,1,2
0,2,2,1,1,1,2,0,1,2,1,0,1,1,1,1,0,1,0,2,0,2,2,0,0,0,0,1,0,0
0,1,2,1,1,1,1,0,0,1,1,0,0,0,0,0,0,0,1,0,0,2,2,0,1,1,0,1,1,1
0,1,2,1,1,0,1,2,1,0,0,0,0,2,0,0,1,1,1,2,1,2,2,1,0,0,0,1,1,2
0,2,2,1,0,1,2,0,1,2,1,0,1,1,1,1,0,1,0,2,0,2,2,0,1,0,0,1,1,1
0,1,2,1,1,0,1,0,0,0,2,0,0,2,0,1,1,1,0,0,0,2,2,1,1,0,0,1,1,2
0,0,1,1,1,1,1,0,0,2,0,2,1,2,0,0,1,2,0,0,1,2,2,2,1,2,0,1,1,0
0,1,2,0,0,0,0,2,0,0,2,0,0,0,1,0,1,0,1,2,2,2,2,1,0,2,0,1,1,2
0,1,1,1,0,0,1,0,0,1,0,1,0,2,1,0,0,0,0,2,1,2,2,2,1,0,0,1,1,2
0,1,2,1,1,1,1,0,0,2,1,1,1,0,2,0,0,0,1,2,0,2,2,0,0,0,0,1,1,1
0,2,2,1,1,1,0,0,0,0,2,2,1,2,2,0,1,0,1,0,0,2,0,1,0,0,0,1,1,1
0,2,1,1,0,1,0,0,0,0,2,1,1,2,0,1,0,2,0,2,0,0,2,0,0,2,0,1,0,1
0,1,2,1,1,1,1,0,1,1,1,2,1,0,1,0,1,0,0,0,0,2,0,1,1,1,0,1,1,1
0,1,2,0,1,0,1,0,0,2,0,1,1,2,0,2,1,2,1,2,0,1,2,0,0,1,0,0,1,2
0,1,1,1,1,0,1,2,0,0,1,0,1,0,0,1,1,1,0,0,1,2,2,1,1,2,0,1,1,0
0,1,2,1,1,0,1,2,1,0,1,0,1,0,2,0,1,0,1,2,0,2,1,1,0,2,0,1,1,1
0,1,2,1,1,0,2,0,1,2,2,0,1,2,0,0,0,0,1,2,2,2,2,0,0,2,0,1,1,2
0,1,2,1,0,0,2,0,1,1,1,2,0,1,0,0,1,2,1,0,0,2,0,2,1,0,0,1,1,1
0,1,2,0,1,1,2,0,1,0,1,2,1,1,0,0,1,2,1,2,1,1,0,1,1,2,0,1,0,1
0,2,2,1,0,0,0,2,0,0,0,2,1,0,2,1,0,1,1,0,2,2,2,0,1,0,0,1,1,2
0,1,2,0,0,1,0,2,0,0,1,0,0,0,1,0,0,1,0,1,2,1,1,2,0,0,0,1,1,2
0,1,2,1,1,1,0,2,1,0,0,0,0,1,0,0,1,0,0,0,1,0,0,0,0,2,0,0,0,2
0,2,2,0,0,0,1,0,0,1,0,1,1,2,2,1,1,0,1,0,2,2,2,2,1,2,0,1,1,2
0,2,2,1,0,0,0,0,0,2,2,0,0,0,2,0,1,0,1,0,2,2,2,1,0,2,0,1,1,0
0,1,2,1,0,1,2,2,0,1,2,0,1,0,2,0,1,0,0,0,2,2,2,1,1,2,0,1,1,1
0,1,2,1,1,0,2,0,0,2,0,0,0,2,2,1,1,1,1,2,0,2,0,1,1,1,0,1,1,2
0,1,2,0,1,1,1,2,1,1,0,1,1,2,0,1,0,0,0,0,2,0,2,2,0,2,0,1,0,0
0,1,2,1,1,0,0,0,0,2,0,2,0,2,1,0,0,2,0,0,2,2,0,2,1,2,0,1,1,1
0,1,2,1,1,1,2,2,1,0,0,1,0,1,0,1,1,1,1,2,2,2,0,1,1,1,0,1,1,0
0,2,1,1,1,1,0,2,0,1,1,1,0,0,1,2,1,1,1,2,0,2,2,1,0,0,0,1,0,1
0,2,2,1,1,1,1,2,0,2,0,1,1,0,2,1,1,1,1,1,1,2,1,1,0,0,0,0,0,0
0,1,1,1,1,0,1,2,1,0,2,0,0,1,2,1,0,1,0,2,1,2,2,0,1,1,0,1,1,2
0,1,2,1,1,0,2,2,0,1,1,1,1,0,2,0,0,0,0,2,0,2,2,1,0,1,0,1,1,1
0,1,2,0,1,0,1,2,1,1,2,0,0,0,2,0,1,0,1,1,0,1,1,1,0,1,0,1,0,2
0,2,1,1,1,0,0,0,0,0,0,2,1,0,1,0,0,0,1,1,2,2,2,0,1,2,0,1,1,1
0,1,0,1,0,0,0,2,1,0,1,0,0,2,1,1,1,1,1,2,1,2,2,1,0,2,0,1,1,1
0,2,2,0,1,1,0,0,1,0,2,0,1,0,0,0,1,1,1,1,0,1,1,1,1,1,0,1,0,0
0,2,2,1,1,0,0,2,1,0,0,0,1,1,1,1,0,1,0,0,2,2,2,0,1,0,0,1,0,2
0,1,2,1,1,0,1,2,0,1,2,1,1,2,0,1,0,2,1,2,2,2,2,2,1,0,0,1,1,0
0,2,2,1,1,0,0,0,0,2,2,2,1,2,1,0,0,1,0,1,2,2,2,2,1,0,0,1,1,0
0,1,2,0,1,1,2,0,1,2,2,2,0,1,2,1,1,2,0,2,2,1,0,1,1,0,0,1,0,0
0,2,2,1,1,0,0,0,1,1,1,0,0,0,0,0,1,0,0,0,0,2,2,1,1,1,0,1,1,0
0,1,1,1,1,0,1,2,1,1,1,1,0,0,2,1,0,1,0,0,0,2,2,1,0,1,0,1,1,0
0,1,2,0,1,1,0,0,0,0,0,0,0,0,0,1,0,1,1,2,2,1,2,1,1,0,0,0,1,2
0,2,2,1,1,1,1,2,0,0,2,2,0,0,1,0,1,0,0,0,2,0,2,1,1,1,0,1,1,2
0,1,2,1,1,0,2,0,1,0,2,1,1,0,0,1,0,1,0,0,2,2,2,1,0,1,0,1,1,0
0,1,2,1,1,0,2,0,0,2,0,2,1,1,0,0,0,1,1,2,1,2,0,0,0,2,0,1,1,1
0,2,2,1,1,0,0,0,1,1,1,0,0,1,1,0,0,0,1,0,2,2,2,0,1,2,0,1,1,1
0,2,1,1,1,0,0,0,1,0,2,0,1,1,1,1,0,0,1,0,1,2,2,2,0,2,0,1,1,2
0,1,2,1,1,1,0,1,0,0,1,2,0,1,0,1,0,1,1,2,0,2,0,0,1,2,0,1,1,0
0,2,1,1,0,0,1,0,0,1,1,1,1,2,2,1,1,0,0,0,2,2,2,2,1,2,1,0,1,1
0,2,2,1,1,0,0,0,1,0,1,2,1,1,1,0,0,0,1,2,0,2,2,1,0,1,0,1,0,1
0,1,2,1,0,1,1,0,1,2,2,1,1,0,0,1,0,1,1,2,2,2,1,0,0,0,0,1,1,0
0,2,1,1,0,1,0,0,1,2,2,2,0,0,1,1,0,0,1,2,0,2,2,0,0,0,0,1,0,2
0,1,0,1,1,1,1,2,1,2,1,2,0,1,0,0,0,0,1,0,1,2,0,0,0,1,0,1,1,1
0,1,2,1,1,1,0,2,0,0,0,1,1,2,0,1,1,0,1,1,2,2,2,2,1,2,0,1,1,0
0,1,2,0,0,1,0,0,1,0,1,1,1,0,0,0,0,1,1,0,0,1,0,2,0,2,0,1,0,2
0,1,2,1,1,1,1,2,1,1,2,1,0,2,2,1,1,0,1,2,2,2,2,1,1,2,0,1,1,2
0,1,1,0,1,1,2,2,0,0,0,2,1,0,2,0,1,1,0,1,2,1,1,1,1,0,0,1,0,1
0,1,2,1,0,1,1,0,1,1,0,1,1,2,1,1,0,0,1,2,0,0,2,2,1,0,0,1,0,0
0,1,2,1,1,0,0,0,1,1,1,0,0,0,0,1,0,1,1,0,0,2,2,1,0,1,0,1,1,0
0,1,2,1,1,0,0,2,0,1,0,0,1,2,2,0,0,0,1,0,1,2,2,0,1,0,0,1,0,0
0,2,2,1,0,1,0,2,0,1,0,1,1,0,2,0,0,1,0,2,0,1,2,1,0,1,0,1,0,1
0,1,2,1,0,0,1,0,1,0,0,0,0,1,1,0,0,0,0,2,2,2,0,2,0,2,0,1,1,2
0,1,2,0,0,1,1,0,1,0,0,2,1,2,1,1,1,0,1,2,0,1,2,2,0,2,0,1,0,0
0,1,1,1,1,0,1,0,1,1,1,0,0,0,0,1,0,1,0,1,2,2,0,1,0,1,0,1,1,2
0,0,2,1,1,1,0,0,0,1,2,2,1,2,2,1,1,1,1,2,1,2,0,1,1,0,0,1,1,1
0,1,1,1,0,0,2,0,1,1,0,1,0,2,2,1,1,1,1,0,1,2,2,1,0,2,0,1,1,2
0,1,2,1,0,1,2,0,0,2,2,1,1,2,1,0,0,2,0,1,2,1,2,2,1,0,0,0,1,1
0,1,2,1,1,1,0,2,0,0,0,1,1,1,0,1,0,0,1,1,1,2,0,2,0,2,0,1,1,1
0,1,2,1,0,1,2,1,0,1,2,2,0,2,2,1,1,1,0,2,2,2,2,1,0,0,0,1,0,2
0,1,1,1,0,1,1,0,1,2,0,1,1,1,2,1,0,2,1,2,1,2,1,0,0,0,0,1,1,0
0,2,2,0,1,0,1,0,0,0,1,0,1,0,0,0,1,0,1,0,0,1,2,0,1,1,0,1,0,1
0,2,2,1,0,0,0,0,1,0,1,0,0,0,1,0,1,1,1,0,2,2,1,1,0,0,0,1,1,2
0,2,0,0,0,0,1,0,1,1,2,1,0,2,1,2,0,1,1,0,0,1,0,1,0,1,0,0,1,0
0,2,1,1,1,1,0,0,0,1,1,0,1,2,2,1,0,0,1,0,0,2,2,2,1,1,0,1,1,1
0,1,2,1,0,1,2,2,0,1,1,1,0,0,1,1,1,1,1,2,0,2,2,1,0,2,0,1,1,0
0,2,2,1,1,1,2,0,0,2,1,2,0,2,0,2,1,0,0,0,2,2,2,2,0,1,0,0,1,0
0,1,2,1,1,1,1,0,1,2,2,0,1,2,0,0,0,0,0,2,0,2,2,0,0,1,0,1,1,2
0,1,2,0,1,1,2,0,1,1,1,0,1,2,0,1,1,1,1,2,0,1,2,1,0,1,0,1,0,1
0,1,2,1,0,0,1,0,0,0,0,1,1,2,2,0,0,1,1,1,2,2,2,2,1,0,0,0,1,2
0,2,2,1,1,1,0,0,0,1,1,0,0,0,0,0,0,1,0,2,1,2,0,0,0,1,0,0,1,2
0,1,1,1,1,1,1,0,0,1,1,1,1,2,0,1,0,0,0,0,0,2,2,2,1,0,0,0,1,1
0,2,2,1,0,1,1,2,1,0,1,1,1,1,2,0,0,0,0,2,0,2,2,0,0,1,0,0,0,0
0,1,0,1,1,1,0,0,0,0,2,1,1,2,0,1,1,2,1,0,1,2,2,2,1,2,0,1,1,0
0,1,1,0,0,1,1,0,1,2,2,2,0,2,1,1,0,2,0,2,0,1,2,2,0,1,0,1,0,1
0,1,2,0,1,0,0,0,1,2,0,1,1,0,1,0,1,1,1,2,0,1,2,1,0,2,0,1,0,2
0,1,2,1,0,1,2,0,0,1,1,1,0,0,1,0,1,1,1,0,0,2,2,1,1,2,0,1,1,1
0,1,2,1,0,1,0,2,0,0,1,0,1,0,1,0,0,1,0,0,0,0,0,0,1,1,0,1,1,0
0,2,2,0,0,1,0,0,0,0,0,1,0,0,2,0,1,1,0,1,0,1,2,0,1,0,0,1,0,2
0,1,2,1,1,1,1,2,1,0,1,1,0,2,0,1,1,1,1,2,0,2,2,1,1,1,0,1,1,1
0,1,2,1,1,0,1,2,1,1,0,0,0,0,2,1,0,1,1,0,2,2,2,0,0,1,0,0,1,2
0,1,2,1,1,0,2,1,0,2,2,2,1,1,2,0,0,0,0,2,1,2,0,0,0,1,0,1,1,1
0,2,0,1,0,0,0,0,0,2,0,1,0,0,0,0,0,0,0,2,0,0,1,0,0,1,0,1,1,2
0,2,2,1,1,0,1,0,0,1,0,0,0,1,1,0,1,0,0,2,1,2,2,0,1,1,0,1,1,0
0,2,2,1,0,0,0,0,0,1,1,1,0,1,1,1,0,1,1,2,0,2,2,0,0,2,0,1,1,1
0,0,2,1,0,0,2,2,1,0,0,0,1,2,0,0,0,0,0,2,0,1,1,0,0,1,0,1,0,2
0,2,2,1,0,0,1,2,1,1,1,1,0,1,1,0,1,0,1,0,0,2,2,0,1,2,0,1,1,1
0,1,1,1,0,0,0,2,1,1,1,0,0,2,1,0,0,1,1,2,0,2,2,1,0,0,0,1,1,1
0,1,1,1,0,0,1,2,0,2,1,2,1,1,1,0,0,2,0,2,2,2,0,2,1,1,0,0,0,0
0,1,2,1,1,0,1,0,0,1,2,1,0,2,2,0,1,1,1,1,2,2,1,1,0,0,0,0,0,0
0,1,2,1,1,0,0,0,0,0,1,1,1,1,0,0,1,1,0,2,1,2,2,0,1,0,0,1,1,0
0,2,2,1,0,0,2,2,1,1,2,0,0,1,2,2,1,2,1,0,0,0,2,0,1,1,0,1,0,0
0,1,2,1,1,0,2,0,1,2,1,2,1,1,2,1,0,0,1,1,0,2,0,2,0,1,0,1,1,1
0,1,2,1,1,1,0,2,1,0,1,1,0,2,0,1,0,1,1,0,0,2,2,0,0,2,0,1,1,1
0,0,2,1,0,0,2,2,1,0,2,0,0,2,1,1,1,1,1,0,2,2,1,1,1,1,0,1,1,0
0,0,2,1,1,0,0,2,1,0,0,0,1,2,0,1,0,0,1,0,0,2,0,2,0,2,0,1,0,2
0,2,2,1,0,1,0,2,1,1,0,1,1,1,2,0,1,0,1,0,2,0,2,0,1,0,0,1,1,0
0,1,1,1,1,1,0,2,1,0,1,0,0,2,0,0,1,0,0,2,2,2,2,0,0,1,0,0,1,0
0,2,2,1,1,0,1,0,1,1,1,0,0,1,1,1,0,0,1,0,0,2,2,2,1,1,0,1,1,1
0,1,2,1,0,1,1,2,0,1,2,1,1,0,1,1,1,1,0,2,2,2,2,1,0,0,0,1,1,0
0,2,1,0,0,0,1,0,0,2,1,1,1,2,2,0,1,0,0,1,1,1,2,1,1,2,0,0,1,0
0,0,2,1,0,0,2,2,1,2,2,0,0,2,1,1,1,0,0,0,0,1,1,2,1,2,1,0,1,2
0,1,2,1,1,0,0,2,1,0,2,1,0,2,0,0,1,0,0,2,2,2,2,1,0,2,0,1,1,1
0,1,1,1,0,1,1,2,0,0,1,0,1,0,2,1,1,1,1,2,0,2,2,1,1,0,0,1,1,1
0,1,0,1,0,1,1,2,1,1,1,0,0,0,2,0,1,2,1,0,0,2,2,1,1,1,0,1,1,1
0,1,2,1,0,1,1,2,1,2,2,1,0,2,2,1,1,1,0,2,0,2,2,1,0,2,0,1,1,0
0,2,2,1,1,0,0,0,0,1,1,1,1,0,2,0,0,0,1,0,0,2,0,0,1,2,0,1,1,1
0,1,2,1,1,0,2,0,0,0,2,1,0,0,2,2,0,0,0,2,2,1,1,2,0,0,0,1,0,0
0,1,2,0,0,1,0,1,0,0,1,2,0,0,0,2,0,2,0,2,0,1,1,2,0,1,0,1,0,2
0,0,2,1,1,0,0,0,0,1,0,2,0,2,1,0,1,0,0,0,0,2,0,0,1,0,0,1,1,2
0,2,2,1,1,0,0,0,0,0,0,2,0,2,1,0,0,1,0,0,0,2,2,2,1,1,1,0,1,2
0,1,1,1,1,1,0,0,1,0,1,1,1,2,0,1,0,1,0,2,0,2,2,0,1,1,0,1,1,1
0,1,1,1,1,0,0,0,1,2,2,0,1,0,1,2,1,2,0,0,0,2,2,1,1,1,0,1,1,1
0,1,2,1,1,0,0,1,0,0,0,1,1,0,2,2,1,1,0,2,1,2,1,1,1,2,0,1,1,1
0,2,2,1,1,1,2,0,1,1,1,0,0,0,1,0,0,1,0,0,2,2,2,1,0,2,0,1,1,1
0,2,2,1,1,0,2,0,0,2,1,0,0,0,1,1,0,1,0,0,0,2,2,0,1,1,0,1,1,1
0,1,2,1,1,1,1,1,1,2,1,2,0,1,0,2,1,2,1,1,0,2,0,0,1,0,0,1,1,1
0,2,2,1,0,1,0,0,0,1,1,0,0,0,1,2,1,2,1,0,0,2,2,0,1,2,0,1,1,2
0,0,2,1,0,1,0,0,0,2,1,1,0,1,0,1,0,2,0,0,0,2,2,0,0,2,0,1,1,1
0,1,2,0,0,1,2,0,1,1,0,0,1,2,1,1,1,2,1,2,0,1,2,2,0,1,0,1,0,1
0,1,2,0,0,0,2,0,1,1,1,1,1,1,2,1,1,0,1,2,1,1,0,0,1,2,0,1,0,1
0,1,1,1,1,1,0,0,1,0,0,2,1,2,0,1,0,1,1,0,1,2,2,0,1,1,0,1,1,2
0,1,2,0,0,0,0,2,1,2,2,1,0,2,1,0,1,2,0,2,0,1,2,2,0,1,0,1,0,1
0,1,2,1,0,1,1,0,1,0,2,1,1,0,0,2,1,1,1,2,2,0,1,1,1,1,0,1,1,2
0,2,1,1,0,1,0,0,0,1,1,1,1,2,2,0,1,1,1,1,0,2,0,1,1,2,0,1,1,1
0,0,1,1,0,1,2,0,1,1,2,1,0,1,1,0,0,2,1,0,0,2,2,2,1,2,0,0,1,1
0,1,0,1,1,1,1,2,0,2,2,0,0,0,2,0,0,0,1,2,1,2,1,0,1,0,0,0,0,2
0,1,1,1,1,0,1,0,1,2,0,2,1,0,0,1,1,1,1,1,1,2,1,1,1,2,0,0,1,1
0,2,2,1,1,0,0,0,0,1,2,2,0,2,2,1,0,0,0,1,2,2,0,2,1,1,1,0,0,2
0,1,2,1,0,0,1,0,1,0,2,1,1,0,2,1,1,1,0,0,1,1,0,1,0,1,0,1,0,2
0,2,2,1,0,1,1,2,0,0,0,1,1,0,0,1,1,1,0,0,2,2,2,1,1,0,0,1,1,2
0,2,2,1,1,1,2,0,0,2,1,0,0,0,0,2,1,2,1,2,2,2,1,0,1,0,0,1,1,0
0,1,2,0,1,0,1,2,1,0,0,0,0,0,2,1,1,1,1,0,2,1,2,0,1,1,0,1,0,2
0,1,0,1,1,1,2,0,0,1,0,2,1,2,0,1,1,1,1,2,0,2,1,0,0,2,0,1,1,1
0,2,0,1,1,1,2,0,1,1,1,0,0,2,1,0,1,0,0,0,1,2,2,1,1,1,0,0,1,1
0,0,0,1,1,1,2,2,0,1,1,0,0,0,1,1,1,1,0,2,1,2,2,1,0,0,0,1,1,0
0,2,2,1,1,1,0,2,0,1,2,2,1,0,1,0,0,0,0,0,2,2,2,1,1,2,0,1,1,1
0,2,0,0,1,1,1,2,1,0,0,0,1,2,1,1,0,0,0,0,0,0,2,2,0,2,0,0,0,1
0,1,0,1,1,0,0,0,0,2,2,2,0,2,0,0,1,0,1,2,1,2,2,1,0,1,0,1,1,1
0,2,2,1,1,0,1,0,1,1,2,2,0,2,2,1,1,0,1,1,0,2,0,2,1,0,0,1,1,1
0,1,0,1,1,0,1,0,0,1,2,2,1,2,0,1,0,0,1,2,0,0,2,2,1,0,0,1,1,1
0,2,1,0,0,1,0,0,1,1,1,1,1,2,2,0,1,0,1,0,1,1,0,0,1,1,0,1,0,1
0,2,0,1,1,1,0,2,0,0,2,1,1,0,1,0,1,0,0,0,1,2,2,1,1,0,0,1,1,0
0,1,2,0,1,0,2,2,1,1,2,1,0,1,2,0,1,1,1,2,1,1,0,1,0,1,0,1,0,1
0,2,0,1,1,1,0,0,1,1,1,0,0,2,0,0,1,2,1,2,1,2,2,1,1,0,1,0,0,1
0,2,2,1,0,0,0,2,0,1,0,0,1,1,2,1,0,0,0,2,2,0,2,2,1,1,0,1,0,1
0,0,2,1,1,0,2,0,0,2,2,2,0,2,1,1,0,1,0,1,0,2,1,0,0,0,0,1,1,0
0,2,2,0,0,1,2,0,1,0,1,2,1,2,0,0,0,1,0,1,0,1,1,0,1,2,0,1,0,2
0,1,1,1,1,0,1,2,1,1,2,1,0,1,2,1,0,1,0,2,0,0,0,0,0,1,0,1,1,1
0,1,1,1,1,0,2,0,1,1,1,0,0,1,0,0,1,0,1,0,0,2,0,0,1,1,0,1,1,1
0,1,2,1,1,1,1,2,0,0,1,0,1,0,0,0,1,0,0,2,0,2,2,1,0,1,0,1,1,0
0,0,2,1,1,1,2,0,0,0,2,2,1,2,1,0,1,1,0,2,2,2,2,0,1,2,0,1,1,2
0,0,2,1,1,0,0,0,1,1,2,2,1,1,1,1,0,0,0,2,2,2,2,2,1,1,0,1,1,2
0,1,2,1,1,1,0,2,1,1,1,1,0,1,0,0,1,0,1,0,0,0,0,0,1,1,0,1,0,1
0,2,2,1,0,0,0,2,1,0,1,1,0,0,1,1,1,1,1,2,0,2,0,1,1,1,0,1,1,0
0,2,2,1,1,1,0,0,0,1,1,1,1,2,1,2,1,0,0,0,0,2,2,2,1,0,0,1,1,0
0,1,2,1,0,0,0,0,0,2,2,1,0,2,2,2,1,0,0,0,2,2,2,2,0,2,0,1,1,1
0,1,1,1,1,0,2,2,1,1,0,1,0,0,0,0,1,1,1,0,1,2,2,0,1,2,0,1,1,2
0,1,2,1,0,0,1,2,1,0,2,2,0,0,1,1,1,1,1,0,2,0,2,1,1,1,0,1,0,0
0,1,2,0,0,0,1,2,1,1,1,2,0,2,2,1,0,0,1,0,1,1,0,1,0,2,0,1,1,1
0,1,1,1,1,1,1,0,1,1,2,0,0,0,2,1,1,1,0,1,1,2,1,1,0,2,0,1,1,1
0,1,2,1,0,1,0,2,1,0,1,1,1,2,1,0,1,0,1,0,0,2,2,0,1,2,0,0,0,1
0,1,2,1,0,0,0,2,1,1,0,0,0,2,1,1,0,1,1,2,2,2,2,0,0,2,0,1,1,2
0,2,2,1,0,0,2,0,0,2,0,2,0,2,2,1,1,1,1,2,0,2,0,1,0,0,0,1,1,0
0,2,0,1,1,1,2,2,0,2,1,1,0,0,1,0,0,2,1,2,0,2,2,1,0,2,0,1,0,1
0,1,2,1,1,1,0,1,0,2,2,2,1,2,1,2,0,1,0,0,2,2,2,2,1,0,0,1,1,2
0,2,2,1,1,0,1,0,1,1,0,1,0,2,1,0,1,0,0,0,2,2,2,1,1,2,0,1,1,2
0,1,2,1,0,0,2,0,0,1,0,1,0,2,2,0,1,0,1,1,2,0,2,0,1,2,0,1,0,1
0,2,2,1,0,1,0,1,0,1,2,2,0,1,2,0,0,1,0,2,2,2,2,0,0,0,0,1,1,1
0,2,2,1,1,0,1,2,1,1,0,1,0,0,2,0,0,0,1,1,0,2,2,0,1,1,0,1,1,0
0,2,2,1,1,1,0,0,0,2,2,1,0,0,1,1,0,1,0,0,1,2,2,1,0,1,0,1,1,0
0,1,2,0,1,0,2,0,0,0,0,0,1,2,0,1,1,0,0,2,0,1,2,2,0,2,0,1,0,0
0,2,2,1,0,0,2,2,0,1,2,2,0,0,2,0,1,0,1,2,2,2,0,0,1,0,0,1,1,1
0,1,2,0,1,0,1,0,0,0,1,2,0,1,2,0,1,0,0,2,0,1,2,1,0,2,0,1,0,0
0,2,2,1,1,0,2,0,0,2,2,2,0,2,1,0,1,1,0,1,2,2,2,2,1,0,0,1,1,2
0,2,2,1,0,0,2,0,0,1,2,1,0,2,2,0,0,1,0,0,0,2,0,2,1,1,0,1,1,2
0,1,0,0,1,0,2,2,1,0,2,2,1,0,0,1,0,1,1,0,1,1,2,1,1,0,0,0,1,1
0,1,2,1,1,1,1,0,1,0,2,1,0,0,0,1,1,1,1,0,2,2,2,1,1,0,0,1,1,0
0,2,0,1,1,1,0,0,0,1,1,2,1,0,0,0,1,0,1,0,1,2,2,0,1,0,0,1,1,1
0,2,2,1,0,0,1,2,1,1,2,2,0,2,0,1,0,1,0,1,2,1,1,1,0,1,0,1,0,1
0,1,0,1,0,1,0,0,0,1,1,1,0,2,2,0,1,0,0,2,2,1,2,1,1,0,0,0,1,0
0,2,2,1,1,1,2,0,1,2,2,2,1,2,1,1,0,1,0,2,0,2,2,0,1,1,0,1,1,2
0,2,2,1,1,1,0,0,1,2,0,2,1,2,1,1,0,1,1,1,2,0,0,0,0,2,0,1,1,0
0,1,2,1,0,0,0,0,1,1,2,1,1,1,2,1,0,2,1,0,2,2,0,0,1,2,0,1,1,1
0,2,0,1,0,0,2,0,0,2,1,1,1,0,2,2,1,2,0,0,1,2,2,0,1,1,0,1,1,1
0,1,2,1,1,1,1,0,0,1,2,1,1,2,1,1,0,1,0,2,2,0,2,1,0,2,0,1,1,2
0,1,2,0,1,0,1,0,0,0,0,1,0,2,0,1,1,1,1,2,2,1,0,0,1,1,0,1,0,0
0,2,2,1,0,1,0,0,0,0,0,2,1,2,1,1,1,0,0,1,0,2,0,2,0,0,0,1,1,1
0,2,1,1,0,0,2,2,0,1,2,2,1,2,1,1,1,0,0,1,0,2,1,2,1,1,0,1,1,1
0,1,1,1,1,1,1,0,1,1,1,1,0,2,2,0,0,0,1,1,1,2,2,0,1,0,0,1,1,1
0,1,1,1,1,0,2,0,1,2,1,2,1,0,0,2,0,1,1,0,0,2,2,1,0,0,0,1,1,2
0,1,1,1,0,1,1,2,0,0,0,0,1,2,1,2,1,0,0,0,1,2,2,2,0,2,0,1,1,1
0,2,2,1,1,0,1,0,0,0,2,2,0,2,2,0,1,0,0,1,2,2,0,1,1,0,0,1,1,2
0,2,2,0,1,0,2,2,0,0,2,0,0,1,0,0,1,1,1,0,2,1,2,1,1,1,0,1,0,0
0,2,2,1,1,0,0,0,0,2,2,1,0,2,1,1,1,1,0,0,0,2,2,1,0,1,0,1,1,2
0,2,0,1,1,0,0,2,1,0,2,2,0,2,2,0,0,1,0,1,1,2,1,1,1,2,0,1,1,1
0,1,2,1,1,0,1,2,1,0,2,1,1,1,1,0,1,1,1,0,2,2,2,0,1,1,1,0,1,1
0,2,2,1,1,0,1,0,0,2,0,2,0,2,2,1,0,1,1,2,0,2,1,0,0,0,0,1,1,1
0,1,2,1,0,1,0,0,0,1,2,1,1,2,1,1,1,1,1,2,2,2,2,1,0,0,0,0,1,0
0,2,2,1,1,1,0,0,1,1,0,0,0,0,1,0,1,0,0,2,2,2,1,1,1,0,0,1,1,2
0,2,2,1,1,0,1,0,1,1,0,2,1,2,1,1,0,1,0,0,0,2,2,1,0,0,0,1,0,2
0,1,2,1,1,1,1,0,1,2,2,2,1,0,0,1,0,1,0,2,0,2,2,1,0,0,0,1,0,0
0,1,2,1,1,1,0,0,0,1,1,1,0,0,0,0,0,1,1,2,0,2,0,1,0,2,0,0,1,0
0,1,2,1,1,0,0,2,0,1,2,1,1,2,0,0,0,2,1,2,2,2,2,2,1,0,0,1,1,1
0,1,2,1,1,0,2,0,1,2,0,0,0,2,0,0,0,1,1,1,2,2,2,2,1,2,0,1,0,2
0,2,0,1,1,1,0,0,0,1,1,0,0,2,1,0,0,1,0,0,0,2,2,2,1,0,0,1,1,0
0,1,2,1,0,1,0,0,1,2,2,1,1,2,2,1,0,1,0,2,2,2,2,1,0,0,0,1,1,2
0,2,0,1,0,1,0,2,0,1,1,0,1,0,0,0,1,0,1,0,1,2,0,1,0,2,0,1,1,1
0,1,1,1,1,1,2,0,0,2,2,0,1,0,2,2,1,1,0,0,1,2,2,1,1,2,0,0,0,0
0,1,2,1,1,0,1,2,0,1,2,1,0,0,0,0,0,2,1,2,0,0,2,1,0,2,0,1,0,0
0,1,2,0,0,1,0,2,0,0,1,0,0,1,0,1,0,1,1,1,0,1,0,0,1,0,0,1,0,0
0,2,2,1,1,0,0,0,1,0,0,2,0,2,2,1,1,0,1,0,0,2,1,1,0,1,0,1,1,0
0,1,2,1,1,1,1,2,0,1,2,0,0,2,0,0,1,1,1,0,2,2,2,1,0,2,0,1,0,1
0,1,2,1,1,1,1,0,0,0,2,0,0,1,0,1,1,1,1,0,2,2,0,1,1,0,0,1,1,1
0,2,2,1,0,0,0,0,0,0,1,2,0,1,0,0,1,0,0,2,0,2,2,0,0,2,0,1,0,0
0,1,2,1,0,0,1,0,0,0,1,0,0,0,0,1,0,1,1,1,2,2,1,0,1,1,0,1,1,2
0,1,1,1,1,0,0,2,1,0,2,1,1,1,2,2,1,2,1,0,0,2,1,0,0,0,0,0,0,2
0,2,2,1,1,1,0,2,1,1,2,0,0,2,2,1,0,1,0,2,2,2,0,0,0,1,0,1,1,0
0,2,2,1,1,0,0,0,0,1,2,2,0,1,2,1,0,1,0,2,0,2,0,0,0,2,0,1,1,0
0,1,0,0,1,0,0,0,0,2,0,1,1,2,0,0,1,0,0,2,0,1,2,1,0,2,0,1,0,2
0,1,2,1,0,0,1,2,0,1,0,0,1,1,2,0,0,0,1,0,2,1,0,0,1,2,0,1,0,1
0,2,2,1,1,0,2,0,0,2,0,1,0,2,0,0,0,1,1,0,0,2,2,2,1,2,0,1,0,2
0,1,2,1,1,1,2,2,1,1,2,1,0,2,0,1,1,1,1,2,2,2,2,1,0,2,0,1,1,1
0,1,2,1,0,0,2,2,0,0,2,1,1,2,1,0,1,0,1,1,2,2,2,1,0,1,0,1,0,2
0,2,2,0,1,1,2,0,0,0,0,2,1,2,2,1,0,0,1,2,0,1,1,2,0,1,0,0,1,0
0,1,0,1,0,0,2,0,0,1,2,0,0,0,1,1,1,1,1,2,1,2,2,1,1,0,0,1,1,1
0,1,1,1,0,1,0,2,1,0,1,0,0,2,2,0,0,0,0,0,0,2,2,1,0,1,0,1,1,0
0,2,2,1,0,1,1,0,0,2,0,2,1,2,2,1,1,1,1,0,1,2,2,1,1,0,0,1,1,2
0,2,2,1,1,1,2,2,1,0,1,0,1,1,1,1,0,1,0,2,0,2,2,0,1,2,0,1,0,0
0,1,2,1,0,0,2,2,1,1,0,2,0,1,1,1,0,1,1,2,0,2,1,0,0,0,0,1,1,1
0,2,2,1,1,0,2,2,0,2,1,2,0,2,2,1,0,2,1,2,0,2,0,2,1,2,0,0,1,2
0,2,2,1,1,0,1,2,0,0,0,0,0,1,0,1,0,1,0,2,0,0,2,0,1,2,0,1,1,2
0,1,2,0,1,1,0,0,1,0,2,0,1,0,2,2,1,1,0,0,0,1,2,1,1,2,1,0,1,2
0,1,2,0,1,1,0,2,1,1,1,1,0,2,0,1,1,1,1,2,0,2,2,1,0,0,0,1,1,1
0,1,1,1,1,1,0,0,0,2,2,1,0,1,0,1,0,2,1,2,0,2,2,0,0,2,0,0,1,0
0,1,1,1,1,0,1,2,1,1,2,0,0,1,0,1,0,1,1,0,0,2,0,0,0,2,0,1,1,0
0,0,2,1,1,1,2,2,1,0,1,0,0,2,2,1,0,0,0,2,0,0,2,2,1,1,0,1,0,1
0,2,1,1,0,1,2,1,1,0,2,0,1,1,2,0,0,1,1,0,0,2,2,2,1,1,0,1,1,0
0,1,2,1,1,1,1,0,0,1,1,0,0,1,0,0,0,0,1,0,1,2,0,0,1,2,0,1,1,1
0,1,2,1,1,0,1,0,0,0,0,1,0,2,0,1,1,1,1,2,0,2,2,1,1,2,0,0,1,2
0,1,1,1,0,0,0,2,1,0,2,1,0,1,2,1,0,1,1,2,1,2,0,0,1,1,0,1,1,1
0,1,1,0,0,0,1,0,0,0,0,1,0,2,2,0,1,1,1,2,2,1,2,1,0,2,0,1,0,2
0,1,1,1,0,0,0,2,1,0,0,0,0,1,0,0,1,0,0,2,2,2,0,1,0,0,0,1,1,1
0,1,2,1,1,1,1,0,1,2,1,0,0,2,0,0,0,0,0,1,1,2,2,1,0,2,0,1,1,0
0,1,2,1,0,1,0,0,1,1,1,2,0,1,1,1,0,0,0,1,0,2,1,2,1,0,0,1,1,1
0,2,2,1,0,0,0,2,0,2,2,1,0,0,2,0,0,2,0,2,2,2,2,2,0,2,0,0,1,1
0,1,2,1,1,1,0,1,0,1,2,0,0,2,0,1,0,0,0,2,2,2,0,2,1,0,0,1,0,2
0,1,0,1,0,0,1,0,0,1,0,0,1,0,1,1,0,2,1,2,2,2,2,0,1,0,0,1,1,2
0,1,2,1,1,0,1,2,1,1,2,1,0,2,1,0,0,1,1,2,0,2,2,1,0,0,0,0,1,0
0,1,2,1,0,1,0,0,1,0,1,0,0,0,2,0,0,0,1,2,1,2,2,1,0,2,0,1,1,1
0,1,2,1,0,1,0,0,0,0,1,1,0,2,1,0,0,1,0,2,0,2,2,2,1,2,0,1,1,0
0,1,2,1,0,0,2,2,0,1,2,0,0,0,2,2,1,0,1,0,2,2,2,0,0,2,0,1,0,1
0,2,2,1,0,1,0,0,0,1,2,2,1,2,2,1,1,2,1,2,2,2,2,2,0,0,1,1,1,0
0,1,1,1,1,0,1,0,0,0,0,1,0,2,0,1,1,1,0,2,1,2,2,1,1,0,0,1,1,1
0,0,2,1,1,1,0,0,0,1,1,2,0,2,2,2,0,0,0,0,0,2,2,2,1,1,0,1,1,0
0,2,0,1,1,1,2,0,0,0,0,1,1,2,2,1,0,2,0,1,2,2,0,2,0,2,0,1,1,1
0,1,2,0,0,1,1,2,0,0,1,1,1,2,1,0,1,1,1,2,1,1,2,1,1,0,0,1,0,1
0,1,2,1,0,1,1,0,0,1,1,0,0,2,2,0,1,0,0,1,2,2,2,1,1,1,0,1,0,0
0,2,2,1,1,0,1,2,1,1,1,2,0,1,1,1,0,1,1,0,0,2,2,0,0,0,0,1,1,0
0,2,2,1,1,0,0,1,1,1,1,0,1,0,2,1,0,1,0,1,2,2,2,1,0,2,0,1,1,0
0,1,2,1,1,0,1,2,1,1,2,1,1,2,0,1,0,2,1,2,2,2,2,0,0,2,0,1,0,0
0,1,1,1,1,0,1,2,1,1,0,0,0,2,0,1,0,1,1,2,2,1,2,0,0,0,0,1,0,2
0,1,1,1,1,0,0,2,1,2,2,0,1,2,0,0,1,1,0,0,0,2,2,1,1,1,0,1,0,1
0,1,2,1,1,0,2,0,0,2,2,1,0,2,0,0,0,2,0,2,0,2,2,2,1,2,0,1,1,1
0,1,2,1,1,0,2,0,1,1,1,2,0,0,0,0,1,0,0,0,0,2,2,1,1,1,0,1,0,0
0,2,1,1,0,1,1,2,0,0,1,1,1,0,1,1,1,1,1,0,2,2,2,1,1,2,0,1,1,1
0,1,2,1,0,0,0,0,1,2,0,0,0,2,2,1,1,1,1,0,2,2,2,1,1,0,0,1,1,2
0,2,2,0,1,0,0,2,1,1,0,2,0,2,0,1,0,2,1,2,0,1,2,2,0,0,0,1,0,1
0,0,2,1,1,0,2,1,1,0,2,0,1,2,1,0,1,0,0,0,0,2,2,0,1,1,0,1,1,2
0,2,1,1,1,0,2,0,0,1,2,1,0,2,0,0,0,0,1,0,1,2,0,0,1,1,0,0,1,1
0,2,2,1,0,0,1,2,0,0,0,1,1,1,2,1,0,1,0,0,2,2,2,0,1,2,0,1,1,1
0,1,2,1,0,1,2,0,0,1,1,1,0,2,1,0,1,0,0,0,0,2,2,1,1,0,0,1,1,0
0,1,2,1,1,0,2,1,1,1,1,0,1,1,0,0,1,2,0,2,0,2,0,1,1,1,0,1,1,1
0,1,1,0,0,1,0,2,0,0,0,1,1,0,2,1,0,1,1,2,2,1,2,1,1,2,0,1,0,2
0,1,2,1,0,0,2,1,0,1,1,2,1,2,2,0,1,0,0,2,0,2,0,1,1,1,0,1,1,1
0,2,2,1,1,1,0,2,0,1,0,2,1,0,1,1,1,1,0,0,0,2,2,1,0,1,0,1,1,2
0,1,2,1,1,0,2,0,1,2,2,1,0,1,0,1,0,2,1,2,1,1,0,0,1,2,0,1,0,2
0,1,2,1,1,1,0,2,1,0,2,1,0,2,0,0,0,0,1,0,2,2,2,0,1,1,0,1,1,1
0,1,2,0,1,1,0,0,1,0,1,1,1,0,0,0,0,2,1,0,1,1,2,2,0,2,1,1,0,1
0,1,2,1,0,1,0,0,0,1,2,0,1,2,2,1,1,1,0,2,1,1,0,1,0,2,1,0,0,0
0,1,2,1,0,0,1,0,0,0,0,1,1,2,2,0,1,1,0,2,1,0,1,1,1,2,0,0,1,0
0,2,2,1,1,0,0,0,1,2,1,2,0,1,1,0,0,2,0,2,2,2,2,0,0,0,0,0,0,1
0,2,2,1,0,0,2,0,0,1,2,2,0,2,2,2,0,0,0,0,2,2,2,2,1,2,1,0,1,1
0,1,1,1,1,0,2,1,0,1,0,2,0,2,0,2,1,0,0,0,1,2,2,2,1,1,0,1,1,2
0,1,0,1,1,1,2,0,1,1,1,2,0,2,0,1,1,1,1,0,1,2,2,1,0,0,0,1,1,0
0,1,2,1,1,1,2,1,0,1,0,1,0,0,1,0,1,0,0,2,2,2,2,1,1,2,0,1,1,0
0,1,2,1,0,1,1,0,0,2,1,2,0,1,1,1,1,1,1,0,0,2,0,1,0,0,0,1,1,0
0,1,2,1,0,0,2,0,1,2,0,1,0,2,1,1,0,2,1,2,0,0,2,2,1,2,0,0,0,1
0,2,2,1,1,1,2,0,1,2,1,2,0,1,1,0,0,2,0,0,0,2,2,2,1,1,0,1,1,1
0,2,2,1,1,0,1,2,1,1,0,2,0,0,2,1,0,1,1,2,0,2,2,0,0,1,0,1,1,2
0,1,2,1,0,0,0,2,1,1,2,0,1,2,0,0,0,1,0,0,2,2,0,0,0,1,0,1,1,1
0,2,1,1,1,0,1,0,0,2,0,1,0,2,0,0,0,2,1,0,1,2,0,2,1,2,0,1,1,2
0,1,0,1,1,0,0,0,1,0,1,1,1,2,0,0,0,0,0,0,0,0,2,1,0,0,0,0,0,0
0,1,2,1,0,0,2,0,0,0,2,1,0,2,2,0,0,1,1,0,2,2,2,2,1,2,0,1,1,1
0,1,0,1,0,1,0,2,0,1,1,1,1,1,2,0,0,1,1,0,0,0,0,0,0,2,0,0,0,0
0,1,2,1,1,0,0,0,1,2,1,0,0,0,0,0,0,0,1,0,2,2,2,1,0,2,0,1,1,1
0,2,2,1,1,0,1,2,1,2,2,1,1,2,2,0,0,0,0,0,2,2,0,0,0,2,0,1,1,2
0,1,2,1,1,1,1,0,0,2,2,2,0,1,2,1,0,1,0,2,0,2,0,0,1,1,0,1,1,0
0,1,1,0,1,0,2,0,1,2,0,1,1,2,0,0,0,0,1,2,2,1,2,1,0,0,0,1,0,0
0,1,2,1,0,1,0,2,0,0,2,1,1,0,2,0,0,0,1,2,1,1,0,1,0,2,0,1,1,1
0,1,1,1,1,0,2,2,1,0,0,0,0,0,0,0,0,1,1,1,1,2,2,1,0,0,0,1,1,2
0,1,2,1,0,0,0,0,0,2,2,0,1,2,1,2,1,2,1,0,1,0,2,1,1,1,0,1,1,1
0,1,2,1,1,1,0,0,1,0,2,0,0,0,0,1,0,1,0,0,2,0,2,1,0,2,0,1,0,0
0,2,2,1,1,1,2,2,1,0,2,2,0,2,1,0,0,0,0,0,2,2,2,1,0,0,0,1,1,1
0,1,2,1,1,1,2,2,1,0,2,0,0,0,2,0,1,1,0,1,0,0,1,0,1,1,0,1,1,2
0,2,0,1,1,0,2,2,1,0,2,2,0,0,1,0,1,1,0,2,1,2,2,1,0,1,0,1,1,0
0,2,1,0,1,0,1,0,1,1,1,1,1,2,2,0,1,0,0,0,0,1,1,1,1,2,0,1,0,2
0,2,0,1,0,0,2,0,1,2,1,0,0,1,2,0,0,0,1,2,1,0,2,0,0,0,0,0,0,1
0,1,2,1,1,1,1,0,0,0,2,0,1,2,0,1,1,1,0,1,2,2,0,1,0,0,0,1,1,1
0,2,2,1,0,1,2,2,1,0,0,2,1,1,2,1,0,1,1,0,2,2,2,0,1,1,0,1,1,2
0,1,1,1,0,0,1,0,0,1,1,1,1,1,0,1,0,2,1,0,2,2,1,0,0,2,0,1,1,2
0,2,1,1,1,0,0,0,0,0,1,1,1,2,1,0,0,2,1,0,0,2,2,2,1,0,0,1,1,1
0,2,2,1,1,1,2,2,1,1,0,2,0,1,1,1,0,1,0,2,1,2,2,0,0,1,0,1,1,2
0,1,2,1,1,1,0,0,0,0,2,0,1,0,0,1,0,2,1,0,2,2,2,0,0,0,0,1,1,0
0,1,2,1,0,0,2,0,1,1,1,0,0,0,0,0,1,0,0,0,0,2,1,1,1,0,0,1,1,2
0,1,2,1,0,0,1,2,1,0,0,0,0,1,2,1,0,1,0,2,0,2,0,0,1,2,0,1,1,0
0,1,1,1,1,1,2,1,1,1,2,1,1,1,1,0,1,2,0,0,1,2,0,2,0,1,0,1,1,0
0,1,2,1,0,1,1,1,0,2,1,2,0,2,0,0,0,2,0,1,2,1,2,2,0,1,0,1,0,0
0,1,2,1,1,0,1,0,1,0,1,0,0,1,0,1,0,1,0,2,0,2,2,0,1,1,0,1,1,0
0,1,1,1,1,0,2,0,1,0,1,1,1,1,0,0,0,2,0,0,1,2,0,2,1,2,0,1,1,1
0,1,2,1,0,0,2,0,0,1,2,0,0,2,2,0,1,0,0,1,2,2,0,1,1,1,0,1,1,2
0,1,2,0,0,0,2,0,0,1,2,0,0,2,2,0,1,0,0,0,2,1,2,1,1,1,0,1,0,2
0,2,2,1,1,0,2,0,1,2,2,2,1,2,2,1,1,2,1,1,2,2,1,2,1,0,0,1,0,0
0,1,0,1,0,1,1,0,0,2,2,0,0,0,2,1,1,1,1,0,1,2,2,1,1,1,0,1,1,0
0,1,2,1,1,1,0,2,1,1,2,1,0,2,0,0,0,0,0,0,0,2,0,1,0,0,0,1,1,2
0,2,2,1,1,0,0,0,0,0,2,0,0,0,2,1,0,1,0,1,0,2,1,0,1,2,0,0,1,0
0,2,2,1,1,1,2,2,1,0,1,1,0,2,1,2,0,1,0,0,0,2,2,2,1,0,0,1,0,0
0,1,2,0,0,1,1,0,1,1,2,1,1,2,1,0,1,0,0,2,2,1,2,1,1,2,0,1,0,1
0,1,2,1,0,0,2,0,0,2,0,1,0,2,2,0,0,2,0,1,0,1,2,1,0,2,0,1,0,0
0,1,2,1,1,1,2,2,1,0,2,0,1,1,0,0,1,1,1,0,1,1,0,0,1,0,0,1,0,1
0,0,2,1,0,0,0,2,1,1,1,2,1,2,1,2,1,2,1,0,0,2,2,0,0,0,0,1,1,1
0,1,1,1,1,0,0,0,0,0,0,1,1,2,2,0,0,0,0,0,1,2,0,2,1,2,0,1,1,2
0,2,1,1,1,1,0,0,0,1,2,2,1,2,2,1,0,1,0,0,2,2,1,1,0,0,0,1,1,0
0,2,2,1,1,0,0,2,1,1,0,0,0,2,0,0,0,0,0,2,0,2,2,1,0,1,0,1,1,0
0,2,2,1,0,0,0,0,0,2,1,0,1,1,2,1,0,1,0,2,0,2,2,0,1,1,0,0,1,0
0,1,2,1,0,0,1,2,1,0,2,1,0,2,1,1,1,1,1,0,2,2,2,1,1,1,0,1,1,0
0,1,1,1,0,1,1,2,1,0,1,0,0,2,1,0,1,0,0,2,2,2,2,1,0,1,0,1,1,1
0,1,2,1,1,0,2,2,1,2,2,1,1,2,0,1,0,2,0,2,2,2,2,2,1,2,0,1,1,1
0,1,2,1,1,1,1,0,0,2,2,0,1,2,0,1,1,1,0,2,2,2,2,1,0,0,0,1,1,0
0,2,2,1,0,0,0,2,0,0,0,2,1,0,2,1,1,1,1,2,0,2,2,1,1,0,0,1,1,2
0,2,2,1,0,1,2,2,1,2,0,1,1,2,0,0,1,0,0,0,0,2,0,1,0,2,0,1,0,0
0,1,1,1,1,0,1,0,1,1,0,0,0,0,0,1,0,2,0,1,2,2,1,1,0,1,0,1,1,1
0,2,2,1,1,1,0,2,1,1,2,1,1,1,1,0,0,2,0,2,2,0,2,2,0,2,0,1,1,1
0,1,2,1,1,0,1,0,1,1,0,0,0,2,0,0,1,0,1,0,1,2,2,0,1,1,0,1,0,0
0,1,2,1,1,1,1,2,1,1,2,0,1,0,2,0,0,0,1,2,2,2,2,0,1,2,0,1,0,2
0,1,2,1,0,1,0,0,0,2,2,0,1,2,2,1,0,1,0,2,0,2,2,1,0,0,0,1,1,1
0,1,1,0,0,1,2,0,1,1,0,1,1,1,0,0,1,0,0,0,2,1,1,1,1,2,0,1,0,2
0,0,0,1,0,0,1,0,1,1,2,0,0,0,1,0,1,0,0,2,0,0,2,1,1,1,0,1,0,1
0,1,1,1,0,1,2,0,1,1,1,1,1,0,1,2,1,1,1,0,0,2,2,1,0,2,0,1,1,0
0,2,2,0,0,1,2,0,0,2,1,0,1,0,2,0,0,0,1,0,1,1,2,0,1,2,0,1,0,1
0,1,2,1,0,0,1,1,0,0,1,0,1,2,2,2,0,1,1,0,2,2,0,1,0,0,0,1,1,2
0,1,0,1,0,0,1,2,1,2,2,0,1,2,1,0,1,0,0,0,0,2,2,1,1,1,0,1,1,0
0,1,2,1,1,0,1,2,0,0,1,1,1,2,0,2,1,1,0,0,0,2,2,2,1,0,0,1,1,2
0,1,2,0,1,0,1,2,0,0,0,0,0,2,0,1,0,1,0,2,2,2,0,1,1,0,1,1,0,1
0,1,1,1,1,0,0,2,1,0,2,2,0,1,0,1,0,1,1,0,2,2,0,0,1,2,0,1,1,1
0,2,2,1,1,1,0,2,1,0,2,2,0,2,1,1,0,1,1,2,2,2,2,0,1,0,0,1,1,0
0,1,2,1,0,0,0,0,0,2,2,1,1,2,2,1,1,1,1,0,2,2,2,1,1,2,0,1,1,0
0,1,1,1,0,1,2,0,0,2,1,2,1,2,1,1,1,1,0,2,0,1,2,1,0,1,0,1,0,1
0,1,2,1,1,0,0,0,1,0,2,0,0,2,0,1,0,0,1,2,2,2,2,2,0,2,0,1,0,2
0,1,2,1,1,0,1,0,1,1,2,0,0,2,0,1,0,1,0,2,0,2,2,0,1,0,0,1,1,2
0,2,2,1,1,1,2,0,1,2,1,2,1,2,2,2,1,2,1,0,0,2,1,0,1,2,0,1,1,0
0,1,2,1,1,1,2,0,1,1,1,2,0,1,0,0,1,0,1,0,1,0,2,0,1,1,0,0,0,1
0,1,2,1,0,0,2,0,0,1,2,0,0,2,2,0,1,1,1,2,2,2,2,1,0,1,0,1,1,0
0,1,0,1,1,0,2,2,1,0,0,2,0,2,0,1,1,1,1,0,2,2,2,1,1,2,0,0,1,2
0,1,2,0,1,0,1,0,0,0,1,0,1,2,0,0,1,1,0,0,2,0,2,1,1,2,0,0,1,1
0,1,2,0,0,1,0,0,0,0,1,0,1,2,2,0,0,1,0,2,1,1,2,2,1,1,0,1,0,1
0,2,2,1,1,0,1,2,1,1,2,1,1,1,0,2,1,2,1,2,0,2,2,0,0,1,0,1,1,0
0,2,1,1,1,0,2,2,1,0,0,2,0,2,2,1,1,1,1,0,1,2,2,1,1,1,0,1,1,2
0,1,2,1,0,1,1,0,0,0,2,1,1,2,1,1,1,1,1,2,1,2,2,1,1,2,0,1,1,1
0,2,0,1,1,1,2,0,0,2,1,2,0,2,1,2,1,2,1,0,2,1,2,0,1,1,0,1,0,1
0,0,2,1,1,0,2,2,1,0,2,0,0,2,0,0,0,2,0,2,2,2,0,1,0,0,0,1,1,0
0,2,2,1,1,0,2,0,0,2,1,2,0,1,1,1,0,1,0,0,0,2,2,0,1,1,0,1,1,2
0,1,2,1,1,0,2,2,0,1,2,1,1,1,2,0,1,1,1,1,2,2,1,0,0,2,0,1,1,0
0,1,2,1,1,0,2,2,1,2,2,2,1,1,0,0,0,0,0,2,2,2,2,0,0,0,0,1,1,0
0,2,1,0,0,1,2,0,1,2,1,0,0,2,2,2,0,1,0,1,0,1,1,1,1,0,0,1,0,2
0,1,2,0,0,1,0,0,0,0,2,1,1,0,2,1,0,1,1,2,0,1,2,1,1,2,0,1,0,0
0,1,2,1,1,0,0,2,1,1,2,1,0,2,0,0,0,1,0,2,2,0,2,0,0,1,0,0,0,2
0,2,0,0,0,0,2,0,1,0,2,0,1,1,2,0,1,1,0,0,2,1,2,1,1,1,0,1,0,2
0,1,1,1,1,0,2,0,0,2,1,1,1,2,2,0,0,0,0,2,0,2,0,1,0,0,0,1,1,0
0,2,1,1,1,1,0,0,1,0,0,1,0,2,1,0,0,0,0,2,1,2,2,1,0,0,0,1,1,1
0,2,1,1,0,0,1,0,0,0,2,1,0,2,1,1,1,1,1,1,0,2,2,1,1,0,0,1,1,1
0,0,2,0,1,0,0,0,1,0,1,0,0,2,2,0,1,2,1,2,1,1,2,1,0,0,0,1,0,2
0,1,2,1,1,1,2,2,1,1,1,1,0,2,1,1,1,1,0,0,2,2,2,0,1,0,0,1,1,1
0,1,2,1,0,0,2,2,1,1,2,0,0,2,1,0,1,0,0,2,2,2,2,1,1,2,0,1,1,2
0,1,2,1,1,0,2,0,1,2,2,0,1,2,2,0,0,1,1,2,0,2,2,0,0,2,0,1,1,0
0,2,2,1,1,0,2,0,1,2,2,2,1,1,1,1,0,1,0,0,2,2,2,0,1,1,0,1,0,2
0,1,2,0,0,0,1,1,1,0,2,2,1,1,0,0,1,1,0,1,2,1,0,0,1,2,0,1,0,1
0,2,2,0,0,0,0,0,1,2,2,0,0,2,2,2,1,1,1,1,1,1,0,1,1,0,0,1,0,1
0,2,2,1,0,0,1,0,1,0,1,2,1,2,2,2,0,0,0,0,1,2,2,2,0,1,1,0,0,0
0,1,2,1,0,1,1,0,0,0,1,1,0,2,2,1,1,1,1,2,0,2,2,1,1,2,0,1,1,1
0,2,2,1,0,1,0,2,1,1,1,2,1,2,2,2,1,2,0,1,0,2,0,1,1,0,0,1,1,0
0,0,1,1,0,0,0,2,1,1,2,2,1,2,1,1,1,1,0,2,1,2,2,1,0,2,0,0,0,0
0,1,0,1,0,1,2,0,1,1,1,1,0,2,1,0,1,0,0,2,1,2,2,1,1,2,0,0,1,0
0,2,1,1,0,0,0,1,1,0,1,1,1,2,2,1,1,1,1,0,2,2,2,1,1,1,0,1,1,2
0,1,2,1,1,1,1,0,1,1,2,0,0,0,0,1,0,1,0,2,2,2,2,0,1,0,0,1,1,1
0,2,2,1,1,0,0,2,1,1,2,2,0,2,2,1,0,0,0,0,2,2,1,2,1,0,0,1,1,0
0,2,2,1,0,0,1,2,0,0,2,1,1,2,2,0,0,1,1,0,2,2,2,2,1,1,0,1,1,0
0,1,2,1,1,0,1,2,0,1,2,1,1,2,0,0,0,1,0,1,2,2,2,2,0,2,0,1,1,0
0,1,2,1,0,1,1,2,1,2,2,0,0,2,2,1,1,1,1,2,2,2,2,1,1,2,0,1,1,0
0,1,2,0,0,1,1,0,1,2,1,1,0,2,1,2,0,2,0,0,0,1,2,1,0,0,0,0,1,1
0,1,2,0,1,0,2,2,0,1,2,1,1,2,0,0,1,1,1,2,1,1,2,1,0,0,0,1,0,1
0,1,2,1,1,1,0,2,1,0,1,2,0,2,2,1,0,1,0,2,0,2,1,1,0,0,0,1,1,2
0,0,1,1,1,0,1,0,0,0,0,2,1,2,2,0,0,1,0,2,1,2,2,0,1,1,0,1,1,2
0,2,2,0,0,0,2,0,1,2,0,2,1,1,2,1,1,1,1,0,1,2,2,0,1,0,0,1,1,2
0,2,2,0,1,1,1,2,1,0,0,0,1,2,1,1,0,2,1,0,0,2,2,2,0,1,1,0,0,2
0,2,2,1,1,1,0,0,0,1,0,0,1,2,2,1,0,0,0,1,2,2,0,2,1,0,0,1,1,2
0,2,2,1,1,1,0,2,1,1,1,1,0,0,1,1,0,2,1,2,2,0,2,0,1,2,0,1,1,1
0,1,2,1,1,1,2,0,0,1,2,0,0,1,0,0,1,0,1,0,0,2,2,0,1,1,0,1,1,1
0,1,2,1,1,1,0,0,1,1,1,0,0,1,0,0,1,0,1,1,0,2,0,1,1,0,0,1,1,1
0,1,2,1,1,0,1,2,0,0,2,0,0,0,0,0,0,0,1,0,2,2,2,1,0,2,0,1,1,1
0,1,1,1,0,1,2,2,1,1,2,0,0,2,2,2,1,2,1,0,1,0,2,0,1,1,0,1,1,0
0,1,2,1,0,0,0,2,1,0,0,2,0,2,2,0,1,1,0,2,1,2,2,1,1,2,0,0,1,2
0,1,2,1,1,1,0,0,0,0,1,0,1,2,2,0,0,1,1,2,2,2,2,1,0,2,0,1,1,1
0,1,2,1,1,0,2,0,0,0,2,1,0,2,0,0,0,0,0,0,0,2,2,1,0,0,0,1,1,1
0,2,2,0,0,0,0,0,1,1,1,2,0,1,1,0,0,0,1,0,1,1,2,0,1,1,0,1,0,1
0,1,2,0,1,1,2,0,1,1,0,2,0,0,1,1,1,1,1,2,2,1,2,1,0,0,0,0,1,2
0,1,2,0,1,0,0,0,1,2,0,1,0,0,0,1,1,1,0,1,0,1,2,1,0,1,0,1,0,2
0,1,1,1,0,0,0,0,1,2,0,2,0,0,1,0,1,0,0,1,1,2,2,1,0,1,0,1,1,1
0,2,2,1,0,1,2,0,1,2,2,0,1,0,2,1,0,1,1,1,0,2,2,0,1,0,0,1,1,0
0,1,2,1,0,0,2,0,0,0,2,2,1,0,1,1,1,2,1,2,2,2,2,0,1,0,0,0,1,0
0,2,2,1,0,0,2,2,1,1,2,2,1,2,1,0,1,0,1,0,0,2,2,2,1,1,0,0,1,0
0,1,0,1,0,0,2,2,1,0,0,1,0,2,2,1,1,0,1,2,2,1,2,2,0,1,0,1,0,0
0,1,0,1,0,1,0,0,0,1,1,2,1,0,2,2,1,2,0,2,1,2,0,0,1,0,0,1,1,2
0,2,2,0,0,1,0,0,0,0,0,2,1,2,2,1,1,1,1,2,1,0,0,1,1,2,0,1,1,0
0,1,2,1,1,0,0,2,0,0,2,1,1,2,0,1,1,0,0,0,2,2,2,2,0,1,0,1,1,2
0,1,2,1,1,0,1,2,1,0,2,0,0,0,1,0,0,0,0,2,0,2,2,1,0,1,0,1,1,1
0,1,2,1,0,0,0,2,0,1,0,0,0,0,2,1,0,1,1,2,0,2,2,1,0,2,0,1,1,2
0,1,2,1,0,0,2,2,1,0,1,0,0,1,2,0,0,0,1,0,0,0,0,0,1,2,0,1,0,1
0,1,2,1,1,1,1,1,1,1,1,0,0,2,0,0,0,1,0,2,0,2,2,0,0,2,0,1,1,0
0,2,2,0,0,0,0,2,1,2,2,1,0,1,2,0,0,0,1,0,2,1,2,0,1,2,0,1,1,0
0,2,2,1,0,0,1,2,0,0,2,2,0,0,1,0,0,0,0,2,2,2,1,0,0,2,0,1,1,0
0,1,2,1,1,1,1,0,1,1,0,1,0,2,1,1,0,1,1,2,0,2,2,1,0,2,0,1,1,2
0,1,2,1,1,1,2,0,1,1,2,0,1,0,0,1,1,1,0,2,0,2,2,1,0,0,0,1,1,0
0,2,2,1,0,0,1,0,1,1,2,2,0,2,1,0,1,1,0,2,2,2,0,1,1,0,0,1,1,1
0,1,2,1,1,0,2,2,1,1,2,1,1,2,1,0,1,1,0,2,2,2,2,1,0,0,0,1,1,2
0,1,2,0,0,1,1,2,1,1,1,1,0,2,2,1,0,0,0,2,1,1,2,2,0,2,0,1,0,0
0,2,2,1,0,0,2,0,0,0,1,2,1,1,1,0,0,1,1,2,1,1,2,1,0,0,0,1,0,2
0,1,2,1,1,0,1,0,0,1,2,0,0,2,0,1,0,0,1,2,2,2,2,2,1,1,0,1,1,2
0,2,2,1,1,1,0,2,1,1,1,1,0,1,1,0,0,0,0,0,0,2,2,2,1,1,0,1,1,0
0,1,1,1,0,1,1,0,0,2,1,2,1,2,1,1,0,2,0,2,2,1,2,1,0,0,0,0,1,1
0,1,2,1,0,0,0,0,1,1,2,2,0,0,2,0,0,0,1,1,0,2,2,0,1,1,0,1,0,0
0,1,2,1,1,0,0,2,1,1,2,1,0,2,0,0,0,1,1,2,0,2,2,2,0,1,0,1,0,1
0,1,2,1,1,1,1,0,1,1,1,1,0,2,0,0,0,1,0,1,0,2,2,0,0,1,0,1,1,2
0,1,2,1,1,1,0,0,0,0,2,2,1,0,1,0,0,0,0,2,2,2,0,1,0,1,0,1,1,2
0,2,2,1,1,0,0,1,1,1,1,0,1,0,1,1,0,1,0,2,1,2,2,1,0,0,0,1,1,0
0,2,2,1,1,1,2,0,1,2,1,0,1,0,0,0,0,0,1,2,0,2,2,1,0,2,0,1,1,1
0,2,2,1,0,0,2,2,1,2,1,2,0,2,2,2,1,0,1,0,0,2,2,0,1,1,0,1,1,1
0,2,2,1,1,0,2,0,1,2,2,1,0,0,2,2,0,1,0,0,2,2,0,1,0,0,1,0,1,1
0,2,2,1,1,1,0,2,0,1,0,2,0,1,1,2,0,0,1,0,0,2,2,0,1,2,0,1,0,0
0,1,0,1,1,1,2,0,0,2,1,0,0,2,0,0,1,1,0,0,1,2,0,0,1,0,0,0,1,1
0,2,2,1,1,1,0,0,1,0,2,0,0,0,1,1,1,1,1,0,2,2,2,1,1,0,0,1,1,0
0,1,2,1,1,1,0,0,0,0,0,1,1,2,2,0,0,1,1,0,2,2,2,2,1,1,0,1,1,2
0,1,2,1,1,1,0,0,0,0,2,0,1,2,0,0,0,2,1,1,2,2,2,2,1,0,0,1,1,2
0,1,2,1,1,1,0,0,0,0,2,1,1,2,0,0,0,1,0,2,2,2,2,2,0,1,0,1,1,2
0,1,2,1,0,1,0,2,1,0,2,1,0,2,2,1,1,1,1,2,0,2,2,1,1,0,0,0,1,1
0,2,1,0,0,0,0,0,1,0,1,1,1,1,2,1,1,1,0,1,1,1,2,0,1,0,0,1,0,1
0,1,2,1,1,0,2,0,0,1,1,2,0,1,0,0,1,0,1,0,0,2,0,0,1,1,0,0,1,1
0,2,1,1,0,0,0,2,1,2,2,2,1,2,2,0,1,0,1,1,0,2,2,0,1,1,0,1,1,0
0,2,0,1,1,0,1,0,0,2,2,0,0,2,1,0,0,1,1,2,1,2,2,1,0,2,0,1,0,1
0,1,2,1,0,0,1,0,0,0,2,0,0,2,1,1,1,1,1,0,2,2,2,1,1,1,0,1,1,1
0,2,2,1,1,1,0,0,0,1,0,2,1,2,0,0,1,0,0,2,2,2,1,1,1,1,0,1,1,2
0,1,2,1,1,1,0,0,1,0,1,0,0,0,2,0,0,0,0,0,0,2,2,1,0,1,0,1,1,0
0,1,2,1,1,1,1,0,1,2,1,0,0,2,0,0,1,1,0,1,2,0,2,1,1,0,0,1,0,0
0,1,2,1,1,0,2,0,1,2,0,2,0,1,0,0,0,0,0,0,0,2,0,0,0,1,0,1,0,2
0,2,2,1,1,1,0,0,0,0,2,0,1,0,1,2,1,1,1,0,0,2,2,1,1,0,0,1,1,0
0,2,0,1,1,1,0,2,1,0,1,0,1,1,2,0,1,1,0,2,1,2,2,0,0,1,0,1,1,0
0,1,2,1,1,0,2,0,0,2,0,2,1,1,1,2,1,2,1,0,2,2,2,0,1,0,0,1,1,2
0,1,2,1,1,0,0,2,1,0,2,1,1,1,0,1,1,1,0,1,2,2,2,1,1,0,1,0,0,0
0,1,2,1,1,1,0,1,0,0,1,2,0,1,0,0,0,0,0,0,2,2,0,0,0,1,0,1,1,0
0,1,2,0,1,1,2,0,1,0,2,0,1,0,0,1,1,0,1,1,2,1,2,2,1,1,0,1,0,0
0,1,2,1,0,1,1,0,0,1,2,0,1,2,1,0,0,0,1,1,2,2,2,0,1,2,0,1,0,2
0,1,1,1,1,0,0,0,0,2,1,1,0,1,0,0,0,0,0,0,2,2,0,0,0,0,0,1,1,0
0,2,2,1,0,0,0,2,1,0,0,1,0,2,0,1,0,0,1,2,2,2,0,2,1,0,0,1,1,2
0,1,2,1,1,1,2,2,1,1,2,0,0,2,0,0,1,0,0,0,1,2,2,1,1,1,0,1,1,1
0,2,2,1,0,1,0,0,1,1,2,1,0,0,2,0,1,1,1,2,2,2,2,1,0,0,0,1,1,0
0,1,2,1,1,1,0,0,0,1,2,0,1,0,0,1,0,1,1,2,0,2,2,0,0,0,0,1,1,1
0,1,2,1,0,0,1,0,0,1,0,0,0,2,1,0,1,1,1,2,0,2,2,1,0,1,0,1,1,2
0,0,1,1,1,0,0,1,1,2,1,2,0,2,1,0,1,1,0,2,2,2,2,1,1,2,0,0,1,2
0,1,2,1,1,1,1,0,0,0,0,2,1,1,0,2,1,2,1,0,2,2,2,0,1,0,0,1,1,1
0,2,2,1,1,1,2,0,1,2,2,2,1,2,1,2,1,1,1,0,2,2,2,1,0,2,0,0,1,0
0,1,2,1,0,0,0,0,1,0,2,2,1,1,2,1,0,1,1,2,2,0,0,0,1,2,0,1,0,1
0,2,2,1,1,1,0,2,0,1,2,2,0,2,1,1,1,1,1,2,0,2,0,1,0,0,0,1,1,1
0,1,2,1,1,0,0,0,0,0,2,0,0,0,2,1,1,1,1,2,2,2,0,0,0,2,0,1,1,1
0,1,2,1,0,1,1,2,1,1,2,0,1,0,1,0,1,0,0,1,2,2,2,1,1,1,0,1,1,2
0,1,2,0,0,0,2,0,1,0,1,1,1,2,2,0,1,1,0,0,1,1,1,1,1,1,0,1,0,0
0,1,2,1,1,0,2,0,0,1,0,2,1,1,0,0,1,0,1,2,2,2,0,0,1,1,0,1,1,2
0,2,0,1,1,1,0,0,1,0,1,1,1,0,2,2,1,2,0,1,0,2,2,1,1,1,0,1,1,1
0,1,2,1,1,0,2,0,1,2,1,2,1,1,0,0,0,1,0,2,2,1,0,2,1,2,0,1,0,2
0,2,2,1,1,1,2,1,0,0,2,2,0,2,0,1,0,2,1,0,0,2,2,2,1,0,0,0,1,0
0,1,2,1,1,1,0,1,0,0,1,1,1,1,2,1,0,1,1,0,0,2,1,0,0,0,0,1,1,2
0,0,0,1,1,0,2,2,0,1,0,1,1,2,0,0,0,0,0,1,0,2,2,2,1,1,0,0,1,0
0,1,2,1,1,0,1,0,0,1,0,0,0,2,0,0,0,1,1,2,0,2,2,1,0,0,0,1,1,2
0,2,2,1,0,1,2,0,0,0,2,0,1,1,2,1,0,1,0,2,0,2,2,0,1,0,0,1,1,0
0,2,0,1,1,0,0,2,1,0,0,0,0,0,2,1,0,1,0,2,0,2,2,1,0,0,0,1,1,2
0,2,2,1,0,1,1,0,0,2,2,2,0,1,2,1,0,1,0,2,0,2,2,0,1,1,0,1,1,1
0,1,1,1,1,0,1,2,1,2,0,0,0,2,0,1,0,2,0,2,1,2,2,0,0,0,0,0,1,0
0,1,2,1,0,1,1,2,1,1,0,1,1,2,1,1,1,1,0,0,1,0,2,0,1,0,0,1,0,0
0,2,0,1,1,0,1,0,0,2,2,0,0,2,1,2,1,2,0,0,0,2,2,1,1,1,0,1,1,1
0,2,0,1,0,1,0,0,0,1,1,1,0,0,2,0,1,0,0,0,1,2,2,0,1,2,0,1,1,0
0,1,1,1,1,1,1,0,0,1,2,2,0,1,0,1,0,0,0,1,0,2,0,2,1,1,0,1,1,1
0,2,2,1,1,0,1,0,0,1,2,0,0,1,1,1,1,1,0,2,2,2,2,1,1,1,0,1,1,0
0,2,2,1,1,0,1,2,0,1,2,1,1,1,1,0,0,0,0,1,2,2,2,2,0,0,0,1,1,2
0,2,2,1,0,0,0,2,1,1,2,1,1,2,1,0,1,1,1,2,2,2,2,1,0,0,0,1,1,0
0,1,2,1,1,0,1,2,1,0,0,1,0,0,0,1,1,1,1,2,2,2,2,1,1,2,0,1,1,2
0,0,2,1,1,1,0,2,1,1,1,2,1,1,2,0,0,1,0,2,1,1,2,0,0,0,0,1,1,0
0,1,2,1,1,0,1,2,1,1,0,1,1,2,0,0,1,0,1,2,2,2,2,1,0,0,0,1,1,0
0,2,2,1,0,0,1,0,0,1,2,2,0,2,0,0,1,0,1,1,0,2,0,0,1,1,0,1,1,1
0,1,2,0,0,1,2,0,1,0,2,0,1,2,2,2,1,1,0,0,2,2,2,1,1,0,0,1,1,0
0,2,2,1,1,0,0,0,0,2,2,2,0,2,2,1,1,1,1,2,2,2,0,1,1,0,0,1,1,1
0,1,0,1,1,0,2,0,0,2,2,0,0,0,0,1,0,1,1,2,1,2,2,1,0,1,0,0,0,0
0,2,2,1,0,1,2,2,1,2,1,1,1,2,2,2,0,2,0,0,1,1,2,1,1,2,0,1,0,1
0,0,2,1,1,0,0,0,1,2,1,1,1,0,0,1,1,0,0,1,0,2,1,2,0,1,1,0,1,2
0,0,1,1,1,1,1,0,0,2,1,2,0,2,0,1,0,2,1,2,0,2,2,0,1,1,0,1,1,1
0,1,2,1,1,1,2,0,1,1,0,0,1,2,0,0,1,1,1,1,0,1,2,1,0,2,0,1,0,2
0,1,2,1,1,0,2,2,0,2,2,2,1,2,2,1,0,2,1,0,2,2,1,2,1,1,0,1,1,2
0,1,2,1,1,1,1,0,0,1,0,1,1,2,0,1,0,0,0,0,2,2,2,2,1,0,0,1,1,2
0,2,2,1,0,0,0,2,1,0,1,0,0,2,1,1,0,1,0,0,0,2,2,0,1,2,0,1,1,0
0,1,2,0,0,1,2,0,0,2,0,0,1,2,0,1,0,0,1,1,0,1,1,2,0,1,0,0,1,1
0,1,2,1,1,1,1,0,1,2,0,0,0,1,2,2,1,1,1,0,0,1,0,1,0,0,0,1,0,1
0,1,1,1,0,1,1,0,0,1,1,2,0,2,2,1,0,1,0,0,0,2,2,1,0,1,0,1,0,2
0,2,0,1,0,1,2,0,1,0,2,2,1,0,2,1,0,1,0,2,1,2,2,1,0,1,0,1,1,2
0,0,0,1,1,0,1,0,1,2,1,1,0,1,0,0,0,1,1,0,1,2,0,0,0,1,0,1,1,2
0,1,2,1,0,1,2,1,1,1,1,2,1,2,1,1,1,1,0,2,0,2,2,1,0,2,0,1,1,2
0,1,0,1,0,0,1,0,1,0,1,2,0,0,1,0,1,0,0,1,2,2,2,1,0,1,0,1,1,0
0,1,0,1,1,1,0,2,1,0,1,0,0,0,2,0,1,0,1,1,1,2,1,1,0,0,0,1,1,1
0,2,2,0,0,1,1,0,0,1,1,2,0,2,2,2,1,2,0,0,1,1,2,0,1,2,1,0,1,2
0,1,2,1,1,0,1,2,1,1,2,1,0,2,0,1,1,2,0,2,2,2,2,1,0,0,0,1,1,1
0,1,2,1,1,1,0,0,0,2,2,0,0,1,2,1,0,1,0,0,2,2,0,0,1,2,0,1,1,1
0,1,2,1,1,1,1,0,0,2,2,0,0,1,0,2,0,2,1,0,2,2,0,0,0,2,0,1,1,2
0,1,2,1,0,0,1,0,1,0,1,2,0,1,2,1,0,1,1,2,1,2,0,0,1,2,0,1,1,2
0,2,2,1,1,1,0,2,1,1,1,0,1,1,1,0,0,2,0,2,0,2,2,2,0,2,0,1,1,0
0,1,2,1,0,0,2,0,1,1,0,1,0,2,2,0,1,0,0,2,0,2,2,1,1,1,0,1,1,1
0,1,2,1,0,0,2,0,0,2,1,0,1,0,2,0,0,1,1,1,0,2,1,0,1,2,0,1,1,2
0,2,2,1,1,1,0,2,0,0,1,1,1,0,2,0,1,1,0,0,0,2,0,1,1,1,0,1,1,2
0,1,2,1,0,1,1,2,1,0,2,2,0,2,2,0,1,0,1,0,1,2,2,1,0,1,0,1,1,2
0,1,2,1,0,0,2,2,0,1,2,2,0,2,1,1,0,1,0,2,2,2,2,1,0,1,0,0,0,0
0,1,1,1,1,1,1,2,0,2,1,1,0,0,0,0,1,0,0,0,2,2,0,1,1,0,0,1,1,1
0,2,2,1,0,0,2,0,0,2,2,2,0,2,2,2,1,2,0,0,2,2,2,1,0,0,0,1,1,1
0,2,2,1,0,0,2,0,0,1,0,2,1,2,0,1,0,2,0,1,0,1,2,0,1,2,0,1,0,0
0,2,2,1,0,1,0,0,1,1,0,2,1,1,2,2,1,1,1,2,0,2,2,1,0,0,0,1,1,2
0,1,2,1,0,0,2,0,0,2,0,1,1,0,1,0,1,0,0,1,2,2,2,1,0,0,0,1,1,0
0,1,2,1,1,1,0,0,0,0,2,0,1,2,0,0,0,1,0,0,0,2,2,2,1,0,0,1,1,2
0,1,1,1,0,1,1,2,1,0,2,0,0,2,1,1,1,1,1,2,0,2,2,1,0,0,0,1,1,0
0,2,2,1,0,1,0,2,1,1,1,1,0,1,2,0,0,0,0,0,0,2,2,0,1,0,0,1,1,0
0,0,1,1,0,1,0,0,0,2,0,2,1,2,0,0,0,2,0,1,1,2,2,2,0,1,0,1,1,0
0,0,2,0,0,1,2,0,1,1,2,2,0,2,1,1,0,1,0,2,1,1,2,1,1,1,0,0,1,2
0,2,2,1,1,0,0,2,1,1,0,2,0,2,2,0,0,1,0,2,2,2,0,0,0,2,0,1,1,1
0,2,2,1,0,1,0,0,0,1,1,2,0,2,2,0,1,0,0,0,1,1,0,1,1,1,0,1,0,2
0,1,2,1,1,1,0,0,0,1,2,0,0,2,0,0,0,0,1,0,2,2,2,0,1,2,0,1,1,1
0,1,0,1,1,1,0,0,0,0,2,2,1,2,0,0,1,2,0,0,1,2,2,2,1,2,0,1,1,1
0,1,1,1,1,0,0,2,1,1,0,2,0,1,2,0,0,0,1,0,1,2,0,2,0,0,0,1,1,1
0,2,2,1,1,1,2,2,1,0,0,1,0,1,1,1,0,1,0,1,2,2,2,0,1,2,0,1,1,2
0,1,2,0,0,0,2,2,0,1,1,0,0,2,1,1,1,1,0,2,1,1,2,1,0,1,0,1,0,0
0,1,2,0,0,0,1,0,0,0,0,1,0,2,2,1,1,1,1,1,0,1,2,1,1,0,0,1,0,2
0,2,2,1,0,0,0,2,0,0,1,1,0,2,2,1,1,0,0,2,1,2,2,1,1,0,0,1,0,1
0,1,2,1,0,0,2,2,0,2,2,1,0,0,1,0,0,0,0,1,2,2,2,0,0,0,0,1,1,2
0,2,2,1,0,1,1,0,0,2,2,2,0,2,0,1,1,1,1,0,0,0,1,1,1,2,0,1,1,0
0,2,2,0,0,0,0,2,1,1,0,2,0,0,1,0,0,1,1,2,0,1,2,2,0,1,0,1,0,2
0,2,1,1,1,0,0,2,1,0,0,1,0,2,0,0,0,0,1,0,1,2,0,0,0,2,0,1,1,1
0,2,2,1,1,1,2,0,1,2,2,2,1,2,2,2,1,2,0,2,2,2,0,1,1,0,0,1,1,0
0,1,2,1,0,0,1,0,0,0,1,1,1,2,2,0,1,1,0,0,0,2,2,1,1,0,0,1,1,2
0,1,2,1,1,0,1,2,1,1,2,1,1,2,0,0,0,0,1,0,2,2,2,0,1,1,0,1,1,2
0,1,2,1,0,1,2,0,1,2,2,1,1,0,0,1,0,1,1,1,2,1,1,0,0,0,0,0,1,0
0,2,2,1,1,0,1,0,0,1,0,2,0,2,2,0,1,0,0,0,1,2,0,1,1,0,0,1,1,0
0,1,2,1,1,1,1,2,1,1,1,0,0,1,0,1,0,2,1,1,0,2,0,0,0,1,0,1,1,2
0,1,2,1,0,0,2,2,1,1,1,0,1,2,2,1,1,1,1,2,0,2,2,1,0,1,0,1,1,0
0,1,2,1,1,1,0,0,0,1,1,2,0,0,0,0,0,1,0,2,0,2,2,0,0,1,0,1,1,0
0,1,2,1,1,0,2,2,0,2,0,0,0,1,0,0,0,2,0,2,2,0,2,2,1,2,0,1,0,0
0,1,2,1,1,0,1,0,0,1,2,1,0,0,0,1,0,1,1,2,2,2,2,0,0,0,0,0,1,0
0,2,2,1,1,0,0,2,0,1,1,2,1,0,2,0,0,1,1,1,0,2,1,1,0,2,0,1,1,2
0,2,2,0,1,0,1,0,1,2,1,0,0,1,1,1,0,1,0,2,0,1,2,0,1,0,0,1,0,1
0,1,2,1,0,0,0,0,0,2,0,1,0,2,1,1,1,1,0,2,2,2,2,1,0,0,0,1,1,0
0,2,2,0,0,0,1,2,0,1,1,1,0,2,2,1,0,1,0,0,1,1,0,1,0,2,0,1,0,2
0,1,2,0,0,1,0,0,0,0,1,1,0,2,1,0,1,1,0,0,1,1,2,1,1,2,0,1,0,2
0,1,2,1,0,0,0,0,0,0,1,1,1,2,1,0,0,1,1,2,2,2,2,1,0,2,0,1,1,1
0,2,2,1,1,0,2,0,0,0,1,2,1,1,1,0,0,0,0,2,0,2,2,0,0,2,0,1,1,0
0,1,2,0,0,0,1,2,1,1,2,2,1,1,2,0,1,0,1,0,2,0,0,0,1,0,0,1,1,1
0,1,2,1,0,1,1,0,0,2,1,2,0,0,2,1,0,1,0,0,0,2,0,0,0,2,0,1,0,2
0,2,2,1,1,0,1,2,0,1,2,1,1,2,1,1,0,0,1,0,2,2,2,2,1,1,0,1,1,2
0,0,2,1,0,0,0,0,0,1,2,2,0,2,0,1,1,1,1,1,2,0,1,1,1,0,0,1,0,0
0,1,2,1,1,0,1,1,1,0,2,2,0,2,0,2,1,1,1,0,0,2,2,1,0,0,0,0,1,1
0,1,2,1,1,0,0,0,0,2,1,1,0,2,0,1,0,1,0,0,0,2,2,1,0,0,0,0,0,1
0,1,1,1,1,0,1,2,1,1,2,0,0,2,0,1,0,1,1,0,0,2,2,0,0,1,0,1,1,1
0,1,2,1,0,0,2,0,1,1,2,0,1,2,2,0,1,0,1,1,2,1,2,0,0,1,0,1,0,1
0,2,2,1,1,1,1,2,1,0,0,0,0,1,2,0,0,1,1,0,2,2,2,1,0,1,0,0,1,2
0,0,0,1,0,0,2,1,1,0,1,0,1,2,2,1,1,1,0,2,1,2,2,1,1,1,0,1,1,0
0,1,2,1,1,0,1,0,1,1,2,1,1,2,2,1,0,1,0,2,0,2,2,1,0,2,0,1,1,0
0,2,2,1,1,1,0,2,0,0,1,2,1,0,1,1,1,1,0,1,0,2,0,1,0,0,0,1,1,2
0,2,1,1,0,0,0,0,1,0,2,0,1,1,1,0,0,1,0,0,0,0,2,0,1,0,0,1,0,0
0,2,2,1,1,0,2,0,0,2,2,0,0,0,0,1,0,0,0,2,2,2,2,0,0,0,0,0,0,2
0,1,2,0,1,1,0,0,1,2,1,0,0,2,0,0,0,1,1,2,1,1,2,2,0,0,0,1,0,2
0,1,0,1,1,0,2,2,1,0,0,2,0,2,2,1,0,1,1,2,0,2,2,1,0,2,0,0,1,2
0,2,2,1,1,0,2,0,0,1,0,2,0,2,1,0,0,1,1,0,0,2,0,1,0,2,0,1,1,0
0,1,2,1,1,0,2,2,1,1,2,1,1,2,0,1,0,1,1,2,2,0,2,0,0,1,0,1,1,1
0,1,2,1,0,1,2,0,0,1,2,1,1,2,2,1,1,1,1,2,2,2,2,1,0,2,0,1,1,0
0,2,0,1,1,0,2,2,0,0,0,0,0,0,1,0,1,0,1,0,2,2,0,1,0,0,1,0,0,1
0,2,1,1,0,0,0,2,0,0,2,0,1,1,2,1,0,2,0,0,1,2,2,2,0,2,0,1,1,1
0,0,0,0,0,0,0,2,1,1,0,2,1,1,0,0,1,0,1,1,1,2,1,0,1,2,0,1,1,0
0,1,1,1,1,1,1,2,1,0,0,0,0,1,0,0,1,1,0,0,1,2,0,0,1,1,0,1,1,1
0,2,2,1,0,1,0,0,1,2,1,0,1,0,2,0,0,0,1,2,0,2,2,1,0,2,0,1,1,1
0,1,2,1,1,0,1,2,0,1,2,1,1,2,0,0,0,0,1,0,1,2,2,0,1,1,0,1,1,2
0,1,2,1,1,0,0,2,0,0,0,0,1,0,0,0,0,0,0,2,0,2,2,1,0,1,0,1,1,2
0,1,1,1,1,0,0,2,1,0,2,0,0,2,2,1,0,1,0,0,0,2,1,0,1,0,0,1,1,1
0,1,2,0,0,0,2,0,1,2,0,0,0,2,1,1,0,0,1,2,1,0,2,2,0,1,0,1,0,0
0,1,2,1,0,0,0,2,0,2,0,1,1,2,0,0,0,0,0,1,2,2,1,2,0,0,0,1,1,2
0,1,2,1,1,0,2,0,1,1,1,1,1,0,2,0,1,0,0,0,0,2,1,1,1,2,0,1,1,2
0,1,2,1,0,1,1,0,0,1,2,1,0,0,1,1,0,1,0,2,1,0,2,0,0,1,0,1,0,2
0,1,2,1,1,1,1,1,0,2,2,1,0,1,0,0,0,1,0,0,2,2,2,0,1,0,0,1,1,2
0,1,2,1,0,0,1,0,0,1,1,2,1,0,1,2,1,2,1,0,0,2,2,0,1,2,0,1,1,2
0,2,2,1,1,1,0,2,1,2,2,2,0,2,2,1,0,0,1,0,2,2,0,2,0,1,0,0,0,1
0,2,2,0,1,0,2,0,1,0,0,2,1,2,2,1,0,1,1,1,2,1,1,1,1,0,0,1,0,1
0,2,2,1,1,0,1,2,0,1,0,1,1,1,1,2,1,2,0,0,0,2,2,0,1,1,0,1,1,0
0,2,2,0,0,0,1,1,1,1,1,1,0,2,0,0,1,0,0,1,0,1,0,1,1,2,0,0,1,2
0,2,2,1,1,0,1,2,1,1,0,2,0,2,1,0,0,1,1,2,1,2,2,1,0,1,0,1,1,0
0,2,2,1,1,0,2,0,1,0,1,2,0,1,1,1,1,1,0,2,2,0,2,1,0,1,0,1,1,1
0,1,2,1,1,1,2,0,1,1,1,0,0,1,0,1,1,0,0,0,0,2,2,2,1,1,0,1,1,1
0,1,2,0,0,0,0,2,0,1,0,1,1,1,1,0,0,1,1,2,0,1,0,2,0,2,0,1,0,2
0,2,2,0,0,0,0,0,1,0,2,2,0,2,2,2,0,1,0,0,2,1,0,1,1,0,0,1,0,2
0,1,2,1,0,1,0,0,1,0,1,0,0,0,0,0,1,1,1,1,1,2,1,1,0,1,1,0,1,2
0,1,1,1,1,0,1,2,1,1,2,0,1,2,1,1,0,0,0,0,1,0,2,2,1,0,0,0,0,1
0,1,1,0,0,1,2,0,0,1,1,1,0,2,1,0,1,1,1,2,0,1,2,1,0,1,0,1,1,1
0,2,2,1,1,1,2,2,1,0,1,1,1,2,1,1,0,1,1,0,0,2,2,1,0,2,0,1,1,0
0,1,2,1,0,0,0,2,1,0,0,0,0,2,2,1,0,0,0,0,1,0,0,2,1,2,0,1,0,2
0,1,0,1,0,0,0,2,1,1,0,1,0,2,2,1,1,1,0,2,2,2,2,1,0,2,0,1,1,2
0,1,1,1,1,1,2,2,0,0,2,1,1,0,0,1,0,1,0,1,1,2,2,0,1,1,0,0,1,0
0,1,2,0,1,0,2,2,0,0,1,1,0,2,0,1,1,0,1,2,0,1,2,1,1,0,0,0,0,1
0,2,2,1,1,0,0,0,0,0,2,2,1,2,2,0,1,1,0,1,0,2,0,2,1,0,0,1,1,1
0,2,2,1,1,1,0,2,0,0,2,2,1,0,1,2,1,1,1,0,0,2,2,1,0,2,0,1,1,1
0,2,2,1,1,0,2,2,0,0,1,2,0,0,1,1,1,1,0,2,0,2,2,1,1,1,0,1,1,0
0,1,2,1,1,1,1,2,1,1,2,1,0,2,1,0,0,0,1,2,2,2,2,1,0,1,0,1,1,2
0,2,2,0,0,1,1,0,1,0,1,2,1,2,1,0,1,1,1,1,0,1,1,1,0,0,0,1,0,2
0,1,2,1,1,0,1,2,1,1,2,1,1,2,0,1,1,1,0,2,0,0,2,1,0,2,0,1,0,0
0,2,2,1,0,1,1,0,0,0,2,1,1,2,2,1,1,1,1,2,2,2,0,0,1,1,1,0,1,0
0,2,2,1,1,0,0,2,1,0,2,2,1,2,2,0,0,0,0,0,2,0,0,1,0,2,0,1,1,2
0,2,1,0,1,1,0,2,0,1,0,2,1,0,1,0,0,1,0,0,2,1,2,2,0,1,0,1,0,0
0,1,2,1,0,0,1,2,0,1,0,1,0,1,2,0,1,0,1,0,2,0,0,0,1,2,0,1,0,1
0,1,2,0,0,1,1,2,0,0,1,1,0,2,2,1,1,1,0,2,1,1,2,1,0,1,0,1,0,0
0,2,2,1,0,1,2,2,1,1,1,2,1,1,1,0,1,0,1,0,0,2,2,0,1,1,0,1,1,1
0,1,0,0,0,1,0,2,0,1,2,1,0,2,2,1,0,0,1,1,2,1,0,1,1,0,0,1,0,1
0,1,2,1,1,0,1,2,1,1,2,0,0,0,0,1,0,1,0,0,2,2,0,1,0,2,0,1,1,1
0,1,2,0,0,0,0,1,0,2,2,2,1,2,2,1,1,1,0,0,1,1,2,1,1,1,0,1,0,0
0,2,2,1,0,0,1,2,1,0,2,1,0,2,2,1,1,1,1,0,2,2,2,1,1,0,1,0,1,0
0,1,2,1,0,1,2,0,1,0,1,1,0,1,2,1,0,1,1,2,0,2,0,0,1,2,0,1,1,0
0,1,2,1,1,1,1,2,1,0,1,2,0,2,1,1,1,1,0,0,0,2,2,1,1,1,0,1,1,2
0,1,2,1,0,1,1,0,0,1,2,2,0,1,2,1,0,1,1,0,2,2,0,1,0,2,0,1,1,0
0,0,2,1,0,0,0,2,1,1,0,1,0,2,1,0,0,2,0,1,0,2,2,2,1,2,0,1,1,0
0,2,0,1,1,1,0,0,0,1,1,0,0,2,2,0,0,1,1,0,1,2,0,2,0,2,0,1,1,2
0,2,2,1,0,0,0,0,0,0,2,2,0,2,2,1,1,1,1,2,2,2,2,1,1,0,0,1,1,0
0,2,0,0,1,0,0,2,0,0,2,1,0,2,0,1,0,1,1,0,2,2,2,1,1,2,0,1,1,0
0,1,2,1,0,0,2,2,1,1,2,1,0,2,1,0,1,0,0,1,0,2,2,0,1,1,0,1,1,2
0,1,2,1,0,1,0,0,0,0,2,1,1,2,2,0,0,1,0,1,0,2,2,1,1,2,0,1,1,0
0,1,2,1,0,1,2,0,0,2,2,0,1,0,1,2,1,1,1,0,0,0,2,2,0,1,0,1,1,1
0,1,0,1,1,1,1,1,1,1,1,0,1,1,0,1,0,0,1,2,1,2,0,2,1,2,0,1,0,2
0,1,1,1,1,1,1,2,0,1,0,1,1,0,0,0,0,1,0,0,2,2,2,0,1,0,0,0,1,0
0,1,2,1,1,1,2,0,0,2,2,0,1,2,0,0,0,0,0,2,0,2,2,1,0,0,0,0,1,2
0,2,2,1,1,0,2,1,0,2,1,2,1,2,2,0,0,0,0,1,1,0,1,1,0,2,0,0,0,1
0,1,2,1,1,1,0,0,0,1,0,1,1,2,0,1,0,0,0,2,0,2,2,2,1,1,0,1,1,2
0,2,2,1,0,1,1,2,1,0,1,0,0,2,2,1,1,1,1,2,1,2,0,1,1,0,0,1,1,2
0,2,1,1,1,0,0,0,0,1,2,1,0,2,2,1,0,0,1,0,0,2,0,2,1,0,0,1,1,1
0,0,2,1,0,0,1,2,1,0,0,0,1,1,1,0,0,1,1,0,2,2,2,0,1,0,0,1,1,2
0,0,2,1,1,0,0,0,0,1,2,0,0,2,1,0,0,0,1,0,2,2,2,2,1,1,0,1,1,2
0,1,1,1,1,0,0,0,0,0,0,1,0,1,2,1,0,1,0,0,1,2,0,0,1,2,0,1,1,1
0,1,2,1,1,0,2,0,0,2,2,1,0,2,0,1,0,0,1,2,2,2,2,2,0,0,0,1,1,2
0,1,2,1,1,0,1,0,0,2,2,0,0,2,0,0,1,1,0,2,0,2,2,0,1,1,0,1,1,1
0,1,2,0,1,0,1,2,0,0,0,1,0,2,0,1,0,1,1,2,0,1,2,1,1,0,0,1,0,2
0,1,1,0,0,0,1,2,0,1,0,0,0,2,1,1,0,0,1,1,2,1,2,1,1,1,0,1,0,2
0,1,2,1,0,1,1,2,0,1,2,0,1,0,0,0,0,1,1,1,2,0,1,1,0,0,0,1,1,1
0,1,1,1,1,0,1,2,1,1,2,0,1,2,2,2,1,2,1,0,0,2,2,0,1,1,0,1,1,0
0,2,2,1,1,0,1,0,1,2,2,0,1,1,0,1,0,1,0,2,2,2,2,0,1,1,0,1,1,2
0,1,2,1,1,1,1,0,0,1,2,2,1,0,2,1,0,2,0,0,2,2,2,0,0,1,0,1,1,1
0,1,2,1,1,0,1,2,1,1,2,1,1,2,2,1,0,0,0,0,2,2,2,2,1,1,0,1,0,2
0,1,2,1,1,1,0,0,0,1,2,1,0,2,0,0,0,2,0,0,0,2,2,2,1,2,0,1,1,1
0,1,0,1,1,0,0,2,1,1,2,1,0,2,0,0,0,0,1,0,0,2,2,0,1,1,0,1,0,2
0,1,2,1,0,0,0,0,0,0,2,2,1,2,1,0,1,1,1,0,2,2,2,1,1,0,0,1,1,0
0,2,2,1,1,1,0,2,0,1,1,2,1,1,0,0,1,0,1,0,0,2,2,0,1,0,0,1,1,1
0,1,1,1,0,0,0,1,0,1,1,0,1,2,1,1,0,0,1,2,2,2,2,2,1,1,0,1,1,1
0,1,0,1,1,1,2,2,1,0,1,2,0,2,0,0,0,0,0,2,0,2,2,1,0,2,0,0,1,0
0,1,0,1,1,0,2,2,0,2,1,0,1,0,0,1,0,0,1,1,1,2,0,0,1,0,0,1,1,0
0,1,1,1,1,1,2,0,0,1,0,2,0,0,2,1,1,1,1,1,2,2,1,0,1,0,0,1,0,0
0,1,2,1,1,0,0,0,1,0,0,1,0,2,0,1,0,1,1,2,2,2,2,1,0,0,0,0,0,2
0,2,2,1,1,1,1,2,1,0,2,1,0,2,2,1,1,1,0,0,0,2,0,0,1,0,0,0,1,1
0,1,2,1,1,1,2,0,0,1,1,0,0,0,2,0,1,1,1,1,1,2,2,0,0,1,0,1,1,1
0,1,1,1,0,0,0,1,1,1,1,2,1,2,1,0,0,1,1,1,2,2,1,0,0,2,0,1,1,0
0,1,2,1,0,0,2,0,1,1,1,0,0,0,1,0,1,1,1,2,2,2,2,1,0,2,0,0,1,2
0,1,1,1,1,0,0,0,1,2,0,2,1,0,2,1,1,1,1,2,1,2,0,1,0,0,0,1,1,1
0,1,1,1,1,0,1,0,1,0,0,2,1,0,1,1,1,1,1,1,1,2,1,1,1,2,0,1,1,1
0,1,2,1,1,0,2,2,1,2,2,1,1,0,0,0,0,0,0,2,2,2,2,1,0,0,0,1,1,1
0,1,2,1,1,1,1,0,0,1,2,0,1,2,0,1,0,0,1,0,2,2,2,2,1,1,0,1,1,2
0,2,2,1,1,1,2,0,0,2,1,2,0,2,1,1,1,2,0,0,0,2,2,0,1,0,0,1,1,0
0,1,2,1,0,0,1,2,1,0,0,0,1,1,2,1,0,1,1,2,2,0,0,0,0,1,0,1,1,2
0,1,0,1,0,1,0,0,1,0,0,0,1,2,1,1,0,1,0,2,0,2,2,0,1,0,0,1,1,2
0,0,0,0,1,0,2,2,0,0,2,1,1,2,0,2,1,1,0,0,1,1,2,1,1,0,0,1,0,0
0,2,2,1,0,1,0,0,0,1,1,0,0,0,1,0,1,0,1,0,0,2,0,0,1,0,0,1,1,1
0,1,2,1,1,0,2,2,0,2,0,1,0,2,2,0,0,0,1,0,2,2,0,0,0,2,0,1,1,1
0,2,0,1,1,0,2,0,1,2,1,2,1,2,2,0,0,2,1,0,1,2,0,2,1,2,0,0,0,1
0,1,2,0,1,0,0,0,1,0,0,0,1,2,0,1,1,1,1,1,0,1,0,1,1,1,0,1,0,1
0,2,2,1,0,1,0,2,1,1,1,2,0,2,1,1,0,1,0,1,0,2,0,1,0,2,0,1,1,0
0,1,2,0,0,0,1,0,1,1,0,0,0,0,2,1,0,1,1,2,0,1,0,1,1,0,0,1,0,2
0,2,0,1,0,0,2,0,1,0,2,2,0,0,2,1,1,1,1,2,0,0,0,1,1,0,0,1,1,1
0,2,2,1,1,1,2,0,1,2,2,2,0,1,1,0,1,0,1,2,2,2,2,1,0,1,0,1,0,1
0,2,2,1,1,1,2,0,0,0,1,1,1,2,2,2,0,2,0,2,0,2,0,1,0,2,0,1,1,1
0,2,0,1,0,0,1,2,0,1,1,1,1,0,1,0,1,1,1,1,1,2,1,1,0,1,0,1,1,2
0,2,0,0,1,1,0,2,1,0,1,1,0,1,1,0,1,1,1,0,1,1,2,1,0,0,0,0,1,1
0,2,2,1,1,0,2,2,0,2,1,2,1,2,1,2,0,0,0,0,0,2,0,2,0,1,0,1,1,1
0,1,2,1,1,1,2,2,0,1,2,0,1,0,2,0,1,0,0,1,0,2,1,1,1,0,0,1,1,2
0,2,0,1,1,0,2,0,0,1,1,0,1,2,2,1,0,2,0,1,0,2,0,2,0,1,0,1,1,1
0,1,2,0,1,0,0,0,0,2,0,1,1,2,2,1,1,1,1,0,0,1,2,0,1,0,0,1,0,2
0,1,0,1,0,1,2,2,1,0,1,2,0,0,2,0,0,0,0,0,1,2,2,0,0,0,0,0,1,0
0,1,2,1,1,1,0,0,0,0,1,1,1,2,0,0,0,0,1,2,0,2,2,1,0,1,0,1,1,1
0,2,1,1,0,0,1,1,0,2,1,1,1,2,1,0,0,1,0,2,2,2,0,2,0,1,0,1,1,0
0,1,2,0,0,1,1,0,0,1,1,1,0,2,2,0,0,0,1,2,0,1,2,0,1,0,0,0,1,1
0,1,2,1,1,1,0,0,0,0,2,1,1,1,2,0,0,0,1,2,0,2,0,0,0,2,0,1,1,1
0,1,0,1,1,1,0,0,0,0,2,2,1,2,0,0,1,0,0,2,1,2,2,1,0,0,0,0,0,1
0,1,2,0,1,0,1,2,1,0,0,1,0,2,2,1,0,1,1,0,2,2,2,1,1,0,0,1,1,2
0,1,2,1,0,0,1,0,0,0,2,1,0,0,0,1,0,1,1,0,1,1,1,0,0,0,0,0,1,2
0,1,2,1,1,1,0,2,1,2,2,0,1,0,0,0,1,2,1,2,2,0,2,1,0,1,0,0,0,0
0,1,2,1,1,0,2,0,0,0,2,0,0,2,0,1,0,0,1,2,2,2,2,2,0,2,0,1,1,1
0,1,2,1,1,1,0,2,0,1,2,0,1,0,2,0,0,2,1,1,0,2,1,1,0,0,0,1,1,0
0,1,0,0,1,1,0,0,0,1,1,2,0,2,0,1,0,1,0,0,2,0,2,1,0,1,0,1,0,0
0,2,2,1,0,0,2,2,1,2,2,2,0,1,2,2,1,2,1,0,0,2,2,0,1,0,0,1,1,0
0,0,2,1,0,0,1,0,0,2,2,2,0,2,1,1,0,2,0,2,0,2,2,0,0,0,0,1,0,1
0,1,1,0,1,1,0,2,1,0,2,0,0,2,0,1,1,1,1,0,0,1,2,1,0,1,0,1,0,0
0,1,1,1,1,0,1,0,0,1,0,1,1,2,0,1,0,1,1,2,1,2,2,1,0,2,0,1,1,2
0,1,2,1,1,0,2,0,0,1,0,1,1,2,0,1,1,0,0,0,1,2,2,2,1,0,0,1,1,0
0,1,2,1,1,1,2,0,0,0,1,0,1,0,1,0,0,1,0,0,0,2,2,1,0,2,0,1,1,0
0,2,2,0,0,1,0,0,1,1,0,2,1,1,2,0,0,1,1,0,0,1,2,0,1,1,0,1,0,2
0,1,2,0,1,0,0,0,0,0,1,0,0,0,2,0,1,0,0,1,2,2,1,1,0,1,0,1,0,2
0,1,2,1,0,0,1,2,1,1,2,1,1,1,2,0,0,1,1,0,2,2,0,2,0,1,0,1,1,1
0,1,1,1,0,1,1,0,0,2,1,1,0,2,1,0,1,1,1,2,0,2,2,2,0,1,0,1,1,2
0,2,2,0,1,0,1,2,1,0,0,2,1,1,1,0,1,1,0,2,0,1,2,1,1,1,0,1,0,0
0,2,2,0,0,0,1,2,1,2,0,1,1,1,1,0,0,0,1,1,2,0,2,1,0,2,0,1,1,0
0,1,1,1,1,0,0,2,1,0,2,0,0,2,0,1,0,1,1,2,0,2,2,0,0,1,0,0,1,1
0,1,2,1,1,0,2,2,1,0,2,1,0,2,0,1,0,0,0,2,0,2,2,2,0,1,0,1,0,1
0,1,1,1,1,0,0,1,0,2,2,2,0,0,2,1,1,1,1,1,0,2,1,1,1,0,0,1,1,1
0,2,2,1,1,0,1,2,0,1,2,2,0,2,2,1,0,0,1,2,1,2,0,2,1,1,0,1,1,1
0,1,0,1,1,1,1,1,0,2,1,0,1,2,0,1,0,1,1,1,0,2,2,1,0,0,0,1,1,1
0,2,2,1,1,0,0,0,0,0,2,0,0,2,1,0,0,1,0,0,2,2,2,2,1,2,0,1,1,0
0,2,2,1,0,0,1,0,1,0,1,0,0,0,0,0,1,0,1,1,1,2,2,1,0,2,0,1,1,1
0,0,2,1,0,1,0,2,0,1,2,2,1,0,1,0,1,1,0,2,1,0,2,0,1,0,0,1,1,0
0,1,0,1,1,1,2,2,1,2,1,0,1,0,2,0,0,2,0,1,1,2,0,2,1,1,0,1,0,1
0,1,2,1,1,0,1,0,0,0,2,0,1,2,0,1,0,1,1,0,2,2,2,1,0,1,0,1,1,0
0,1,0,1,1,1,1,2,1,1,2,2,0,2,0,0,0,1,0,1,0,2,2,0,0,0,0,1,1,0
0,2,1,1,1,0,1,0,1,1,0,2,0,2,2,0,1,0,0,0,1,2,2,1,1,0,1,0,1,0
0,1,2,1,1,1,0,2,0,1,2,1,0,2,2,1,0,0,1,2,0,2,2,2,0,0,0,1,1,2
0,0,1,1,1,1,0,2,1,1,2,2,0,2,0,0,0,0,0,2,1,2,2,1,0,0,0,1,1,2
0,1,2,1,1,1,1,0,1,1,0,0,0,1,2,0,0,1,1,2,2,2,0,1,0,2,0,1,1,1
0,1,2,1,1,0,1,2,1,1,2,1,0,2,0,1,0,2,0,2,2,2,2,0,0,0,0,1,1,1
0,1,1,1,1,1,2,0,0,1,1,1,0,2,1,1,1,1,0,2,2,2,2,1,0,2,0,1,1,0
0,1,2,1,1,0,1,2,1,1,2,0,0,2,2,0,0,1,1,1,1,2,2,1,0,1,0,0,1,0
0,2,1,1,1,0,0,2,1,1,0,2,0,1,1,0,0,1,0,0,1,2,2,0,0,1,0,1,1,2
0,2,2,1,1,0,0,2,0,1,1,1,1,2,1,2,0,0,1,0,0,2,2,2,1,1,0,1,1,1
0,1,2,1,1,1,0,0,1,2,0,1,0,2,1,0,0,1,0,2,2,2,2,0,0,2,0,1,1,0
0,1,2,1,1,1,1,1,1,1,0,2,0,0,0,0,0,0,0,0,2,2,0,0,1,2,0,1,0,2
0,1,2,1,0,0,1,0,1,1,1,0,0,0,2,1,1,0,1,2,0,2,2,1,1,1,0,1,1,1
0,0,2,1,1,1,2,0,1,2,0,1,1,1,2,2,1,2,1,0,2,2,0,0,1,1,0,1,0,2
0,2,0,1,0,1,2,0,1,2,2,0,0,1,1,0,0,1,0,0,0,2,2,2,1,2,0,1,1,2
0,2,0,1,0,1,1,2,1,2,1,1,1,1,1,0,1,2,1,0,0,2,2,1,1,2,0,1,1,1
0,1,2,1,1,0,1,0,1,1,0,1,1,2,0,1,0,0,1,2,0,1,2,2,1,0,0,1,0,0
0,0,2,1,0,1,1,0,0,1,2,1,1,0,1,1,0,1,0,2,0,2,1,0,0,0,0,1,1,1
0,2,2,0,0,1,2,0,0,0,0,0,0,0,2,0,0,2,0,0,0,1,2,2,0,0,0,1,0,1
0,1,2,1,1,1,1,0,0,0,1,0,1,0,0,0,0,0,0,2,0,2,2,1,0,1,0,1,1,0
0,2,2,1,1,0,0,0,0,0,0,1,0,1,1,0,0,1,1,2,2,2,2,0,0,0,0,0,1,2
0,1,2,1,1,0,2,0,1,0,1,2,0,1,0,0,0,0,1,2,0,2,0,1,0,1,0,1,1,1
0,1,0,1,1,1,1,2,1,1,0,0,1,2,2,1,0,0,0,1,0,0,1,2,1,1,0,1,0,2
0,1,1,1,1,1,1,0,1,1,2,2,1,0,2,1,0,1,0,0,0,2,0,1,0,2,0,1,1,1
0,0,1,1,1,1,2,2,0,0,1,1,1,0,1,1,1,1,1,1,2,2,2,1,1,0,0,1,1,1
0,2,2,1,1,0,0,0,0,0,1,0,1,0,2,0,0,0,0,0,1,2,0,0,0,2,0,1,1,2
0,2,2,0,0,0,1,2,0,1,2,2,1,2,0,2,1,0,1,0,2,1,0,2,0,1,0,1,0,1
0,1,2,1,0,0,1,2,1,0,2,1,1,2,1,1,1,1,1,0,2,2,2,1,1,0,0,1,1,0
0,2,2,1,1,1,1,0,1,2,1,2,1,2,2,2,1,1,1,2,2,2,0,1,0,0,0,1,1,0
0,2,0,1,0,1,2,0,0,2,2,2,1,0,2,1,1,1,1,1,0,0,2,1,1,1,0,1,0,0
0,1,2,1,1,1,1,0,0,1,1,2,0,2,2,2,0,2,1,0,0,2,2,2,1,0,0,1,1,2
0,2,2,1,1,0,1,0,0,0,2,2,0,2,1,1,1,1,1,1,2,2,2,1,1,1,0,1,1,0
0,1,2,1,0,0,0,0,0,0,2,1,1,2,2,0,1,0,1,2,2,2,2,1,0,2,0,1,1,1
0,1,0,1,1,0,0,0,1,2,1,0,1,2,0,1,1,1,0,2,1,2,2,0,0,1,0,1,1,0
0,2,2,1,1,0,1,2,0,2,2,2,1,2,0,1,0,0,0,1,2,2,1,2,1,2,0,1,0,1
0,1,2,1,1,0,1,0,0,1,0,2,1,1,0,0,0,0,1,0,2,2,2,0,1,1,0,1,1,0
0,2,0,1,1,0,1,0,0,0,1,0,1,2,2,1,0,2,1,2,0,2,0,2,1,0,0,1,1,2
0,0,2,1,0,1,0,0,0,1,1,2,1,2,1,2,1,0,1,0,0,2,2,2,1,2,0,0,1,1
0,2,0,1,1,1,2,2,0,0,2,1,0,2,1,0,0,1,1,1,1,2,2,1,0,1,0,1,1,1
0,1,1,1,1,0,2,0,0,2,1,0,0,2,0,1,0,0,1,2,0,2,2,2,1,2,0,1,1,1
0,1,2,0,1,1,1,2,0,1,1,1,0,2,2,0,0,0,1,0,1,1,1,0,1,0,0,1,0,1
0,1,2,1,1,0,1,0,0,1,2,1,0,2,0,0,0,1,1,1,2,2,2,1,0,2,0,1,1,1
0,1,0,1,0,1,0,0,0,2,2,1,0,2,2,2,1,2,1,0,1,0,2,0,1,1,0,0,0,0
0,1,0,0,1,1,1,0,0,2,2,0,1,0,0,0,1,1,1,2,0,1,2,1,0,1,0,1,0,0
0,2,0,1,0,0,0,2,0,0,2,1,1,2,2,0,0,0,1,0,1,1,0,1,0,2,0,1,0,1
0,2,2,1,1,1,1,0,1,1,1,0,1,0,2,1,0,1,0,0,0,2,2,1,0,1,0,0,0,0
0,2,2,0,0,0,0,2,0,0,2,1,1,2,0,0,0,0,0,2,2,1,1,2,0,0,0,0,1,1
0,1,2,1,1,0,2,0,0,1,2,0,1,2,0,2,1,0,0,0,1,2,2,2,1,0,0,1,1,0
0,1,2,1,0,0,0,0,1,2,2,1,0,2,2,2,1,1,1,2,2,2,2,2,0,2,0,1,0,0
0,1,2,1,1,0,1,2,1,0,2,0,0,2,0,2,1,1,1,0,2,2,2,1,1,0,0,1,1,0
0,1,2,1,0,1,1,0,1,1,1,0,0,0,0,0,1,0,1,0,2,2,1,1,1,2,0,1,0,1
0,2,0,0,0,1,2,0,0,2,0,2,0,2,2,0,0,2,1,0,0,0,0,2,1,0,0,1,1,0
0,1,2,1,1,0,1,0,1,1,2,1,0,2,2,1,0,1,1,0,2,2,2,1,0,1,0,1,1,0
0,1,0,0,0,1,0,0,1,2,2,0,0,0,2,0,0,2,0,2,2,1,2,2,0,0,0,1,0,1
0,1,2,1,1,0,2,1,1,2,2,2,0,2,0,0,0,1,1,1,1,2,2,2,1,2,0,1,1,1
0,1,2,1,1,0,0,0,0,1,2,1,0,0,0,0,0,0,1,0,1,2,2,0,1,0,0,1,1,2
0,1,2,1,0,0,2,2,1,1,2,0,0,0,1,1,1,1,1,2,2,2,0,1,0,2,0,1,1,0
0,1,0,1,1,0,0,0,0,1,2,1,0,2,1,0,0,1,0,0,0,2,2,2,1,2,0,1,1,0
0,1,2,1,1,0,2,0,0,2,0,1,0,2,0,1,0,0,1,1,0,2,0,2,0,2,0,1,1,2
0,2,1,1,0,0,1,0,0,1,1,2,1,0,1,0,1,1,1,2,1,0,0,1,0,0,0,1,0,0
0,1,2,1,1,0,0,0,0,1,0,1,0,2,0,0,0,1,1,0,2,2,2,1,0,2,0,1,1,2
0,2,2,1,1,1,0,0,0,1,1,0,0,2,0,0,1,2,0,2,2,2,2,2,0,1,0,1,1,1
0,1,2,1,1,0,1,0,0,1,2,1,0,2,0,1,0,1,1,2,0,2,2,0,0,2,0,1,1,0
0,2,2,1,0,0,0,0,0,0,0,2,1,1,2,0,0,1,1,0,2,2,2,0,1,0,0,1,1,2
0,2,2,1,1,1,2,1,0,1,2,1,1,2,1,1,0,0,0,2,2,2,2,2,1,1,0,1,1,2
0,2,2,1,1,1,2,2,1,2,0,2,1,2,1,1,1,0,1,2,1,0,2,1,1,1,0,1,0,1
0,1,2,1,1,0,1,0,1,1,2,0,1,0,2,1,0,1,1,2,2,2,1,0,0,2,0,1,0,1
0,1,2,1,1,0,1,2,1,1,0,1,0,2,0,0,1,0,0,0,0,2,2,1,1,0,0,1,1,2
0,1,2,0,1,1,0,2,1,0,1,1,0,2,0,1,0,1,1,2,1,1,2,1,1,2,0,1,0,1
0,1,2,1,0,1,1,1,1,2,2,2,0,2,1,0,1,0,0,0,2,2,2,1,0,1,0,1,1,1
0,2,2,1,1,1,0,2,0,1,2,2,0,2,1,1,0,1,0,2,2,2,2,1,0,0,0,1,0,1
0,1,2,1,1,1,1,0,0,1,2,1,1,2,0,1,0,0,0,0,2,2,2,2,1,0,0,1,1,1
0,1,2,1,1,0,1,0,0,1,2,1,0,2,0,0,1,0,1,0,2,2,2,0,1,2,0,1,1,0
0,2,2,1,1,1,1,0,1,2,0,1,1,2,2,1,0,0,0,2,0,2,2,2,0,0,1,0,0,2
0,2,2,1,1,1,0,1,1,1,1,0,0,1,1,2,1,0,0,0,0,2,2,2,1,1,0,1,1,0
0,1,2,1,0,1,0,0,1,1,1,2,0,1,2,1,0,0,1,2,2,2,0,2,1,1,0,1,1,0
0,2,2,1,1,0,1,2,0,1,2,1,1,0,0,0,1,0,1,0,0,2,2,0,1,0,0,1,1,0
0,1,2,1,1,0,1,0,1,2,2,1,0,0,2,1,1,1,1,0,2,0,1,1,1,2,0,1,0,1
0,1,1,1,1,1,1,0,0,1,1,1,0,2,0,1,0,1,1,2,1,2,2,0,0,1,0,1,1,1
0,1,2,1,1,0,2,2,0,1,2,0,0,0,0,1,1,1,0,2,2,2,2,1,0,2,0,1,1,2
0,1,2,1,1,1,0,0,0,0,1,0,1,2,0,2,0,0,0,2,2,0,1,2,0,1,0,1,1,2
0,2,0,1,0,0,2,0,0,2,1,1,0,1,2,0,1,0,1,1,1,2,2,0,1,2,0,1,1,1
0,1,1,1,1,0,0,2,1,1,2,0,0,2,0,1,0,1,0,0,0,2,2,0,0,0,0,1,1,0
0,2,1,1,1,0,2,1,0,2,0,1,1,0,1,0,0,1,1,1,1,2,2,1,1,0,0,0,1,2
0,1,2,1,0,0,1,0,0,0,1,0,0,1,2,0,0,0,1,1,0,1,0,0,1,0,0,1,0,1
0,1,0,1,0,1,1,0,1,0,0,2,1,2,1,1,1,1,0,2,2,2,2,1,0,1,0,1,1,2
0,1,1,1,0,0,0,0,0,2,0,2,0,2,2,2,1,2,0,0,1,2,2,1,0,0,0,1,1,2
0,1,2,0,1,0,2,0,1,1,1,2,1,2,2,0,1,1,1,1,1,1,1,1,0,2,0,0,0,2
0,1,1,1,1,1,2,0,0,2,1,1,1,2,2,1,1,1,1,2,0,2,2,1,1,1,0,1,1,1
0,2,2,1,0,0,0,1,0,2,1,0,1,2,2,0,0,0,1,2,0,2,0,1,0,0,0,1,0,1
0,1,2,1,1,1,1,0,0,1,2,1,1,2,0,1,1,1,1,0,2,2,2,1,0,0,0,1,1,2
0,1,2,1,1,0,0,2,1,1,0,1,0,2,0,0,0,0,1,0,0,1,2,2,1,1,0,1,0,1
0,1,2,0,1,1,2,2,1,0,1,0,0,2,0,1,1,1,1,0,0,1,2,1,1,1,0,1,0,1
0,1,2,1,1,1,0,0,1,1,2,0,1,0,0,1,0,1,1,2,2,2,2,1,0,0,0,1,0,2
0,1,1,1,0,1,1,2,0,0,0,0,1,2,2,0,1,1,0,2,2,1,2,1,0,1,0,1,0,1
0,2,2,1,0,1,0,0,0,2,1,0,0,0,2,2,0,2,0,0,2,1,2,0,0,1,0,1,0,0
0,1,2,1,0,1,1,2,1,0,2,0,1,0,2,1,1,1,1,1,2,2,1,1,1,0,0,1,1,2
0,1,2,1,1,0,2,0,1,0,1,1,1,2,0,0,0,0,1,1,0,2,2,1,0,0,0,1,1,1
0,2,2,1,1,1,0,0,0,1,2,2,1,2,1,2,1,0,1,0,2,2,2,2,1,1,0,1,1,1
0,1,2,1,0,0,1,0,1,0,1,0,0,0,1,0,1,0,1,2,1,2,2,1,0,2,0,1,1,1
0,1,2,1,1,0,2,2,1,1,2,1,0,1,0,0,1,1,0,0,2,2,0,0,1,1,0,1,1,1
0,2,2,1,1,0,1,0,0,0,2,2,0,2,2,1,0,0,1,0,2,2,2,2,0,1,0,1,1,1
0,2,1,1,1,0,0,0,0,0,1,1,1,2,2,0,0,0,0,0,2,2,1,1,0,1,0,1,1,2
0,1,2,1,0,1,1,2,0,0,1,1,1,2,0,2,1,1,0,2,1,1,1,1,1,0,0,1,0,1
0,1,2,1,0,0,1,2,1,1,0,2,0,1,2,0,1,0,1,1,0,1,0,0,1,1,0,0,1,1
0,2,1,1,0,1,2,2,1,2,1,2,0,0,1,2,1,2,1,2,2,2,1,0,1,2,0,1,1,0
0,1,2,1,1,0,1,2,0,1,2,1,0,2,0,1,0,1,1,0,0,1,2,1,0,2,0,1,0,0
0,1,1,1,1,1,2,0,0,1,1,1,0,2,0,0,1,1,1,1,2,2,2,1,0,0,0,1,1,2
0,1,0,0,1,1,2,2,0,1,2,0,1,0,0,1,1,1,1,2,0,2,2,0,0,1,0,1,1,1
0,2,2,0,1,0,0,2,1,2,0,1,1,1,0,0,1,2,1,0,0,1,2,1,1,0,0,1,0,1
0,2,2,1,1,1,0,2,1,1,2,2,1,0,2,0,0,0,1,0,2,2,0,1,0,1,0,1,1,1
0,0,1,1,1,1,1,2,1,0,2,1,0,2,1,1,1,1,1,2,0,2,2,1,1,2,0,1,1,1
0,1,2,1,1,0,1,1,1,0,1,2,1,0,0,1,0,0,0,2,1,2,2,2,0,2,0,1,1,1
0,2,1,1,0,1,0,1,1,1,2,1,1,0,1,1,0,1,1,2,1,2,2,0,0,1,0,1,1,2
0,1,2,1,1,0,1,2,1,1,0,0,0,0,1,0,0,0,0,2,1,2,2,1,0,2,0,1,1,1
0,2,2,1,1,1,2,0,0,0,1,0,1,0,2,0,0,0,0,2,0,2,2,0,0,1,0,1,1,1
0,1,2,1,1,0,2,2,1,2,2,1,0,2,0,1,0,0,1,2,0,2,2,0,0,0,0,0,1,2
0,2,0,0,0,1,2,0,1,0,1,2,1,0,1,1,0,2,0,0,2,1,2,2,0,1,0,0,0,1
0,1,2,0,1,1,1,0,0,0,1,0,0,2,2,0,1,0,1,0,0,1,1,1,0,1,0,1,0,1
0,1,2,1,1,1,2,0,0,1,1,1,1,2,0,2,1,0,0,0,2,2,2,2,1,2,0,1,1,0
0,2,2,1,1,0,0,2,0,0,1,2,1,0,0,1,0,1,0,1,0,2,1,0,1,0,0,1,1,2
0,1,2,1,0,1,1,0,0,1,1,1,0,2,2,0,0,1,1,0,2,0,2,1,0,1,0,1,0,1
0,1,0,1,1,1,0,0,0,0,2,0,0,1,2,0,0,1,0,0,1,2,0,0,1,0,0,1,1,1
0,2,2,1,1,0,1,1,0,2,0,0,1,0,1,0,0,1,1,2,1,2,2,1,0,2,0,1,1,2
0,1,0,1,1,0,1,0,1,1,1,1,1,2,0,1,0,1,1,2,1,2,2,1,0,1,0,1,0,1
0,2,1,1,1,0,1,0,0,2,0,1,1,2,2,0,0,2,1,0,1,2,0,2,1,2,0,1,0,1
0,0,2,1,1,1,0,0,0,2,1,2,0,1,2,0,0,0,0,1,2,2,2,0,0,2,0,0,1,0
0,1,0,1,1,1,1,0,0,1,1,0,1,2,2,1,0,1,1,2,1,2,1,0,0,2,0,1,1,2
0,2,2,0,0,0,0,2,1,1,2,0,0,2,2,0,0,0,0,1,1,1,2,1,1,2,0,1,0,2
0,1,0,1,0,0,2,2,0,2,2,0,1,2,0,0,0,0,0,1,2,2,1,2,0,0,0,1,1,1
0,1,0,0,0,1,2,2,0,1,0,0,1,2,1,0,1,1,1,2,2,1,1,1,0,2,0,1,0,1
0,2,2,1,1,1,0,0,0,0,2,2,1,2,1,1,1,1,1,2,2,2,2,1,1,1,0,1,0,0
0,1,2,1,1,0,0,2,1,1,2,1,0,2,0,1,0,1,1,2,2,2,2,1,0,1,0,1,1,1
0,1,1,0,0,0,2,0,0,2,0,2,0,2,0,0,0,1,1,0,2,1,0,2,0,2,1,0,0,1
0,2,2,0,1,1,0,0,0,0,0,0,1,1,1,1,1,1,1,2,0,1,2,1,1,1,0,1,0,2
0,1,2,1,1,1,0,0,0,0,1,2,1,1,0,0,0,1,0,0,0,2,0,0,1,2,0,1,1,2
0,1,2,1,1,1,0,2,1,1,0,0,0,1,0,1,0,0,1,0,0,2,0,2,1,2,0,1,1,1
0,1,2,1,1,0,1,2,0,1,1,1,1,2,2,0,0,0,0,1,0,2,2,2,1,0,0,1,1,0
0,1,1,0,0,0,2,0,1,2,2,2,0,0,0,1,0,0,0,2,1,1,1,2,0,2,0,0,1,1
0,1,0,1,0,0,1,0,0,0,0,0,1,0,2,1,1,1,1,0,1,0,1,1,1,0,0,1,1,1
0,2,2,1,0,0,0,2,1,1,2,2,1,2,2,1,1,1,0,2,2,2,2,1,0,1,0,1,1,2
0,2,1,0,1,1,1,2,1,1,2,2,1,0,1,1,1,1,1,2,1,2,2,1,1,0,0,0,1,1
0,1,1,1,1,1,0,0,0,1,1,1,0,2,0,0,0,0,0,1,2,2,2,2,1,0,0,1,1,0
0,2,2,1,1,1,1,0,0,0,0,2,1,2,1,0,0,1,0,0,2,2,2,2,1,0,0,1,1,1
0,2,2,1,1,0,2,0,0,0,2,2,1,0,0,0,1,1,0,2,0,2,2,1,1,2,0,1,1,1
0,1,2,1,0,1,2,2,0,1,2,0,0,0,1,0,1,0,1,0,0,0,2,0,1,1,0,0,0,0
0,2,2,1,0,0,1,2,1,1,2,1,0,1,2,0,1,0,1,2,0,2,2,0,1,2,0,0,0,2
0,1,2,1,1,0,1,0,0,1,2,0,0,0,0,1,0,1,0,2,2,2,2,1,0,1,0,1,1,2
0,2,2,1,1,1,0,0,0,1,2,2,1,2,2,1,0,1,1,1,2,2,0,1,0,2,0,1,1,0
0,1,2,1,0,1,0,2,1,2,2,0,1,0,1,1,0,1,1,0,2,2,2,0,0,1,0,0,1,1
0,1,2,1,1,1,0,1,0,0,2,0,1,2,2,1,0,0,1,2,1,2,2,2,0,2,0,1,1,1
0,1,2,1,0,1,1,0,0,1,0,1,1,2,1,1,0,0,0,2,0,2,2,2,1,0,0,1,1,2
0,1,2,1,0,1,1,1,1,2,1,2,0,2,1,0,0,1,1,0,0,2,2,2,1,0,0,1,1,2
0,1,2,0,1,1,1,0,1,2,1,1,1,1,2,0,1,1,0,1,0,1,0,1,1,1,0,1,0,2
0,2,2,1,1,0,1,0,0,0,2,2,0,2,0,0,0,0,0,1,2,2,1,2,0,2,0,1,1,2
0,2,2,1,1,0,0,0,0,2,1,2,1,2,2,0,0,1,0,0,0,2,0,0,1,2,0,1,1,0
0,1,0,1,1,1,1,2,0,0,1,1,1,2,2,1,0,0,1,0,1,2,2,2,1,1,0,1,1,1
0,2,0,1,0,0,1,0,0,1,1,2,1,2,2,2,1,0,1,0,1,2,2,2,1,0,0,0,1,1
0,2,2,1,1,0,1,0,0,0,2,2,0,2,0,0,1,1,0,0,2,2,2,1,1,0,0,1,1,0
0,1,2,1,1,0,1,2,0,1,0,1,0,0,0,1,0,1,0,2,0,2,2,1,0,2,0,1,1,0
0,1,2,1,1,0,0,0,1,1,1,2,1,1,2,0,0,0,1,1,1,2,0,0,1,2,0,1,0,1
0,1,0,1,0,1,0,0,0,1,1,1,0,2,1,0,0,0,1,1,0,0,2,2,1,1,0,0,0,1
0,0,2,1,0,0,1,0,0,2,2,2,1,2,2,0,0,1,0,1,1,2,0,2,1,2,0,1,1,1
0,1,2,1,1,1,1,0,0,2,0,0,1,2,0,1,1,1,1,0,0,1,2,1,1,1,0,1,0,2
0,1,2,1,1,1,1,0,0,0,1,2,0,0,2,0,0,1,0,2,0,2,2,1,0,2,0,1,1,1
0,1,0,0,0,0,1,2,0,1,0,0,1,2,1,0,1,0,0,0,2,1,2,1,1,2,0,1,0,1
0,2,2,1,0,0,1,0,0,1,2,2,0,2,2,0,0,0,1,0,0,2,0,0,1,1,0,1,1,1
0,2,0,1,0,1,2,0,0,2,1,0,1,2,1,1,1,1,1,2,1,2,0,1,1,0,0,1,1,2
0,2,2,1,0,0,0,0,0,1,2,1,1,0,2,2,0,1,1,0,2,2,2,1,0,2,0,1,1,0
0,0,2,1,0,1,1,0,1,2,2,2,1,2,0,1,1,1,0,1,2,2,1,1,0,0,0,0,0,1
0,1,2,1,1,0,2,2,1,2,1,0,0,2,0,1,0,0,1,0,0,2,2,1,0,1,0,1,1,1
0,1,2,0,1,0,2,2,0,1,0,0,1,0,2,0,1,0,0,1,0,1,1,1,1,0,0,1,0,2
0,1,0,0,1,0,1,0,1,0,0,0,1,1,2,1,1,1,0,1,2,1,1,1,0,2,0,1,0,1
0,1,2,1,0,0,2,0,0,1,2,0,1,0,1,1,1,0,1,2,0,2,2,1,1,2,0,1,0,2
0,1,0,1,1,0,2,0,1,0,1,0,1,2,1,1,1,2,0,1,1,2,0,0,0,0,0,1,1,2
0,1,1,0,1,1,2,0,1,0,1,0,1,0,0,1,0,1,1,0,0,1,2,1,1,2,0,1,0,1
0,1,2,0,1,1,1,0,1,2,1,1,0,2,0,2,0,2,1,0,2,1,2,1,1,1,0,1,0,2
0,1,2,1,0,1,1,2,0,1,2,2,1,0,1,0,1,0,0,1,0,2,1,1,1,0,0,0,1,0
0,2,2,1,1,1,0,2,1,1,1,2,0,1,1,1,0,0,1,0,1,2,2,0,1,0,0,1,1,2
0,2,2,1,1,0,0,2,1,0,0,2,0,0,2,0,1,2,0,0,0,0,0,1,0,0,0,1,0,1
0,2,2,1,1,0,1,0,0,2,2,2,0,2,2,1,0,0,1,1,2,2,0,2,0,2,0,1,1,1
0,1,2,1,0,1,2,2,1,0,2,1,0,2,1,0,1,2,0,1,2,2,2,2,0,1,0,1,1,1
0,2,0,0,0,1,2,0,0,2,0,0,1,2,2,0,1,1,1,0,0,1,0,1,0,1,0,1,0,2
0,2,1,1,0,1,0,0,0,1,1,0,0,2,2,0,0,2,0,0,1,0,2,2,1,0,0,1,1,1
0,2,2,1,1,1,2,1,0,2,1,2,0,2,2,1,1,2,1,1,0,2,0,0,1,0,0,1,1,2
0,2,1,1,0,0,0,0,0,2,2,0,0,1,2,0,0,0,0,2,0,2,2,0,0,1,0,1,1,1
0,1,2,1,0,1,2,0,0,2,2,0,1,2,2,1,0,1,1,0,2,1,2,0,1,0,0,1,0,1
0,1,2,1,1,0,1,2,1,0,2,1,0,2,2,1,0,2,0,2,2,2,2,1,0,2,0,0,1,1
0,0,1,1,0,0,2,2,1,1,1,2,0,0,1,1,0,0,1,2,0,2,2,0,1,0,0,0,1,1
0,1,2,1,1,1,0,0,1,1,2,2,0,1,0,1,0,1,1,0,2,2,2,0,0,2,0,1,1,0
0,1,1,0,1,1,2,0,0,2,0,1,1,2,0,1,1,1,1,0,2,1,2,1,1,0,0,1,0,2
0,2,0,1,1,0,1,0,0,0,1,0,1,2,1,0,0,0,0,2,1,2,0,1,0,2,0,1,1,1
0,1,2,1,1,1,0,0,0,1,2,1,1,2,0,1,0,1,1,2,1,2,2,1,0,1,0,1,1,0
0,2,2,0,0,1,0,0,1,0,1,0,1,2,2,0,1,0,1,0,1,1,2,1,1,1,0,1,1,1
0,1,2,1,1,0,0,2,1,0,2,0,0,2,0,0,1,1,0,0,2,2,2,1,1,1,0,1,1,2
0,2,2,1,1,0,1,0,0,2,0,2,0,2,2,1,1,1,1,2,2,2,2,1,0,2,0,0,1,2
0,2,2,0,0,0,1,0,0,1,0,2,1,2,2,1,1,1,1,0,2,0,2,1,1,1,0,1,1,2
0,2,2,1,1,1,1,1,0,2,2,1,0,1,2,0,0,1,0,2,1,1,2,0,0,2,0,1,0,2
0,1,2,1,1,0,2,1,0,2,1,1,1,2,0,1,0,0,1,0,0,2,2,2,0,1,0,1,1,1
0,1,1,1,1,0,0,2,1,2,0,0,1,2,1,2,1,2,1,0,2,1,2,0,1,1,0,1,1,1
0,1,2,1,0,1,2,2,1,0,2,2,0,2,2,0,0,0,1,2,2,2,2,1,0,1,0,1,1,2
0,1,2,1,0,1,0,2,1,0,0,0,1,1,1,1,0,2,1,2,2,0,2,0,0,1,0,1,1,2
0,1,2,1,1,0,1,2,1,1,2,0,0,2,0,0,0,0,1,1,2,2,2,0,1,1,0,1,1,2
0,1,2,1,0,0,1,2,0,0,2,0,0,0,2,0,0,1,1,2,2,2,2,1,0,2,0,1,1,1
0,1,2,1,0,0,2,2,1,1,2,1,1,2,1,0,1,0,0,0,2,2,2,1,1,2,0,1,1,1
0,2,2,1,1,0,2,0,0,1,2,2,0,2,1,0,0,1,1,2,0,2,2,2,0,0,0,1,1,0
0,1,0,0,1,0,0,0,1,2,1,1,1,1,0,1,1,1,1,2,2,1,0,1,1,0,0,1,0,0
0,1,2,1,1,1,0,2,0,1,0,2,1,2,0,0,0,0,0,1,0,2,2,2,1,1,0,1,1,1
0,1,0,1,1,0,2,0,0,1,2,0,1,2,0,0,1,0,0,0,0,2,2,1,1,1,0,1,1,2
0,2,2,1,1,0,1,2,1,2,0,2,0,1,1,1,0,2,1,2,0,2,2,2,1,1,0,1,0,1
0,2,2,1,1,1,1,0,1,0,2,1,1,0,1,1,0,1,0,0,2,2,1,0,1,0,0,0,0,0
0,1,2,1,1,1,1,0,0,1,0,2,1,1,0,0,1,1,0,2,2,2,0,0,1,0,0,1,1,2
0,2,2,1,0,1,0,0,0,1,2,2,1,2,1,1,0,0,0,0,2,2,2,2,1,2,0,1,1,1
0,1,2,1,0,1,0,0,1,0,0,0,1,2,1,0,0,0,1,2,1,0,2,0,0,1,0,1,0,0
0,1,1,1,1,0,1,2,0,1,1,0,1,2,1,0,0,0,1,1,2,2,2,2,1,2,0,1,1,0
0,0,2,1,1,0,1,2,1,0,0,0,0,2,2,1,0,1,0,0,2,2,0,0,1,1,0,1,1,1
0,1,0,0,1,0,2,2,0,1,0,1,0,1,2,1,1,1,1,1,2,1,1,1,0,2,0,1,0,1
0,2,2,1,0,1,2,0,1,2,1,2,0,2,2,0,1,1,0,0,2,1,2,1,1,2,0,1,0,0
0,2,2,1,0,0,0,2,0,1,2,2,0,0,2,0,0,0,1,0,2,2,0,0,1,2,0,0,1,2
1,0,2,0,1,1,2,0,0,2,1,2,0,2,1,2,0,1,1,0,0,1,2,1,1,1,0,1,0,2
0,1,2,1,1,0,2,0,0,2,2,0,0,2,0,0,0,0,1,2,1,2,2,0,0,1,0,1,1,1
0,2,1,1,1,1,1,0,0,2,2,2,0,0,0,0,0,0,1,0,1,0,0,1,0,2,0,1,1,1
0,0,2,1,0,1,0,1,1,1,2,1,1,1,0,1,0,0,1,2,0,2,2,2,1,0,0,1,1,2
0,1,2,1,1,1,1,1,1,2,0,1,0,0,0,0,1,0,1,0,2,2,0,0,1,0,0,1,1,1
0,2,0,0,0,0,0,2,0,2,2,2,1,1,2,0,1,0,0,2,1,0,2,1,0,2,0,1,1,2
0,1,2,1,0,1,0,0,1,2,1,1,0,0,0,0,0,0,0,1,2,0,1,1,0,0,0,1,1,2
0,1,2,1,1,1,0,2,0,1,2,0,1,0,2,0,0,0,0,2,2,2,1,1,0,0,0,1,0,1
0,1,2,1,1,1,2,0,1,1,1,0,1,0,0,0,1,2,1,1,2,2,2,1,1,1,1,1,1,2
0,2,1,1,1,1,0,2,0,0,0,2,0,2,1,1,1,1,1,0,2,1,2,1,1,0,0,1,0,2
0,1,2,1,1,1,2,2,1,0,2,1,0,2,1,1,1,1,1,0,2,2,2,1,1,1,0,1,1,0
0,1,2,1,1,1,0,0,0,0,1,1,0,0,0,1,0,1,1,0,0,2,2,0,1,1,0,1,1,1
0,2,0,1,0,1,2,2,1,0,1,0,0,1,2,1,0,1,0,2,0,2,2,0,1,0,0,1,1,1
0,2,2,1,1,1,0,1,1,1,2,1,0,2,1,0,1,0,0,1,0,2,1,1,1,2,0,1,1,1
0,1,2,1,1,0,1,2,1,1,1,1,1,0,0,0,1,1,0,0,0,2,2,0,1,1,0,0,1,2
0,0,2,1,0,1,0,0,0,2,2,2,0,2,1,1,0,0,1,1,0,0,2,2,0,2,0,1,1,1
0,1,2,1,1,1,0,0,0,0,1,0,1,0,0,0,0,0,0,2,0,2,2,0,0,2,0,1,1,0
0,1,2,0,1,0,2,2,1,1,2,1,1,0,2,0,1,0,0,0,1,1,2,1,1,1,0,1,0,2
0,0,2,1,0,1,1,0,0,2,2,1,0,0,1,1,1,1,0,1,2,2,2,0,1,2,0,1,1,2
0,2,0,0,1,0,0,2,1,2,2,2,0,1,1,0,0,0,0,0,1,1,2,1,1,1,0,0,1,2
0,0,2,1,0,1,0,0,1,0,0,2,1,2,1,0,0,1,0,2,0,2,2,2,1,1,0,1,0,0
0,2,0,1,0,0,2,0,0,0,0,1,1,0,2,0,1,1,0,0,0,2,2,0,1,0,0,1,1,0
0,2,2,1,0,0,2,0,1,1,2,2,1,2,2,1,0,0,0,1,0,2,0,2,1,1,0,1,0,2
0,1,2,1,0,1,0,2,1,0,1,1,0,1,2,0,0,0,0,2,0,2,0,0,0,0,0,1,1,2
0,2,1,1,1,1,2,2,1,0,1,1,0,0,1,1,0,1,0,2,2,2,2,0,1,2,0,0,0,2
0,1,0,1,1,1,0,0,0,0,0,0,0,2,0,1,0,0,1,2,0,2,2,2,0,1,0,1,1,0
0,2,1,1,0,1,2,1,0,2,2,1,1,1,2,0,1,1,0,0,0,2,2,0,1,0,0,1,1,0
0,1,2,1,1,1,1,0,0,2,2,0,1,0,2,1,1,1,0,1,2,2,1,1,0,0,0,1,1,1
0,1,1,0,1,1,0,2,1,0,0,0,1,2,0,1,0,1,1,2,2,1,0,1,1,0,0,1,1,1
0,2,2,1,0,0,2,0,0,0,2,0,1,0,2,0,1,1,0,0,2,2,2,1,1,0,0,1,1,2
0,2,0,1,0,1,2,2,0,2,1,1,0,1,2,2,1,2,0,0,0,0,2,0,1,2,0,1,0,2
0,1,2,1,1,1,1,2,1,1,2,1,1,2,0,0,1,1,1,2,2,2,0,1,0,1,0,1,1,0
0,2,2,1,0,0,1,2,0,1,2,2,1,2,2,1,1,0,0,2,2,2,2,2,1,0,0,1,1,2
0,0,2,1,1,0,0,2,0,1,2,0,0,2,2,1,0,0,0,2,2,2,2,2,1,0,0,0,1,1
0,2,0,1,1,0,2,1,0,2,1,2,1,2,2,0,1,1,0,1,1,2,0,0,1,0,0,1,1,2
0,1,2,1,0,1,0,0,0,0,1,1,0,2,0,0,1,0,0,0,0,2,2,1,0,2,0,1,1,0
0,1,2,1,1,0,2,2,1,0,0,1,1,1,2,0,0,0,0,0,0,2,0,2,0,2,0,1,0,1
0,1,2,1,1,1,1,2,0,2,1,0,0,0,0,0,0,0,0,0,2,2,0,0,0,0,0,1,1,0
0,2,2,1,1,0,1,2,0,0,2,0,0,2,2,0,0,0,0,0,2,2,1,2,0,0,0,1,1,2
0,1,1,1,1,1,1,2,0,2,0,0,1,2,0,0,0,2,1,2,1,2,2,2,1,0,0,1,1,1
0,2,2,1,0,1,0,0,0,0,2,1,0,1,2,1,1,1,1,0,2,2,2,1,0,0,0,1,1,0
0,2,2,1,1,0,1,0,1,1,2,2,0,2,2,1,0,1,0,2,0,2,0,1,0,2,0,1,1,1
0,0,1,1,1,0,2,0,1,2,0,2,0,2,2,2,1,2,1,0,2,2,2,0,0,0,0,1,0,2
0,1,2,1,1,0,0,0,0,1,0,0,1,2,0,1,0,1,1,2,2,2,2,1,0,2,0,1,1,2
0,1,2,1,0,0,2,2,0,2,2,0,0,0,1,0,0,0,0,2,2,2,2,1,0,2,0,1,1,1
0,2,2,1,0,1,2,0,0,0,0,2,1,1,2,0,0,1,1,0,2,2,2,0,0,1,0,1,1,2
0,1,2,0,0,1,0,0,1,0,1,1,1,0,1,0,0,1,0,2,0,1,2,2,0,0,0,1,0,2
0,1,2,1,1,1,1,0,0,0,0,0,1,2,0,0,1,0,1,1,2,2,2,1,0,2,0,1,1,0
0,2,2,1,1,1,0,2,0,0,2,1,0,2,1,0,1,1,0,0,2,2,2,1,1,0,0,1,0,2
0,1,1,1,0,0,1,2,0,1,2,0,1,2,2,1,1,1,1,2,0,0,2,1,0,1,0,1,1,1
0,2,0,1,0,1,0,2,0,0,2,1,0,2,2,1,1,1,1,2,0,2,0,1,1,1,0,1,1,1
0,1,2,1,0,1,2,2,1,1,0,1,1,2,0,0,1,0,1,2,1,0,1,1,0,1,0,1,1,0
0,1,2,0,1,0,1,0,1,0,2,0,1,1,0,0,0,0,0,0,0,1,0,0,0,0,0,1,0,2
0,1,2,1,0,0,0,0,0,2,0,1,0,2,0,0,0,1,1,1,2,2,1,2,1,0,0,1,1,0
0,1,2,0,0,0,2,0,0,1,1,2,1,1,2,1,1,1,1,1,0,1,0,1,0,1,0,1,0,2
0,1,0,1,0,0,0,0,1,0,1,0,1,1,2,1,0,2,1,1,0,2,0,2,1,1,0,1,1,1
0,0,2,1,0,0,1,0,1,1,1,1,1,0,1,0,0,1,1,2,0,2,2,0,0,1,0,1,1,0
0,1,2,0,1,0,0,0,1,0,0,0,0,0,2,1,1,1,1,0,0,1,1,1,1,1,0,1,0,1
0,2,1,1,1,1,0,0,0,2,1,1,0,2,1,1,0,1,0,2,2,2,2,1,0,2,0,1,1,1
0,1,0,1,1,0,1,2,0,1,2,1,1,1,2,1,0,1,1,2,0,2,0,0,0,2,0,1,1,0
0,1,1,1,0,0,2,0,1,2,0,1,1,2,0,0,0,1,1,1,1,2,1,0,0,1,0,1,1,1
0,2,2,1,1,1,2,1,0,2,1,2,1,2,0,1,0,0,1,0,2,2,1,0,0,2,0,1,1,1
0,1,0,0,1,1,2,0,1,0,1,1,1,0,2,0,1,1,0,0,2,1,1,1,1,2,0,1,0,2
0,1,2,1,0,1,0,2,0,0,0,0,0,1,2,1,0,1,1,2,2,2,0,0,0,2,0,1,0,2
0,1,2,1,0,0,2,0,0,1,2,0,0,2,1,0,1,0,0,2,0,2,2,1,1,1,0,1,1,2
0,1,2,1,0,0,1,0,0,2,2,1,1,2,2,0,1,2,0,0,2,2,2,1,1,2,0,0,1,1
0,1,2,0,1,1,1,0,1,2,2,1,1,2,0,0,0,1,1,1,2,1,2,2,0,2,0,1,0,0
0,1,2,1,1,0,1,0,1,1,2,0,0,2,0,0,0,0,0,2,2,2,2,1,0,0,0,0,1,0
0,1,2,1,1,0,0,2,1,2,0,0,0,1,0,0,0,0,1,0,0,2,2,0,1,0,0,0,1,1
0,2,2,1,1,1,0,0,0,2,2,2,0,1,0,1,0,1,1,2,0,2,2,1,0,0,0,1,1,0
0,2,0,1,1,1,0,0,0,2,0,2,0,0,2,0,0,0,0,2,2,2,1,0,0,0,0,1,1,0
0,1,2,1,0,0,2,2,1,1,2,1,0,2,1,1,1,1,1,1,2,2,2,1,1,2,0,1,1,1
0,2,2,0,0,0,1,2,0,1,1,0,1,1,2,2,1,1,1,2,0,1,2,1,0,1,0,1,0,1
0,2,1,1,0,1,1,0,1,0,2,1,1,2,2,1,0,0,0,2,0,1,2,2,0,0,0,1,0,2
0,2,0,0,1,0,2,2,1,0,2,2,0,2,2,1,1,1,1,2,1,1,0,1,1,2,0,1,0,1
0,1,2,1,1,0,1,2,1,1,1,0,0,2,0,1,0,2,1,0,0,2,2,0,0,1,0,0,1,0
0,1,2,0,0,1,0,0,0,0,1,0,1,2,1,0,0,2,0,2,0,1,2,2,0,1,0,1,0,0
0,1,2,1,1,0,2,0,0,2,1,0,1,2,0,0,0,1,1,2,0,2,2,2,1,1,0,1,1,1
0,1,2,1,0,0,0,2,1,2,2,1,1,2,1,0,1,0,0,2,2,0,2,1,0,0,0,1,1,2
0,2,1,1,0,1,0,0,1,1,1,1,0,2,1,0,1,0,0,2,0,2,2,1,1,0,0,1,0,0
0,1,1,1,1,1,1,0,0,1,2,1,0,1,0,0,0,0,1,1,0,2,0,2,1,2,0,1,0,1
0,1,2,0,1,0,0,2,0,2,0,0,0,0,2,0,1,2,0,1,1,0,1,1,1,2,0,1,0,2
0,1,2,1,1,0,2,0,1,1,2,1,0,2,1,0,1,1,1,0,0,2,2,1,0,2,0,1,0,1
0,2,2,1,0,1,0,2,1,0,0,2,1,0,0,1,1,1,1,1,0,2,1,1,1,2,0,1,0,1
0,1,2,1,0,0,2,0,1,0,1,0,1,2,1,2,1,2,1,0,0,1,2,1,0,1,0,1,0,1
0,2,2,1,1,0,1,0,0,2,2,2,0,2,0,2,0,1,1,1,0,2,0,2,0,2,0,1,1,0
0,1,1,1,1,1,0,0,1,0,1,2,0,2,0,0,0,0,0,2,0,2,2,0,0,2,0,1,1,0
0,1,1,1,0,0,1,2,1,0,2,0,0,2,2,1,0,1,1,2,0,2,2,1,0,0,0,1,1,1
0,2,2,1,0,0,1,0,0,1,1,0,0,1,2,0,1,0,1,1,2,0,2,0,1,1,0,1,1,2
0,2,0,1,0,1,0,0,0,1,1,0,0,2,0,0,0,0,1,0,1,2,0,0,1,2,0,1,0,1
0,1,2,1,0,0,0,0,1,0,1,2,0,0,2,0,0,0,1,2,0,2,0,1,0,1,0,1,1,1
0,1,2,1,1,1,1,0,1,2,2,2,1,0,0,1,0,1,0,2,2,2,2,1,0,1,0,1,1,0
0,1,2,1,1,0,1,2,0,1,2,2,0,2,0,1,0,0,1,0,2,2,2,2,1,1,0,1,1,1
0,1,2,1,1,0,2,2,1,2,2,1,1,2,0,0,1,2,0,1,0,2,2,2,0,1,0,1,0,1
0,2,2,1,1,0,0,2,0,2,0,2,0,2,2,0,0,2,0,0,0,2,0,2,0,2,0,1,1,1
0,1,2,1,0,1,1,0,0,2,2,0,0,2,1,1,0,0,1,2,2,2,2,2,0,1,0,1,1,2
0,1,2,1,1,0,1,0,0,1,0,1,0,2,0,0,0,1,0,1,0,2,2,0,0,1,0,1,0,0
0,2,1,1,0,0,1,0,1,1,0,1,1,0,1,1,1,1,1,2,1,2,2,1,0,0,0,1,1,2
0,2,2,1,1,0,0,2,0,1,2,2,0,2,1,1,0,1,1,1,2,2,0,1,0,2,0,1,0,1
0,2,2,1,1,0,0,2,1,1,2,1,1,2,2,1,0,1,0,1,2,2,0,1,0,1,0,1,1,1
0,2,1,1,0,0,0,0,1,2,2,1,0,2,2,1,0,1,1,2,0,1,2,1,1,2,0,1,0,1
1,0,1,0,1,1,0,0,1,0,1,2,0,2,2,0,1,0,1,2,0,1,0,1,0,2,0,1,0,1
0,2,1,1,0,0,1,0,1,1,2,0,1,1,1,1,0,0,0,2,1,0,2,2,1,2,0,1,1,2
0,1,2,1,0,1,1,0,1,2,2,1,1,2,1,0,0,0,0,0,2,2,2,0,0,1,0,0,1,2
0,1,2,1,1,1,0,2,1,0,1,0,0,0,0,1,0,0,0,2,1,2,2,1,0,2,0,1,1,0
0,1,2,1,1,1,1,2,1,2,1,1,0,2,2,1,1,0,0,0,0,2,2,1,0,2,0,1,1,1
0,1,2,1,1,0,2,0,0,1,2,0,0,2,0,0,1,0,0,2,2,2,2,1,1,1,0,1,1,1
0,1,0,1,1,0,2,0,0,1,2,2,0,2,0,0,1,0,0,0,0,2,2,1,1,0,0,1,1,2
0,1,1,1,1,0,2,2,1,2,2,0,1,2,2,0,0,2,0,0,0,2,2,2,1,2,0,1,0,1
0,1,2,1,1,0,2,0,0,1,0,1,0,2,0,0,1,1,1,2,2,2,2,1,0,1,0,1,1,2
0,1,1,1,0,0,2,0,1,0,0,0,1,0,1,1,1,1,1,2,1,2,2,1,1,1,0,1,1,2
0,0,2,0,1,1,2,0,1,0,1,2,1,2,2,0,1,0,0,2,1,1,2,1,0,2,0,1,0,1
0,1,2,1,1,1,1,0,1,0,2,2,0,1,0,0,0,1,1,0,2,2,0,2,1,2,0,1,1,0
0,2,1,1,1,1,0,2,0,0,2,0,0,2,0,1,1,1,1,0,0,2,2,1,1,2,0,1,0,1
0,1,2,1,0,0,0,0,0,2,2,0,0,2,2,0,0,1,1,0,0,2,2,2,1,1,0,1,1,0
0,2,2,1,1,0,1,0,1,1,1,0,0,0,2,0,1,0,0,1,0,2,2,1,1,1,0,1,1,0
0,2,2,1,1,0,0,0,1,0,1,2,0,1,1,1,0,2,0,1,2,2,2,0,0,0,0,1,0,1
0,2,2,1,0,1,0,0,0,1,2,2,1,1,2,2,1,2,1,0,2,0,2,0,1,2,0,1,1,1
0,2,2,1,0,0,0,0,0,1,1,0,0,0,2,0,0,1,1,2,0,2,2,0,0,0,0,1,1,0
0,1,2,1,1,0,1,0,1,1,2,0,1,1,0,1,0,1,1,0,0,2,2,0,0,1,0,1,0,0
0,1,2,1,0,0,2,2,1,0,0,0,0,1,1,0,0,1,1,2,1,2,2,0,0,2,0,1,1,2
0,2,2,1,0,1,0,0,0,1,2,2,1,2,2,1,1,1,0,0,2,2,2,1,0,0,0,1,1,2
0,2,0,0,0,0,2,0,1,0,1,0,1,2,2,1,1,1,1,2,1,1,0,1,1,0,0,1,0,2
0,1,1,1,1,1,0,2,0,2,2,0,0,2,0,0,0,2,1,0,2,2,2,2,1,2,0,1,1,0
0,2,2,1,1,0,2,0,0,0,1,0,1,0,1,0,1,0,0,0,1,2,2,1,0,1,0,1,1,0
0,1,2,1,1,1,0,0,1,2,1,0,0,1,0,0,0,0,0,2,0,2,0,0,0,2,0,1,1,0
0,0,2,1,1,0,1,2,0,1,1,2,1,0,2,0,0,2,0,0,2,2,0,1,0,2,0,1,1,1
0,1,1,1,1,1,2,0,0,2,1,1,0,2,0,1,1,1,1,0,0,2,0,1,0,1,0,1,0,0
0,2,0,1,1,0,0,0,0,1,0,1,0,1,2,1,0,0,0,0,2,2,2,2,1,0,0,1,0,2
0,2,2,1,0,1,0,0,0,1,2,2,1,2,2,0,1,0,0,2,0,2,2,1,1,2,0,1,1,0
0,1,1,0,1,1,1,0,1,2,2,2,1,0,2,0,0,0,1,1,2,1,1,2,0,2,0,1,0,2
0,0,2,1,1,0,1,0,0,2,0,2,1,2,0,0,0,1,0,0,0,2,2,2,1,1,0,1,1,0
0,2,0,1,0,1,2,0,1,2,2,2,1,0,0,1,1,1,0,2,1,2,1,1,0,1,0,1,1,2
0,1,1,1,1,1,0,0,1,1,1,2,1,2,0,0,0,2,0,2,2,2,2,2,1,1,0,1,0,0
0,1,2,1,1,0,0,2,1,1,2,1,0,2,0,0,0,0,1,0,2,2,2,0,1,0,0,1,1,2
0,2,2,1,0,0,1,0,0,1,1,2,0,1,2,0,0,0,1,0,0,2,2,0,1,2,0,1,1,1
0,1,2,1,1,1,0,0,1,2,1,0,0,0,0,2,0,2,0,2,0,2,0,1,0,1,0,1,1,1
0,2,2,1,1,1,0,2,1,0,0,1,0,1,1,0,1,0,0,2,2,2,2,0,0,1,0,1,1,0
0,1,2,1,1,1,1,0,0,2,2,0,1,2,2,2,1,2,0,0,2,2,2,1,1,1,0,1,0,1
0,1,2,0,1,0,2,0,1,0,0,1,1,0,0,1,0,0,1,2,0,1,2,2,0,2,0,1,0,1
0,2,2,0,0,1,2,0,1,2,1,2,0,2,2,0,1,0,1,2,1,1,2,1,0,2,0,1,0,1
0,2,1,1,1,1,0,0,0,1,1,1,0,2,2,0,1,0,0,0,2,2,2,1,1,2,0,1,1,0
0,1,2,1,1,1,0,0,0,0,2,0,1,2,0,0,0,1,1,2,2,2,2,1,0,2,0,1,1,0
0,2,2,1,0,0,1,2,1,0,0,2,0,0,2,1,0,2,1,0,2,2,2,0,1,1,0,1,1,2
0,2,2,0,1,0,0,2,0,1,2,0,1,1,1,2,0,2,0,2,0,1,2,2,0,2,0,1,0,1
0,2,2,1,1,1,0,0,0,1,0,0,0,1,2,0,0,1,1,1,0,2,2,0,0,1,0,1,1,2
0,2,2,1,0,0,0,2,1,2,0,1,1,1,2,0,1,0,0,2,2,1,2,1,0,0,0,1,0,0
0,1,2,0,1,1,1,0,1,1,2,2,1,1,2,0,1,2,1,0,2,1,0,1,1,2,0,1,0,2
0,1,1,1,0,0,2,2,0,0,2,1,0,0,0,0,1,1,0,1,0,2,1,1,1,2,0,1,1,1
0,1,1,1,1,1,2,2,0,0,0,1,1,0,2,1,0,1,0,1,1,2,1,0,1,0,0,0,1,2
0,1,2,0,1,0,2,2,0,1,1,0,0,0,0,1,1,1,1,0,0,1,0,1,0,0,0,1,0,2
0,1,2,1,0,1,0,0,1,0,2,0,0,1,2,1,0,1,1,0,0,2,0,0,0,2,0,1,0,1
0,1,2,1,0,1,0,1,1,1,0,2,0,2,1,0,0,0,1,2,2,2,2,0,1,0,0,1,1,0
0,2,2,0,1,0,0,2,1,0,1,2,0,0,1,2,0,0,0,2,0,1,2,2,0,2,0,1,0,1
0,1,0,1,1,0,0,0,0,2,0,0,0,1,0,0,0,0,0,0,0,2,0,0,0,2,0,1,0,2
0,2,2,0,0,1,2,2,1,0,1,2,0,2,2,1,0,1,0,2,1,1,2,0,1,1,0,1,0,1
0,2,2,0,1,0,0,0,1,2,1,2,1,2,0,0,1,1,0,2,1,1,1,1,0,0,0,1,0,2
0,2,1,0,0,1,2,0,1,2,2,1,0,1,2,2,1,2,1,0,0,1,2,0,1,2,0,1,1,0
0,2,1,1,1,1,1,2,1,0,1,2,0,1,1,0,1,1,0,0,0,2,2,1,1,1,0,1,1,1
0,1,2,1,1,0,1,0,0,2,0,0,0,2,2,2,1,2,1,1,2,2,0,0,1,1,0,1,1,1
0,2,2,1,0,0,1,2,0,2,2,2,1,2,2,1,0,0,1,0,0,2,2,2,1,2,0,1,1,2
0,1,2,1,1,0,2,0,0,2,2,0,0,2,0,1,0,1,1,2,2,2,2,0,0,1,0,1,1,1
0,1,2,1,1,1,1,2,0,1,2,1,1,0,0,1,0,1,0,2,2,2,2,1,0,1,0,1,1,0
0,2,1,1,1,1,0,0,0,1,1,1,1,2,1,1,0,0,1,2,2,2,2,2,1,0,0,1,1,1
0,1,2,1,1,0,1,0,0,2,2,0,0,2,1,1,1,1,1,0,1,2,2,0,1,1,0,1,1,0
0,0,2,1,1,0,0,2,0,1,0,0,0,2,2,0,1,2,1,2,0,2,2,2,1,1,0,1,0,1
0,2,2,1,0,0,0,0,0,1,2,1,0,2,2,0,1,2,1,0,2,2,0,2,1,1,0,1,1,0
0,2,0,1,1,0,1,2,1,1,0,1,0,2,1,1,1,0,1,0,0,2,2,1,1,0,0,1,1,2
0,2,1,1,1,0,0,2,1,1,0,2,0,0,0,0,1,0,0,1,1,2,2,1,1,1,0,1,0,0
0,1,2,1,0,1,2,2,1,1,1,1,1,1,1,0,1,0,1,2,0,2,2,0,0,2,0,1,1,1
0,1,0,0,1,1,1,0,1,2,0,2,1,2,0,0,0,2,0,0,1,0,2,2,0,1,0,1,0,2
0,2,1,1,1,0,0,0,0,0,0,1,0,1,1,1,0,1,0,2,1,2,2,0,0,1,0,1,1,2
0,2,1,1,0,1,2,0,1,2,2,2,1,0,1,1,0,1,0,1,0,1,0,1,0,2,0,1,0,1
0,1,2,1,1,1,0,2,0,1,0,1,1,2,0,0,0,0,1,0,0,2,2,2,1,1,0,1,1,0
0,1,2,1,0,1,1,2,0,0,0,0,0,0,1,1,1,1,0,0,0,0,2,1,1,2,0,1,1,2
0,1,1,1,1,0,1,0,0,1,0,1,1,2,1,2,0,0,0,0,1,2,2,2,1,2,0,1,1,0
0,2,2,1,1,0,0,0,0,2,2,2,1,2,1,0,1,0,0,2,0,2,2,1,1,0,0,1,1,2
0,1,2,1,1,0,1,2,0,1,2,0,1,2,0,0,0,0,1,2,1,2,2,2,1,2,0,1,1,0
0,1,2,1,1,1,2,0,0,1,2,2,0,1,2,0,1,0,1,0,0,2,0,0,1,0,0,1,1,1
0,2,2,0,1,0,2,0,1,1,2,0,1,1,1,0,0,0,0,0,1,1,2,1,1,2,0,1,1,2
0,1,2,1,0,0,1,0,0,0,0,1,0,0,1,2,1,1,0,0,2,2,2,1,1,2,0,1,0,2
0,1,2,1,1,0,1,2,0,1,1,1,1,2,0,2,0,0,1,0,0,2,2,2,1,1,0,0,1,1
0,1,2,1,0,0,2,0,0,2,1,0,0,1,1,1,0,2,1,0,1,2,0,0,0,2,0,1,1,1
0,0,1,1,1,0,0,2,0,1,0,1,0,0,2,0,1,1,0,2,1,2,2,1,1,0,1,0,1,2
0,1,2,1,1,1,1,2,1,0,1,0,0,2,0,2,1,0,0,0,0,2,2,2,0,1,0,1,1,0
0,1,2,1,0,0,1,2,1,0,2,0,1,0,1,0,1,1,1,1,2,2,2,0,1,0,0,1,1,1
0,1,2,1,1,1,0,2,1,0,1,0,0,1,1,0,0,0,0,0,2,2,0,0,0,2,0,1,1,0
0,1,2,1,1,1,2,2,1,1,2,1,0,2,0,1,1,0,1,2,2,2,2,1,1,1,0,1,1,1
0,1,2,1,1,0,2,2,1,0,2,0,0,1,0,0,1,1,0,0,0,2,0,0,1,0,0,1,1,2
0,1,2,1,1,0,0,0,0,2,1,1,0,0,1,1,0,1,0,2,0,2,2,0,0,2,0,1,1,2
0,2,1,0,0,0,1,0,0,1,0,1,1,2,1,1,1,0,0,2,1,0,0,2,1,1,0,1,1,1
0,2,2,1,1,0,0,0,0,1,1,2,1,2,2,1,0,0,1,2,0,2,0,2,1,1,0,1,1,1
0,1,2,1,0,0,1,2,1,1,0,0,1,1,2,1,0,1,1,1,0,0,0,0,0,1,0,1,1,1
0,2,2,1,1,0,0,0,1,0,2,2,1,0,2,1,0,1,0,0,2,2,2,1,0,1,0,1,1,0
0,2,2,1,0,1,2,1,1,2,1,2,0,1,2,1,0,1,0,2,0,2,2,1,0,0,0,1,1,0
0,2,2,1,1,0,2,0,1,2,1,0,0,0,2,1,1,1,0,0,0,2,1,1,1,2,0,0,1,2
0,1,2,0,0,0,2,0,0,0,0,1,1,2,1,1,0,1,1,1,0,1,2,1,1,0,0,1,0,2
0,2,2,1,1,1,2,2,1,0,1,1,1,0,2,0,0,1,1,0,0,2,2,2,1,2,0,1,0,1
0,1,0,1,0,1,1,0,0,0,1,2,0,2,1,0,1,1,1,0,1,2,2,1,1,1,0,1,0,0
0,1,2,0,1,0,1,2,1,0,1,0,0,2,0,0,1,1,1,2,1,1,2,1,0,2,0,0,1,1
0,2,2,0,1,0,1,0,0,2,0,1,0,2,1,1,0,1,1,0,2,1,2,1,1,2,0,1,0,2
0,0,1,1,1,1,0,0,0,1,2,1,1,2,1,1,0,0,0,2,0,2,2,2,1,1,0,1,1,1
0,0,2,1,1,1,0,2,0,2,2,1,0,2,0,0,0,0,1,1,0,2,1,2,1,0,0,1,1,2
0,1,2,1,1,0,1,2,0,0,2,1,1,2,0,0,0,0,0,2,2,2,2,2,0,1,0,1,1,2
0,2,1,1,1,0,1,0,1,1,0,1,0,2,0,0,1,0,0,0,1,2,0,0,1,0,0,0,0,1
0,2,1,0,0,0,1,2,0,0,1,2,1,1,2,1,0,1,1,0,2,1,2,1,1,1,0,1,0,0
0,1,2,1,1,0,1,0,0,1,2,1,0,0,0,1,0,1,0,2,0,2,2,1,0,1,0,1,1,0
0,1,2,1,1,0,1,2,1,0,2,2,0,0,1,0,1,1,0,1,0,2,1,0,1,0,0,1,1,1
0,2,1,1,0,1,0,2,1,1,2,2,0,2,2,0,1,0,0,2,0,2,2,1,1,2,0,1,1,0
0,1,1,1,0,0,2,2,0,1,2,0,1,2,2,2,1,0,0,0,0,2,2,2,0,1,0,1,1,0
0,2,2,1,1,1,2,0,0,2,2,0,1,0,1,0,0,0,0,2,0,2,2,0,0,1,0,1,1,1
0,2,1,1,1,1,0,0,0,1,0,1,0,0,1,0,0,1,0,2,1,2,2,1,0,1,0,1,1,0
0,1,0,1,1,0,1,2,0,1,1,0,1,0,2,1,0,1,0,2,1,2,1,1,0,1,0,1,1,2
0,2,2,1,1,0,1,0,1,2,2,0,1,1,1,1,0,1,0,2,2,2,2,1,0,0,0,1,1,2
0,1,2,1,0,0,2,0,1,2,2,0,1,1,2,2,0,2,0,2,0,0,0,0,1,2,0,1,0,0
0,1,2,1,1,1,1,0,0,1,2,0,1,2,0,1,1,0,1,2,2,2,2,2,1,2,0,1,1,1
0,2,0,1,1,1,0,2,0,1,1,2,1,1,0,0,1,1,0,0,0,0,1,1,1,2,0,1,0,1
0,1,2,0,1,1,0,0,1,0,1,1,0,1,0,1,0,1,0,2,1,1,2,1,1,2,1,0,1,2
0,2,2,1,1,1,0,0,0,2,1,0,0,0,2,0,0,0,0,2,0,2,2,0,0,2,0,1,1,1
0,2,2,0,0,1,0,1,1,1,1,0,0,0,0,1,1,1,1,2,0,1,2,1,0,1,0,1,0,0
0,2,2,1,0,0,1,2,0,1,0,2,0,0,2,1,0,2,1,0,1,2,0,0,0,2,0,1,1,1
0,1,2,0,1,0,0,2,0,1,1,0,0,1,2,2,1,2,1,2,1,1,0,0,1,0,0,1,0,2
0,1,1,1,1,1,1,0,1,1,0,2,0,0,0,0,0,0,1,0,2,2,2,0,1,0,0,1,1,2
0,2,2,1,0,1,1,0,1,1,1,2,1,1,2,1,0,2,1,0,0,2,2,0,1,1,0,1,0,1
0,1,2,1,0,1,2,2,0,1,2,0,1,0,2,0,1,1,1,0,2,2,2,1,1,1,0,1,1,1
0,1,2,1,0,0,2,2,0,1,2,0,1,0,1,0,1,0,0,2,0,2,2,1,1,1,0,1,1,2
0,2,2,1,0,1,0,2,1,1,0,2,0,1,2,0,0,0,1,1,0,2,2,0,0,2,0,1,1,1
0,2,2,1,1,0,1,0,1,2,2,0,0,0,2,1,0,1,0,1,1,2,0,1,0,1,0,1,1,0
0,1,2,1,1,0,0,0,0,2,2,1,0,2,2,0,0,1,0,2,0,2,2,1,0,2,0,1,1,1
0,1,2,1,1,0,2,0,0,1,1,0,1,2,0,2,1,1,1,0,2,2,2,1,0,0,0,1,1,1
0,1,2,1,1,1,1,0,1,1,2,1,0,0,2,1,1,1,0,0,0,2,1,1,0,1,0,1,1,0
0,1,2,1,1,1,1,0,0,0,0,0,0,2,0,1,0,1,1,0,0,2,2,1,1,0,0,1,1,2
0,1,0,1,1,1,1,0,0,2,1,0,0,1,0,0,0,0,0,1,0,2,1,0,1,0,0,1,1,2
0,1,1,1,1,0,1,2,1,1,2,0,0,2,0,1,0,1,1,2,0,2,2,0,0,0,0,0,1,0
0,1,2,1,0,0,2,0,1,0,0,0,1,2,2,1,0,2,1,2,2,2,2,0,1,2,0,1,1,1
0,1,2,1,1,1,2,0,1,2,2,1,1,0,0,1,1,1,0,0,2,2,2,1,0,0,0,1,1,2
0,1,2,0,0,1,0,2,0,0,1,1,0,2,1,1,0,1,1,0,0,1,2,1,1,0,0,1,0,2
0,2,2,1,0,1,0,2,0,1,2,2,1,0,0,0,0,0,1,1,2,2,2,0,1,1,0,0,0,0
0,1,2,1,1,1,0,0,1,1,1,2,1,1,0,0,1,0,0,0,1,1,0,0,1,0,0,1,0,0
0,1,2,1,1,1,2,2,0,0,2,0,1,0,2,0,0,0,0,2,0,2,0,1,0,0,0,0,0,1
0,1,2,1,0,0,1,0,1,1,0,1,1,2,2,1,0,0,0,0,0,1,2,2,1,0,0,1,0,0
0,1,2,1,1,0,1,2,1,0,0,1,0,2,2,1,1,1,1,2,0,2,2,1,1,2,0,1,1,2
0,1,0,1,1,0,1,0,1,1,1,0,0,0,0,0,1,0,0,1,1,2,0,1,1,1,0,1,1,2
0,2,2,1,0,0,0,2,0,0,0,1,0,0,2,1,1,1,0,2,2,2,2,1,1,0,0,1,1,2
0,1,2,1,1,1,1,0,0,2,1,1,1,0,2,0,1,2,0,2,0,2,1,0,1,1,0,1,1,0
0,1,2,1,0,1,1,2,0,0,0,1,1,2,2,1,1,1,1,2,0,0,2,1,1,0,0,1,0,2
0,2,2,1,0,0,1,0,1,1,0,2,0,2,1,0,1,0,1,0,2,2,1,0,1,1,0,0,1,0
0,0,2,1,1,1,1,2,1,0,2,1,0,2,1,1,1,1,1,1,2,2,1,1,1,0,0,0,1,0
0,2,0,0,0,1,0,0,0,2,2,0,1,2,2,0,0,0,1,0,2,1,2,0,1,2,0,1,0,2
0,1,0,1,1,0,1,0,0,0,2,0,1,2,0,0,0,0,0,2,0,2,2,2,0,1,0,1,1,2
0,1,2,0,0,1,0,2,1,0,1,1,1,2,1,1,0,1,1,2,1,0,2,1,1,0,0,1,1,1
0,1,0,1,1,0,2,0,0,1,2,0,0,1,2,0,1,0,1,1,0,2,1,0,1,0,0,1,1,0
0,1,1,1,1,0,1,2,0,1,0,1,0,0,1,0,0,1,1,2,1,2,2,1,0,2,0,1,1,2
0,1,2,1,1,0,2,1,1,1,2,2,1,2,0,0,1,0,0,0,2,2,2,0,1,0,0,1,1,2
0,1,1,1,1,1,1,0,0,2,2,2,1,0,2,0,0,1,0,1,1,2,1,0,1,1,0,1,1,0
0,1,2,1,1,0,1,0,1,1,1,2,0,1,0,0,1,0,0,0,1,2,0,0,1,2,0,0,1,2
0,1,2,1,0,1,1,2,1,1,1,2,0,1,2,1,0,1,1,2,2,2,0,0,0,2,0,1,1,0
0,1,2,1,0,0,2,0,0,0,2,0,0,2,1,1,1,0,1,0,2,2,2,1,0,1,0,1,1,1
0,2,2,1,1,0,1,0,1,2,0,2,1,2,1,1,0,1,0,2,2,2,2,0,0,2,1,0,1,2
0,0,1,1,1,1,0,0,1,1,1,2,0,2,1,0,0,0,0,2,2,2,2,0,0,0,0,1,1,1
0,1,1,1,0,1,0,1,1,0,2,2,1,1,0,1,1,1,0,1,0,2,1,0,1,2,0,0,1,0
0,2,1,1,1,0,2,0,1,1,1,2,0,0,1,0,1,1,0,2,0,2,2,1,0,1,0,1,1,1
0,0,2,1,1,0,1,2,1,2,2,1,1,2,2,0,0,2,0,2,2,2,2,2,0,2,0,1,1,1
0,1,2,1,1,1,1,2,1,1,2,0,0,2,0,0,0,0,1,2,2,2,2,1,0,2,0,1,1,2
0,0,2,1,0,1,2,2,1,1,1,1,1,2,1,2,1,0,0,0,0,2,2,2,1,2,0,0,0,0
0,2,2,1,1,1,2,0,0,2,1,0,0,0,2,0,1,1,0,0,0,2,2,0,1,0,0,1,1,0
0,1,0,1,0,1,2,0,0,0,0,1,0,2,1,1,1,1,1,2,0,2,2,1,1,1,0,1,1,2
0,0,1,1,0,1,0,0,0,0,2,0,0,0,1,1,1,1,1,0,0,2,2,1,1,2,0,1,1,1
0,2,2,1,1,1,0,0,0,0,2,0,1,0,0,0,1,1,0,1,2,2,2,1,1,2,0,1,1,0
0,2,1,1,1,0,1,2,1,2,0,2,1,1,1,1,0,2,1,0,1,2,2,0,1,1,0,1,1,1
0,1,2,1,0,1,1,0,1,0,1,2,0,2,1,2,1,0,0,0,1,1,2,2,0,1,0,1,0,0
0,0,2,1,0,1,2,0,0,2,0,1,0,1,2,2,1,2,1,0,2,2,0,0,1,1,0,1,1,2
0,1,1,1,1,1,1,0,0,2,2,2,1,2,0,1,0,0,1,2,0,2,2,2,0,2,0,1,1,2
0,1,2,1,1,0,1,0,0,1,2,1,0,2,2,0,1,0,0,1,2,2,1,1,1,2,0,1,1,1
0,2,2,1,1,1,2,2,0,0,1,1,0,0,0,1,0,1,1,2,0,1,2,1,0,2,0,1,0,0
0,1,0,0,0,1,1,1,0,2,1,0,0,2,1,2,0,0,0,0,2,1,2,2,0,1,0,1,0,1
0,1,1,0,0,0,2,0,1,0,1,0,1,2,2,1,0,1,0,2,2,1,2,1,1,0,0,1,0,1
0,1,0,1,1,0,0,0,1,2,0,0,1,1,0,1,0,0,1,1,1,2,0,0,0,2,0,1,1,2
0,1,2,1,1,1,0,0,0,0,0,1,1,2,2,0,0,0,0,0,2,2,2,1,0,1,0,1,1,0
0,2,2,1,1,1,0,2,0,1,1,1,1,0,0,1,1,1,0,2,0,2,2,1,0,1,0,1,1,0
0,1,2,1,1,1,1,0,1,1,1,0,0,0,0,0,0,1,1,1,0,2,1,1,0,2,0,1,1,2
0,1,2,0,0,0,2,2,1,0,0,1,0,2,1,1,0,1,0,2,0,1,2,1,0,2,0,1,0,0
0,1,2,1,0,0,0,1,1,0,1,1,0,2,1,2,1,2,1,0,0,2,2,0,1,1,0,0,1,2
0,1,2,0,0,0,0,0,0,0,0,0,1,2,2,1,1,1,1,0,1,0,1,1,1,2,0,1,1,1
0,0,2,1,1,1,0,1,1,2,2,1,0,2,0,1,1,1,0,1,0,2,2,1,1,0,0,1,1,0
0,2,2,1,0,1,1,1,0,2,1,2,0,1,2,0,0,1,1,1,1,0,2,0,0,0,0,1,0,1
0,2,2,1,1,1,1,2,0,1,0,1,1,2,0,0,0,0,1,0,2,2,2,2,1,1,0,1,1,0
0,1,2,0,0,1,0,2,0,0,1,1,1,2,2,2,0,1,0,0,0,1,0,1,1,2,0,1,0,0
0,1,0,1,1,1,1,0,1,2,1,1,1,2,0,1,0,2,1,1,1,2,0,0,0,2,0,1,1,2
0,2,2,1,1,1,1,0,1,0,1,0,1,0,1,0,1,1,0,0,2,2,2,1,1,1,0,1,1,2
0,1,2,1,1,1,1,0,0,2,1,1,0,2,2,2,0,0,0,1,0,2,1,2,0,0,0,1,1,1
0,1,2,0,1,1,1,0,0,0,2,1,1,2,0,0,1,0,0,2,1,2,2,1,0,2,0,1,1,1
0,1,2,1,1,0,0,2,0,1,2,2,0,2,0,1,0,0,1,0,2,2,2,2,0,1,0,0,0,2
0,2,0,1,1,0,0,0,1,1,1,1,0,0,0,0,0,1,1,0,0,2,0,1,0,2,0,1,1,2
0,2,1,1,1,0,0,2,1,0,0,1,0,0,1,0,1,1,1,0,2,2,2,0,1,2,0,1,1,2
0,1,2,1,0,0,1,2,1,1,2,1,1,2,1,1,0,1,0,2,2,2,2,1,0,2,0,1,1,2
0,1,2,1,0,0,2,0,1,0,1,1,1,0,0,0,0,0,0,1,2,0,1,0,0,0,0,1,0,1
0,1,1,1,0,1,1,0,1,2,1,2,0,2,1,1,1,1,1,2,2,2,2,1,1,1,0,1,1,0
0,2,2,1,1,1,2,2,0,1,2,1,1,0,0,0,1,0,0,0,2,0,2,0,1,2,0,1,0,2
0,1,2,1,0,1,0,2,1,0,1,0,0,1,0,0,0,0,1,0,2,0,0,0,1,0,0,1,0,1
0,2,2,1,0,1,0,0,1,2,1,0,1,0,2,1,0,2,1,2,0,2,2,0,0,0,0,1,0,1
0,2,2,1,1,1,0,0,0,1,2,0,1,0,0,1,0,1,0,2,2,2,2,0,0,2,0,1,1,0
0,1,2,1,1,0,0,2,1,0,1,1,1,2,2,1,0,1,1,2,0,2,2,1,0,0,1,0,0,2
0,2,1,0,1,0,1,0,0,1,1,1,0,1,2,0,1,0,1,0,1,1,2,0,1,2,0,1,0,1
0,2,1,1,0,1,0,2,1,1,1,2,0,0,2,1,0,1,1,2,1,2,2,0,0,0,0,1,1,0
0,1,2,1,1,0,1,1,0,0,1,2,0,2,0,1,1,1,1,0,1,1,2,1,1,0,0,1,0,1
0,1,1,1,1,1,0,0,0,2,0,1,0,2,1,2,0,2,0,0,1,2,0,2,0,1,1,0,1,1
0,0,2,1,1,0,1,2,0,2,2,2,0,0,1,0,0,0,0,2,1,2,2,1,0,1,0,1,1,2
0,2,2,1,0,0,0,0,0,2,2,2,1,2,0,0,1,0,0,2,2,0,0,1,0,0,0,1,1,1
0,2,2,0,0,0,1,0,0,2,2,0,0,0,1,1,0,2,0,0,1,1,1,2,0,1,0,1,0,1
0,2,1,0,0,1,0,2,0,1,0,1,1,0,0,0,0,2,0,1,2,1,1,2,0,0,0,1,0,2
0,2,2,1,0,1,2,0,1,0,2,0,0,0,2,1,0,1,1,0,2,2,0,1,0,1,0,0,1,1
0,1,2,1,0,0,1,0,1,0,0,0,1,0,0,0,0,0,0,2,2,0,1,0,0,0,0,1,0,2
0,1,2,1,1,0,0,0,1,0,0,2,0,1,2,0,0,2,0,0,0,2,0,2,0,2,0,1,1,0
0,2,0,1,1,0,2,2,1,2,0,2,0,2,1,1,0,0,1,1,0,2,0,1,0,1,0,1,1,1
0,1,2,0,0,1,1,2,0,0,1,0,0,2,1,1,0,1,1,0,2,0,2,1,1,2,0,0,0,1
0,1,2,1,0,1,0,2,0,0,1,1,1,1,0,0,0,0,0,0,0,2,0,0,0,1,0,1,0,1
0,1,1,1,0,0,0,2,1,1,1,2,1,0,2,1,0,1,1,1,2,2,0,0,0,2,0,1,1,0
0,1,1,1,1,0,0,1,0,1,2,2,0,1,2,1,0,2,1,2,0,2,0,0,1,2,0,1,1,0
0,1,2,1,1,1,2,0,1,1,2,2,0,0,0,0,1,0,0,0,0,2,2,1,1,0,0,1,1,2
0,1,2,1,1,0,2,2,0,2,2,1,1,2,0,1,0,2,1,2,2,2,2,2,1,2,0,1,1,1
0,2,2,1,1,1,1,0,1,0,1,0,0,0,1,0,1,0,1,2,0,2,2,1,0,1,0,0,1,1
0,2,2,1,0,1,1,2,0,0,1,2,0,0,0,0,0,0,1,1,0,2,1,1,0,0,0,1,1,1
0,1,2,0,1,0,0,2,1,0,1,1,0,2,2,0,0,1,0,1,2,0,1,0,1,2,0,1,1,0
0,1,2,0,0,1,1,2,0,0,1,1,1,1,0,1,1,2,1,2,0,2,1,1,0,0,0,1,1,0
0,1,2,1,0,1,1,0,0,2,0,1,1,2,1,0,1,1,0,0,1,0,2,1,1,0,0,1,0,2
0,1,0,1,1,1,1,0,1,2,1,0,1,1,1,0,0,2,0,0,0,2,0,2,0,0,0,1,1,1
0,2,2,1,1,0,0,2,1,2,0,2,0,2,1,1,0,2,1,2,0,2,0,0,1,0,0,1,1,2
0,1,2,1,1,1,1,2,1,0,1,1,0,1,0,0,1,1,1,0,0,2,0,0,1,0,0,1,1,2
0,1,2,1,0,0,1,0,1,0,1,2,1,0,1,0,0,0,1,1,2,1,2,1,0,2,0,1,0,1
0,1,2,0,0,0,1,0,1,1,0,2,1,0,2,1,0,1,0,0,2,1,2,1,0,1,0,1,0,2
0,2,2,1,1,0,1,2,1,1,0,2,0,2,1,0,0,0,1,2,0,2,2,1,0,2,0,1,1,0
0,1,2,1,1,1,0,0,0,2,1,0,0,0,0,0,0,1,0,2,0,2,2,0,1,2,0,1,1,2
0,1,2,1,1,0,2,0,0,0,0,0,1,2,0,0,1,0,0,2,2,2,2,1,0,1,0,1,1,2
0,1,2,1,1,1,0,2,1,0,1,1,0,2,0,1,0,1,0,0,2,2,0,0,1,2,0,1,1,2
0,1,2,1,1,0,0,0,1,2,1,1,1,1,0,1,0,1,1,2,0,2,0,0,0,2,0,1,1,0
0,2,2,1,0,0,1,0,0,1,2,2,0,2,2,0,1,1,0,0,0,2,0,1,1,0,0,1,1,1
0,0,1,1,1,1,2,0,0,0,1,1,1,2,1,0,0,1,1,0,1,2,1,2,1,1,0,1,1,2
0,1,2,1,0,1,2,0,1,2,0,0,0,2,0,0,0,2,1,0,2,2,0,1,0,0,1,0,0,0
0,1,2,1,1,0,0,2,1,1,2,1,1,2,2,1,0,1,0,2,2,2,1,1,0,1,0,1,1,0
0,2,2,1,0,0,1,1,0,2,1,0,1,1,1,1,0,2,1,2,0,2,2,0,1,0,0,1,1,0
0,2,2,1,0,1,1,0,0,2,1,0,1,1,2,0,0,2,0,0,2,0,2,2,0,2,0,1,0,1
0,1,0,1,1,1,0,0,0,2,1,2,0,2,0,2,0,0,1,2,1,2,2,0,0,0,0,1,1,1
0,2,1,1,1,0,0,2,0,1,2,2,1,2,2,0,0,2,1,2,0,2,0,1,0,0,0,1,1,2
0,1,2,1,1,0,0,2,0,1,2,2,1,2,0,0,0,1,1,1,1,2,2,2,0,0,0,1,1,1
0,2,2,1,0,0,0,0,0,0,2,0,0,0,1,1,0,2,1,2,0,2,2,0,1,1,0,0,1,0
0,1,2,0,0,1,2,0,0,1,1,0,1,2,1,1,1,1,0,2,0,2,2,1,0,1,0,1,1,1
0,2,2,0,0,1,0,0,1,2,1,1,1,2,0,0,0,1,1,0,0,1,0,2,0,2,1,1,0,0
0,0,2,0,1,0,2,0,1,2,0,0,1,2,2,1,1,1,1,2,0,1,0,1,1,2,0,1,0,0
0,1,2,1,1,0,0,2,1,2,0,0,1,1,2,1,0,2,1,0,0,2,1,0,1,1,0,1,1,1
0,2,2,1,0,0,2,2,1,0,2,1,0,0,0,1,1,1,0,0,1,2,2,1,1,2,0,1,1,0
0,2,2,1,1,1,2,0,0,2,2,2,1,2,2,0,1,0,0,2,2,2,2,0,0,0,0,1,1,2
0,1,2,1,0,0,1,2,1,1,2,0,1,2,1,1,0,1,1,0,2,2,2,0,0,1,0,0,0,0
0,1,0,1,0,0,1,2,1,1,2,0,1,2,2,0,0,1,1,2,1,0,2,1,0,0,0,1,1,0
0,2,2,1,0,1,0,0,1,0,1,2,0,1,2,0,0,1,0,0,0,2,2,0,1,1,0,1,1,2
0,1,2,1,0,1,0,0,0,1,1,1,1,2,1,0,1,0,0,0,0,2,2,1,1,2,0,0,1,0
0,1,1,1,1,0,2,0,0,0,1,2,1,2,0,0,1,0,1,1,0,2,2,1,0,0,1,1,1,1
0,1,2,1,1,0,0,2,0,2,0,1,0,2,2,0,1,2,1,0,0,2,2,2,1,2,0,1,1,1
0,0,2,1,1,0,2,0,0,1,2,2,1,2,0,1,0,0,1,2,2,2,2,2,1,0,0,0,1,2
0,2,0,1,1,1,0,0,1,0,2,2,0,1,0,0,1,0,1,2,1,2,2,0,1,0,0,1,1,2
0,2,2,0,0,1,1,2,0,0,1,2,0,2,2,1,0,1,0,2,0,1,0,1,1,2,0,0,0,2
0,2,1,1,1,0,0,1,1,1,2,0,1,1,1,1,0,2,1,2,0,2,2,0,1,0,0,1,0,0
0,1,2,1,0,0,1,0,1,1,0,0,0,2,1,0,0,1,1,2,2,1,2,2,0,2,0,1,0,2
0,0,2,1,0,1,0,2,0,1,1,0,1,0,1,2,0,1,1,0,0,2,2,1,0,2,0,1,1,0
0,1,2,1,1,0,0,0,0,2,2,1,0,2,0,0,1,0,0,0,2,0,2,1,0,2,0,1,1,2
0,1,2,1,1,0,2,2,1,0,0,0,0,1,2,0,0,0,0,0,2,2,0,0,0,2,0,1,1,2
0,2,2,1,0,0,0,1,1,0,1,0,1,0,2,1,1,0,0,0,0,2,0,1,1,2,0,1,1,2
0,1,2,1,1,1,0,0,1,2,1,2,0,0,0,0,0,0,0,0,2,2,0,1,0,1,0,1,0,2
0,1,2,1,0,0,1,0,0,0,2,0,1,2,2,2,1,2,1,0,0,2,2,0,1,1,0,1,1,0
0,2,0,1,1,0,2,2,1,0,2,1,0,2,2,2,0,2,0,0,1,2,0,1,0,2,0,1,1,0
0,1,2,1,1,1,0,0,1,2,2,0,1,2,1,1,1,1,1,0,2,2,2,1,1,1,0,0,1,1
0,1,1,1,1,0,1,2,0,0,2,1,0,1,2,1,1,1,1,0,2,0,0,1,1,2,0,1,1,0
0,1,2,1,1,1,1,2,1,1,0,0,0,1,0,1,0,1,1,0,2,2,0,0,0,1,0,1,1,2
0,2,2,1,0,0,0,0,0,1,0,0,0,0,0,0,0,0,1,2,1,2,0,0,1,0,0,1,1,2
0,1,2,1,0,0,2,0,0,2,2,1,0,2,2,1,0,0,1,2,2,2,2,1,0,1,0,1,1,0
0,1,2,0,0,0,2,0,1,1,1,1,1,2,1,0,1,1,1,0,0,1,2,0,1,1,0,1,0,2
0,2,2,1,1,0,1,0,1,0,2,1,0,0,1,1,0,2,1,0,2,2,2,0,0,2,0,1,1,0
0,1,2,1,1,1,1,2,1,0,0,0,1,0,2,1,1,1,0,1,0,2,1,1,0,2,0,1,1,2
0,1,2,0,0,1,1,1,1,1,1,1,0,0,2,0,1,0,0,0,1,1,2,0,1,2,1,1,0,1
0,1,2,1,0,1,2,2,0,0,2,1,1,0,0,0,1,0,0,1,1,2,1,1,1,2,0,1,1,0
0,2,0,1,1,1,2,0,0,2,1,2,0,0,1,0,0,1,1,0,1,2,2,0,1,1,0,1,1,0
0,1,2,1,1,1,1,0,0,1,0,1,1,2,0,0,0,1,1,2,0,2,2,1,0,1,0,1,1,2
0,2,0,1,0,0,1,0,0,1,2,0,1,2,2,2,0,0,0,0,1,2,2,2,1,1,0,1,1,2
0,1,2,1,0,0,2,0,1,2,1,1,1,0,2,2,0,2,1,0,0,2,2,0,0,2,0,0,1,2
0,2,0,1,1,0,2,0,0,0,1,2,0,0,1,0,1,1,0,0,1,2,2,0,1,2,0,1,1,0
0,0,2,1,0,0,2,0,0,0,0,2,1,2,1,0,0,1,1,0,1,0,2,2,1,0,0,1,1,2
0,1,2,1,0,0,1,0,1,2,2,0,1,2,2,1,1,1,1,2,2,2,2,1,0,1,0,1,1,0
0,1,2,1,0,0,1,0,1,0,2,2,0,0,2,1,1,1,1,0,0,0,2,1,1,1,0,1,1,1
0,2,2,1,1,0,2,2,0,1,2,2,0,0,1,0,1,0,1,1,0,2,2,1,0,1,0,1,0,2
0,0,2,0,0,0,2,0,0,1,0,1,0,0,0,1,0,1,1,2,0,1,2,1,1,0,0,1,0,2
0,1,2,0,0,1,1,0,0,1,1,0,0,2,1,0,1,2,1,2,1,1,2,1,0,2,0,1,0,2
0,2,0,0,1,0,0,2,1,0,0,1,0,0,1,1,0,1,1,2,2,1,2,1,1,2,0,1,0,2
0,2,2,1,1,0,1,0,0,0,2,2,0,2,2,1,0,0,1,1,2,2,0,2,0,2,0,1,1,1
0,2,0,1,0,1,2,0,0,0,2,0,0,1,2,1,0,1,1,2,1,2,2,0,1,2,0,1,1,0
0,2,2,0,0,1,1,0,0,2,1,1,1,2,2,0,0,1,1,2,1,1,2,2,0,2,1,0,1,0
0,2,2,0,0,1,0,0,1,1,0,2,0,1,2,1,1,1,0,2,2,1,2,0,1,1,0,1,1,2
0,1,2,1,1,1,0,0,0,0,1,1,1,2,2,2,1,2,1,1,0,2,1,0,1,0,0,0,1,0
0,1,0,1,1,0,2,0,1,2,0,1,1,1,0,1,0,2,1,0,0,2,0,0,1,2,0,1,0,0
0,1,2,0,1,0,2,2,1,1,1,1,1,2,1,1,1,0,1,2,0,1,2,1,1,2,0,1,0,1
0,2,2,0,0,0,0,0,1,0,1,2,1,2,2,0,1,2,0,2,2,1,2,2,1,0,0,1,0,1
0,1,0,1,0,0,1,2,1,1,2,2,0,2,1,0,1,1,1,0,2,2,2,0,1,0,1,0,1,0
0,2,2,1,1,0,1,0,1,2,0,2,1,1,0,2,0,2,1,0,0,2,2,0,0,1,0,1,1,0
0,1,1,1,1,1,0,0,0,0,0,1,1,2,0,1,0,0,0,2,1,2,2,2,0,1,0,1,1,0
0,1,2,1,0,0,1,2,1,1,0,1,0,2,2,1,0,1,0,2,0,2,2,1,0,1,0,1,1,1
0,1,2,1,1,0,1,2,0,2,2,0,0,0,0,0,1,0,1,0,2,2,0,0,1,0,0,0,1,1
0,1,1,1,0,1,1,0,0,0,1,1,1,2,1,0,0,1,0,1,2,2,2,2,1,2,0,1,1,0
0,1,2,1,1,1,0,2,1,0,2,1,0,2,0,1,0,1,1,0,0,2,2,0,1,2,0,1,1,1
0,2,2,1,1,1,2,2,0,1,0,2,0,0,2,1,1,1,0,2,0,2,1,1,0,0,0,1,1,0
0,2,2,1,1,1,2,0,0,0,1,0,1,0,1,0,0,2,0,0,0,2,2,2,0,0,0,1,1,0
0,1,2,1,0,1,2,0,0,0,0,0,1,2,2,1,1,1,1,0,2,2,2,1,1,1,0,1,1,2
0,2,2,0,1,0,0,0,0,2,1,0,0,1,1,1,1,1,1,2,2,1,2,0,1,1,0,1,0,1
0,1,2,1,1,1,2,2,1,0,0,1,1,2,0,0,0,1,0,2,0,2,2,0,0,1,0,0,1,1
0,1,2,1,0,1,0,2,0,0,1,0,1,0,2,1,0,0,1,1,0,2,0,1,0,2,0,1,1,1
0,0,2,1,0,0,0,2,1,1,0,2,1,1,2,0,1,0,1,0,0,2,0,0,1,0,0,1,1,1
0,1,0,1,1,0,1,0,1,0,2,0,1,0,0,1,0,1,0,0,0,2,2,0,0,1,0,1,1,2
0,1,2,1,1,1,0,0,1,0,1,2,0,0,1,1,0,1,1,1,0,2,0,0,0,2,0,1,0,0
0,1,1,1,1,0,2,0,1,2,0,1,1,0,0,1,0,1,1,0,1,2,2,0,1,2,0,1,0,2
0,0,2,0,0,0,2,2,1,0,2,1,1,2,0,0,1,1,0,1,2,1,1,1,1,2,0,1,0,1
0,1,2,1,0,1,0,0,1,2,2,1,1,0,0,1,1,1,0,2,2,2,2,1,0,0,1,0,0,0
0,1,2,1,1,0,1,0,1,0,1,1,1,2,0,2,0,0,0,0,0,2,2,2,0,1,0,0,0,0
0,0,2,1,0,1,1,0,0,0,2,1,0,1,2,1,0,1,0,0,2,2,1,0,1,0,0,1,1,1
0,1,2,1,1,0,2,2,1,2,0,1,0,2,2,0,1,0,1,2,0,2,2,0,1,0,0,1,1,0
0,1,2,1,1,1,1,0,1,2,1,0,0,2,1,0,1,0,1,0,0,2,2,1,0,0,0,1,1,1
0,2,2,1,1,0,2,0,0,1,1,0,0,0,1,0,1,0,0,0,0,2,2,1,1,2,0,1,1,0
0,1,0,1,1,1,1,0,1,2,2,0,1,1,2,1,0,2,0,2,1,2,0,2,1,1,0,1,1,0
0,2,2,0,1,0,0,0,0,0,0,2,0,1,1,2,1,2,1,0,0,1,2,0,1,0,0,1,0,1
0,2,2,1,1,1,2,2,0,0,0,2,1,0,0,1,0,1,0,1,0,2,1,0,1,2,0,1,1,2
0,1,2,1,1,0,2,2,1,0,2,0,0,2,2,0,0,0,1,1,2,2,1,1,0,1,0,1,1,2
0,1,2,1,0,1,0,0,0,1,2,1,1,2,2,0,0,2,0,0,0,2,2,2,1,2,0,1,1,1
0,1,2,1,0,0,1,2,0,0,2,2,1,0,2,0,1,0,1,2,1,2,2,1,0,1,0,1,1,2
0,2,2,1,0,0,0,0,0,0,1,2,1,1,2,0,0,0,1,2,0,2,2,0,0,2,0,1,1,1
0,2,2,1,1,1,2,2,0,0,1,2,0,0,1,0,0,0,0,2,1,2,2,1,0,0,0,1,1,0
0,1,2,1,1,0,1,2,0,0,2,0,0,0,0,1,0,1,0,2,1,2,2,1,0,0,0,1,0,2
0,1,0,1,0,1,0,1,0,0,1,1,1,1,2,0,0,1,1,0,1,2,0,0,1,1,0,1,1,2
0,1,1,1,0,0,1,2,0,0,2,0,0,2,2,0,0,2,0,2,0,2,2,2,0,0,0,1,1,1
0,1,2,1,1,0,1,2,1,0,2,1,1,2,2,1,0,1,0,2,2,0,2,0,1,2,0,1,1,0
0,1,1,1,0,1,1,0,0,2,2,2,0,0,1,0,1,0,1,1,2,2,2,1,0,1,0,1,1,1
0,2,2,0,1,1,0,2,1,0,2,2,1,0,1,0,1,1,0,0,2,1,2,1,1,0,0,1,0,0
0,2,0,1,1,1,0,2,1,1,1,1,0,0,2,0,0,0,0,1,1,2,2,1,0,0,0,1,0,0
0,1,2,1,0,0,1,0,1,0,0,1,1,2,1,0,1,1,1,0,0,2,2,0,1,0,0,1,0,0
0,1,2,1,1,0,2,2,1,0,2,1,1,2,0,0,0,0,0,2,0,2,2,0,0,0,0,1,1,2
0,1,2,1,1,1,1,0,0,1,2,0,1,2,0,1,0,1,1,2,2,2,2,1,0,2,0,1,1,0
0,2,2,1,1,1,2,0,1,0,1,0,1,0,2,0,0,1,0,2,0,2,0,1,0,0,1,0,0,2
0,2,2,1,0,0,2,2,0,2,2,1,1,1,2,2,1,0,1,0,2,0,2,2,1,0,0,1,1,0
0,1,2,1,1,1,1,0,0,2,2,0,0,1,0,1,0,2,0,1,2,2,0,0,0,2,0,1,1,0
0,2,2,1,1,0,0,0,0,1,1,2,1,0,2,1,0,1,0,1,2,2,1,1,0,0,0,1,1,2
0,2,2,1,0,0,0,2,1,1,0,2,1,1,2,1,0,1,0,2,2,2,2,1,0,1,0,1,1,0
0,1,2,1,0,1,0,2,1,0,0,0,0,1,2,1,0,1,1,1,2,2,1,0,1,0,0,1,1,0
0,1,0,1,0,1,0,2,0,1,0,0,1,0,1,0,0,1,1,1,0,2,1,2,1,1,0,1,1,1
0,2,0,1,1,0,1,2,1,1,0,1,0,2,2,1,0,1,0,1,2,2,0,0,0,1,0,1,1,0
0,2,2,1,1,0,1,2,1,1,2,2,0,1,1,0,1,0,0,0,0,2,2,0,1,1,0,1,1,2
0,1,0,1,0,1,2,0,1,0,1,0,1,2,2,0,1,0,0,2,2,1,2,1,0,1,0,1,0,1
0,1,1,1,0,0,0,0,0,2,0,1,0,2,2,0,1,1,1,2,1,2,2,1,0,0,0,1,1,2
0,1,2,1,1,1,1,0,1,0,1,0,0,0,0,0,1,1,1,2,0,2,2,0,1,2,0,1,1,1
0,2,1,1,1,1,1,2,1,0,1,2,0,0,0,1,0,2,0,0,2,2,2,0,0,1,0,1,1,0
0,2,1,1,1,0,0,0,0,1,0,1,0,2,1,0,0,1,0,0,1,2,0,2,0,2,0,1,1,1
0,2,2,0,0,1,1,2,0,2,1,2,1,2,2,1,1,1,0,1,2,1,0,1,0,1,0,1,0,0
0,2,2,1,0,0,0,1,0,2,0,0,1,0,2,2,1,1,0,0,0,2,2,1,1,2,0,0,1,1
0,1,2,1,0,0,0,0,1,0,2,0,0,2,1,1,0,1,1,0,2,2,2,1,0,1,0,0,0,0
0,1,1,1,0,0,0,2,1,2,2,1,0,1,2,1,0,0,0,1,0,2,0,2,1,2,0,1,1,1
0,1,0,1,1,0,2,0,1,1,0,2,1,2,2,1,1,1,0,1,0,2,1,1,1,1,0,0,0,1
0,1,2,1,1,1,2,0,0,1,1,2,0,1,1,0,1,1,0,2,0,2,0,0,1,0,0,1,1,0
0,1,1,1,1,0,1,2,1,1,2,0,1,2,2,1,0,0,0,0,0,2,0,2,1,0,0,1,0,2
0,1,1,1,1,0,2,2,0,1,0,0,0,0,0,0,1,1,0,2,2,0,2,0,0,1,0,1,1,0
0,2,1,0,0,1,0,0,1,1,1,1,1,1,2,1,1,1,0,2,0,1,2,1,0,0,0,1,0,0
0,1,2,1,1,0,1,0,1,0,0,1,0,2,0,1,0,1,0,0,0,2,2,0,1,2,0,1,1,2
0,0,2,1,1,1,0,2,1,2,0,0,0,2,1,0,0,2,0,2,0,0,2,2,1,2,0,1,0,2
0,1,2,1,0,1,0,2,1,2,0,1,1,2,1,0,1,2,1,1,1,2,2,2,1,2,0,0,0,1
0,1,0,1,1,1,0,2,1,0,1,0,0,0,2,1,0,2,0,2,1,2,1,0,0,0,1,0,1,2
0,2,1,1,1,1,2,2,1,0,2,2,1,0,0,0,0,0,1,0,0,2,2,0,1,0,0,1,0,1
0,1,2,1,0,1,1,0,0,2,1,0,0,2,2,0,1,1,1,0,1,0,1,2,1,1,0,1,1,2
0,1,2,1,0,1,0,0,0,0,2,2,0,2,2,0,0,0,1,0,2,0,2,1,0,1,0,1,0,2
0,1,1,1,1,0,2,0,0,1,1,1,1,2,0,1,0,1,0,2,2,2,2,0,1,1,0,0,1,2
0,1,2,1,1,1,0,2,0,0,0,0,1,0,2,0,0,0,1,2,0,2,1,1,0,1,0,1,1,0
0,2,2,0,1,0,2,0,1,0,2,2,1,1,2,1,1,1,1,2,2,1,2,0,1,0,0,1,0,1
0,1,0,1,1,0,0,1,1,1,0,1,1,1,0,0,0,0,1,0,2,2,0,2,1,2,0,1,1,1
0,2,0,1,1,1,2,0,1,2,2,2,1,0,1,1,0,1,0,2,0,2,2,0,1,1,0,1,0,2
0,1,2,1,0,0,2,0,0,1,0,1,0,2,1,1,1,1,0,0,2,2,2,1,1,1,0,0,0,0
0,2,2,0,1,0,0,0,1,2,0,0,1,0,2,1,1,1,0,0,0,1,2,1,0,1,0,1,0,0
0,1,2,1,1,1,0,0,0,0,2,0,1,2,0,0,0,1,0,0,1,2,2,2,1,0,0,1,1,0
0,2,2,1,1,1,2,0,1,2,2,2,1,1,1,1,1,1,1,0,1,2,2,1,1,1,0,1,0,1
0,1,1,1,0,0,1,2,1,1,2,0,0,2,2,1,0,1,1,1,1,2,0,0,0,2,0,1,1,1
0,1,0,1,1,1,2,0,1,2,2,2,1,2,2,1,0,1,1,0,0,2,2,0,0,2,1,0,1,1
0,2,2,0,1,1,0,2,0,1,1,2,0,0,1,1,1,1,0,0,2,1,2,1,0,0,0,1,0,0
0,1,2,1,1,0,0,0,1,0,1,2,1,1,0,1,0,1,1,2,0,2,0,0,1,1,0,1,1,0
0,2,2,0,1,1,2,0,1,2,0,0,0,0,0,1,1,1,1,0,0,2,2,1,1,1,0,1,1,2
0,1,2,1,1,0,2,0,1,1,2,1,0,2,0,0,1,0,1,0,0,2,2,0,1,2,0,1,1,2
0,0,2,0,0,1,2,2,1,1,0,2,0,1,2,1,1,1,0,1,0,1,0,0,0,2,0,1,0,1
0,2,2,1,1,0,1,2,0,1,0,2,0,2,1,0,0,2,1,2,0,2,2,2,0,0,1,0,1,2
0,1,2,1,0,0,0,2,1,0,0,0,1,2,2,0,1,1,0,2,2,2,0,1,1,0,0,1,1,0
0,1,0,0,1,1,2,0,1,1,2,0,1,0,2,0,1,0,0,0,2,0,1,1,1,0,0,1,1,1
0,0,2,0,0,1,0,0,1,0,2,2,1,0,1,1,0,1,1,1,2,1,1,1,1,0,0,1,0,0
0,0,2,1,1,0,0,0,0,0,2,2,1,2,1,1,0,1,0,2,2,2,2,1,0,0,0,1,1,1
0,1,2,1,1,1,2,0,0,2,0,0,0,2,0,1,0,1,0,2,0,2,2,0,1,2,0,1,1,0
0,1,1,1,1,0,1,2,1,1,0,0,1,2,0,0,0,0,0,1,1,2,2,2,1,1,0,1,1,0
0,1,2,1,1,0,0,1,1,2,2,0,1,1,2,1,0,1,1,1,2,2,1,0,0,0,0,1,1,1
0,2,2,1,0,1,1,1,0,2,2,2,0,2,2,1,1,0,0,0,0,2,2,2,0,1,1,0,1,2
0,1,2,1,0,0,0,0,1,2,2,0,0,2,0,0,1,0,0,2,0,0,2,1,0,1,0,1,0,2
0,1,2,1,1,0,1,0,0,1,0,1,0,2,0,0,1,2,1,0,2,2,2,1,1,1,0,0,0,1
0,2,2,1,1,0,2,0,0,0,1,2,1,2,2,0,1,1,1,1,0,2,1,1,0,0,0,1,1,2
0,1,0,1,0,0,0,2,1,1,1,2,0,1,2,0,0,0,1,0,1,2,0,0,1,1,0,1,1,1
0,0,2,1,1,1,0,2,1,1,2,0,0,2,0,1,0,1,0,2,1,2,2,1,0,0,0,1,1,2
0,1,2,1,1,1,0,0,1,0,2,1,1,2,0,1,0,1,0,2,2,2,2,0,0,2,0,1,1,0
0,2,2,1,0,0,0,0,1,0,2,2,1,2,0,1,0,0,0,0,2,2,1,1,0,2,0,0,1,1
0,2,2,1,1,0,2,0,1,2,1,1,1,1,0,1,0,2,1,2,0,2,2,0,1,2,0,1,1,2
0,1,2,1,0,0,1,2,1,0,2,1,0,1,0,0,0,2,0,1,0,2,1,2,0,1,0,1,1,2
0,1,2,1,0,0,0,0,0,0,1,0,1,0,2,0,1,1,1,1,2,2,2,1,1,2,0,1,1,1
0,1,2,0,1,0,2,2,1,0,1,1,0,2,0,1,0,1,1,2,0,1,2,1,1,0,0,1,0,2
0,1,2,1,0,1,1,2,0,1,2,0,1,2,2,0,0,2,0,1,1,1,2,1,0,2,0,1,0,1
0,1,1,1,1,1,1,2,0,2,1,0,1,2,2,0,1,2,1,1,2,2,2,2,1,1,0,1,1,2
0,2,2,1,0,0,0,2,0,1,2,1,1,2,1,0,0,1,0,2,2,1,2,2,0,1,1,0,1,0
0,2,2,1,0,1,1,0,0,0,2,1,1,2,1,1,1,1,1,1,0,0,1,1,1,2,0,1,0,1
0,0,1,1,1,1,0,0,0,1,0,2,0,2,1,0,0,1,1,2,1,2,2,1,0,1,0,1,1,2
0,2,2,0,1,0,2,0,1,0,2,1,1,0,1,1,1,1,1,0,2,1,2,1,1,0,0,1,0,0
0,1,0,1,1,1,1,0,1,2,1,1,0,2,0,0,0,0,1,2,1,2,2,1,0,1,0,1,1,2
0,1,1,1,0,0,2,2,0,1,2,0,1,2,2,1,1,0,1,2,0,2,2,2,0,1,0,1,1,1
0,1,2,1,1,1,0,0,0,0,0,0,0,2,0,1,0,0,1,2,0,2,2,2,0,1,0,1,1,0
0,2,2,1,1,1,0,2,1,1,0,2,1,2,1,1,1,1,0,2,2,2,2,1,0,1,0,1,1,0
0,1,2,1,0,0,1,0,0,0,1,0,1,0,1,1,1,2,0,2,0,2,2,2,1,1,1,1,1,1
0,2,2,1,1,1,0,0,1,1,2,2,0,2,1,2,0,0,1,0,0,0,2,2,1,1,0,1,0,1
0,1,2,0,1,0,2,2,0,0,0,0,1,0,0,1,0,0,0,2,0,2,2,2,0,2,0,1,1,2
0,1,1,1,1,0,0,0,0,0,0,1,0,2,0,1,1,2,0,2,1,2,2,1,0,2,0,1,1,0
0,1,2,1,1,0,2,0,0,0,0,1,0,2,2,0,0,1,0,2,0,2,2,1,1,2,0,1,1,2
0,1,2,0,0,1,2,2,1,1,1,1,0,2,2,1,1,1,1,0,1,1,2,1,1,0,0,1,1,0
0,2,2,0,0,1,0,2,0,1,1,1,0,2,1,1,1,1,0,0,0,1,1,1,0,2,0,1,0,1
0,1,2,1,1,0,2,0,0,1,2,0,0,2,0,2,1,2,1,0,0,2,2,1,0,2,0,0,1,0
0,2,1,1,1,1,0,2,0,1,1,2,1,0,0,2,1,1,1,0,0,2,2,1,0,1,0,1,1,1
0,1,2,0,0,0,2,0,1,1,1,1,1,2,2,0,1,0,0,0,1,1,2,1,1,0,0,1,1,0
0,0,2,0,1,0,0,0,0,1,1,1,0,1,0,0,1,0,1,0,0,2,2,0,1,0,0,0,0,1
0,1,1,1,1,1,0,0,0,0,1,1,1,2,0,0,0,1,1,2,2,2,2,2,0,1,0,1,1,1
0,2,2,1,1,0,0,2,0,0,2,0,1,2,2,0,0,1,1,1,2,2,1,2,1,0,0,1,1,1
0,2,2,0,0,1,0,2,0,1,0,2,1,0,2,1,1,1,1,0,2,1,2,1,1,1,0,1,1,2
0,2,2,1,1,1,0,0,0,1,0,2,0,2,2,1,0,1,1,1,2,2,0,1,0,2,0,1,1,2
0,1,2,1,1,1,2,0,1,1,0,1,1,2,0,1,1,1,0,2,0,2,2,1,0,1,0,0,0,0
0,2,2,0,1,0,0,0,1,2,1,0,0,0,1,0,1,0,0,2,0,1,2,1,0,2,0,1,0,1
0,0,2,1,1,0,0,0,1,2,0,2,0,2,2,1,1,2,0,0,2,0,2,2,0,0,0,1,0,0
0,1,2,1,0,1,2,0,0,1,1,1,0,2,2,0,1,1,1,1,0,2,0,1,1,1,0,1,1,2
0,2,2,1,1,0,2,0,0,1,2,1,0,2,1,0,1,0,0,0,2,0,2,1,1,2,0,1,1,1
0,1,2,1,1,1,0,2,0,0,1,0,1,0,2,1,0,1,1,1,0,2,0,0,0,1,0,1,1,0
0,1,2,1,1,0,2,0,0,1,2,1,0,2,0,0,1,0,0,2,0,2,0,2,1,2,0,1,1,2
0,2,2,1,0,0,0,0,1,1,2,2,1,1,2,2,1,0,1,0,2,2,2,0,1,0,0,1,1,0
0,2,0,0,0,0,1,0,1,1,1,1,1,1,0,0,1,0,1,2,1,1,1,0,1,2,0,1,0,1
0,1,2,1,1,0,2,0,0,0,1,0,0,0,0,1,0,2,1,0,0,2,1,0,1,2,0,1,1,0
0,2,2,1,0,0,2,2,1,2,0,1,1,1,2,1,0,2,0,0,2,2,2,0,1,2,0,1,1,0
0,2,0,1,1,0,0,2,1,0,0,1,0,2,1,1,1,1,1,0,2,2,2,1,1,2,0,1,1,2
0,2,2,1,1,1,2,0,0,2,1,0,1,0,1,0,0,0,1,2,2,2,2,0,0,2,0,1,1,1
0,1,1,1,0,1,2,0,0,2,1,1,0,2,2,2,1,2,1,2,2,2,2,0,0,0,0,1,1,1
0,2,0,1,1,1,0,0,0,1,1,0,1,1,0,1,0,1,1,0,0,2,2,0,0,2,0,1,1,1
0,1,1,1,1,1,2,0,0,0,0,1,0,1,1,1,1,1,1,1,1,2,0,1,0,2,0,1,1,1
0,2,1,1,1,0,0,0,1,1,0,1,1,1,1,1,0,1,1,2,1,2,2,0,0,1,0,1,0,2
0,1,2,1,1,1,1,0,1,2,1,1,0,0,0,0,0,1,1,2,1,2,2,1,0,1,0,1,1,0
0,1,1,1,1,0,1,2,1,0,2,0,0,2,0,1,1,1,1,2,0,2,2,1,1,0,0,1,1,0
0,2,0,1,1,1,2,0,0,2,1,0,0,2,2,1,1,1,1,0,1,2,0,1,1,1,0,1,1,0
0,1,1,0,1,1,1,0,1,2,1,1,1,2,0,1,0,1,1,2,0,1,2,1,1,2,0,1,0,1
0,1,2,1,0,1,1,0,0,1,0,1,1,2,1,1,1,1,0,2,0,2,2,1,0,0,0,1,1,0
0,1,2,1,1,1,0,0,1,0,2,1,0,0,0,2,1,2,1,0,2,2,2,0,1,1,0,0,0,0
0,1,2,1,1,0,1,0,0,1,0,0,1,2,0,0,0,2,0,0,0,2,2,2,1,2,0,1,1,0
0,0,2,1,0,1,0,0,1,2,1,2,0,2,0,0,0,1,0,0,0,2,2,0,1,2,0,1,1,2
0,2,1,1,1,0,1,2,0,2,1,2,1,2,2,0,0,2,0,0,1,0,0,2,1,2,0,1,1,1
0,2,2,0,1,1,2,0,1,2,2,0,1,0,1,1,1,1,1,2,1,1,0,1,1,2,0,1,0,1
0,2,2,1,1,1,2,2,1,0,0,2,0,1,1,0,0,1,0,0,0,2,2,0,1,0,0,1,1,2
0,1,0,1,1,1,2,0,0,1,1,1,0,2,0,0,1,0,1,0,1,1,2,2,1,1,0,1,0,1
0,2,1,1,1,0,0,1,0,1,2,1,0,2,1,1,0,1,0,2,0,2,2,1,0,2,0,1,0,0
0,1,1,0,1,1,1,1,1,2,1,0,0,2,0,1,1,1,0,2,2,1,2,1,0,1,0,1,1,0
0,1,2,1,1,0,2,0,0,2,0,1,1,2,0,0,0,2,0,0,0,2,0,2,1,1,1,1,1,1
0,1,2,1,1,1,2,2,0,1,0,0,1,0,0,0,1,0,0,2,2,2,2,0,1,1,1,0,1,1
0,1,2,1,1,0,1,0,1,2,0,2,0,1,0,0,0,1,1,0,1,2,0,0,0,1,0,0,0,2
0,1,2,1,1,0,2,0,0,2,1,0,0,1,0,0,0,1,0,0,0,2,0,0,0,1,0,1,1,2
0,1,2,0,1,1,1,2,0,1,0,1,1,2,0,1,0,0,0,0,2,0,2,2,1,2,0,0,0,2
0,2,0,1,0,1,0,2,1,0,2,1,0,2,2,0,1,1,0,1,1,2,0,0,1,1,0,1,1,1
0,1,0,1,1,0,2,2,1,1,1,0,1,2,0,0,1,0,0,0,0,2,2,1,1,0,0,1,1,1
0,2,1,1,1,1,0,2,1,1,1,2,1,2,1,0,0,1,1,1,2,2,2,1,0,0,0,1,0,2
0,2,0,0,1,0,2,0,0,0,1,1,0,0,2,1,0,1,1,2,2,1,0,1,1,0,0,1,0,0
0,1,2,1,0,0,2,0,0,1,2,1,0,2,1,0,0,0,0,0,1,2,2,1,1,1,0,0,1,1
0,2,1,1,1,0,1,2,0,2,2,1,1,2,1,1,0,1,1,2,0,2,2,1,0,1,0,1,1,0
0,2,2,0,0,1,2,2,0,1,1,0,0,2,2,1,0,1,0,1,1,1,2,1,1,1,0,0,0,1
0,1,2,1,1,1,2,0,0,2,2,1,1,2,0,1,1,0,0,2,2,2,2,2,0,2,0,1,1,2
0,2,1,1,0,0,0,2,1,1,0,2,0,2,1,1,0,0,1,0,2,2,2,2,1,0,0,1,1,0
0,1,2,1,0,1,0,0,0,2,2,1,1,0,2,2,1,2,1,0,0,2,2,0,1,1,0,0,1,1
0,1,0,1,0,0,0,0,1,0,1,0,1,1,1,1,1,0,1,2,1,0,2,2,0,2,0,1,0,1
0,0,1,0,0,0,1,0,0,1,0,2,0,2,1,0,1,0,0,2,2,1,2,1,1,2,0,1,0,1
0,1,2,1,1,1,1,0,1,1,1,0,1,0,1,1,1,1,0,0,0,2,2,1,1,1,0,1,0,1
0,2,2,0,1,1,2,1,1,2,1,0,0,0,2,0,1,2,1,0,1,1,2,1,1,1,0,1,1,0
0,2,1,1,1,0,1,0,0,1,2,0,0,1,1,0,1,0,1,0,0,2,2,0,1,1,0,1,1,2
0,2,1,1,1,0,0,2,1,0,0,2,0,0,2,0,0,0,0,2,1,2,0,1,0,1,0,1,1,2
0,1,2,1,1,0,0,0,0,2,0,1,0,2,0,1,0,1,1,1,2,2,0,0,0,1,0,1,1,2
0,0,2,1,1,1,0,0,0,1,2,2,1,2,2,1,0,1,0,2,2,0,2,1,0,1,0,1,1,0
0,2,2,1,1,0,1,2,0,1,1,2,1,2,2,2,0,0,0,1,0,2,0,2,1,1,0,1,1,2
0,2,2,1,0,0,1,0,0,2,0,2,0,2,2,1,0,1,1,0,0,2,2,0,0,0,0,1,1,2
0,2,2,0,0,0,2,0,1,2,2,2,0,2,2,0,1,2,1,2,2,1,2,1,0,2,0,1,0,0
0,1,2,1,1,1,2,0,1,1,2,1,0,0,2,0,1,0,0,0,2,2,1,1,1,2,0,1,1,1
0,1,2,1,1,0,1,0,0,1,2,1,1,2,0,1,0,0,1,2,1,2,2,2,1,1,0,1,1,1
0,2,0,1,1,0,1,1,0,2,0,1,1,2,1,0,0,1,1,2,1,2,2,2,1,1,0,1,1,2
0,1,1,0,0,0,2,0,1,0,1,1,1,2,1,1,0,1,0,2,2,1,2,1,1,0,0,1,0,0
0,1,2,0,1,0,1,0,1,0,1,1,0,2,0,0,1,0,0,2,0,1,2,1,0,2,0,1,1,0
0,2,2,1,0,0,0,0,0,0,1,2,1,2,2,0,0,2,0,0,0,2,0,2,1,2,0,0,1,1
0,0,2,1,1,0,0,0,1,1,0,2,0,2,2,1,0,0,1,0,1,0,0,2,1,1,0,1,0,2
0,2,2,1,1,0,1,0,0,1,1,0,0,0,2,0,0,0,1,1,1,2,2,0,1,2,0,1,1,1
0,1,2,1,1,0,2,2,0,2,0,0,0,1,2,1,0,0,1,1,0,2,0,2,0,1,0,1,1,2
0,1,2,1,1,1,2,0,0,0,2,0,1,2,0,1,0,1,0,0,2,2,2,0,1,0,0,1,1,0
0,2,2,1,0,1,2,2,0,2,0,1,1,0,2,1,1,2,0,0,2,2,2,2,1,0,0,1,1,0
0,1,2,1,1,1,0,0,1,0,0,0,0,0,0,0,0,2,0,0,2,2,2,0,1,1,0,1,1,2
0,0,2,1,1,1,0,0,1,1,2,2,1,2,1,1,1,1,1,2,2,2,2,1,0,1,0,1,0,1
0,1,2,1,0,0,2,0,1,1,0,2,1,1,2,0,1,0,0,1,0,1,0,1,1,0,0,1,0,2
0,2,2,1,0,1,1,0,0,2,0,2,0,2,2,0,0,2,0,0,0,2,2,2,1,2,1,0,1,1
0,1,2,1,1,1,0,2,0,0,2,0,0,2,2,0,0,1,0,1,2,2,1,2,1,0,0,1,1,2
0,2,2,0,0,0,2,0,0,0,0,2,0,2,1,1,1,1,1,2,0,1,0,1,1,1,0,1,0,1
0,1,0,1,1,0,1,2,0,1,2,2,0,0,2,2,1,2,1,1,1,2,1,0,1,1,0,0,0,2
0,1,2,1,0,1,0,2,1,1,1,1,1,1,0,0,1,0,1,0,1,2,1,0,1,1,0,1,1,1
0,1,2,1,1,0,1,2,0,1,2,1,0,2,2,1,0,0,0,0,2,2,2,2,1,1,0,1,1,2
0,1,2,1,1,0,0,0,0,1,0,0,0,2,2,0,0,0,1,0,0,2,2,2,1,0,0,1,1,0
0,1,2,1,1,0,1,0,0,0,0,1,1,2,0,1,1,0,1,2,0,2,2,2,0,2,0,1,1,0
0,1,2,1,0,0,0,2,1,1,0,1,0,2,1,1,0,0,0,2,0,1,2,2,1,0,0,1,0,2
0,1,2,1,0,0,0,0,1,0,2,0,1,0,2,1,1,1,1,2,0,2,2,1,1,1,0,1,1,0
0,1,0,1,0,1,0,0,0,1,2,1,0,0,1,1,0,1,1,0,0,2,2,0,0,1,0,1,1,0
0,1,2,1,1,1,0,0,0,1,1,0,1,2,0,0,0,1,1,1,0,2,2,1,0,2,0,1,1,2
0,1,2,1,1,0,1,2,1,0,0,1,1,2,0,1,1,1,1,2,1,2,2,1,1,0,0,1,1,2
0,1,2,1,1,0,2,2,0,2,2,1,0,2,0,1,0,0,1,2,1,2,2,2,0,1,0,0,1,1
0,1,2,1,1,0,2,2,1,1,2,1,1,2,2,0,0,0,0,0,2,2,0,1,1,2,0,1,1,2
0,0,1,1,1,1,0,2,0,1,1,2,0,0,0,1,0,1,0,2,0,2,2,1,0,2,0,1,1,1
0,1,1,1,0,1,1,2,0,1,1,0,1,2,1,0,1,1,1,2,0,2,2,1,0,2,0,1,0,0
0,1,2,1,1,0,1,2,1,1,0,0,1,2,0,1,0,1,1,0,1,0,2,0,0,0,0,1,1,2
0,1,1,1,0,0,1,0,0,1,2,0,0,0,0,0,1,0,1,0,0,2,1,0,1,0,0,1,1,0
0,2,0,1,1,1,0,0,0,2,1,0,0,2,2,0,0,1,1,0,0,2,0,0,0,1,0,1,1,2
0,2,2,1,1,0,1,0,0,1,0,2,1,2,2,0,1,0,0,0,0,2,0,2,1,1,0,1,1,1
0,2,2,1,1,0,0,2,0,1,2,1,1,2,2,1,1,0,1,0,0,2,1,2,1,2,0,1,1,2
0,2,2,1,1,0,2,2,0,0,0,2,0,0,1,0,0,1,0,0,0,2,0,0,1,2,0,1,0,1
0,2,2,1,0,1,2,2,1,0,0,1,0,1,2,0,0,1,1,0,2,2,2,0,0,1,0,1,1,2
0,2,0,1,1,1,2,2,1,0,1,1,0,1,0,1,0,0,1,2,0,2,2,2,1,0,0,1,1,1
0,0,0,1,1,1,0,0,0,2,1,2,0,2,1,1,1,1,1,1,1,2,0,1,1,0,0,1,1,2
0,1,1,1,0,0,2,2,1,0,0,0,0,2,1,1,1,1,1,2,2,2,2,1,1,2,0,1,1,2
0,2,0,1,0,0,2,2,1,2,2,2,0,1,2,1,0,2,1,2,0,0,2,0,0,1,0,1,0,2
0,1,2,1,1,0,1,0,0,1,2,1,1,2,0,1,0,2,1,2,2,2,2,2,1,0,0,1,1,0
0,2,1,1,1,1,2,2,0,0,1,2,1,2,1,0,0,1,1,0,1,2,2,2,1,2,1,1,1,1
0,1,1,1,1,1,1,2,0,1,0,1,1,0,0,0,0,0,1,0,2,1,2,1,0,1,0,1,0,0
0,1,2,1,1,0,1,2,1,1,2,1,1,2,1,0,0,1,0,0,2,2,2,2,1,2,0,1,0,2
0,1,2,1,0,1,0,0,0,2,2,1,1,2,1,0,0,1,1,0,2,2,2,2,1,1,0,1,1,1
0,1,2,1,1,0,1,0,0,1,2,1,0,2,0,1,0,0,1,2,0,2,2,2,1,0,0,0,1,1
0,1,0,1,0,1,0,2,1,1,1,2,1,1,2,0,0,1,1,1,1,2,0,0,1,2,0,1,1,0
0,2,2,1,0,0,1,2,0,1,0,1,0,2,2,0,1,0,1,1,2,2,2,0,1,2,1,0,0,0
0,1,0,1,1,1,0,2,1,0,1,0,0,2,2,0,1,1,1,0,0,2,2,1,0,1,0,0,1,1
0,1,2,0,1,1,2,0,1,1,1,1,1,2,1,0,1,1,0,2,1,1,2,1,0,2,0,1,0,2
0,2,2,1,1,0,1,0,0,0,1,2,1,1,1,0,0,0,1,2,0,2,2,0,0,2,0,1,1,1
0,1,2,1,0,0,1,0,0,0,2,0,0,2,1,1,0,1,1,1,2,2,2,1,0,2,0,1,1,1
0,1,0,1,1,0,1,0,1,1,2,1,1,2,0,2,0,2,1,2,1,2,2,2,0,1,0,1,0,0
0,1,0,1,1,0,2,2,1,1,2,1,0,1,0,1,1,0,1,2,0,2,0,1,1,0,0,1,1,1
0,1,2,1,1,1,1,0,0,1,2,1,0,0,2,1,0,1,0,2,2,2,2,1,0,0,0,0,0,2
0,1,2,1,0,0,2,0,0,2,0,1,1,2,2,0,0,0,1,2,2,2,2,0,0,1,0,1,1,0
0,2,2,0,1,1,0,2,0,0,1,2,0,0,1,0,1,0,0,2,1,0,2,0,0,2,0,1,1,0
0,1,0,0,1,0,0,1,0,1,0,1,0,1,2,1,1,1,0,2,0,1,2,0,0,1,0,1,0,0
0,1,2,1,0,0,0,2,1,2,2,1,1,2,2,0,1,2,1,0,0,2,2,1,1,0,0,1,1,0
0,1,2,1,1,0,1,0,1,2,2,2,1,1,0,1,0,1,1,2,0,2,0,0,0,0,0,0,0,1
0,1,2,1,1,0,1,2,0,0,2,1,0,2,2,0,0,2,0,2,0,2,2,2,0,2,0,1,1,1
0,0,2,1,1,0,2,2,0,1,2,0,1,2,2,0,0,1,1,2,2,2,2,1,0,1,0,0,0,0
0,2,1,1,1,0,1,0,0,2,1,0,0,2,2,1,0,1,0,2,2,2,2,1,0,1,0,1,1,2
0,2,1,1,1,1,1,2,0,0,0,2,1,2,1,0,0,1,1,0,1,2,2,2,1,1,0,0,0,2
0,2,2,1,0,1,2,1,1,2,2,0,1,0,1,1,1,2,1,1,0,2,1,2,1,2,0,1,1,1
0,1,2,0,1,1,2,0,1,1,1,1,0,2,0,1,1,0,1,2,2,1,2,1,1,2,0,1,0,1
0,2,2,1,1,0,2,2,0,2,2,2,1,2,0,1,0,2,1,2,1,2,0,2,1,0,0,1,1,2
0,1,2,1,1,0,1,2,1,0,2,1,1,2,0,0,0,1,0,0,2,2,2,0,1,0,0,0,1,0
0,0,2,1,0,1,2,2,0,0,1,1,1,2,2,1,0,1,1,2,0,2,0,0,1,2,0,1,1,0
0,2,2,1,1,0,0,0,1,0,2,2,0,2,1,0,0,0,0,2,2,2,2,0,0,1,0,1,1,2
0,1,2,1,0,1,1,2,0,1,1,0,1,1,2,1,0,0,1,2,1,2,0,2,1,0,0,1,1,1
0,1,2,1,1,1,0,0,0,2,2,0,1,1,2,1,0,2,1,1,0,2,0,0,0,0,0,0,1,2
0,1,2,1,0,1,1,0,1,1,2,2,0,0,2,1,1,1,1,2,1,2,2,1,0,1,0,1,1,0
0,2,1,1,0,1,2,0,0,2,1,2,0,0,2,1,0,1,1,2,2,2,2,0,1,1,0,1,1,0
0,1,1,0,0,0,0,0,0,2,1,0,1,1,2,0,1,0,0,0,2,1,0,1,0,0,0,1,0,2
0,2,2,0,1,1,0,2,1,2,1,2,1,1,0,2,0,2,1,0,2,1,2,0,1,0,0,1,0,1
0,1,2,1,1,0,1,2,0,0,2,1,1,2,0,0,1,1,1,0,2,2,2,2,1,0,0,1,1,0
0,1,2,1,0,0,0,0,0,2,1,2,1,2,1,2,1,0,1,2,1,0,2,0,0,0,0,1,1,1
0,1,1,0,0,0,2,2,0,1,1,1,1,1,1,0,1,1,0,2,2,1,2,1,1,2,0,1,0,0
0,2,1,1,1,1,1,0,1,1,0,1,0,2,1,0,1,0,1,0,1,2,2,0,1,2,1,0,0,2
0,1,2,1,0,0,1,2,1,0,1,0,0,0,2,1,0,1,1,0,0,2,2,0,1,0,0,1,1,1
0,2,2,1,1,0,2,0,0,2,2,2,0,2,2,2,0,2,0,2,2,2,2,0,0,2,0,0,0,1
0,1,0,1,0,0,1,0,0,1,1,2,1,2,1,1,0,0,1,0,1,2,2,2,1,1,0,1,1,1
0,1,2,1,1,1,1,0,0,1,2,1,0,2,1,0,0,0,1,2,2,2,2,2,1,1,0,1,1,0
0,1,2,0,0,1,1,2,0,0,0,0,1,0,2,0,1,1,1,0,0,1,2,1,1,1,0,1,0,2
0,1,2,1,1,0,2,1,1,1,1,2,1,0,0,1,1,0,1,0,0,2,2,1,1,1,0,1,1,1
0,2,2,0,0,1,2,2,0,1,2,1,1,0,2,0,1,0,0,0,1,1,1,1,1,1,0,1,0,1
0,1,0,1,0,1,0,2,1,2,2,0,0,2,1,0,0,0,0,2,0,2,2,1,0,1,0,1,1,2
0,1,2,1,1,0,0,1,0,1,1,0,1,2,0,1,0,0,1,2,0,2,2,2,1,2,0,1,1,1
0,1,1,1,0,1,0,2,0,0,2,0,1,0,1,0,0,0,1,1,0,2,1,1,0,1,0,1,1,2
0,2,2,1,0,0,2,0,0,2,2,1,0,2,2,0,1,1,1,2,2,2,2,2,1,2,0,1,1,0
0,1,2,1,0,0,1,0,1,0,0,1,1,2,2,1,1,1,1,0,2,2,2,1,0,0,0,1,1,2
0,1,2,1,0,1,0,0,1,2,2,0,1,2,1,1,1,1,0,2,2,2,2,1,0,1,0,1,1,2
0,1,1,1,1,1,1,0,0,1,0,2,0,2,0,0,0,1,1,2,0,0,2,1,0,1,0,1,1,2
0,1,2,1,0,1,1,2,0,0,2,0,1,0,0,0,1,0,0,1,2,2,1,1,1,0,0,1,1,2
0,1,2,1,1,0,0,0,1,0,1,0,1,1,2,0,1,1,1,1,2,0,1,0,1,1,0,1,0,2
0,0,1,1,0,0,0,0,1,2,0,1,1,2,2,0,1,2,0,2,1,2,0,2,0,1,0,1,1,1
0,1,2,1,0,0,2,2,0,2,2,1,1,2,1,1,0,2,0,2,0,2,2,2,0,0,0,1,1,1
0,1,2,1,0,0,0,1,1,2,1,2,1,0,0,0,1,2,1,1,2,0,1,1,1,2,0,1,0,0
0,2,1,1,0,1,0,0,1,0,2,2,1,0,0,0,1,0,0,1,0,2,1,1,0,1,0,1,1,0
0,1,2,1,0,0,0,0,0,2,2,0,0,0,1,1,1,2,0,0,2,2,1,0,1,2,0,1,1,1
0,1,2,1,0,0,2,0,1,0,0,2,0,1,2,2,1,1,1,2,2,2,0,2,0,0,0,1,1,2
0,2,2,1,0,1,0,2,0,0,0,2,1,1,1,2,1,1,1,1,0,2,2,1,1,2,0,1,1,2
0,2,2,1,1,1,2,0,0,0,0,2,1,2,0,2,0,0,0,0,0,2,2,2,1,0,1,1,1,2
0,1,0,1,0,1,1,0,0,1,2,0,1,2,1,1,0,0,1,2,1,2,2,2,1,2,0,1,1,1
0,2,0,0,0,1,2,2,1,1,1,2,0,1,2,0,1,1,0,2,2,1,2,1,0,1,0,1,0,2
0,1,2,1,0,1,0,2,0,0,0,1,1,2,2,0,0,2,1,2,2,0,2,1,0,2,0,1,0,2
0,2,2,1,1,1,0,2,0,1,2,2,1,2,1,0,0,2,0,2,2,2,2,2,1,1,0,1,1,1
0,1,1,1,0,1,2,0,1,0,1,2,1,0,1,2,0,2,1,0,2,2,1,0,0,2,0,0,0,0
0,1,0,1,1,1,2,2,1,0,1,1,0,0,0,0,0,0,1,1,0,2,2,1,0,1,0,0,1,1
0,2,2,0,1,1,2,0,1,2,0,0,0,0,1,1,1,2,0,0,0,0,2,2,0,0,0,0,0,1
0,1,2,1,0,1,1,2,1,1,2,1,0,0,1,1,0,2,1,0,2,2,2,0,0,2,0,1,1,0
0,1,2,1,1,0,1,2,0,2,0,1,0,2,1,0,1,0,1,1,0,2,2,1,0,0,0,1,0,0
0,2,1,1,1,1,0,0,0,0,1,1,0,2,1,1,1,1,1,2,0,2,2,1,1,0,0,1,1,2
0,1,2,1,0,1,2,0,0,1,1,1,0,2,2,0,1,0,0,0,0,1,0,1,1,2,0,1,0,2
0,1,2,1,0,0,2,2,1,1,2,1,0,2,1,0,1,2,1,0,2,2,2,1,1,2,0,1,1,0
0,1,2,1,1,1,0,0,0,2,2,2,0,1,0,1,0,1,0,2,0,2,0,0,1,2,0,1,1,1
0,1,0,1,1,0,1,2,0,0,2,1,1,2,0,0,1,1,1,0,0,2,2,2,1,2,0,1,1,0
0,1,2,0,1,0,2,0,1,1,0,0,1,0,0,1,1,1,1,2,2,1,2,0,1,1,0,1,0,2
0,1,2,1,0,1,1,0,1,2,1,0,0,2,1,0,0,1,1,2,0,2,2,0,0,2,0,1,1,0
0,2,2,1,1,1,2,1,0,2,1,2,1,2,1,0,1,0,1,2,0,2,2,0,1,0,0,1,1,1
0,2,2,0,1,1,2,0,1,0,0,2,1,2,1,1,0,1,1,2,0,1,2,1,1,0,1,0,1,2
0,2,1,1,0,1,0,0,1,1,2,1,0,1,2,0,0,0,0,0,0,0,2,0,1,1,0,1,0,2
0,1,2,1,1,1,1,0,0,1,2,1,1,2,0,0,1,0,0,0,2,2,2,1,1,0,0,1,1,2
0,1,2,1,1,0,2,0,0,2,2,0,0,2,2,1,0,0,0,1,2,2,1,2,0,0,0,1,1,1
0,2,0,1,0,0,2,2,1,1,0,2,0,0,2,1,0,0,1,2,0,2,2,0,1,2,0,1,1,0
0,1,2,1,1,0,2,2,1,1,0,1,1,2,0,2,1,2,1,0,0,1,2,0,0,2,0,1,1,2
0,1,2,1,1,1,2,2,1,1,1,1,1,1,1,0,1,1,0,1,0,2,0,2,1,1,0,1,1,2
0,2,2,1,1,0,2,0,0,1,1,0,0,0,1,0,1,0,0,0,1,2,2,0,1,1,0,1,1,1
0,2,2,0,0,0,0,2,0,0,0,2,1,0,2,0,0,1,0,0,0,1,2,1,1,2,0,0,1,2
0,1,2,1,1,0,0,0,0,2,2,0,0,2,0,0,0,2,1,2,2,2,2,2,0,0,0,1,1,1
0,1,2,1,0,1,1,1,1,2,0,0,0,2,1,0,1,1,1,2,0,2,2,1,0,0,0,1,1,2
0,0,1,1,0,0,0,0,1,1,1,1,1,2,1,1,1,1,1,2,2,2,2,1,0,1,0,0,0,0
0,2,2,1,0,1,1,1,1,2,2,1,0,1,2,0,0,0,0,2,2,2,2,1,0,1,0,1,1,2
0,1,2,1,1,0,2,2,0,1,2,1,1,2,0,0,1,0,0,2,0,2,2,1,1,2,0,1,1,2
0,0,2,1,0,0,0,0,0,1,2,2,0,2,1,0,0,0,1,0,2,2,2,0,1,2,0,1,1,1
0,2,2,0,0,1,0,0,1,1,0,2,0,0,0,0,0,0,1,0,0,1,0,0,1,2,0,1,0,2
0,1,2,0,0,1,0,0,0,2,1,0,0,2,1,0,0,1,1,1,1,1,2,1,0,0,0,1,0,1
0,2,2,0,0,1,0,0,0,0,1,2,0,1,2,1,0,1,1,1,0,1,2,1,0,2,0,1,0,1
0,1,2,1,1,0,0,0,1,0,2,1,0,0,2,0,1,0,0,0,2,2,0,1,0,2,0,1,1,0
0,2,2,0,0,0,2,2,0,0,1,2,1,2,0,2,1,2,0,0,1,1,0,1,0,2,0,1,0,1
0,2,2,0,1,1,0,2,0,0,1,1,0,2,0,1,1,1,1,2,0,1,1,0,0,1,0,1,0,2
0,2,0,1,0,0,2,0,0,2,1,0,1,2,2,0,1,1,0,2,0,2,2,1,0,0,0,1,1,0
0,2,0,1,0,1,0,2,1,1,2,2,0,1,1,1,0,1,1,2,1,2,2,0,0,1,0,1,1,0
0,1,1,0,1,0,2,0,1,1,0,1,0,1,0,0,1,1,1,0,2,1,0,1,0,0,0,1,0,2
0,2,2,1,0,1,0,2,0,1,1,2,0,1,2,0,1,2,0,1,0,2,2,2,0,0,0,1,0,1
0,2,2,1,1,1,1,2,1,0,2,2,1,0,1,0,1,0,0,2,0,0,2,1,0,0,0,1,1,2
0,2,2,1,1,1,0,0,1,1,2,0,0,0,2,1,0,1,0,0,2,2,2,0,0,2,0,1,1,0
0,1,2,1,1,0,0,2,1,1,2,1,1,2,0,0,0,0,1,0,2,2,2,0,1,0,0,1,1,2
0,2,2,1,1,1,0,0,0,0,2,2,1,2,0,2,1,1,1,0,2,2,2,1,1,2,0,1,1,1
0,1,2,1,1,0,0,2,1,1,2,2,1,2,2,0,0,1,1,2,0,2,2,0,0,1,0,1,1,0
0,1,2,0,0,0,1,1,0,0,1,2,0,2,2,1,1,0,1,2,0,1,2,2,0,2,0,1,0,1
0,1,2,1,1,1,0,2,0,0,1,0,1,0,0,1,0,0,0,2,0,2,2,1,0,2,0,1,1,0
0,0,1,0,1,0,0,0,0,1,1,1,1,2,0,2,1,1,1,0,0,1,2,1,0,0,0,0,1,2
0,1,2,1,1,0,1,2,0,1,0,2,0,2,0,1,0,2,1,0,0,2,2,2,0,0,0,1,1,1
0,2,2,1,1,0,1,0,1,2,2,0,1,1,0,1,0,1,1,0,2,2,2,0,0,2,0,1,1,1
0,2,0,1,0,0,1,1,1,1,1,1,1,1,1,0,0,1,1,0,2,0,2,2,0,1,0,1,0,1
0,1,2,1,1,0,1,0,1,2,2,0,0,2,1,1,1,1,0,2,2,0,2,1,0,2,0,1,0,0
0,2,2,1,0,0,0,0,1,1,2,2,1,2,2,0,0,2,0,2,0,1,2,1,0,0,0,1,0,2
0,1,1,0,0,1,1,0,1,0,1,1,1,2,1,2,1,1,1,2,1,1,2,1,0,1,0,1,0,0
0,2,2,1,1,0,1,0,0,1,1,1,1,2,2,1,0,0,0,1,0,2,0,2,1,2,0,1,1,0
0,1,1,1,1,0,0,0,0,0,2,1,1,1,0,2,1,2,1,1,1,2,0,0,1,1,0,1,1,2
0,1,2,1,1,1,1,0,0,2,2,2,0,1,0,2,0,2,1,0,2,2,0,0,0,2,0,1,1,1
0,1,0,1,0,0,2,0,0,0,1,1,1,2,1,1,1,1,1,2,1,2,2,1,0,2,0,1,1,0
0,1,0,1,1,0,1,2,1,0,0,1,0,2,2,1,1,1,0,0,2,2,2,1,1,1,0,1,1,0
0,2,1,1,1,1,0,0,1,1,2,1,1,2,0,0,0,0,0,1,2,2,1,1,1,0,0,1,0,1
0,2,1,1,0,1,2,0,0,2,1,1,0,2,2,1,1,1,1,1,2,2,0,1,1,2,0,1,1,2
0,1,2,0,0,0,1,0,0,0,0,1,0,0,1,1,0,1,1,1,2,1,1,1,1,1,0,0,0,1
0,1,2,1,1,1,1,0,0,1,2,1,1,2,0,0,0,0,0,0,2,2,2,2,1,0,0,1,1,2
0,2,2,0,1,1,0,0,0,0,0,2,1,1,1,1,1,1,0,2,0,0,2,0,1,1,0,1,1,0
0,2,1,1,1,0,0,2,1,1,2,2,1,1,0,2,1,0,0,1,1,2,2,2,1,1,0,1,1,1
0,1,2,1,0,0,2,0,1,0,2,1,0,2,1,0,1,0,0,2,0,2,2,1,0,2,0,1,1,2
0,1,2,1,1,1,2,2,1,1,1,1,0,2,1,0,1,0,0,1,0,2,2,0,1,2,0,1,1,0
0,2,2,0,1,1,1,2,1,2,1,2,1,2,1,0,0,2,0,2,1,2,2,2,0,0,0,1,1,0
0,1,0,1,0,0,0,2,0,0,1,0,1,0,2,0,1,1,0,0,1,2,2,1,1,2,0,1,1,0
0,1,2,1,1,1,1,0,1,1,0,1,1,2,0,1,0,0,1,0,2,2,2,2,1,0,0,1,0,0
0,1,2,1,1,1,0,0,0,1,2,2,1,2,0,1,0,1,1,0,2,2,2,1,0,0,0,1,1,0
0,1,0,1,1,1,2,2,1,1,0,0,1,2,0,0,1,0,0,0,0,2,2,1,1,2,0,1,1,1
0,2,2,1,1,0,0,0,0,0,2,2,0,2,0,1,1,1,1,2,0,2,0,1,1,0,0,1,1,0
0,1,1,1,1,0,1,2,1,1,0,0,0,2,2,1,0,1,1,0,1,2,2,0,0,1,0,1,1,2
0,1,2,1,0,0,2,2,1,1,2,1,1,2,1,0,1,0,0,0,0,2,2,1,1,2,0,1,1,2
0,1,2,0,1,0,2,0,1,2,0,1,0,2,1,1,0,1,1,0,2,1,2,1,1,2,0,1,0,2
0,1,2,1,0,0,1,2,1,0,2,0,0,0,2,0,0,0,1,2,2,2,0,0,0,2,0,1,1,1
0,0,2,1,1,0,0,0,0,1,0,1,0,2,1,1,0,0,0,1,2,0,0,2,1,2,0,1,1,2
0,2,0,1,1,0,2,0,0,1,2,2,0,2,2,1,1,1,1,2,1,2,2,1,0,1,0,1,1,1
0,2,2,1,0,1,2,0,0,1,1,2,0,0,1,0,1,0,1,2,0,2,2,0,1,0,1,0,1,1
0,1,2,0,0,1,1,2,0,0,0,0,0,1,1,1,0,1,1,0,0,1,0,1,1,1,0,0,1,2
0,1,2,1,1,0,1,0,0,0,1,1,1,0,2,1,0,1,0,2,0,2,2,0,1,2,0,1,1,0
0,1,1,1,0,0,2,0,0,0,0,1,0,2,1,0,1,0,0,0,1,2,2,1,0,2,0,1,0,2
0,1,2,1,1,0,0,0,0,2,2,0,0,2,2,1,1,0,1,2,2,2,0,1,1,0,0,1,1,1
0,2,2,0,1,1,0,0,0,1,1,2,0,2,2,0,0,2,0,0,0,0,1,2,0,1,0,1,1,0
0,1,1,1,0,0,0,0,0,2,0,2,1,0,0,1,0,2,0,0,1,2,2,1,0,1,0,1,1,0
0,2,1,1,0,1,2,0,0,0,1,1,0,2,1,1,0,2,1,2,0,0,2,2,1,2,0,1,0,2
0,1,2,1,1,1,1,0,0,1,2,0,0,1,0,1,0,2,1,1,2,2,0,0,1,2,0,1,1,2
0,1,1,1,1,0,1,0,1,0,0,1,0,1,2,1,0,1,1,0,1,2,1,0,1,0,0,0,0,1
0,2,2,1,1,0,1,0,1,2,1,2,1,1,1,0,0,1,0,0,0,2,2,0,1,0,0,1,1,1
0,0,2,1,0,0,0,1,1,2,1,1,1,0,1,1,0,2,1,2,1,2,2,0,1,2,0,0,1,1
0,1,2,1,1,0,1,2,0,0,2,0,0,0,2,0,0,0,0,0,2,2,1,1,0,1,0,1,1,1
0,2,2,1,1,0,1,0,0,2,2,0,0,0,1,0,0,1,1,1,2,2,2,0,0,2,0,1,1,1
0,1,2,1,1,0,0,0,0,2,2,2,1,0,0,2,1,2,1,1,2,2,0,0,1,0,0,1,1,2
0,1,0,1,1,0,0,0,0,0,1,1,1,1,2,1,0,1,1,2,1,2,0,0,1,2,0,1,1,0
0,2,2,0,1,1,2,0,1,2,1,2,0,2,0,0,1,1,1,2,0,2,2,1,0,1,0,1,1,0
0,1,2,1,0,1,0,1,0,1,2,1,1,0,2,1,1,1,0,2,2,2,2,1,0,0,0,1,1,0
0,2,2,1,0,0,0,0,0,0,1,0,0,1,2,1,0,2,1,2,2,2,2,0,0,0,0,1,1,1
0,1,2,0,0,1,0,0,1,1,1,2,1,1,1,1,0,1,1,0,0,1,2,0,0,1,0,1,0,0
0,1,2,0,0,1,1,0,1,2,1,1,0,2,1,0,1,1,0,0,1,1,2,1,1,1,0,1,0,0
0,1,2,0,1,0,2,0,0,1,0,0,1,2,0,1,1,1,0,2,0,1,2,1,0,1,0,1,0,2
0,2,1,1,1,0,1,0,0,2,1,2,0,0,1,0,0,0,0,0,2,2,2,0,0,0,0,0,1,0
0,1,2,1,1,1,2,0,0,2,0,2,1,2,2,0,0,0,1,0,2,2,2,0,0,2,0,0,1,0
0,2,2,1,0,1,0,0,0,0,1,2,0,2,2,0,1,0,1,1,0,2,2,1,0,0,0,1,1,1
0,1,2,1,1,0,2,0,0,0,0,0,1,2,0,1,0,1,1,0,2,2,2,0,1,1,0,1,1,2
0,2,2,1,1,0,2,0,1,2,2,2,1,1,1,1,1,2,0,2,2,0,2,1,0,0,0,1,1,1
0,2,2,1,1,0,2,0,0,1,1,0,1,0,0,1,1,1,0,2,2,2,2,1,0,2,0,1,1,0
0,2,2,1,0,1,0,0,1,0,2,0,0,0,2,1,1,1,1,2,2,0,2,1,1,0,0,1,1,1
0,1,2,1,1,0,2,0,1,2,2,2,1,1,0,2,0,2,1,0,0,2,2,2,1,1,0,1,1,0
0,1,1,1,1,0,1,2,1,0,0,0,0,2,0,2,0,0,1,2,1,2,2,0,0,2,0,1,1,0
0,2,2,1,1,0,1,0,0,1,2,2,0,2,2,0,0,1,0,1,1,2,2,2,1,2,0,1,1,2
0,0,2,1,0,1,0,0,0,1,2,2,1,2,1,1,0,2,0,0,0,2,2,2,0,1,0,1,1,1
0,1,1,1,1,0,1,1,0,1,2,2,0,0,2,0,0,1,1,2,0,2,2,0,0,1,0,1,1,1
0,1,0,1,1,1,1,0,0,1,2,0,1,0,0,0,0,1,1,2,0,0,2,1,0,0,0,1,0,0
0,2,2,1,1,1,2,0,1,2,1,1,1,0,2,0,0,0,0,2,2,2,1,1,0,1,0,1,1,2
0,2,2,1,0,0,0,0,0,0,0,0,1,1,2,0,0,0,0,2,1,2,2,0,0,2,0,1,1,2
0,2,2,0,1,0,0,0,1,0,0,0,1,0,1,1,0,1,1,1,0,1,2,1,1,0,0,1,0,2
0,2,1,1,1,1,0,2,0,1,2,1,0,2,0,1,1,1,0,2,1,2,2,0,0,0,0,1,1,2
0,1,1,0,1,0,1,0,1,1,1,2,0,0,2,1,1,0,0,0,2,1,1,2,1,0,0,0,1,1
0,2,0,1,0,0,0,0,1,0,2,2,1,1,1,1,0,2,0,0,2,2,2,0,0,1,0,1,1,1
0,2,2,1,1,1,2,2,0,2,2,1,1,0,1,0,0,0,0,2,2,2,2,1,0,1,0,1,1,2
0,2,2,1,0,0,0,0,0,2,2,2,0,0,2,1,0,1,1,2,2,2,2,0,0,1,0,1,1,1
0,1,0,1,1,0,2,2,0,1,2,1,0,2,2,0,1,0,0,1,1,2,1,1,1,1,0,1,0,1
0,2,0,1,1,0,1,2,1,2,1,2,0,1,1,2,1,0,1,0,1,2,2,0,1,1,0,1,1,1
0,2,2,1,1,1,2,0,1,0,1,2,1,1,1,1,0,1,0,0,2,2,2,0,1,1,0,1,1,1
0,1,1,0,0,0,2,0,0,2,1,1,1,2,2,1,0,1,0,2,2,1,0,1,1,1,1,0,1,1
0,1,1,0,0,1,0,0,0,1,0,2,1,2,1,0,1,0,0,1,2,1,2,1,1,2,0,1,0,0
0,1,1,1,1,1,0,2,1,0,1,1,0,0,0,1,0,1,0,0,2,2,1,0,1,2,0,1,1,2
0,2,1,1,1,1,0,0,0,2,1,2,1,0,1,0,0,1,0,2,0,2,2,0,0,2,0,1,1,2
0,2,0,1,1,1,2,0,0,0,1,0,0,2,2,1,0,1,0,2,2,0,0,0,1,1,0,1,1,2
0,1,2,0,1,1,1,0,0,2,1,0,0,2,1,0,1,2,1,2,0,1,2,2,1,0,0,1,0,1
0,1,2,1,0,0,1,0,0,0,0,2,1,1,2,0,0,0,0,0,2,2,0,1,0,1,0,1,1,2
0,1,0,1,0,1,0,0,1,1,1,0,1,1,2,2,0,2,1,0,1,2,0,0,1,2,0,1,1,1
0,1,2,1,1,0,2,0,0,0,2,2,1,0,0,1,0,1,1,2,2,0,2,0,0,1,0,1,1,1
0,1,1,0,1,1,2,0,1,1,1,1,1,1,0,0,1,0,0,0,2,1,0,1,1,1,0,1,0,0
0,1,0,1,1,1,1,2,1,1,2,0,0,2,0,0,0,1,1,2,1,2,2,2,1,2,0,1,0,0
0,1,2,1,1,1,0,2,1,0,0,0,0,1,0,1,0,1,0,2,2,2,0,0,1,2,0,1,1,1
0,2,0,1,1,0,2,2,1,2,1,2,0,1,1,1,1,0,1,2,0,2,2,2,1,1,0,1,1,1
0,1,1,1,1,1,0,0,0,0,2,2,1,0,0,0,0,1,1,0,2,2,2,2,1,1,0,1,1,1
0,1,2,1,1,0,1,2,1,1,0,1,0,2,2,1,0,0,0,2,0,2,2,2,0,1,0,1,1,2
0,1,0,1,1,1,0,0,0,2,0,0,0,1,0,1,0,0,1,2,0,2,0,2,1,0,0,1,1,2
0,1,0,1,1,0,2,2,0,0,2,1,1,2,1,0,0,2,0,0,1,2,2,2,0,2,0,1,1,1
0,1,2,1,1,0,1,0,1,0,2,2,0,2,0,0,0,0,1,1,2,2,2,1,0,0,0,1,0,2
0,1,2,0,1,0,1,2,0,0,1,0,0,0,2,1,1,1,0,0,1,1,1,1,1,2,0,1,0,2
0,1,2,1,1,1,2,0,0,1,1,1,0,2,2,0,1,0,0,0,2,2,2,1,1,2,0,1,1,1
0,2,2,1,0,0,0,0,1,0,2,2,0,1,2,1,0,1,1,0,2,0,2,1,0,1,0,1,0,0
0,1,0,1,1,1,1,0,1,2,2,0,0,1,0,0,0,2,0,0,1,2,0,1,0,1,0,1,0,0
0,1,2,1,0,0,2,0,1,1,0,1,1,2,2,0,1,0,1,0,2,1,0,2,1,0,0,1,0,2
0,1,1,1,1,0,0,0,1,2,2,0,1,1,2,1,0,1,0,0,0,2,0,0,0,2,0,1,1,2
0,1,2,1,0,0,1,0,0,1,2,1,0,2,1,1,0,1,1,0,2,2,2,1,0,1,0,1,1,0
0,1,2,1,1,0,1,0,0,0,2,0,0,2,2,0,1,1,0,1,1,2,1,0,1,1,0,1,0,1
0,2,2,1,1,1,1,2,1,1,0,2,1,2,1,0,1,0,0,0,0,2,2,0,1,1,0,0,1,0
0,1,1,1,1,0,2,2,1,1,1,0,0,2,0,0,1,0,0,0,0,2,2,2,1,1,0,1,1,0
0,0,2,1,0,0,1,0,0,2,2,0,0,2,1,1,0,0,1,2,2,2,2,2,0,0,0,1,1,2
0,1,2,1,1,0,1,2,1,1,0,0,0,1,2,0,0,0,1,1,0,2,1,0,1,0,0,1,1,0
0,1,2,1,1,1,0,0,1,0,1,2,0,1,1,0,0,1,0,0,0,2,0,2,1,2,0,1,1,0
0,2,2,1,0,0,1,0,0,1,2,0,1,0,2,1,0,1,0,0,0,0,2,1,0,1,0,1,1,0
0,1,1,1,1,1,0,2,1,0,1,2,0,1,2,2,0,2,1,0,2,2,1,0,0,0,0,1,1,0
0,1,2,1,1,1,1,2,0,1,1,1,0,2,2,1,1,1,0,2,0,2,0,1,0,2,0,1,1,1
0,2,2,0,0,0,2,0,1,1,1,2,1,2,0,0,1,0,0,2,0,1,0,1,1,2,0,1,0,2
0,2,2,1,1,0,0,0,0,1,1,0,0,0,1,2,0,2,0,0,2,0,2,1,0,1,1,0,0,0
0,1,2,0,1,0,1,0,0,1,1,2,1,1,2,1,1,1,1,1,0,1,1,1,1,1,0,1,0,1
0,1,2,1,0,0,2,2,1,1,2,1,0,2,1,1,0,0,1,0,0,1,2,2,1,0,0,1,0,0
0,1,2,1,1,1,1,0,0,1,0,1,1,2,0,1,0,0,1,2,2,2,2,2,1,1,0,1,1,0
0,2,2,0,0,0,2,2,1,0,0,0,0,1,0,0,1,1,0,0,2,1,2,1,1,1,0,0,1,2
0,2,2,1,1,0,1,1,0,1,1,0,1,2,0,1,0,0,0,0,0,2,2,2,1,2,0,1,1,0
0,2,2,1,1,1,2,0,0,2,2,2,1,2,2,1,1,0,0,0,0,2,0,1,0,0,0,1,1,2
0,1,2,1,1,1,2,2,0,1,0,1,1,0,0,1,1,1,0,2,1,2,2,1,1,0,0,1,1,0
0,1,0,1,0,1,0,0,0,1,0,0,0,1,2,0,0,1,1,0,0,2,0,0,0,2,0,1,1,1
0,0,1,1,0,0,1,0,0,1,2,1,0,1,2,0,0,1,1,1,0,1,0,0,1,1,0,1,0,1
0,1,2,1,1,1,1,2,1,1,2,0,1,0,2,1,0,1,0,2,2,2,2,1,0,1,0,0,0,2
0,1,2,1,1,1,1,0,1,2,2,2,1,2,0,1,1,1,1,1,1,2,2,1,1,1,0,1,1,0
0,1,2,1,0,1,0,0,0,0,2,0,1,0,1,1,0,2,1,2,0,2,2,0,0,2,0,1,1,0
0,2,0,1,1,1,2,0,1,2,2,0,1,0,1,1,1,1,1,2,1,2,2,1,1,1,0,1,0,0
0,1,2,1,0,1,0,2,1,0,2,0,0,0,2,2,0,2,1,2,2,2,2,0,0,1,0,1,1,0
0,1,2,0,0,0,1,0,0,1,2,1,0,2,2,0,1,0,0,1,0,1,0,1,1,1,0,1,0,2
0,0,2,1,1,1,0,1,0,2,1,1,0,2,0,1,0,1,1,0,2,2,2,1,0,1,0,1,1,1
0,1,2,1,1,0,0,2,0,1,0,1,0,0,0,1,0,1,0,0,2,2,2,1,0,2,0,1,1,2
0,1,2,1,1,0,2,0,1,1,2,2,0,0,0,0,1,1,1,2,0,2,0,1,0,0,0,1,1,0
0,1,1,0,0,0,0,2,0,1,0,0,0,1,2,2,0,2,1,1,2,1,0,0,1,2,0,1,0,2
0,2,0,1,1,1,2,0,0,0,1,2,1,2,0,0,0,1,0,1,1,2,1,2,1,0,0,1,1,0
0,2,2,0,1,0,2,0,1,1,2,0,1,1,1,0,1,1,1,1,0,1,2,1,0,1,0,0,0,0
0,1,0,0,1,1,2,0,1,1,2,2,1,0,2,0,1,0,1,0,0,1,1,1,1,2,0,1,0,2
0,2,2,1,1,0,2,1,1,2,1,2,0,2,1,1,1,1,1,2,2,1,2,1,1,1,0,1,1,1
0,2,2,1,0,0,2,2,0,0,2,2,0,2,2,0,1,0,1,2,2,2,2,1,0,1,1,1,1,1
0,2,2,1,0,0,0,0,1,2,1,2,1,1,1,0,0,2,1,0,2,2,2,2,1,1,0,1,1,0
0,1,1,1,1,0,2,0,0,2,0,0,0,1,2,1,0,1,1,1,1,2,0,0,0,0,0,1,1,0
0,1,2,1,1,1,1,2,0,2,0,0,1,0,0,2,1,2,1,0,0,2,2,0,1,1,0,1,1,0
0,0,2,0,0,1,0,0,1,1,2,1,0,1,0,0,1,1,0,0,2,1,2,1,1,1,0,1,0,2
0,2,2,1,1,0,2,2,0,0,2,2,0,0,2,0,1,1,0,1,2,0,1,1,1,0,0,1,0,1
0,1,2,1,0,1,2,0,1,2,2,1,0,2,2,2,1,2,0,1,2,2,0,1,1,2,0,1,1,0
0,1,1,1,1,0,2,2,1,2,0,0,1,2,0,0,0,1,1,1,2,2,2,1,0,1,0,0,0,2
0,2,2,1,0,1,2,0,0,0,2,2,1,2,2,1,0,0,0,0,2,2,2,2,1,1,0,1,1,2
0,0,2,1,1,1,2,0,0,1,2,2,0,2,0,0,0,1,1,1,2,2,1,1,0,1,0,0,1,1
0,1,2,1,0,1,1,0,0,1,0,2,0,1,2,0,0,0,1,0,0,2,0,0,1,2,0,1,1,1
0,2,2,0,1,1,0,0,1,0,1,0,1,2,1,0,1,1,0,0,1,1,2,1,1,1,0,1,0,0
0,0,2,1,0,1,0,2,0,0,1,0,0,2,2,0,0,1,1,0,1,2,1,2,1,2,0,1,1,2
0,1,0,1,1,0,0,0,0,2,2,2,0,2,0,0,1,0,1,2,1,2,2,1,0,1,0,1,1,0
0,1,2,1,1,0,1,0,1,1,1,0,0,1,0,1,0,1,1,1,2,2,0,0,0,2,0,1,1,0
0,0,2,1,1,1,0,0,0,1,1,2,0,2,2,0,1,1,1,2,0,2,2,1,0,0,0,1,1,1
0,1,2,1,0,0,1,0,0,1,2,1,0,2,1,1,1,1,1,2,2,0,2,1,0,0,0,1,0,0
0,1,2,1,1,0,1,2,0,1,2,1,0,2,0,0,0,0,0,0,0,2,2,2,0,1,0,1,1,1
0,0,2,1,1,0,0,0,0,0,2,2,0,2,0,1,1,1,1,2,2,2,2,1,1,1,0,0,1,1
0,1,2,1,1,1,1,0,1,1,1,0,1,0,0,2,1,2,0,0,2,2,2,0,1,1,0,1,1,1
0,1,2,1,0,0,1,0,1,0,2,2,1,0,1,1,0,1,0,0,1,2,2,1,0,1,0,1,1,1
0,1,1,1,0,0,1,2,0,1,1,2,1,0,2,1,1,0,0,0,0,2,2,1,0,1,0,1,1,1
0,2,2,1,1,1,1,0,0,2,0,2,1,2,2,0,0,1,1,0,0,2,0,2,0,2,0,1,1,0
0,2,2,1,1,0,1,0,1,0,1,2,0,1,1,0,0,1,0,1,0,2,2,2,1,0,0,1,1,0
0,1,2,1,1,0,0,2,0,0,0,2,0,1,2,1,1,1,1,1,0,0,0,1,1,0,0,1,0,1
0,1,1,1,1,0,1,0,0,1,0,2,0,2,0,0,0,1,1,2,1,2,2,1,0,0,0,1,1,2
0,1,1,1,1,0,2,0,1,1,0,1,0,2,0,0,0,0,1,0,1,2,2,0,1,0,0,0,0,0
0,1,2,0,1,1,2,0,1,0,0,2,0,0,0,1,0,1,1,2,1,0,2,1,1,0,0,0,0,2
0,1,1,1,0,1,1,2,0,1,1,0,1,0,0,2,0,1,1,2,2,2,1,1,0,1,0,1,0,1
0,1,0,1,1,0,1,2,0,1,2,0,1,2,1,0,0,0,1,2,0,2,2,1,0,2,0,1,1,2
0,1,2,1,0,1,1,0,0,1,1,0,1,0,2,0,1,1,1,2,0,2,2,1,0,2,0,1,1,1
0,2,2,1,0,1,0,0,0,1,2,2,1,2,2,1,0,0,0,2,2,2,2,2,1,0,0,1,1,0
0,2,2,0,1,0,0,2,1,0,1,2,0,2,1,1,1,1,1,0,1,1,2,1,1,1,0,1,1,0
0,2,1,1,0,0,0,0,1,1,2,1,0,1,2,1,0,1,1,0,0,2,2,0,0,2,0,1,1,0
0,1,2,1,1,1,1,0,0,0,1,0,1,0,0,0,1,1,0,0,0,2,2,1,1,1,0,1,1,0
0,2,2,1,1,1,2,2,1,0,1,0,0,1,1,0,0,0,0,2,2,2,2,2,0,2,0,1,1,0
0,2,2,1,1,1,2,0,0,1,0,2,1,2,2,1,1,0,1,2,0,2,0,2,1,1,0,1,1,1
0,2,2,1,1,0,2,2,0,2,2,1,0,2,2,1,0,2,1,2,2,2,0,2,1,2,0,1,1,2
0,1,0,1,1,0,0,0,1,1,2,0,1,1,0,1,0,1,0,1,0,2,0,0,0,1,0,1,1,1
0,1,2,1,1,1,1,1,1,2,2,0,0,2,0,1,0,1,1,0,2,2,2,0,0,1,0,1,1,0
0,1,2,1,1,0,0,0,0,2,0,1,1,2,0,0,1,2,1,0,2,2,2,2,1,2,0,1,1,2
0,2,0,1,0,1,1,0,1,0,2,2,1,0,0,1,1,1,1,0,0,2,0,1,1,1,0,0,1,1
0,0,2,1,1,1,0,0,0,2,0,1,0,0,2,1,0,2,1,2,2,0,2,0,1,2,0,1,1,1
0,2,2,1,1,1,2,0,1,1,2,0,0,0,1,1,1,2,1,0,2,2,2,1,1,1,0,1,1,1
0,1,2,0,0,1,1,0,0,2,2,2,0,0,1,2,0,0,0,2,2,1,2,2,0,0,0,1,0,2
0,2,2,0,1,1,2,1,0,2,1,0,0,2,0,0,1,0,0,0,0,1,2,1,0,1,0,1,0,0
0,1,2,1,1,1,2,0,1,0,2,0,1,0,2,1,1,1,1,0,1,2,1,1,1,2,0,1,1,2
0,1,0,1,1,1,0,0,1,1,1,2,1,0,0,0,1,1,1,2,2,1,2,1,0,0,0,1,0,1
0,2,1,1,1,0,0,2,1,1,2,0,0,1,1,1,0,1,1,0,0,2,2,0,0,2,0,1,1,0
0,2,2,1,1,0,1,2,0,1,2,1,0,2,0,1,0,0,1,0,2,2,2,2,1,1,0,1,1,1
0,0,2,1,1,1,0,0,1,0,1,2,0,0,2,0,1,0,0,1,2,2,2,1,0,1,0,1,1,1
0,1,1,1,0,1,1,0,1,0,2,2,0,0,1,0,1,0,1,1,2,2,2,1,0,0,0,1,1,1
0,0,1,1,0,1,0,0,0,2,2,0,1,0,2,1,0,2,1,1,0,2,0,0,0,1,0,1,0,2
0,2,2,1,1,1,0,1,1,1,1,2,0,2,2,0,0,0,1,0,1,0,0,0,1,1,0,1,1,1
0,1,2,1,0,1,0,0,0,2,1,1,0,2,1,0,0,2,1,2,0,1,2,1,0,2,0,0,1,1
0,2,2,1,1,1,1,0,1,1,1,2,0,2,2,0,1,0,0,1,0,2,0,1,1,1,0,0,0,0
0,1,2,1,0,0,0,2,0,2,0,2,1,2,1,0,1,2,1,0,2,0,2,2,1,0,0,1,1,1
0,1,1,1,1,1,0,0,0,0,1,2,1,2,0,0,0,1,0,1,2,2,1,2,1,1,0,1,1,2
0,1,2,1,1,0,1,2,1,1,2,0,1,2,0,1,1,2,0,0,0,0,2,1,1,1,0,1,1,1
0,1,2,1,0,1,1,0,0,1,2,1,0,2,2,0,1,1,1,1,1,2,2,2,0,1,0,1,1,1
0,1,2,1,1,1,1,0,0,0,1,2,1,0,0,0,1,0,0,0,2,2,0,1,0,0,0,1,1,0
0,1,2,1,0,0,0,2,0,2,2,0,0,1,2,0,1,2,0,0,2,0,0,2,1,0,0,1,0,2
0,2,2,1,1,1,0,2,0,0,0,1,0,0,1,1,1,0,1,2,0,2,2,1,1,2,0,1,1,1
0,1,2,1,1,1,1,1,0,2,2,2,1,0,2,0,1,0,1,2,2,2,2,0,1,0,0,1,1,2
0,1,2,1,1,0,1,2,1,1,0,1,0,0,0,1,0,1,1,1,0,0,0,1,0,2,0,1,1,2
0,1,2,1,0,1,0,0,1,2,1,2,1,0,2,0,0,1,0,2,2,0,2,0,0,0,0,1,1,1
0,1,0,1,0,0,1,2,1,1,2,0,0,0,2,0,0,1,1,1,0,2,2,1,0,1,0,1,1,0
0,1,2,1,1,0,1,2,0,1,0,1,1,2,2,0,0,2,0,0,0,2,2,2,1,2,0,1,1,0
0,1,1,1,0,0,1,2,1,1,2,0,0,2,2,1,0,1,1,2,0,2,2,0,0,2,0,1,1,0
0,1,0,1,0,0,1,2,1,1,2,0,1,2,2,0,0,0,0,0,0,2,2,0,0,2,0,1,1,2
0,2,1,1,1,1,2,1,1,0,1,1,0,2,1,1,0,2,1,0,0,2,2,0,0,2,0,1,1,0
0,1,2,1,0,1,1,0,1,1,2,0,0,1,2,1,0,0,1,0,0,2,0,2,1,1,0,1,1,0
0,1,2,0,1,0,0,2,0,2,0,0,1,0,2,2,1,2,0,2,2,1,1,1,1,1,0,1,0,2
0,1,2,1,0,0,1,2,1,1,0,0,1,1,1,1,0,1,1,2,2,0,2,0,0,2,0,1,1,2
0,2,2,1,0,0,0,0,0,1,2,0,1,1,1,1,0,1,0,0,2,2,2,0,0,2,0,1,1,0
0,1,0,1,1,1,0,2,1,0,2,1,0,2,0,0,0,0,1,0,0,2,2,1,0,0,0,1,1,1
0,1,2,1,0,1,2,2,1,1,1,2,1,2,2,2,1,2,1,0,0,2,2,2,1,0,0,1,1,1
0,1,0,1,1,0,0,0,0,0,1,1,1,2,0,0,0,1,0,2,1,2,2,2,1,1,0,1,1,0
0,2,2,0,1,1,2,2,1,0,1,2,0,2,0,1,0,1,1,2,1,1,2,1,1,1,0,1,0,0
0,1,2,0,0,0,1,0,1,0,0,1,0,2,1,1,1,1,1,0,0,1,2,1,1,1,0,0,1,2
0,1,2,1,1,1,0,2,1,1,0,1,0,1,2,1,0,2,1,1,2,2,1,0,1,2,0,1,1,0
0,2,1,1,1,0,0,2,0,1,0,1,0,2,2,1,0,2,0,2,1,2,2,2,0,2,0,1,1,0
0,1,2,1,0,1,0,0,1,1,2,1,1,0,2,1,0,0,1,0,2,0,0,2,1,2,0,1,1,1
0,2,2,1,0,0,1,0,0,2,2,0,0,2,2,0,0,2,0,0,0,2,0,2,0,1,0,1,1,0
0,2,2,1,1,1,2,1,1,2,2,1,0,2,1,0,1,0,0,2,0,2,2,0,1,2,0,1,1,2
0,2,2,0,0,0,2,1,0,2,2,1,0,1,2,0,0,0,1,2,2,0,2,0,1,0,0,0,1,1
0,2,2,0,1,1,2,0,1,2,2,0,0,1,1,1,1,0,1,2,2,1,2,0,0,0,0,1,0,2
0,2,2,1,1,0,2,0,0,2,0,2,0,2,2,0,1,2,0,1,2,2,0,1,1,0,0,1,1,1
0,2,0,1,1,1,0,0,0,1,2,0,1,2,2,0,1,0,0,0,0,2,0,1,1,2,0,1,1,2
0,2,0,1,1,0,2,2,1,1,2,1,0,0,2,0,1,0,0,0,0,2,0,1,1,0,0,1,1,1
0,1,2,1,1,1,1,2,0,1,2,0,1,0,0,1,0,1,0,0,2,2,2,1,0,2,0,1,1,1
0,1,2,1,0,0,1,2,0,2,2,2,0,0,2,0,1,0,1,0,2,0,0,0,1,0,0,0,0,1
0,1,2,1,1,0,2,0,0,1,0,1,0,2,0,0,1,0,1,2,2,2,2,0,1,0,0,1,1,0
0,1,2,1,1,0,2,0,0,1,2,1,0,2,0,1,0,2,1,2,1,1,2,2,1,0,0,1,0,0
0,1,2,0,0,1,1,0,0,0,1,0,1,2,0,0,1,2,1,0,0,1,2,1,1,0,0,1,0,2
0,1,2,1,0,0,2,2,1,1,2,1,0,2,1,1,1,1,1,1,1,2,1,1,0,2,0,1,1,0
0,2,0,1,1,1,1,0,0,2,1,0,0,2,2,1,0,2,0,1,1,2,0,2,0,1,0,1,1,1
0,2,1,1,1,1,0,0,0,1,1,0,1,2,0,0,1,1,1,2,0,2,2,1,0,1,0,1,1,1
0,1,2,1,0,0,0,0,0,0,2,0,0,2,2,0,1,1,0,2,1,2,2,1,0,2,0,1,1,0
0,1,1,0,0,1,2,2,0,0,2,0,0,2,1,1,1,1,1,2,2,1,2,1,1,1,0,1,0,0
0,2,2,1,0,0,2,2,0,1,0,1,0,0,2,1,1,1,1,0,1,2,2,1,0,0,0,1,1,2
0,2,2,0,1,1,2,0,1,0,1,0,1,0,1,0,1,0,0,2,0,1,2,1,0,0,0,0,1,0
0,1,2,1,1,0,1,0,0,0,2,1,0,2,0,1,1,1,1,2,2,2,2,1,1,2,0,1,1,0
0,1,2,1,1,1,2,0,0,1,0,0,0,2,0,0,1,0,0,0,1,2,0,1,1,0,0,1,0,2
0,1,2,0,0,0,1,0,1,0,1,0,1,2,1,2,1,2,0,0,0,1,2,2,1,1,0,1,0,2
0,2,0,1,1,1,2,2,1,0,0,2,0,1,1,1,0,1,0,2,0,2,2,0,1,1,0,1,1,0
0,1,1,1,1,0,1,2,1,1,0,0,0,2,0,0,0,0,0,2,1,2,2,2,1,2,0,1,0,1
0,1,2,1,0,0,0,2,0,1,0,1,0,1,2,1,0,1,1,1,0,2,2,0,0,2,0,1,0,2
0,2,1,1,1,0,0,2,0,1,2,0,1,1,2,1,0,0,1,2,0,2,2,2,1,1,0,1,1,2
0,2,2,1,1,1,2,0,1,1,2,2,1,2,2,1,0,2,0,1,2,2,0,0,0,0,0,1,1,0
0,1,2,1,1,0,2,0,1,1,0,1,0,2,0,0,0,0,1,0,0,2,2,0,1,0,0,1,1,0
0,1,2,1,0,1,1,0,0,1,1,1,0,2,1,0,0,1,1,2,0,2,2,2,0,2,0,1,0,0
0,1,2,1,1,1,2,0,1,2,1,1,0,0,2,2,1,2,0,0,2,2,1,1,0,1,0,0,0,1
0,1,0,1,1,0,2,2,1,1,0,0,1,0,1,1,1,1,0,2,0,2,2,1,0,2,0,1,1,0
0,2,2,1,1,1,2,0,0,2,0,1,0,1,1,0,1,0,0,2,2,0,2,0,0,1,0,1,1,0
0,2,2,1,0,0,0,2,0,1,1,2,1,2,2,2,0,0,1,0,0,1,2,2,1,1,0,1,0,1
0,1,1,1,1,1,0,2,0,0,0,1,1,0,0,0,1,1,0,2,1,2,2,1,1,0,0,1,1,1
0,2,2,0,0,1,0,2,0,1,0,2,0,0,0,2,0,1,0,1,2,1,1,1,1,2,0,1,0,2
0,1,2,1,0,1,0,2,0,1,2,0,1,0,0,0,0,0,1,1,2,2,1,0,0,1,0,1,1,2
0,1,2,1,0,0,2,2,1,2,2,0,1,2,2,1,0,2,0,1,1,1,2,2,0,1,0,1,0,1
0,2,1,1,0,1,0,2,1,0,1,2,0,2,2,0,1,1,0,2,2,0,2,1,1,2,0,1,0,0
0,2,2,1,0,0,1,2,0,2,2,0,0,2,2,0,1,0,1,2,2,0,2,1,0,2,0,0,0,2
0,2,2,1,1,0,1,0,0,2,2,2,0,2,2,1,0,2,0,1,2,2,0,2,0,2,0,1,1,0
0,1,1,1,1,1,2,0,1,2,0,0,1,2,1,1,0,2,0,2,1,2,2,1,0,2,0,1,0,1
0,2,2,1,0,1,1,0,1,2,1,1,1,1,2,0,0,1,1,2,0,2,2,1,0,1,0,1,1,2
0,2,2,1,1,0,0,2,1,0,2,0,0,2,1,0,0,1,1,2,1,2,2,0,0,1,0,1,1,0
0,1,2,0,1,1,2,0,1,0,0,0,0,0,0,1,1,1,1,2,0,1,2,1,1,1,0,1,1,2
0,1,1,1,0,0,2,0,1,2,2,2,1,1,2,1,0,1,0,2,0,2,0,2,1,2,0,1,1,1
0,1,2,1,0,1,0,2,1,0,1,1,1,1,2,1,0,1,1,1,2,0,0,0,0,1,0,1,1,0
0,1,2,1,0,0,0,2,1,2,1,1,0,2,2,2,1,2,1,0,2,0,2,1,1,1,0,1,1,1
0,2,2,1,0,0,0,2,1,0,2,2,1,2,2,0,0,0,1,2,2,2,2,1,0,0,0,1,1,2
0,2,1,1,0,1,2,0,0,2,0,2,0,2,1,1,1,1,1,2,1,2,0,1,1,0,0,1,0,2
0,1,2,1,0,1,0,2,1,2,0,0,1,0,1,1,0,1,1,1,0,2,2,0,0,1,0,0,1,0
0,2,2,1,0,1,2,2,0,2,1,0,0,1,2,0,1,2,0,0,0,2,2,2,1,1,0,1,1,1
0,1,0,1,1,1,1,0,1,1,1,2,0,0,0,0,1,1,1,2,1,2,2,1,0,0,0,1,1,0
0,1,2,1,1,0,1,2,1,0,0,0,1,1,0,1,0,1,1,2,0,2,0,0,1,2,0,1,1,0
0,2,2,1,1,0,0,0,1,0,2,1,0,0,1,1,0,0,0,0,2,2,0,1,0,0,1,0,0,1
0,1,2,1,1,0,1,0,0,1,2,1,0,2,0,0,1,0,0,0,0,2,2,2,1,0,0,0,1,1
0,1,2,1,0,0,1,2,1,0,2,1,0,2,1,1,0,1,0,0,2,2,2,1,0,2,0,1,1,2
0,2,2,1,0,0,0,2,1,1,0,1,0,1,2,0,1,0,1,0,1,2,2,0,1,2,0,0,0,1
0,1,0,1,0,0,2,2,1,0,2,1,0,1,0,1,1,1,1,2,1,2,0,1,1,1,0,1,1,1
0,2,2,1,0,1,0,0,0,2,1,0,0,0,2,1,0,1,1,2,2,2,2,0,1,1,0,0,1,1
0,1,2,1,1,0,0,2,1,1,0,0,0,2,2,1,0,1,0,0,0,2,2,1,0,0,0,1,1,2
0,1,1,1,1,0,1,0,0,1,0,1,0,2,0,0,0,2,1,0,2,0,2,1,1,2,0,1,1,1
0,0,2,1,1,0,1,2,0,0,2,0,0,2,1,0,0,0,0,1,1,2,1,1,0,0,0,0,1,2
0,0,2,1,0,1,0,0,0,1,2,2,1,2,1,0,0,1,1,0,2,2,2,1,0,1,0,1,1,1
0,1,2,1,0,1,2,0,1,1,1,0,0,0,2,0,0,1,0,0,0,2,2,1,0,0,0,0,1,0
0,2,0,1,1,0,0,0,1,0,2,0,0,2,2,0,0,1,1,0,0,2,0,0,0,0,0,1,1,1
0,2,2,0,1,1,2,0,1,1,2,1,1,1,1,0,1,0,1,2,1,1,2,0,1,2,0,1,0,2
0,1,2,0,1,0,1,0,1,1,2,1,1,0,2,1,1,0,1,1,2,1,1,1,1,0,0,1,0,0
0,1,2,1,0,1,1,2,1,1,2,0,0,2,1,1,1,1,1,2,1,2,2,1,0,0,0,0,1,0
0,1,0,1,0,0,2,2,1,1,1,2,1,1,2,0,1,2,0,0,0,0,0,2,1,0,0,1,1,1
0,1,1,1,1,1,1,0,0,1,2,1,0,1,0,1,0,2,0,1,0,2,0,2,1,2,0,1,0,0
0,1,1,1,1,1,1,0,0,2,1,1,0,2,0,0,0,1,0,1,2,2,1,2,1,1,0,1,1,0
0,2,2,1,0,0,2,2,1,0,2,0,0,2,1,0,1,1,1,1,2,2,1,1,1,2,0,1,1,1
0,1,2,1,0,0,0,0,1,2,2,1,0,2,1,0,1,1,0,0,2,2,2,2,1,0,0,1,0,2
0,1,1,1,0,1,1,0,0,0,0,2,1,2,1,0,1,0,0,2,1,0,2,2,0,1,0,1,1,1
0,1,1,1,1,1,1,0,1,1,0,2,0,0,2,0,1,0,0,1,1,2,1,1,1,1,0,1,1,2
0,2,2,0,1,1,2,0,0,1,1,2,0,2,1,0,1,0,0,0,2,1,2,1,1,2,0,1,0,0
0,1,1,0,1,1,1,1,0,2,1,2,0,2,1,0,1,0,0,1,0,1,2,1,0,1,0,1,0,1
0,1,1,1,1,0,1,0,0,1,0,1,0,2,0,0,0,0,1,0,2,2,2,0,1,1,0,0,1,0
0,1,2,0,0,1,1,2,0,1,0,1,0,1,1,1,0,1,1,0,0,1,2,1,1,0,0,1,0,2
0,1,0,1,1,0,0,0,0,1,1,0,0,1,2,1,0,1,0,0,1,2,1,0,1,0,0,1,1,2
0,1,1,1,1,0,2,0,0,1,0,0,1,2,0,0,1,0,0,2,2,2,2,1,1,1,0,1,1,0
0,1,2,0,1,1,2,0,1,0,1,1,0,2,0,0,1,0,0,2,1,2,2,1,1,2,0,1,1,0
0,0,2,1,1,0,1,0,0,2,2,2,0,2,0,1,0,1,0,0,2,2,2,1,0,2,0,1,1,2
0,1,2,1,0,1,0,2,1,0,0,1,1,2,1,0,0,1,1,1,0,1,2,2,1,2,0,1,0,2
0,0,1,1,1,1,2,0,1,0,0,1,1,2,1,2,1,0,0,0,1,2,0,2,0,0,0,1,0,2
0,2,1,1,1,0,0,0,0,2,2,1,0,2,1,2,1,2,0,2,0,2,2,1,0,1,0,1,1,1
0,1,2,1,0,0,1,0,1,0,1,0,1,0,1,0,0,2,1,2,0,2,2,1,0,1,0,1,0,1
0,2,2,1,1,1,1,2,0,0,2,2,1,0,1,0,0,1,1,2,2,2,2,1,0,1,0,1,1,0
0,1,0,1,1,1,0,0,0,2,2,2,1,0,2,1,0,1,1,0,0,1,1,0,1,0,0,1,0,2
0,2,2,1,1,1,0,0,0,1,1,0,0,1,1,0,0,1,0,2,0,2,2,0,1,1,0,0,1,0
0,1,1,1,1,0,1,0,0,0,2,2,0,2,0,1,0,0,1,2,2,2,2,2,0,0,0,1,1,2
0,1,0,1,0,0,1,0,1,2,1,0,0,0,0,0,0,1,1,1,1,2,1,0,0,1,0,0,0,2
0,0,2,1,0,1,2,0,0,1,1,1,0,0,1,0,1,0,1,2,0,2,2,1,1,1,0,1,1,1
0,0,2,1,1,1,0,0,0,0,0,2,1,2,2,1,1,1,0,0,0,1,2,1,0,1,0,1,0,0
0,1,2,0,1,1,1,0,1,1,1,0,0,1,0,0,0,0,0,1,2,1,0,1,1,1,0,1,0,2
0,1,2,1,1,1,0,0,0,1,2,1,1,2,1,1,0,0,1,2,2,1,2,2,1,0,0,1,1,2
0,2,1,1,0,0,2,0,1,1,2,0,1,1,2,0,1,0,1,0,1,0,2,0,1,2,0,1,1,1
0,1,2,1,0,1,1,0,0,1,1,1,0,0,1,0,0,1,1,2,1,2,1,1,0,2,0,1,1,2
0,2,1,1,1,0,2,2,1,2,2,0,0,2,2,2,0,2,1,0,0,2,2,0,0,2,0,1,1,1
0,1,2,1,1,0,0,0,0,2,0,1,0,2,0,0,0,1,0,1,0,2,2,2,1,2,0,1,1,0
0,1,1,1,1,0,1,0,0,1,2,1,1,2,2,1,0,0,0,2,0,2,0,2,1,2,0,1,1,1
0,2,2,0,0,1,1,2,1,0,1,2,1,2,1,0,1,2,0,0,0,1,0,1,0,2,0,0,1,2
0,1,2,1,0,0,1,2,0,0,2,1,0,1,0,0,0,2,0,1,2,2,1,2,0,1,0,1,1,1
0,2,0,1,0,0,0,2,1,0,0,2,0,2,0,1,1,1,1,2,0,2,0,1,1,0,0,1,1,1
0,1,2,1,1,0,0,0,1,2,1,0,1,0,0,1,0,2,1,2,2,0,2,2,1,0,0,1,1,1
0,2,2,1,0,0,1,0,0,0,2,1,0,2,2,1,0,0,0,1,0,2,0,2,0,0,0,1,1,0
0,1,2,1,1,1,1,0,0,0,0,1,1,2,2,1,1,1,0,2,0,2,2,1,0,2,0,1,0,2
0,1,1,1,1,0,1,0,0,0,0,1,0,2,0,0,0,0,0,2,1,0,1,0,0,0,0,1,0,2
0,1,2,1,0,0,1,0,0,2,2,0,0,2,1,0,0,1,0,2,0,2,2,0,0,1,0,0,1,2
0,1,2,1,1,1,1,0,0,2,2,1,1,2,1,0,1,1,1,0,2,2,2,0,1,0,0,1,1,0
0,1,2,1,0,0,1,0,0,1,2,1,0,2,1,0,1,0,0,0,2,0,2,1,1,2,0,1,0,2
0,1,1,1,1,0,0,2,1,2,0,0,0,2,0,2,1,2,1,2,2,1,2,0,1,1,0,1,0,1
0,1,2,1,1,0,0,0,1,1,0,2,0,1,0,0,0,0,1,0,0,2,0,2,1,1,0,1,1,1
0,2,2,1,1,0,1,2,1,1,1,1,0,0,1,1,0,2,0,0,2,2,2,0,0,2,0,0,1,1
0,1,2,1,1,0,2,0,0,0,0,1,1,2,0,0,1,0,1,1,2,2,0,1,1,0,1,0,1,2
0,2,2,0,0,0,0,0,1,0,2,2,0,2,2,0,0,0,0,2,2,1,2,1,0,0,1,0,1,1
0,1,2,1,1,0,1,0,0,1,2,1,0,2,0,1,0,1,1,0,0,2,2,0,0,2,0,1,1,0
0,1,2,1,1,1,0,0,0,0,2,2,1,0,0,1,0,2,1,2,0,2,0,0,1,0,0,1,1,2
0,1,2,1,1,0,2,0,0,1,2,0,0,2,0,1,1,0,1,1,2,2,2,2,1,2,0,1,1,1
0,2,2,1,0,1,0,2,1,0,1,2,0,2,0,2,1,2,0,2,1,2,1,1,0,2,0,1,1,2
0,1,2,1,0,1,2,0,1,1,2,1,0,0,1,1,1,1,1,1,0,2,1,1,1,1,0,1,1,1
0,1,2,1,1,0,2,2,1,0,2,1,1,1,0,0,0,2,1,2,2,2,2,1,0,2,0,1,1,0
0,2,2,1,1,0,0,0,1,2,1,2,0,1,1,0,0,1,1,0,0,2,2,0,1,0,0,1,0,1
0,2,2,1,1,0,0,0,1,0,0,2,1,2,0,1,0,0,1,2,2,1,0,2,0,2,0,1,0,1
0,1,2,1,1,0,2,0,1,2,1,0,0,0,1,0,0,0,0,0,0,2,1,1,0,0,0,1,1,2
0,2,2,1,0,0,2,2,0,0,2,2,0,0,2,0,1,1,1,2,2,2,2,1,0,1,0,1,1,0
0,1,2,1,1,1,2,0,0,2,2,0,1,2,0,0,0,2,0,0,2,2,2,2,1,0,0,1,1,1
0,2,2,1,1,1,2,0,1,2,1,0,0,0,1,0,0,1,1,2,2,0,2,1,0,1,0,1,0,0
0,1,2,1,1,0,1,0,0,1,2,1,0,2,2,0,0,1,1,0,2,2,2,1,0,2,0,1,1,0
0,1,2,1,0,0,0,0,0,1,2,1,0,2,1,1,0,0,1,0,0,0,2,2,1,1,0,1,0,2
0,2,2,0,0,1,0,0,0,1,1,0,0,1,2,1,0,1,1,0,1,1,2,1,1,1,0,1,0,1
0,1,2,1,0,1,0,0,0,1,1,1,0,0,0,0,0,0,1,1,0,2,1,0,1,0,0,1,1,1
0,1,2,1,0,1,0,1,0,2,2,1,1,1,0,0,1,0,0,0,0,2,0,2,1,0,0,1,1,0
0,2,1,1,1,1,0,1,0,1,1,1,0,2,1,1,0,0,1,2,2,2,2,2,1,1,0,1,1,1
0,2,2,1,0,0,0,2,0,1,2,1,0,0,0,1,0,1,1,1,2,2,0,1,0,1,0,1,0,1
0,2,2,1,1,0,0,0,0,1,2,0,1,2,0,1,0,1,1,2,0,2,2,0,1,0,0,0,1,1
0,2,0,1,1,1,2,2,1,0,1,1,0,1,1,0,0,0,0,2,0,2,2,0,0,1,0,1,1,0
0,1,0,1,1,0,0,2,0,1,2,0,1,2,0,0,0,0,0,0,1,2,2,2,1,2,0,1,1,2
0,0,2,1,0,0,1,2,1,1,0,2,0,0,2,1,0,1,1,2,0,2,0,0,1,2,0,1,1,0
0,2,2,1,1,0,1,0,0,2,2,0,0,2,2,0,0,1,1,0,2,2,2,2,1,2,1,1,1,0
0,2,1,0,0,1,0,2,0,1,2,1,1,0,2,1,1,2,1,2,1,0,2,2,0,1,0,1,1,1
0,1,2,1,1,0,2,0,1,2,2,1,1,2,0,1,0,1,0,0,2,2,2,1,0,1,0,1,1,2
0,2,2,1,0,0,0,2,0,1,2,2,0,0,2,1,1,1,1,2,2,2,2,1,0,1,0,1,1,1
0,0,2,1,1,0,0,0,1,0,2,2,1,2,1,1,0,0,1,1,0,2,0,0,0,1,0,1,1,1
0,1,2,1,1,0,2,0,0,2,2,1,0,2,0,1,0,1,1,0,0,2,2,0,1,0,0,0,0,0
0,1,2,1,1,0,0,2,1,0,2,0,1,2,0,0,0,1,0,0,0,2,2,2,1,0,0,0,0,1
0,1,0,1,0,1,0,2,0,0,1,0,1,0,1,0,0,0,0,1,1,2,1,0,0,0,0,1,0,1
0,1,1,1,0,1,1,2,1,2,1,1,0,1,1,2,1,2,1,0,2,2,0,0,1,1,0,1,1,1
0,1,0,1,0,1,1,0,0,1,1,2,0,2,2,0,1,1,1,2,0,2,2,1,0,0,0,1,1,0
0,2,2,0,1,0,0,0,1,1,0,1,1,0,2,1,1,1,0,2,0,1,0,1,0,0,0,1,0,1
0,1,2,1,1,0,1,2,0,0,2,1,1,2,0,1,0,0,0,2,2,2,2,2,0,1,0,1,1,1
0,1,0,1,1,1,2,0,0,1,2,0,1,0,2,1,1,1,1,2,1,2,2,1,0,2,0,1,1,1
0,2,0,1,0,1,2,0,1,2,1,0,0,2,1,0,0,0,0,2,0,2,0,1,0,0,0,1,1,1
0,0,2,1,1,0,1,1,0,2,2,1,0,0,2,0,1,0,0,2,2,2,2,0,0,1,0,1,1,2
0,1,2,1,1,1,1,0,0,1,1,0,1,1,2,0,0,0,1,0,1,2,0,0,1,0,0,1,1,1
0,1,2,1,1,0,0,0,1,1,2,0,0,2,1,1,0,1,0,0,2,2,2,1,0,2,0,1,1,2
0,1,1,1,1,0,1,0,0,0,1,1,1,2,0,0,0,0,0,2,2,2,2,2,0,1,0,1,1,0
0,2,2,1,1,1,2,2,0,0,1,1,0,0,1,1,0,1,1,1,2,2,2,0,1,1,0,1,1,1
0,1,2,0,1,1,1,0,1,2,1,2,1,0,0,0,1,1,1,1,0,1,0,1,1,1,0,1,1,2
0,2,0,0,0,1,0,0,1,0,2,1,0,1,2,0,1,1,0,0,2,2,2,0,1,0,0,1,1,2
0,2,2,1,1,1,1,0,0,2,2,0,0,0,1,1,1,1,0,2,2,2,2,1,0,2,0,1,1,2
0,2,2,1,0,1,1,0,0,1,1,0,0,0,1,0,1,1,1,1,2,2,1,0,0,1,0,1,1,2
0,2,0,1,1,0,1,0,0,2,1,2,0,1,1,2,0,0,0,0,1,1,2,2,1,2,0,1,0,1
0,2,2,1,1,0,0,2,0,0,0,2,1,2,1,1,0,2,1,2,2,2,2,2,0,1,1,0,1,2
0,2,2,1,1,1,2,0,0,1,1,2,0,2,1,0,1,0,0,0,1,1,2,1,1,0,1,0,1,0
0,1,2,1,1,1,0,0,0,0,0,1,1,2,0,0,1,1,0,0,0,2,0,1,1,0,0,0,1,2
0,2,2,1,0,1,2,2,0,0,2,0,0,0,2,1,1,1,1,2,2,2,2,1,1,1,0,1,1,0
0,2,0,1,0,1,0,0,1,1,2,2,1,0,0,1,1,1,0,0,1,2,1,1,1,0,0,1,1,1
0,0,2,0,1,0,0,2,1,0,1,1,0,2,1,1,1,1,1,2,1,1,0,1,1,0,0,1,0,2
0,0,1,1,1,1,0,1,0,2,2,0,1,0,1,2,1,1,1,0,0,1,2,1,0,2,0,1,0,1
0,1,1,1,0,0,0,0,0,1,2,1,1,1,2,1,0,0,0,2,0,0,0,2,1,2,0,1,0,2
0,1,0,1,1,0,1,2,1,1,2,0,0,2,0,0,1,1,0,2,0,2,2,1,0,1,0,1,1,1
0,2,2,1,1,1,0,2,0,1,1,2,1,0,1,1,0,1,1,0,2,0,2,1,0,0,0,1,1,0
0,1,2,1,0,1,2,2,0,1,1,1,0,2,1,0,1,0,0,0,2,0,2,1,1,2,0,1,1,0
0,1,2,1,0,0,1,0,0,0,2,0,0,2,0,1,1,1,1,1,2,2,1,1,1,0,0,0,0,1
0,1,0,1,1,1,1,2,1,1,1,1,1,2,2,1,0,1,0,2,1,2,2,1,0,1,0,1,1,0
0,1,1,1,0,1,1,2,1,1,1,0,0,2,2,0,0,0,0,0,1,2,2,1,1,1,0,1,1,0
0,2,2,1,1,0,2,0,0,1,1,0,1,0,1,2,1,1,1,2,2,2,2,1,0,0,0,1,1,1
0,0,0,1,1,1,0,2,1,1,0,1,0,2,1,1,0,1,0,2,0,2,2,1,0,2,0,1,1,2
0,1,2,1,1,1,1,0,0,2,0,1,1,2,0,0,1,2,0,2,0,2,2,2,0,2,0,1,1,0
0,2,2,1,0,0,1,0,1,1,2,0,0,1,2,2,1,2,1,2,0,2,2,0,1,1,0,1,0,0
0,1,2,1,1,0,2,0,0,2,0,0,1,2,0,0,0,0,0,2,2,0,2,0,0,2,0,1,0,2
0,1,2,1,0,1,0,2,0,1,2,0,1,0,2,0,0,0,0,2,2,2,0,1,0,0,0,1,1,1
0,1,2,0,0,0,1,0,0,0,2,0,1,2,1,0,1,0,1,2,1,1,2,1,0,1,0,1,0,2
0,1,0,1,1,1,0,0,1,0,0,0,0,0,0,0,0,0,0,0,2,2,2,1,0,2,0,1,1,0
0,2,1,1,0,1,0,2,0,1,0,2,1,0,2,0,0,0,1,2,1,2,2,1,0,0,0,1,1,0
0,1,2,1,1,1,1,0,0,2,1,1,0,2,0,0,0,0,0,0,2,2,0,1,0,0,0,1,1,2
0,1,2,0,0,1,1,0,0,0,2,1,1,2,2,2,1,1,0,0,2,1,2,1,1,2,0,1,0,2
0,2,2,1,1,0,0,2,1,1,0,2,0,2,2,1,1,1,1,2,0,2,0,1,0,0,0,1,1,1
0,2,2,1,0,0,0,2,1,1,2,2,0,0,2,0,1,0,0,0,2,2,2,0,1,1,0,1,1,1
0,2,2,1,1,1,2,0,0,1,1,0,0,0,1,0,1,0,1,0,0,2,2,0,1,1,0,0,1,1
0,1,1,1,1,0,1,2,1,1,0,0,0,2,2,1,0,1,0,2,1,2,0,1,0,2,0,1,1,1
0,1,2,1,1,0,2,2,1,2,2,1,1,2,0,0,0,2,0,2,2,0,2,2,0,2,0,1,0,1
0,1,0,1,1,0,2,0,0,1,2,2,0,2,0,0,0,1,1,0,1,2,0,2,1,1,0,0,1,1
0,1,2,0,1,1,1,0,0,2,1,0,0,2,0,0,1,1,0,0,0,1,2,1,1,0,0,1,0,0
0,1,2,1,0,1,0,0,1,0,1,2,1,0,1,0,0,0,0,2,0,1,2,1,0,1,0,1,0,0
0,1,2,1,1,1,1,0,1,0,2,1,1,0,0,0,1,0,0,0,2,0,0,1,1,2,0,1,1,2
0,1,2,1,1,1,0,1,1,2,1,2,0,1,0,0,0,0,1,0,1,2,0,0,0,1,0,1,1,2
0,1,1,1,1,1,2,0,0,2,1,1,0,2,1,0,0,0,0,2,2,2,2,2,0,1,0,1,1,0
0,0,2,0,0,0,2,0,0,0,0,2,0,2,1,1,0,1,1,2,0,1,2,1,1,2,0,1,0,2
0,2,2,1,0,0,2,0,0,1,2,0,1,1,2,1,0,1,0,2,2,2,2,0,0,2,0,1,1,0
0,1,2,1,0,1,1,0,1,2,2,2,1,0,2,0,0,2,1,2,0,2,0,1,0,2,0,1,1,0
0,1,1,1,1,1,2,2,0,1,1,0,1,0,0,2,1,2,1,0,0,2,2,0,1,1,0,1,1,1
0,1,2,1,0,0,2,0,0,2,2,0,1,1,2,1,0,1,0,0,0,2,0,0,1,1,0,1,1,1
0,2,0,1,0,0,2,2,0,2,2,2,0,1,2,1,0,0,0,2,0,2,2,0,0,2,0,1,1,1
0,1,2,1,1,1,2,2,0,1,2,0,1,0,0,0,1,0,0,0,2,2,2,1,1,1,0,1,1,0
0,1,1,0,1,1,1,1,1,0,0,0,0,0,0,1,1,1,1,0,2,1,2,0,1,1,0,1,0,2
0,1,1,1,0,1,1,1,0,0,1,2,0,0,1,1,1,1,1,0,1,0,2,1,1,0,0,1,1,0
0,2,2,1,1,0,0,0,1,0,2,0,0,0,2,1,1,1,0,0,2,2,2,1,0,1,0,1,1,0
0,1,2,1,0,1,2,0,0,2,1,0,0,0,2,0,0,0,1,2,0,2,2,1,0,0,0,0,0,1
0,1,1,1,1,0,1,2,1,0,0,1,0,0,0,0,1,0,0,1,1,2,2,1,0,2,0,1,1,2
0,1,1,0,0,0,1,2,0,1,0,1,0,0,0,1,0,1,0,0,2,1,2,0,0,2,0,1,0,0
0,0,2,1,0,0,1,1,1,1,2,1,1,2,2,0,0,1,1,2,2,2,0,1,0,1,0,1,1,0
0,2,2,1,1,0,2,2,0,1,2,1,1,2,2,1,0,0,0,2,0,2,0,2,0,2,0,1,1,0
0,0,0,1,1,1,2,0,0,0,0,2,1,2,0,1,1,1,1,2,0,2,0,1,1,0,0,1,1,1
0,1,2,1,0,1,1,2,1,2,2,1,0,2,1,1,1,2,1,0,2,2,2,1,1,2,0,1,1,1
0,0,2,1,0,0,1,2,1,1,1,1,1,2,0,2,1,1,1,1,2,0,1,1,1,1,0,1,1,2
0,1,1,1,1,1,0,0,0,0,1,1,1,2,0,0,0,0,0,2,2,2,2,1,0,1,0,1,1,1
0,1,2,1,0,0,2,0,0,0,0,1,0,2,1,1,0,2,1,0,2,2,2,0,1,2,0,0,1,2
0,0,2,1,0,1,0,2,1,1,2,1,0,2,1,0,0,0,1,0,1,1,2,2,1,1,0,1,0,2
0,0,2,1,1,0,0,2,1,1,2,1,1,2,2,0,1,0,0,2,2,0,2,1,0,2,0,1,1,1
0,1,2,1,0,0,1,0,1,1,1,2,1,1,2,0,0,1,1,0,0,2,0,0,0,2,0,1,1,0
0,2,2,1,1,0,0,2,1,0,0,2,0,2,2,0,0,1,1,1,2,2,1,2,0,0,1,0,1,0
0,1,2,1,0,0,2,0,0,2,2,0,0,1,2,1,0,1,1,0,2,2,0,0,1,2,0,1,1,1
0,2,2,0,1,1,0,0,1,1,2,0,1,0,1,1,1,1,0,2,2,1,2,1,0,1,0,1,0,2
0,1,2,0,0,1,2,0,0,2,0,0,1,2,1,1,1,1,1,0,0,1,1,1,1,1,0,0,1,1
0,1,1,1,0,1,1,0,1,2,1,1,1,2,2,1,1,1,1,0,2,2,2,1,1,1,0,1,1,0
0,2,2,1,1,1,1,0,0,2,1,2,0,2,0,1,0,2,1,1,1,2,0,2,1,2,0,1,1,2
0,2,2,1,0,1,0,0,1,0,1,0,0,0,2,0,1,0,0,2,0,2,2,1,0,0,0,1,1,0
0,1,0,0,1,1,0,0,1,0,2,2,1,0,0,1,0,1,1,0,1,1,2,1,1,1,0,1,1,1
0,1,2,1,1,0,2,0,1,2,0,1,0,2,2,0,1,0,1,2,0,2,2,1,0,2,0,1,1,1
0,1,2,1,1,0,1,0,0,1,1,1,0,1,0,1,1,0,1,2,0,2,0,2,1,0,0,1,0,2
0,1,2,1,1,0,1,0,1,1,2,1,0,0,0,0,0,1,1,0,2,2,2,1,0,2,0,1,0,0
0,2,1,1,1,1,2,2,1,0,2,2,0,2,2,1,1,1,0,0,2,2,0,1,0,0,0,1,1,0
0,1,2,1,1,0,1,2,0,1,2,0,0,2,1,1,0,1,0,2,0,2,2,0,0,1,0,0,0,0
0,1,2,1,0,0,2,2,1,1,2,1,1,2,0,1,0,0,0,2,2,2,1,2,1,0,0,0,0,1
0,1,2,1,0,1,1,0,0,1,1,0,0,1,1,0,0,0,1,2,0,2,2,0,1,2,0,1,1,1
0,2,0,1,0,1,0,0,0,0,0,0,1,2,2,2,1,2,1,0,0,0,0,0,1,1,0,1,1,0
0,2,2,1,0,1,0,2,1,1,2,2,0,1,2,1,0,1,1,1,0,2,0,1,0,2,0,1,1,1
0,2,2,1,1,1,2,1,1,1,2,1,0,2,0,0,0,1,1,2,2,2,2,1,0,2,0,1,1,1
0,1,2,1,0,1,0,1,1,1,2,1,0,1,2,0,0,1,0,0,0,2,0,0,0,2,0,1,1,1
0,2,2,1,0,1,0,2,1,1,2,2,0,2,2,1,0,1,1,1,2,2,0,1,0,2,0,1,1,0
0,2,2,1,1,1,0,0,1,1,1,0,0,0,1,0,1,0,0,2,2,0,2,1,1,1,0,1,0,0
0,2,2,0,0,0,1,2,1,1,1,1,0,2,2,0,1,0,0,1,2,1,1,1,0,0,0,0,1,2
0,1,2,1,0,0,2,0,1,0,1,2,1,0,2,0,0,0,1,2,1,1,2,0,0,1,0,1,0,1
0,2,2,1,0,1,0,2,0,2,2,2,1,0,0,2,1,2,0,1,0,2,0,1,1,0,0,0,1,0
0,2,2,1,1,0,2,0,1,0,2,2,1,1,1,2,1,2,1,0,2,2,2,0,1,0,0,1,1,1
0,2,1,1,0,0,1,1,1,2,1,1,0,2,2,0,1,1,0,0,1,2,2,1,1,1,0,1,1,0
0,0,2,1,1,1,2,0,0,0,0,2,1,2,2,0,0,0,0,2,0,2,2,1,0,0,0,1,1,2
0,1,2,1,1,0,2,2,1,2,0,1,0,2,0,0,0,0,1,0,0,2,0,1,0,0,0,0,1,2
0,2,2,1,1,1,0,0,0,1,2,2,1,2,0,1,0,0,0,0,2,2,1,2,1,2,0,1,1,1
0,1,1,1,0,1,1,0,0,2,1,1,1,2,1,0,0,2,0,0,2,2,2,2,1,2,0,0,1,0
0,1,2,1,0,0,1,2,1,1,0,1,0,0,1,1,0,1,0,0,0,2,1,1,0,2,0,1,1,1
0,2,2,1,1,1,2,2,0,0,2,2,0,2,2,0,0,1,0,0,0,2,0,2,1,2,0,1,1,1
0,1,2,1,1,0,0,0,0,2,0,0,1,2,0,0,1,2,1,2,2,0,2,1,1,1,0,1,0,1
0,2,2,1,1,1,0,0,0,0,1,0,1,0,1,2,1,2,0,0,0,2,2,0,1,1,0,1,1,0
0,1,2,1,1,1,1,2,1,1,2,1,0,2,0,1,0,1,1,2,2,2,2,1,0,1,0,1,1,0
0,2,0,1,1,0,1,2,1,1,1,2,0,1,1,0,0,1,0,2,1,2,2,0,0,1,0,1,1,2
0,1,1,1,1,1,1,2,0,1,1,0,0,2,1,0,1,1,0,2,2,2,2,2,1,0,0,1,1,0
0,1,2,0,0,0,2,2,1,0,2,1,1,2,2,2,1,1,0,0,1,1,2,1,1,0,0,1,1,2
0,2,2,1,1,1,1,0,0,2,2,2,0,2,1,1,0,1,1,1,1,2,0,0,0,0,0,0,1,1
0,2,1,1,1,1,0,0,0,1,0,1,1,2,1,1,0,2,1,2,1,2,2,2,1,0,0,1,1,1
0,2,2,1,1,0,0,2,1,1,2,1,1,2,1,1,0,1,1,2,2,2,2,1,1,2,0,0,0,0
0,1,2,1,1,0,1,1,0,2,1,2,1,0,2,1,1,1,1,0,0,2,1,1,1,0,0,1,1,1
0,1,1,1,0,0,2,0,1,2,0,1,1,1,1,1,0,2,1,1,1,2,0,0,0,0,0,1,1,0
0,1,1,0,0,1,0,0,0,0,2,2,0,0,2,1,0,1,1,0,2,1,2,1,1,1,0,0,1,1
0,1,2,1,0,0,0,0,1,2,1,1,0,0,1,1,1,1,0,2,1,1,2,1,0,0,0,0,1,2
0,2,2,0,0,1,0,2,0,1,1,1,1,2,2,0,1,1,1,1,0,1,1,1,0,2,0,1,0,1
0,0,2,1,1,0,1,0,1,2,2,1,1,1,0,1,0,2,1,2,2,2,2,2,1,2,0,1,1,0
0,2,0,1,0,0,0,2,1,1,2,0,1,2,2,0,0,2,0,1,1,2,2,2,0,0,0,1,1,1
0,1,2,1,1,0,2,0,0,0,0,1,0,2,1,0,0,0,1,2,0,1,2,2,0,1,0,1,1,0
0,0,2,0,0,1,0,0,1,2,1,2,0,2,2,0,1,0,1,0,2,1,0,1,0,0,0,1,0,1
0,1,2,1,0,1,0,2,1,0,1,1,0,1,2,0,0,0,0,0,0,2,0,0,0,2,0,1,1,2
0,0,2,1,0,1,0,0,0,1,2,1,0,2,1,0,0,0,0,0,0,2,2,2,0,0,0,1,1,2
0,1,2,1,1,1,1,0,0,2,0,0,1,2,0,0,0,1,1,0,2,2,2,2,1,2,0,1,1,2
0,2,0,1,1,0,1,2,1,1,2,2,0,2,0,0,1,0,0,0,0,2,2,1,1,1,0,1,1,0
0,1,2,1,0,1,0,0,0,2,2,0,0,1,2,0,0,0,0,2,2,2,0,0,0,0,0,1,1,2
0,1,2,1,1,0,0,0,1,0,0,1,0,0,0,2,1,2,0,2,1,0,2,1,1,2,0,1,0,0
0,1,2,0,0,0,0,2,1,2,2,0,1,1,1,0,1,0,0,2,2,1,0,1,0,2,0,1,0,0
0,1,2,1,1,0,0,0,0,0,1,0,1,0,0,0,0,0,1,1,0,2,2,1,0,1,0,1,1,1
0,1,1,1,1,1,1,0,0,1,1,1,0,2,0,0,0,1,0,0,0,2,2,2,1,1,0,1,1,0
0,2,2,1,0,1,1,0,0,2,1,2,0,2,0,0,1,0,1,0,0,2,0,1,0,1,0,1,1,1
0,1,0,1,1,0,2,2,1,1,0,0,0,2,0,1,0,1,1,2,0,2,2,1,0,2,0,1,1,2
0,2,0,1,0,1,1,0,0,1,1,2,0,2,2,1,0,1,1,2,1,2,2,0,0,0,0,1,1,1
0,1,2,1,1,0,0,2,0,2,0,1,0,0,0,0,0,0,1,2,0,2,2,1,0,1,0,1,1,1
0,2,2,1,1,0,2,0,0,0,1,0,1,0,2,0,1,0,1,0,1,2,0,1,0,1,0,1,1,2
0,1,2,1,0,1,1,0,0,2,2,2,0,1,2,2,1,2,1,2,2,2,0,0,1,0,0,1,1,0
0,1,1,1,1,1,0,0,0,0,0,1,1,2,0,0,0,2,1,0,1,2,0,2,1,1,0,1,1,2
0,2,2,1,1,1,1,2,0,0,0,1,1,0,1,1,1,1,0,2,0,2,2,1,1,0,0,1,1,2
0,1,2,1,0,1,2,2,1,0,0,0,0,0,2,0,1,1,0,0,2,2,2,0,1,2,0,1,1,0
0,2,2,1,1,0,1,2,0,1,0,1,1,1,2,1,1,0,0,0,2,2,1,2,1,2,0,1,1,1
0,1,2,1,0,0,2,0,0,2,0,1,1,2,1,0,0,0,1,2,0,2,2,1,0,0,0,0,1,1
0,1,2,1,0,1,1,0,0,2,0,0,1,2,2,0,1,1,0,0,0,2,0,2,0,1,0,1,1,1
0,2,2,1,1,0,2,2,0,1,2,2,1,2,0,1,1,2,1,0,2,2,2,2,1,2,0,1,1,1
0,2,2,1,1,1,0,0,1,0,2,0,1,0,2,1,1,1,1,2,2,2,2,1,0,1,0,1,1,1
0,1,2,1,1,1,0,0,1,2,2,1,1,2,0,1,0,0,0,2,0,2,2,0,0,0,0,1,1,2
0,1,0,1,1,1,0,2,0,1,1,2,1,1,0,0,0,0,1,1,1,2,0,2,1,2,0,1,1,1
0,2,1,1,1,1,0,0,0,1,2,0,0,1,1,0,1,1,0,2,0,2,2,1,0,2,0,1,1,1
0,1,1,1,1,1,0,2,1,0,1,0,0,2,2,0,0,0,0,2,0,2,2,0,0,0,0,1,1,0
0,2,2,0,1,0,1,0,1,0,0,1,1,0,1,1,1,1,1,0,0,1,2,1,1,2,0,1,0,2
0,1,1,0,0,1,0,0,0,2,1,2,1,2,1,2,1,2,1,0,2,1,2,1,1,1,0,0,1,2
0,1,2,1,0,1,2,0,0,1,2,2,0,0,1,0,1,0,0,0,2,2,2,1,1,0,1,0,0,2
0,1,2,0,0,0,2,0,0,1,1,0,1,2,2,1,1,1,1,0,1,1,2,1,1,0,0,1,0,2
0,1,2,1,1,0,0,0,1,2,0,1,0,2,0,0,0,2,0,0,0,2,2,2,1,1,1,0,0,0
0,1,2,1,1,0,0,2,1,1,0,1,0,2,0,1,0,1,1,2,0,2,2,1,0,1,0,1,1,2
0,1,0,1,0,1,1,0,1,2,1,0,0,2,2,0,1,2,0,2,1,2,2,2,0,1,0,1,0,0
0,1,2,1,1,1,1,1,0,1,1,2,1,2,1,1,0,1,1,2,0,2,2,0,0,1,0,1,1,0
0,1,0,1,0,0,1,0,0,1,1,2,1,2,0,1,0,0,1,0,0,0,1,2,1,0,0,1,1,1
0,2,1,1,1,1,2,2,1,0,1,1,0,0,0,1,0,1,0,1,0,2,0,0,0,2,0,1,1,1
0,0,2,1,0,1,1,0,0,2,2,1,0,0,1,2,0,2,0,0,2,0,2,0,0,2,1,0,0,1
0,2,2,1,0,1,0,0,0,1,1,0,1,1,2,0,0,0,1,2,2,0,2,0,1,2,0,1,0,1
0,2,2,1,1,0,1,0,0,0,2,2,1,2,2,0,0,1,0,1,1,2,0,2,1,2,0,1,1,1
0,2,0,1,1,0,0,2,0,1,0,1,0,2,0,2,1,0,1,1,2,2,0,2,1,2,0,1,1,1
0,2,2,1,0,0,2,0,0,2,2,1,0,2,0,1,1,2,1,2,2,2,1,0,0,2,1,0,0,2
0,1,2,0,0,1,0,2,1,0,1,0,0,0,1,2,0,0,0,2,0,1,2,2,0,1,0,1,0,1
0,0,2,1,0,0,2,0,0,0,2,1,0,0,2,1,1,1,1,0,2,2,1,1,1,2,0,1,1,0
0,2,2,1,1,0,0,0,0,1,2,1,1,2,2,1,0,0,1,2,2,2,0,2,1,0,0,1,1,1
0,1,2,1,0,1,1,2,1,0,2,0,1,0,2,0,1,0,0,1,2,2,2,1,1,0,0,1,0,0
0,2,1,1,1,1,2,0,1,2,2,2,0,0,1,1,1,1,1,2,0,2,2,1,1,2,0,0,0,2
0,1,2,0,0,0,2,0,1,0,1,0,1,2,1,0,0,2,0,0,1,1,2,2,0,2,0,1,0,2
0,2,2,0,1,0,0,0,1,1,0,2,0,2,1,2,0,2,1,0,0,1,0,1,1,1,0,1,0,2
0,1,2,1,1,0,0,0,0,1,2,0,1,2,0,1,0,1,1,0,0,2,2,0,0,2,0,1,1,1
0,2,1,1,1,0,2,2,1,0,2,2,0,2,1,2,1,0,1,0,1,2,2,2,0,1,0,1,1,0
0,2,2,1,1,1,0,0,1,1,1,0,0,1,2,0,0,1,1,2,0,2,2,0,0,2,0,1,1,1
0,1,2,1,0,0,1,2,1,1,0,0,0,1,2,0,0,0,0,0,2,2,0,0,0,0,0,0,1,2
0,2,2,0,0,0,2,2,1,1,1,2,1,1,0,1,1,1,1,0,1,1,2,0,0,0,0,0,1,0
0,0,2,1,0,0,1,0,1,2,1,1,1,1,2,0,0,0,0,2,2,0,0,2,0,2,0,1,1,0
0,1,0,1,1,1,0,0,1,0,0,0,0,1,0,0,0,0,0,0,0,2,0,0,0,2,0,1,1,2
0,1,2,1,1,1,1,2,0,0,2,0,1,0,0,2,1,1,1,0,1,1,2,1,1,1,0,1,0,0
0,2,2,0,0,0,1,0,1,2,1,1,1,2,2,0,1,2,0,0,0,1,2,2,1,1,1,0,0,0
0,1,2,1,1,1,0,2,0,0,2,1,1,2,0,0,0,1,1,1,0,2,2,2,1,2,0,1,1,1
0,1,2,1,1,0,1,0,0,1,2,0,0,2,0,0,1,0,0,0,2,2,2,0,1,2,0,1,1,2
0,1,2,1,1,0,2,0,0,2,0,1,0,2,0,0,0,2,1,2,2,2,2,1,0,2,0,1,1,1
0,1,2,1,0,0,0,2,1,2,2,0,0,0,1,0,0,0,0,2,2,2,2,0,0,1,0,1,1,2
0,1,0,1,1,1,1,0,1,0,0,0,0,0,0,0,1,1,0,0,1,2,0,1,1,0,0,1,1,0
0,1,2,1,1,0,2,2,0,1,0,1,0,1,2,0,1,0,0,0,1,0,0,0,1,2,0,1,1,2
0,1,0,1,1,0,1,0,1,0,0,0,1,1,2,1,0,1,0,0,0,2,1,0,1,1,0,1,1,0
0,2,1,1,1,0,1,0,0,0,0,1,0,2,1,0,0,1,0,2,2,2,2,0,0,1,0,1,1,2
0,2,2,1,1,0,2,0,1,2,1,0,0,1,1,0,0,2,0,0,0,2,2,2,1,1,0,0,1,0
0,1,2,1,1,0,2,0,1,2,0,1,0,2,0,0,0,1,0,2,1,2,2,2,1,1,0,1,1,2
0,1,2,1,0,0,2,0,1,1,2,0,0,2,2,0,1,0,0,0,2,2,2,1,1,2,0,1,1,2
0,1,2,1,0,1,1,0,1,1,2,1,1,2,1,1,0,0,1,2,0,1,2,2,1,1,0,1,0,1
0,1,2,1,1,1,1,0,0,1,2,0,1,2,1,1,0,1,0,2,2,2,2,1,0,1,0,1,1,0
0,1,2,1,1,0,2,0,0,2,2,0,0,2,0,1,0,0,0,2,2,0,2,2,0,2,0,1,1,2
0,1,2,1,1,1,0,0,1,0,1,1,1,2,0,1,0,0,1,0,0,2,2,1,0,0,0,1,1,1
0,1,2,1,0,0,2,2,0,2,0,1,0,2,1,0,0,2,1,0,0,2,2,2,1,0,0,1,1,1
0,1,2,1,0,0,1,2,1,1,2,0,0,0,2,0,0,2,1,0,2,0,2,1,0,0,0,1,0,1
0,1,1,1,1,0,1,2,1,1,2,0,0,2,1,1,0,1,0,0,0,2,1,0,1,0,0,1,1,0
0,1,0,1,1,1,1,0,0,0,1,1,0,2,0,1,1,1,1,0,0,2,0,1,1,0,0,1,1,0
0,1,0,0,0,1,1,2,0,2,2,0,0,2,0,2,0,2,1,1,1,1,1,1,1,2,0,1,0,2
0,1,0,0,1,1,1,0,0,2,2,2,1,0,2,0,1,0,1,1,0,1,1,2,0,2,0,1,0,2
0,2,2,1,1,1,0,0,1,1,1,2,0,0,1,0,1,1,1,0,2,2,2,1,1,0,0,1,1,1
0,1,1,1,0,0,2,2,0,1,1,0,1,0,2,2,1,2,1,0,0,2,2,0,1,2,0,1,1,0
0,0,2,1,1,0,2,0,1,2,2,1,1,2,1,0,1,2,0,0,2,2,2,1,0,2,0,1,1,1
0,1,1,1,0,0,1,2,0,1,2,2,1,2,2,1,0,1,0,0,2,0,2,1,0,1,0,1,0,2
0,1,2,1,0,0,1,0,1,0,2,0,0,2,2,2,1,1,0,1,2,2,0,1,1,1,0,1,1,0
0,2,2,0,0,0,2,0,0,2,1,0,0,0,0,0,0,2,0,1,1,2,1,2,0,2,0,1,1,1
0,1,2,1,1,0,2,0,0,2,1,2,0,1,1,1,0,2,1,2,0,2,0,0,1,2,0,1,1,2
0,0,2,1,0,0,2,2,1,0,0,2,0,2,0,0,1,0,0,2,0,2,1,1,0,1,0,1,1,1
0,1,2,1,1,0,1,0,1,0,1,0,0,1,0,0,0,0,0,0,0,2,0,1,0,1,0,0,1,2
0,1,2,1,1,1,0,0,1,0,1,2,0,1,2,0,0,0,1,0,0,2,0,0,0,1,0,1,1,1
0,0,2,1,1,0,0,0,0,2,2,1,0,2,0,0,1,0,0,2,2,2,2,1,0,2,0,1,1,0
0,1,2,0,1,1,2,0,1,1,1,0,1,0,2,0,1,0,0,1,0,1,1,1,1,0,0,1,0,1
0,2,0,0,0,1,0,0,1,2,2,2,0,2,1,1,0,0,0,0,1,1,0,2,0,2,0,1,0,2
0,0,2,0,0,1,1,1,0,0,1,1,0,0,1,2,1,2,0,0,0,1,2,1,1,0,1,0,1,2
0,0,2,0,0,1,2,0,0,0,0,2,1,2,1,1,0,1,0,2,0,1,2,1,1,0,0,0,1,2
0,2,2,0,0,1,2,0,0,2,2,2,0,1,2,2,1,0,0,0,2,1,2,2,0,2,0,1,0,0
0,1,0,1,1,0,0,0,1,2,0,0,1,1,2,1,1,1,1,2,0,2,0,1,1,0,0,1,1,0
0,2,2,0,0,0,0,0,0,1,0,2,1,2,2,1,0,1,0,2,0,1,2,0,1,1,0,1,0,2
0,2,1,0,0,0,1,0,0,1,2,2,0,2,1,1,0,1,0,1,0,1,0,1,0,0,0,1,0,1
0,1,2,1,0,0,0,0,0,2,2,0,1,1,2,1,0,1,1,1,2,0,0,0,0,2,0,1,1,0
0,1,2,1,0,1,0,2,1,2,0,1,1,1,2,0,1,2,1,0,2,2,0,2,1,2,0,0,0,1
0,1,2,0,0,0,0,0,1,1,2,1,1,2,2,1,0,0,1,2,1,1,2,1,1,0,0,1,0,2
0,2,2,1,1,0,2,0,1,0,2,1,1,2,2,1,0,1,0,2,2,2,0,0,1,1,0,1,1,1
0,2,2,1,1,0,0,2,1,0,2,0,0,2,2,1,0,1,0,1,2,2,1,1,1,0,0,1,1,1
0,1,2,1,1,0,0,2,0,2,0,0,1,2,0,0,0,0,1,0,0,2,2,2,1,0,0,1,1,0
0,0,2,1,0,0,0,0,0,2,0,2,0,2,1,1,0,1,1,2,0,2,2,1,0,0,0,0,0,0
0,2,2,1,1,1,0,2,1,0,1,1,0,1,1,0,1,1,0,0,0,2,2,0,1,0,0,1,1,2
0,1,2,1,1,0,1,2,0,0,2,1,1,2,0,0,1,1,1,2,2,1,2,1,0,0,0,1,0,0
0,1,2,1,0,0,0,0,1,2,2,1,0,2,2,2,1,2,0,0,2,2,2,0,1,2,0,1,0,1
0,1,0,0,1,0,2,2,0,0,0,1,0,1,2,0,1,1,0,0,2,2,0,1,1,0,0,1,1,1
0,1,2,1,0,1,1,2,1,2,1,1,0,2,1,2,0,2,0,2,0,2,2,1,1,0,0,1,1,1
0,1,0,1,0,1,0,2,0,2,1,2,0,1,0,2,0,2,1,1,1,2,1,0,1,2,0,1,0,2
0,0,2,1,1,1,0,2,1,2,0,0,1,2,0,0,0,0,0,2,0,2,2,0,0,2,0,1,1,0
0,1,2,1,1,0,0,0,0,0,1,1,1,2,0,0,1,1,0,1,0,2,2,1,1,0,0,1,1,0
0,0,2,1,1,1,1,2,1,0,2,2,0,0,0,0,1,1,1,1,2,2,1,1,1,2,0,1,1,2
0,1,2,0,1,1,1,0,0,2,1,1,0,2,0,0,0,2,0,2,1,0,2,2,0,2,0,1,1,1
0,1,0,1,1,0,0,2,0,2,2,2,1,2,0,0,1,2,1,1,1,2,2,1,1,0,0,1,1,1
0,1,2,1,1,1,1,0,1,1,1,0,0,0,0,0,0,1,1,0,2,2,2,1,0,2,0,1,0,1
0,2,2,1,0,1,0,2,0,1,2,1,1,0,2,0,1,0,1,0,1,2,2,1,0,2,0,1,1,1
0,1,2,1,1,0,0,1,0,2,0,2,1,0,0,1,1,1,0,0,2,2,2,1,0,1,0,1,1,2
0,1,2,1,1,1,1,0,1,1,1,2,0,0,0,0,1,1,1,0,2,2,2,0,0,2,0,1,1,1
0,1,2,1,0,1,2,1,1,2,1,1,0,1,2,0,0,1,1,0,1,0,0,0,1,1,0,1,0,2
0,1,2,1,0,1,2,2,0,1,1,1,1,2,2,2,1,1,1,2,0,2,2,2,0,1,0,1,1,2
0,2,1,1,1,1,0,2,1,1,0,2,1,2,1,0,1,0,0,0,1,2,2,1,1,1,0,1,1,0
0,1,2,0,1,0,0,0,1,2,1,2,1,1,2,0,1,0,0,1,1,1,1,0,0,2,0,1,0,2
0,1,2,1,1,0,1,2,1,1,0,0,0,2,0,0,1,1,0,0,2,2,0,1,0,0,0,1,1,2
0,2,2,0,1,1,2,2,1,2,2,1,1,0,2,0,1,0,0,0,1,1,2,0,0,2,0,1,0,1
0,1,1,1,1,1,1,0,1,0,2,1,1,2,0,1,1,1,1,2,0,2,2,1,1,0,0,1,1,0
0,1,2,1,1,0,1,2,0,0,1,1,1,1,2,0,0,0,0,0,0,2,0,0,0,2,0,1,0,2
0,1,2,1,0,0,2,0,0,2,2,1,0,2,1,0,0,1,1,1,2,2,2,1,0,2,0,1,0,0
0,2,2,1,1,0,1,2,1,1,2,2,0,2,1,1,0,1,0,2,0,2,0,0,1,2,0,1,1,1
0,1,2,1,0,0,0,2,0,1,0,0,0,1,2,1,0,0,1,1,0,2,1,2,0,1,0,1,1,0
0,2,2,0,0,0,0,0,1,2,2,2,0,2,2,0,1,1,0,0,0,1,2,1,1,1,0,1,0,2
0,1,2,1,1,1,0,2,1,0,0,1,0,1,2,0,0,0,1,1,0,2,1,0,0,0,0,1,1,0
0,1,0,0,1,1,1,0,1,0,2,0,1,0,0,1,1,1,1,0,1,1,2,1,1,1,0,1,0,1
0,1,0,1,1,0,1,0,1,0,2,0,1,0,2,1,1,1,0,0,1,1,1,1,1,2,0,1,0,0
0,2,0,0,1,0,0,0,0,2,0,0,0,2,1,1,0,1,1,2,0,0,2,1,1,1,0,1,1,2
0,1,2,1,0,0,1,0,0,0,1,1,0,0,1,0,0,1,1,0,0,2,2,2,1,0,1,0,1,0
0,1,2,0,1,0,2,2,1,1,0,1,1,2,2,1,1,1,0,2,0,1,1,1,0,1,0,1,1,1
0,1,2,1,0,1,0,2,0,0,0,1,0,2,1,1,1,1,1,0,2,2,2,1,1,1,0,0,0,2
0,1,2,0,1,0,2,0,0,2,0,2,0,0,0,2,0,2,1,0,2,1,2,0,0,2,0,1,0,0
0,1,2,1,0,1,1,0,1,0,1,1,1,2,2,2,1,1,0,1,0,2,0,1,1,0,0,0,0,2
0,2,2,1,1,0,2,2,1,0,0,1,0,2,2,2,1,1,1,0,0,2,0,1,0,1,0,1,1,2
0,1,2,1,0,0,2,2,1,2,2,1,1,2,2,0,0,2,0,1,0,2,2,1,0,0,0,1,0,1
0,2,2,0,1,1,0,2,0,1,2,1,1,0,1,0,1,1,1,2,1,1,2,1,0,0,0,1,0,0
0,1,2,1,1,1,0,0,0,2,2,2,1,0,0,1,0,1,0,0,0,2,2,0,1,1,0,1,1,2
0,1,2,1,0,0,1,0,0,0,2,1,1,2,1,0,1,1,1,2,2,0,2,1,0,0,0,1,1,0
0,2,2,1,0,1,2,0,1,2,0,2,1,2,2,1,1,1,1,2,0,0,0,1,1,0,0,1,1,0
0,1,1,1,0,1,1,0,1,1,0,2,0,2,2,0,0,1,1,0,1,2,2,1,0,2,0,0,1,2
0,2,2,1,0,0,2,0,0,1,1,0,0,0,1,0,0,0,1,1,0,2,1,0,1,0,0,1,1,1
0,1,2,1,1,0,0,2,1,1,2,0,0,0,1,1,0,1,1,2,2,2,2,0,0,0,0,1,1,1
0,1,2,1,0,0,1,0,0,0,0,1,0,2,2,0,1,1,0,0,1,2,2,2,1,2,0,1,1,2
0,2,1,1,1,0,0,2,1,1,2,2,0,2,2,1,0,1,0,0,0,2,1,0,0,2,0,1,1,0
0,1,2,1,1,1,2,2,1,1,1,1,1,2,0,2,1,0,0,0,2,2,2,0,1,0,0,1,1,2
0,2,2,1,1,0,1,0,1,1,1,2,0,1,2,0,1,0,0,0,0,2,2,1,1,1,0,0,1,0
0,1,1,1,0,1,0,1,0,0,1,1,0,2,1,1,1,1,1,0,1,0,2,1,1,0,0,0,0,0
0,1,0,1,1,0,1,2,1,1,2,0,1,2,1,0,0,1,1,0,1,2,2,0,0,1,0,1,1,1
0,2,2,1,0,0,0,2,0,2,2,1,0,0,2,2,1,2,0,0,0,2,0,1,1,1,0,1,1,0
0,2,2,1,1,0,2,0,1,2,2,0,0,0,0,0,1,0,1,1,2,2,2,1,0,1,0,1,1,1
0,1,0,1,0,0,1,2,1,1,2,1,0,2,1,2,1,1,1,2,1,2,2,1,0,0,0,1,0,0
0,1,0,1,1,0,0,0,0,1,0,0,1,0,0,0,0,1,1,0,2,2,0,1,0,2,0,1,1,0
0,2,1,1,1,1,0,0,0,1,2,0,0,1,0,0,0,0,1,0,0,2,2,0,1,1,0,1,1,1
0,1,0,1,1,1,1,0,0,2,2,0,1,0,2,0,1,1,1,0,1,2,2,0,1,2,0,1,1,1
0,2,2,1,0,1,0,0,0,0,0,0,1,1,2,0,1,1,1,2,0,2,2,0,0,0,0,1,1,2
0,2,2,1,1,0,0,0,1,2,2,2,1,1,1,2,1,0,0,0,2,2,2,2,0,0,0,1,1,2
0,2,0,1,0,1,2,0,0,1,0,0,1,2,2,1,1,2,0,2,0,2,2,2,1,2,1,0,1,0
0,1,2,0,1,0,0,1,0,2,0,2,1,0,0,1,1,1,0,2,0,1,2,1,1,0,0,1,0,2
0,1,2,0,1,1,0,2,0,2,0,0,1,0,2,0,1,2,1,1,0,1,1,1,1,1,0,1,0,0
0,2,2,1,1,0,1,2,0,1,2,0,0,2,1,1,0,0,1,0,2,2,2,2,1,1,0,1,0,0
0,2,2,1,1,1,2,0,0,0,2,1,1,0,1,1,0,0,1,2,2,0,2,0,0,0,0,1,1,1
0,2,2,1,1,1,2,0,1,2,2,1,1,0,2,0,1,0,1,2,2,2,2,1,0,0,0,1,1,0
0,1,2,1,0,0,2,0,0,1,1,2,0,1,2,0,1,1,1,0,2,2,0,0,1,0,0,1,1,2
0,0,2,1,1,1,1,0,0,0,2,0,1,2,2,1,0,1,0,1,2,2,2,0,1,1,0,1,1,0
0,2,0,1,1,0,1,2,1,1,2,1,0,2,0,1,1,1,0,0,2,2,2,1,0,0,0,1,1,0
0,1,2,1,0,1,0,0,1,2,2,1,0,0,2,1,1,1,1,0,2,2,1,1,0,0,0,0,1,1
0,1,2,1,0,1,0,0,0,0,2,1,0,1,2,1,0,1,1,2,2,2,0,1,0,2,0,1,1,1
0,1,2,1,1,0,0,2,0,0,2,1,1,2,2,1,1,1,1,0,2,2,1,1,1,1,0,1,0,1
0,2,2,0,1,1,2,0,1,2,0,2,1,2,2,1,1,1,1,0,0,1,0,1,1,1,0,1,0,1
0,1,1,1,0,1,2,2,1,0,1,1,1,1,1,0,1,1,1,0,0,1,2,0,1,0,0,1,0,0
0,0,2,0,0,1,0,2,1,1,1,1,0,2,2,0,1,0,1,0,1,1,0,1,0,1,0,1,0,1
0,0,0,0,0,1,0,0,1,1,2,2,1,0,1,0,1,0,0,1,2,1,2,1,1,2,0,1,0,2
0,1,2,1,1,1,0,0,0,2,1,2,1,0,0,0,0,0,1,0,0,2,2,0,1,2,0,1,1,1
0,0,2,1,0,1,1,0,0,2,2,1,0,0,1,1,0,1,1,0,0,2,2,0,0,2,0,1,1,0
0,2,1,1,1,1,2,2,0,2,2,0,1,2,1,1,0,0,0,0,0,2,2,2,0,2,0,1,1,2
0,1,2,1,0,1,0,1,1,0,2,0,0,1,2,0,0,2,0,0,0,0,0,2,0,2,0,1,0,0
0,1,2,1,1,1,0,0,1,2,1,2,1,1,2,1,0,1,0,0,0,2,1,0,1,1,0,1,1,2
0,1,2,1,1,0,2,0,0,0,2,0,0,2,1,1,0,1,0,2,2,2,2,0,1,2,0,1,1,2
0,1,2,1,1,1,0,0,0,1,1,0,1,2,2,2,0,1,1,0,2,2,2,2,0,2,0,1,1,1
0,2,2,1,1,1,0,1,0,2,1,2,1,1,1,1,0,2,1,0,0,2,2,0,0,0,0,0,1,0
0,1,2,1,0,1,2,0,0,1,2,0,1,2,2,1,1,1,1,2,2,2,2,1,0,2,0,1,1,0
0,2,1,1,0,1,2,1,0,1,1,1,1,2,1,1,0,0,1,1,1,1,1,2,1,0,0,1,0,1
0,2,1,1,0,1,2,2,1,2,1,0,0,1,0,2,1,2,1,0,2,2,2,0,1,1,0,1,1,1
0,2,2,1,1,0,0,0,0,1,2,2,0,2,2,0,0,2,1,1,0,2,1,2,1,0,0,1,1,1
0,1,2,0,0,0,1,0,0,0,0,0,1,2,2,2,0,1,1,0,0,1,2,1,1,0,0,1,0,0
0,2,2,1,1,0,0,0,0,1,2,2,0,2,1,1,0,1,0,0,0,2,2,1,0,1,0,1,1,2
0,1,2,1,0,1,1,0,0,1,1,2,0,0,0,0,1,1,0,1,0,2,1,1,0,0,0,1,1,1
0,1,0,1,1,1,0,0,0,2,1,1,0,2,0,0,0,0,0,2,1,2,2,1,0,1,0,1,1,1
0,1,2,1,0,0,2,2,1,2,1,1,1,2,2,1,0,2,1,1,2,2,0,0,0,1,0,1,1,1
0,1,2,1,1,0,1,2,0,1,2,2,0,0,0,1,0,1,1,0,0,2,2,1,0,1,0,1,1,0
0,1,2,0,0,0,0,0,0,0,0,0,0,2,2,1,1,1,0,2,0,1,2,1,1,1,0,1,1,2
0,2,2,1,0,1,1,2,1,1,1,1,0,0,2,1,0,1,0,1,2,2,0,1,0,1,0,0,1,2
0,2,1,1,0,0,1,0,1,1,1,0,1,2,1,1,0,0,1,2,1,0,2,2,1,0,0,1,0,1
0,1,2,1,1,1,2,0,0,2,2,0,0,2,0,1,0,1,0,1,2,2,2,1,0,2,0,1,0,0
0,2,2,1,1,1,0,2,0,1,2,1,1,0,0,0,1,0,0,0,2,2,0,1,1,0,0,1,1,2
0,0,2,0,1,1,2,0,0,0,1,1,1,0,1,0,1,1,1,1,0,2,1,1,1,1,0,1,1,2
0,2,0,1,0,0,2,2,0,0,2,1,1,2,0,0,0,1,0,0,1,2,0,2,0,2,0,1,1,0
0,1,1,1,0,1,2,2,0,0,0,1,1,0,0,0,1,1,0,1,1,2,1,0,1,2,0,1,0,0
0,1,1,1,0,1,0,0,1,1,1,1,1,2,0,1,0,1,0,2,0,2,1,1,0,2,0,1,1,2
0,1,1,1,1,1,0,0,0,1,0,1,1,2,0,0,0,0,1,0,1,2,2,2,1,0,0,1,1,1
0,0,1,1,1,0,0,0,1,1,0,2,0,2,2,0,1,0,0,0,1,2,2,1,1,0,0,1,1,2
0,1,2,1,1,0,2,2,1,2,2,1,1,2,0,1,0,2,1,0,0,2,2,0,1,2,0,1,1,1
0,2,2,0,0,1,2,0,1,2,1,2,0,0,1,0,0,1,0,1,2,1,1,2,0,0,0,1,0,1
0,2,2,1,0,0,0,0,0,0,2,2,1,1,2,1,0,2,0,0,2,2,2,0,0,1,0,1,1,1
0,1,2,0,1,0,1,2,0,1,0,1,0,0,2,1,0,1,1,0,0,1,1,1,1,0,0,1,0,1
0,0,2,1,0,0,1,0,1,1,1,1,1,0,1,0,0,0,1,0,1,2,2,0,1,0,0,1,1,1
0,1,2,0,1,0,1,0,0,0,1,1,0,0,0,0,1,1,1,2,1,1,2,0,1,0,1,0,0,0
0,1,2,1,1,1,0,0,0,2,0,0,0,2,0,0,0,2,1,0,1,2,2,2,1,0,0,1,1,1
0,2,2,1,1,0,2,2,0,1,2,1,0,0,2,2,1,2,1,0,2,2,0,0,1,0,0,0,0,0
0,1,1,0,0,0,2,0,1,2,1,1,0,1,2,1,1,1,0,0,1,1,0,0,1,1,0,1,0,2
0,1,2,1,0,1,1,0,0,2,1,1,0,2,2,2,0,2,0,2,0,2,1,1,0,1,0,1,1,1
0,2,2,0,0,0,2,2,0,1,2,2,1,2,0,0,1,1,0,1,2,1,0,1,1,0,0,1,0,1
0,1,2,1,1,1,2,0,0,2,2,0,0,2,0,0,0,1,1,2,2,2,2,1,0,0,0,1,1,1
0,1,2,1,1,1,0,1,1,1,1,1,1,0,2,1,0,0,1,0,0,2,1,2,0,1,0,1,1,1
0,1,2,0,1,0,1,0,1,1,0,1,1,2,2,1,1,1,1,0,0,1,1,1,0,2,0,1,0,0
0,2,1,1,1,0,1,0,1,2,2,1,1,2,1,1,0,1,1,2,2,2,2,0,0,2,0,1,1,0
0,2,2,1,1,1,1,1,1,0,2,1,0,2,2,2,0,2,1,1,2,2,1,0,1,2,0,1,1,0
0,1,2,1,0,0,2,0,0,1,1,0,0,0,1,0,1,0,1,0,0,2,2,0,1,2,0,1,1,1
0,1,2,1,0,1,0,0,1,2,0,0,1,1,2,0,1,0,1,2,2,1,2,1,0,1,1,0,1,0
0,1,1,0,0,0,2,2,0,0,1,0,1,2,2,0,1,0,1,2,2,1,2,1,0,2,0,1,0,1
0,2,2,1,0,0,2,2,1,2,2,1,0,2,1,1,0,2,0,0,2,2,2,0,0,0,0,1,1,1
0,1,2,1,1,0,0,0,1,1,1,0,0,0,2,0,0,1,1,1,2,2,1,1,0,0,0,1,1,1
0,2,2,1,0,1,2,0,0,2,1,2,0,1,2,1,1,1,1,1,0,2,2,0,1,1,0,1,1,1
0,1,0,1,0,0,2,0,1,2,0,2,1,0,2,1,0,1,0,1,2,2,0,1,0,2,0,1,1,0
0,1,2,1,0,1,0,2,1,0,1,1,1,1,1,1,0,1,0,2,2,2,2,0,1,1,0,1,0,0
0,1,2,1,0,1,1,0,1,1,0,0,0,2,2,0,0,2,0,2,0,2,2,2,0,1,0,1,0,1
0,0,2,1,1,1,0,0,0,2,1,2,0,2,0,2,1,2,0,0,0,2,0,1,1,0,0,1,1,1
0,0,2,1,0,1,2,0,0,2,1,1,0,0,0,0,0,0,1,1,0,2,1,0,1,1,0,1,1,1
0,2,0,1,0,0,1,0,0,2,0,0,1,0,1,0,1,1,0,0,0,2,2,1,1,2,0,1,1,0
0,2,1,1,1,0,2,2,1,2,2,0,0,1,1,1,0,2,1,2,0,2,2,2,0,1,0,1,1,0
0,2,2,1,1,1,2,1,1,2,2,0,0,1,1,0,1,1,0,2,0,2,2,0,1,1,0,1,1,0
0,1,2,1,1,0,2,0,0,1,1,1,1,2,0,1,0,0,0,0,0,2,2,2,1,0,0,1,1,0
0,1,2,1,1,0,1,0,1,1,1,0,1,0,0,1,1,2,0,0,0,2,2,2,1,1,1,1,1,0
0,1,1,1,1,1,1,0,1,2,1,1,0,2,0,0,0,0,1,2,2,2,2,1,0,1,0,1,1,1
0,1,2,1,1,1,2,2,1,0,2,0,0,2,0,1,1,1,1,2,0,2,2,1,1,1,0,1,1,0
0,0,0,1,1,1,0,0,0,1,1,2,1,2,0,1,1,0,1,2,0,2,2,2,1,1,0,1,1,0
0,2,2,1,0,1,2,0,0,2,2,0,1,0,2,1,0,1,1,1,1,1,0,0,0,1,0,1,0,0
0,1,2,1,0,0,2,0,1,2,2,1,1,2,1,0,0,1,1,1,2,0,2,2,0,1,0,0,0,0
0,0,2,0,1,1,1,0,0,0,0,2,0,2,1,1,1,1,1,0,2,1,1,1,1,1,0,1,0,1
0,1,2,1,0,1,0,0,1,2,1,2,1,1,2,1,0,2,0,2,0,2,0,0,1,0,0,0,1,1
0,1,2,1,0,1,1,0,0,1,0,1,1,2,2,1,0,0,1,2,2,2,2,2,1,1,0,1,1,1
0,1,2,1,1,0,2,0,0,1,1,0,0,1,0,0,1,0,0,0,2,2,0,1,1,2,0,1,1,2
0,1,2,1,1,0,0,2,0,2,1,1,0,2,2,2,1,2,1,0,0,2,2,2,1,2,0,1,1,2
0,1,2,1,1,1,1,2,0,1,2,1,0,2,1,1,0,0,1,0,2,2,2,2,1,0,0,1,1,1
0,1,2,1,1,1,1,1,0,2,2,2,1,2,0,0,1,0,1,0,0,2,2,1,0,0,0,0,1,1
0,2,2,1,1,1,2,2,0,0,2,2,1,0,2,0,0,0,0,1,2,2,1,0,0,0,0,1,0,1
0,1,2,1,0,1,2,2,1,0,2,0,0,2,1,1,1,2,0,0,2,2,2,1,0,1,0,1,1,1
0,0,2,1,1,0,1,0,0,2,2,0,0,2,1,1,0,2,0,2,1,2,2,2,0,1,0,1,1,2
0,1,0,1,1,0,2,2,1,2,0,0,0,2,0,1,0,2,1,2,2,2,2,0,1,0,0,1,1,0
0,1,2,0,1,0,1,0,1,0,0,0,0,2,0,1,0,1,1,1,0,1,2,1,1,0,0,1,1,2
0,0,0,1,0,0,2,0,0,0,1,2,1,2,1,1,1,1,1,0,1,0,1,1,1,1,0,1,0,2
0,2,1,1,1,1,0,0,0,2,1,2,1,2,2,0,0,2,0,0,2,2,0,2,1,2,0,1,1,2
0,1,0,1,0,1,0,0,0,0,1,2,0,2,1,0,0,0,0,0,1,2,2,1,0,1,0,1,1,1
0,2,1,1,0,0,0,0,1,1,0,1,1,1,2,1,0,0,1,0,1,2,2,2,1,0,0,1,1,1
0,1,2,1,0,1,0,0,0,0,1,1,0,2,0,2,1,2,1,0,1,1,2,1,1,0,0,1,0,1
0,1,2,0,0,0,0,0,0,2,0,0,0,2,1,1,0,1,0,2,0,1,2,1,0,1,0,0,1,2
0,1,0,1,1,1,1,0,1,2,2,1,1,2,0,0,0,2,1,0,0,0,2,2,1,2,0,1,1,0
0,2,1,1,1,1,2,0,0,2,2,0,0,1,1,0,1,1,1,0,2,0,2,1,1,1,0,1,1,0
0,1,2,1,0,1,1,0,1,1,2,2,0,0,2,2,0,2,1,0,2,2,0,1,0,2,0,1,0,1
0,2,2,0,0,1,0,0,1,0,1,2,1,2,2,0,1,0,0,1,0,1,2,1,0,2,0,1,0,2
0,2,2,1,1,0,0,0,0,1,2,2,0,2,1,1,0,0,1,0,2,2,2,2,1,0,0,1,1,1
0,1,2,1,1,1,1,0,0,1,2,0,1,2,0,1,0,0,1,2,0,2,2,2,1,2,0,1,1,2
0,2,2,1,0,0,1,0,1,0,2,0,0,0,2,1,1,1,0,2,2,2,2,1,0,1,0,1,1,0
0,2,0,0,1,0,2,0,1,2,0,0,0,2,0,0,1,1,0,1,0,1,1,1,0,2,0,1,0,0
0,1,2,1,0,1,1,0,0,1,2,0,1,2,2,1,0,1,1,0,2,2,2,0,0,2,0,1,1,1
0,2,0,1,0,0,1,0,0,1,1,1,1,2,1,1,1,0,0,2,1,2,2,2,1,2,0,1,1,1
0,1,2,0,1,1,1,0,0,2,0,1,0,0,0,1,1,1,1,1,0,1,2,0,1,0,0,1,1,2
0,1,2,1,1,0,2,2,0,0,2,0,1,1,0,0,0,2,1,0,2,0,0,2,1,2,0,1,1,1
0,1,1,1,1,1,2,0,1,2,0,1,0,0,0,0,0,0,1,0,1,2,0,1,0,2,0,1,1,2
0,0,2,1,1,1,1,0,1,1,0,2,0,2,1,0,1,0,0,0,0,2,2,1,0,2,0,0,1,2
0,1,2,0,0,0,0,0,1,1,1,2,1,1,2,0,0,1,1,2,1,1,0,0,1,2,0,1,0,2
0,1,2,1,1,0,2,2,0,1,2,0,0,0,0,0,1,0,0,2,2,2,2,1,1,1,0,0,1,0
0,1,0,1,1,1,1,0,0,1,1,2,0,2,0,1,0,0,1,2,0,2,2,2,1,0,0,1,1,1
0,2,2,1,1,0,1,0,1,2,1,0,1,0,1,0,0,0,0,2,0,2,2,1,0,2,0,1,1,0
0,1,2,1,1,1,0,2,0,1,2,0,1,0,2,0,0,1,1,1,2,2,1,1,0,0,0,1,1,0
0,1,2,0,0,1,1,0,0,2,1,0,0,2,2,0,1,0,0,2,1,1,2,1,0,0,0,1,0,0
0,2,2,1,1,0,1,2,0,1,0,2,0,2,2,0,0,1,1,0,0,2,0,2,0,2,0,1,1,0
0,0,2,1,0,0,2,2,1,1,2,0,0,2,1,1,0,1,1,0,0,2,2,0,0,1,0,1,1,0
0,2,2,1,0,0,0,0,1,1,0,2,1,1,2,2,1,0,1,0,2,2,2,2,1,1,0,1,1,0
0,2,0,1,1,0,1,0,1,1,2,2,0,1,1,0,0,1,1,2,0,2,2,0,0,0,0,1,1,0
0,1,2,1,0,1,0,2,1,1,0,1,1,2,2,0,1,0,1,2,2,2,2,0,1,2,0,1,1,1
0,1,2,1,1,0,2,0,0,1,1,0,1,1,2,0,1,0,1,2,0,2,0,0,1,2,0,1,1,2
0,2,2,1,0,0,2,2,1,0,0,2,1,1,1,1,0,1,0,2,1,0,2,0,1,1,0,1,1,0
0,1,2,1,1,0,1,0,0,1,2,2,0,0,0,0,1,0,1,2,2,1,2,0,1,0,0,1,1,2
0,2,2,1,1,0,0,0,0,2,0,2,1,1,2,0,1,2,1,0,2,2,2,1,1,0,0,1,1,0
0,1,0,0,0,0,2,2,0,1,0,0,0,2,2,0,1,0,0,0,2,1,2,1,1,2,0,1,0,2
0,2,1,1,1,1,2,1,0,2,0,1,1,1,0,1,0,2,0,2,2,2,2,0,1,0,0,1,1,1
0,1,1,1,1,0,1,0,1,0,0,1,0,2,1,0,0,1,0,1,1,0,2,0,0,2,0,1,1,0
0,2,2,1,0,1,0,0,0,1,0,2,1,2,2,1,0,1,1,2,2,2,2,0,0,1,0,1,1,2
0,1,2,1,1,0,1,2,1,1,2,1,0,1,2,1,0,1,1,2,2,2,0,0,0,2,0,1,1,0
0,1,2,1,0,0,1,2,0,0,2,0,1,0,1,0,0,0,0,2,2,2,2,0,0,0,0,0,0,2
0,0,2,0,1,1,0,0,0,0,0,2,0,2,1,1,0,1,1,2,2,1,0,1,1,2,0,1,0,1
0,1,2,1,0,1,1,2,0,0,1,0,0,0,1,2,1,2,0,2,2,0,2,1,0,0,0,0,1,1
0,2,2,1,1,1,2,0,0,0,1,0,0,0,2,0,0,0,0,1,0,2,1,0,0,0,0,1,1,2
0,2,1,1,1,1,1,0,0,2,1,1,0,2,0,0,0,2,0,2,2,2,2,2,0,0,0,1,1,1
0,2,2,0,1,1,2,0,0,0,0,2,1,2,2,1,0,2,1,1,2,0,1,2,0,2,0,1,0,2
0,1,2,1,1,0,0,0,0,2,1,0,1,1,0,1,0,0,1,0,0,2,0,0,0,1,0,1,1,1
0,1,1,1,0,0,0,0,1,2,0,2,1,0,0,0,1,2,0,1,1,2,1,1,0,0,0,1,1,2
0,2,2,1,1,0,0,2,1,1,2,2,0,2,2,1,0,1,0,2,0,2,1,0,0,0,0,1,1,1
0,1,2,1,1,1,1,0,0,1,2,1,1,2,1,1,0,0,0,1,0,2,2,2,1,1,0,1,1,0
0,1,2,1,1,0,2,2,0,1,2,2,1,2,0,1,0,0,0,0,0,2,2,2,1,1,0,1,1,1
0,1,0,0,1,0,1,0,1,1,1,2,0,2,0,0,0,0,1,0,2,1,2,0,1,2,0,1,0,0
0,2,0,1,1,0,0,0,0,1,1,1,0,0,2,0,1,0,0,0,0,2,2,1,1,2,0,1,1,0
0,1,2,0,0,0,0,0,0,0,0,1,0,0,1,0,0,0,0,1,2,1,2,2,0,1,0,1,0,2
0,2,2,1,1,1,2,0,1,0,1,0,0,0,2,0,0,0,0,1,0,2,1,1,0,0,0,1,1,2
0,1,2,1,1,1,1,0,1,0,0,2,0,1,0,2,1,2,1,1,0,2,0,0,1,2,0,1,1,1
0,2,2,1,1,0,0,1,0,0,1,0,1,0,1,1,0,2,0,2,0,2,2,1,0,2,0,1,0,0
0,2,1,1,1,0,0,2,0,0,0,2,0,2,0,0,0,0,0,2,2,2,2,2,0,2,0,0,1,2
0,0,0,1,0,0,1,0,1,1,1,2,1,0,1,0,1,1,0,2,2,1,1,1,0,2,0,0,1,1
0,2,2,1,0,0,0,2,1,0,0,1,0,1,2,1,0,2,1,2,1,1,2,0,0,2,0,1,0,1
0,2,2,1,1,0,1,0,1,1,1,0,1,1,1,0,0,1,1,0,2,2,2,1,0,0,0,1,1,1
0,1,2,1,0,1,0,0,0,2,2,0,0,1,2,0,1,1,1,0,2,2,0,0,1,0,0,1,1,1
0,1,1,1,1,1,1,0,0,2,1,2,0,2,0,0,0,2,0,2,2,2,2,2,0,1,0,1,1,1
0,2,2,1,1,1,0,0,0,1,2,2,1,2,1,1,1,2,0,0,0,2,2,1,1,1,0,1,1,1
0,0,2,1,0,0,2,2,1,1,0,1,1,1,1,1,0,1,1,0,0,2,2,0,0,1,0,0,0,2
0,0,2,1,0,1,2,0,0,2,1,0,0,0,1,1,1,1,1,2,0,2,2,0,0,2,1,1,1,0
0,1,2,1,0,1,1,1,1,1,0,2,0,0,2,0,0,0,1,1,0,2,0,0,1,1,0,1,1,1
0,1,2,1,0,0,0,0,0,2,0,0,0,2,2,1,0,0,1,1,0,0,0,2,0,0,0,1,1,1
0,1,2,1,0,0,1,2,1,0,2,0,0,2,1,0,0,0,0,2,1,1,2,1,0,0,0,0,1,2
0,0,2,1,0,1,2,0,1,1,1,1,0,0,0,0,1,1,0,2,2,0,2,1,0,2,0,1,0,2
0,1,1,1,1,0,2,2,1,1,0,0,0,2,2,1,1,1,0,0,1,2,2,1,0,2,0,0,1,0
0,1,2,1,0,1,2,0,0,1,0,2,1,2,2,1,1,1,1,2,0,1,2,1,0,1,0,1,0,2
0,2,2,1,1,1,2,0,1,0,2,0,0,0,1,0,0,0,0,2,2,2,2,1,0,2,0,1,1,2
0,1,2,1,0,0,1,2,0,0,2,0,0,0,2,0,1,1,0,0,0,2,0,1,1,0,0,1,1,0
0,2,0,1,0,1,0,0,0,1,0,0,1,2,2,1,1,1,1,2,0,2,0,1,1,1,0,0,1,2
0,0,2,1,0,1,2,2,1,0,1,2,0,0,1,1,1,1,1,1,0,2,2,1,1,0,0,1,1,0
0,1,2,1,0,1,0,0,0,2,2,2,0,1,2,1,0,1,1,2,0,0,0,0,0,2,0,1,1,1
0,1,2,1,1,0,0,1,0,2,1,2,1,2,1,1,0,2,1,0,0,2,2,0,1,1,0,1,1,1
0,1,1,1,1,1,0,2,0,1,1,0,1,0,2,1,0,1,1,2,2,0,1,1,0,0,0,1,1,2
0,2,2,1,1,0,0,2,1,0,2,0,1,2,1,1,0,1,0,2,2,2,2,0,1,1,0,1,1,0
0,2,0,1,1,1,1,1,0,1,1,1,1,0,1,1,0,1,0,2,1,2,2,1,0,0,0,0,0,1
0,1,1,0,0,1,2,0,1,1,1,1,1,2,1,0,1,0,0,0,2,1,1,1,1,0,0,1,0,2
0,2,2,0,0,1,1,2,0,1,2,1,1,0,1,0,0,0,1,0,0,1,2,2,1,2,0,1,0,0
0,0,2,1,0,0,0,2,1,1,1,0,0,1,1,0,0,1,0,2,0,0,2,0,0,0,0,0,0,0
0,2,1,0,1,0,0,0,1,0,0,0,1,1,1,0,1,1,0,0,1,1,2,0,1,1,0,1,0,0
0,1,1,1,1,0,2,0,1,1,2,1,0,2,0,1,1,1,1,0,0,2,2,1,1,1,0,1,1,0
0,1,1,0,0,1,0,2,0,0,1,0,0,2,2,0,0,1,1,0,1,1,2,2,1,1,0,1,0,1
0,2,2,1,1,1,0,0,1,0,1,0,1,0,1,0,1,1,0,0,1,1,2,1,1,1,0,1,0,0
0,1,0,1,1,0,1,2,1,1,2,2,1,2,0,0,0,1,1,1,1,2,2,0,1,0,0,1,1,0
0,1,2,1,1,0,1,2,0,1,0,1,0,1,1,1,0,2,0,0,0,2,0,2,0,2,0,1,1,1
0,1,2,1,1,1,1,0,0,1,2,1,1,2,0,1,1,1,1,0,0,2,2,1,0,2,0,1,1,0
0,1,2,1,1,1,1,2,0,0,0,0,1,0,0,1,0,1,1,0,2,1,2,1,0,1,0,1,1,2
0,0,2,1,1,0,1,0,0,0,2,2,0,2,0,0,0,1,1,1,2,2,0,2,1,2,0,1,0,1
0,2,2,1,0,0,2,2,0,1,0,0,1,1,2,1,1,1,1,0,0,2,2,1,0,1,0,1,1,2
0,1,2,1,1,1,1,0,0,1,1,1,0,0,0,0,0,1,0,0,0,2,2,1,0,2,0,1,1,1
0,1,2,1,1,0,0,0,0,1,0,1,0,2,0,0,0,1,0,2,1,0,2,2,0,2,0,1,1,2
0,1,2,1,0,0,1,2,1,2,2,1,1,2,1,0,1,0,0,2,2,2,2,1,0,2,0,1,1,1
0,1,2,1,1,0,1,2,0,1,2,1,1,2,0,0,1,1,0,0,2,2,2,2,1,0,0,1,1,2
0,2,1,1,1,1,0,0,0,1,1,0,1,2,2,1,0,0,1,2,0,2,0,2,1,2,0,1,1,1
0,2,0,1,0,1,0,0,0,0,1,0,1,2,0,0,1,1,0,1,1,2,0,1,1,1,0,1,1,0
0,2,2,1,1,0,0,2,0,0,2,1,0,0,1,0,0,0,0,0,2,2,2,1,0,0,0,1,1,0
0,1,0,1,1,1,2,2,1,1,1,0,0,2,0,0,1,0,1,1,0,2,0,0,1,0,0,0,1,2
0,2,2,1,1,1,2,0,0,0,2,1,1,2,2,0,0,1,0,1,2,2,1,2,1,2,0,1,1,1
0,1,2,1,1,0,2,0,1,1,1,0,0,0,0,0,1,0,0,0,2,2,0,1,1,1,0,1,1,2
0,2,2,1,1,0,0,0,0,2,2,2,0,2,1,0,0,1,1,2,2,2,2,2,1,1,0,1,1,1
0,1,2,0,0,0,2,1,1,2,2,2,0,2,2,0,1,0,0,1,1,1,2,1,1,2,0,1,1,1
0,2,2,1,1,0,0,0,0,1,2,2,1,1,1,1,0,1,0,0,2,2,2,0,0,0,0,1,1,0
0,1,2,1,1,0,1,1,0,1,1,1,1,0,0,1,0,1,0,2,0,2,0,1,0,2,0,1,1,2
0,1,2,1,0,0,1,0,1,1,0,1,1,2,1,1,0,1,0,2,0,1,2,1,0,0,0,1,0,1
0,1,2,1,1,0,2,0,1,1,2,0,0,0,0,0,1,0,0,0,0,2,2,1,1,1,0,1,1,1
0,1,2,0,0,0,2,0,1,1,2,0,0,2,2,2,1,0,0,0,2,1,2,2,1,2,0,1,0,2
0,1,2,1,1,1,2,0,1,1,2,1,0,2,0,0,1,2,1,0,0,2,2,2,1,2,0,1,1,1
0,1,0,1,0,1,0,0,1,0,2,1,1,2,2,0,1,1,0,2,2,0,2,1,1,0,0,1,0,0
0,0,2,0,1,1,0,2,0,0,0,2,0,1,1,1,1,1,1,1,0,1,1,1,1,0,0,1,0,0
0,1,2,1,1,1,0,0,1,0,2,1,1,0,0,0,0,0,0,1,2,2,2,1,0,0,0,1,1,0
0,1,2,1,1,1,1,0,0,1,1,0,0,0,0,0,1,0,0,1,0,2,2,1,1,1,0,1,1,1
0,2,2,0,1,1,0,2,0,1,1,1,1,0,2,0,0,0,1,0,0,1,0,0,1,0,0,1,1,1
0,2,0,1,0,1,0,2,0,1,2,1,1,0,1,0,0,1,1,0,1,2,2,1,0,1,0,1,1,0
0,1,1,1,0,1,0,0,1,1,1,2,1,2,1,1,1,0,0,0,1,2,2,2,1,2,1,0,0,0
0,1,2,1,0,0,0,2,1,1,2,1,0,2,1,0,0,2,0,2,2,0,2,2,0,2,0,0,0,1
0,1,2,1,1,1,1,2,1,1,2,1,0,2,0,1,0,1,1,0,2,2,2,0,0,0,0,1,1,0
0,1,2,0,1,0,0,2,1,2,1,1,0,2,2,0,1,0,0,0,2,0,2,1,1,2,0,1,1,1
0,1,1,1,1,1,1,0,0,2,1,1,0,2,0,1,1,1,1,0,2,2,2,1,1,0,0,1,1,1
0,2,2,1,1,1,0,2,1,0,2,1,0,2,2,0,1,0,0,1,0,2,1,1,0,2,0,1,1,1
0,1,2,1,1,1,1,0,0,2,1,2,0,1,0,0,1,1,0,1,0,2,0,1,1,0,0,1,1,1
0,1,2,1,1,1,1,2,0,2,2,1,0,2,0,1,0,0,1,0,2,2,2,2,0,1,0,1,1,2
0,1,2,0,0,1,1,1,1,2,2,1,1,0,2,1,1,1,1,2,2,0,2,1,0,0,0,0,0,1
0,1,2,1,1,0,0,2,1,0,2,1,1,2,0,1,1,1,1,2,2,2,2,1,1,0,0,1,1,0
0,2,2,1,1,0,2,0,1,2,2,1,0,0,1,1,1,1,0,2,2,0,2,1,0,0,0,1,0,2
0,2,0,1,1,0,0,2,0,0,2,0,0,0,0,2,1,1,0,0,1,2,2,1,1,0,0,1,1,0
0,2,2,1,0,0,1,0,1,1,2,2,0,2,0,1,1,1,1,1,2,1,2,1,1,0,0,1,0,0
0,2,2,1,0,1,0,0,1,0,2,0,0,1,2,1,1,1,1,2,1,2,2,0,1,1,0,1,0,0
0,1,2,1,1,0,0,0,0,2,2,2,1,1,2,2,1,2,1,1,2,2,0,0,1,0,0,1,1,2
0,1,0,1,1,1,2,0,0,1,1,0,0,2,0,0,1,1,0,1,0,2,2,2,0,2,0,1,1,0
0,0,2,1,1,0,1,0,0,2,2,2,0,2,0,0,1,2,0,1,0,2,0,2,1,0,0,1,1,0
0,2,1,0,0,0,0,0,1,0,0,1,0,2,2,0,0,1,0,0,2,1,2,1,1,1,0,0,0,2
0,1,1,0,1,1,2,0,0,0,0,1,1,2,0,2,1,1,1,0,1,2,2,1,0,1,0,1,1,2
0,1,2,1,1,0,0,2,0,2,0,1,1,2,0,1,1,1,0,0,2,1,2,1,0,2,0,1,0,2
0,0,1,1,0,1,2,2,1,2,0,2,1,2,1,1,0,2,1,0,2,1,2,0,1,1,0,1,0,1
0,2,2,1,1,1,2,2,0,0,0,0,0,1,1,1,0,0,1,0,2,2,2,2,0,0,0,1,1,0
0,1,0,0,0,0,2,0,1,1,2,0,1,1,2,0,1,1,0,0,0,1,0,0,1,0,0,1,0,1
0,1,2,1,0,0,0,2,1,0,2,1,0,2,0,0,0,0,0,2,2,2,2,1,0,0,0,1,1,1
0,2,0,1,1,0,2,2,1,1,2,2,0,0,0,1,1,1,0,0,2,2,1,1,0,2,0,1,1,0
0,1,0,1,0,1,2,0,0,1,1,2,0,2,2,0,1,1,1,1,1,2,2,1,0,1,0,1,1,0
0,0,2,1,1,1,0,0,1,1,2,1,1,0,2,1,0,1,0,0,2,2,2,1,0,2,0,1,1,0
0,1,2,1,1,0,2,0,1,0,2,1,0,2,0,0,0,1,0,2,1,2,2,0,1,2,0,1,1,0
0,1,2,1,1,0,0,0,0,2,0,2,1,1,0,2,1,2,0,1,1,0,2,0,0,0,0,1,1,1
0,1,2,1,1,1,2,0,0,2,2,0,0,2,0,2,0,2,1,0,2,2,2,2,0,1,0,1,1,1
0,0,1,1,1,1,1,0,1,0,0,1,1,2,2,2,1,2,1,0,1,2,0,1,1,1,0,1,1,0
0,1,2,1,1,1,1,0,0,2,1,1,0,2,1,0,0,1,0,1,2,2,1,2,0,1,0,1,1,2
0,1,2,1,1,0,0,2,1,0,2,1,0,2,1,1,0,0,0,2,2,2,2,0,0,1,0,1,1,2
0,1,2,0,0,0,0,2,0,0,0,1,0,0,1,1,1,1,1,2,0,1,2,1,0,0,0,0,1,2
0,1,2,1,1,1,1,2,1,2,0,1,0,1,1,2,0,2,1,2,1,2,1,0,1,0,0,1,1,2
0,2,2,0,0,0,2,0,0,0,0,2,0,2,2,1,1,1,1,0,1,1,2,1,1,0,0,1,0,2
0,1,2,0,0,1,2,0,1,1,0,2,0,0,0,1,1,0,0,2,0,1,2,2,0,0,0,0,1,2
0,2,2,1,1,1,0,2,1,0,2,2,0,2,1,1,1,2,0,0,2,2,2,1,0,0,0,1,1,1
0,2,2,1,1,0,0,0,1,1,1,0,0,1,0,1,0,0,0,0,0,2,2,2,1,2,0,1,1,0
0,1,2,1,1,1,2,0,1,0,2,1,1,2,0,1,1,1,1,1,2,2,2,1,1,1,0,1,1,1
0,1,2,1,1,0,1,0,1,0,2,0,1,2,0,0,0,1,0,1,2,2,2,2,0,1,0,0,0,0
0,2,2,1,1,1,0,0,0,1,2,0,0,0,1,0,0,0,0,0,0,2,2,0,1,1,0,1,1,0
0,1,2,1,0,1,1,0,0,0,2,0,1,2,0,0,1,2,1,0,0,2,1,2,1,2,0,1,1,2
0,1,1,1,0,0,2,0,0,2,2,1,0,2,1,1,1,1,1,1,0,2,2,1,1,2,0,1,1,0
0,1,0,1,1,1,0,0,0,1,1,2,0,2,1,0,0,0,1,1,1,2,2,2,1,2,0,0,1,1
0,2,2,1,0,0,0,1,0,1,1,2,1,2,2,1,0,0,1,1,0,2,0,2,1,1,0,1,1,1
0,1,2,1,1,0,0,2,1,2,2,0,0,0,0,1,0,2,1,2,2,2,2,0,1,2,0,1,1,0
0,2,2,1,0,1,0,0,1,0,2,1,1,0,2,1,1,1,1,2,2,0,2,1,1,0,0,1,0,1
0,1,2,1,1,0,1,0,0,1,2,0,1,2,0,1,0,0,0,1,2,2,2,2,1,2,0,1,1,2
0,2,2,1,1,1,2,0,0,2,0,1,1,1,1,2,1,2,1,0,1,2,2,0,1,0,0,1,1,1
0,1,0,1,0,0,1,0,1,1,0,2,0,0,2,1,1,1,1,1,0,2,0,1,0,0,0,1,1,0
0,1,0,1,1,1,1,0,0,1,2,2,1,2,2,2,1,2,1,0,1,2,2,2,1,0,0,1,1,1
0,1,2,1,1,1,0,0,1,0,2,2,1,1,0,1,0,2,1,2,2,2,0,2,1,2,0,1,1,2
0,1,2,1,1,1,1,2,0,2,2,1,0,2,1,0,0,2,1,0,2,2,2,2,1,2,0,1,1,0
0,1,1,1,0,1,1,0,0,1,1,1,0,2,2,0,1,0,0,0,2,2,2,2,1,0,0,0,0,0
0,1,1,1,0,0,1,2,1,0,2,0,0,2,1,1,1,1,0,0,0,2,2,1,1,2,0,1,1,1
0,1,2,1,0,0,0,2,1,0,2,2,0,2,2,0,0,0,1,2,2,2,2,1,0,2,0,1,1,1
0,1,2,1,0,1,1,0,0,0,1,0,0,2,2,2,1,1,0,0,1,1,2,2,1,1,0,1,0,0
0,2,0,1,0,0,0,2,1,1,2,2,0,1,2,1,0,0,1,2,1,2,0,0,1,1,0,1,1,1
0,1,2,1,0,1,1,0,1,0,2,1,1,0,1,2,1,1,1,0,2,2,2,1,0,2,0,1,1,1
0,2,2,1,0,0,0,0,1,1,0,1,1,2,2,1,0,0,1,0,0,1,2,0,1,1,0,1,0,0
0,2,2,1,0,1,2,2,1,1,1,2,0,2,1,1,0,1,0,0,0,2,0,0,0,2,0,1,1,2
0,1,1,1,0,1,2,0,1,2,0,1,1,2,2,1,0,2,1,2,1,2,2,0,1,2,0,0,1,1
0,1,2,1,0,0,0,2,1,2,1,1,0,2,1,1,1,1,1,2,0,2,2,1,0,2,0,1,1,2
0,2,2,0,0,1,0,0,0,1,1,2,0,2,2,0,1,0,0,2,1,1,0,1,1,0,0,1,0,2
0,2,0,0,1,1,1,0,1,0,2,2,1,2,1,0,1,1,0,0,0,1,2,1,1,0,0,0,0,0
0,2,2,1,0,1,2,2,0,2,1,2,1,0,2,0,1,0,1,1,2,0,2,1,0,1,0,1,0,1
0,1,2,1,1,1,1,0,0,1,2,2,0,0,0,0,0,0,0,1,2,2,0,0,1,1,0,1,1,2
0,1,1,1,0,1,0,2,1,1,1,1,1,0,0,2,1,2,1,2,2,2,1,1,0,0,0,1,1,0
0,1,2,0,1,1,0,0,1,0,2,2,0,1,0,0,1,0,0,2,2,1,2,0,0,0,0,0,1,1
0,2,2,1,1,1,2,0,0,0,1,2,0,2,0,0,0,0,0,0,1,2,0,0,0,1,0,1,1,0
0,1,2,1,1,0,1,2,1,0,2,1,0,2,0,1,1,1,1,0,2,2,2,1,1,2,0,1,1,0
0,1,2,1,1,0,2,2,1,1,2,1,0,2,0,0,1,1,1,0,0,2,2,1,1,1,0,1,1,0
0,1,2,1,0,0,1,0,1,1,2,1,0,0,1,1,1,1,1,1,0,2,1,1,0,2,0,1,1,0
0,2,2,1,1,0,1,2,1,1,0,2,1,1,1,0,1,0,0,0,2,2,2,0,1,2,0,1,1,0
0,2,2,1,1,1,0,0,0,1,1,2,0,1,2,0,1,0,1,1,1,2,2,0,1,0,0,1,1,1
0,2,2,1,1,1,0,0,0,0,2,1,1,2,1,0,1,0,0,2,2,2,2,1,0,2,0,1,1,1
0,1,1,0,0,1,2,0,1,0,1,1,0,2,2,1,0,1,1,2,0,0,0,1,1,1,1,0,1,0
0,2,2,1,1,0,2,0,0,0,2,2,1,2,2,1,1,1,0,0,0,2,0,1,0,0,0,1,1,0
0,2,2,0,1,0,0,0,1,2,0,2,0,2,2,2,0,2,1,0,0,2,2,1,1,1,0,1,1,2
0,2,2,1,1,1,0,0,1,2,1,0,1,0,1,2,0,2,0,0,0,2,2,1,0,2,0,1,1,1
0,2,2,1,1,1,1,0,1,0,1,1,0,0,1,0,1,0,1,2,0,2,2,1,0,2,0,1,1,1
0,1,2,1,1,0,1,0,0,1,2,1,1,2,0,1,0,0,1,2,2,2,2,2,1,0,0,1,1,2
0,2,1,1,0,1,2,2,1,2,0,2,1,2,2,0,1,0,0,0,1,2,2,1,1,0,0,1,1,0
0,2,0,1,1,0,1,0,0,1,1,1,0,0,0,0,1,0,0,0,1,2,2,0,1,2,0,1,1,0
0,1,0,0,0,1,2,2,0,1,0,0,1,2,1,0,1,0,0,1,2,1,2,1,1,2,0,1,0,1
0,1,2,1,1,0,0,0,0,0,1,1,0,0,2,2,1,2,1,1,1,2,1,0,1,0,0,1,0,0
0,2,2,1,0,1,1,2,0,0,0,2,1,0,2,0,1,0,0,1,2,2,0,1,1,0,0,1,0,0
0,1,1,1,1,1,1,2,0,0,0,1,1,0,0,0,1,0,0,0,1,2,2,1,1,0,0,1,1,0
0,1,1,1,1,1,1,0,0,2,1,1,0,2,0,1,0,1,1,1,0,2,0,0,0,1,0,1,1,0
0,2,2,1,1,1,1,1,1,2,2,1,0,2,2,0,0,2,1,0,0,2,0,2,1,2,0,1,1,0
0,2,2,1,1,0,2,0,1,1,2,1,1,2,1,1,0,0,1,2,0,1,2,0,1,0,0,1,0,2
0,1,2,1,1,1,1,0,1,0,1,1,1,0,2,0,1,0,0,2,0,2,2,1,0,2,0,1,0,0
0,0,2,1,1,0,0,0,1,1,2,2,1,2,0,1,0,1,1,2,2,2,2,0,0,2,0,1,1,0
0,1,2,1,1,0,0,2,1,0,0,2,0,2,2,0,0,0,0,0,2,2,0,0,0,2,0,0,1,2
0,2,2,1,0,1,1,2,1,0,1,2,0,1,1,1,0,0,1,0,1,2,2,0,0,2,0,1,1,2
0,1,2,1,1,0,1,0,1,1,2,0,1,2,2,1,0,1,1,0,0,2,2,0,0,1,0,1,1,1
0,1,1,1,1,1,1,2,1,1,1,0,0,0,2,1,1,1,0,2,0,2,2,1,0,1,0,1,1,1
0,2,2,1,1,0,1,0,1,0,2,1,1,0,2,2,1,1,1,0,2,2,0,1,1,2,0,1,0,0
0,1,2,1,1,0,1,0,0,0,2,0,1,2,0,2,0,0,0,2,2,2,2,2,0,2,0,1,1,0
0,1,2,1,0,0,1,2,1,1,2,2,1,2,1,0,0,0,1,1,0,0,2,2,1,0,0,1,1,0
0,1,1,1,1,1,1,2,0,1,0,0,1,2,0,1,0,0,0,2,1,2,2,2,1,1,0,1,1,0
0,2,2,1,1,1,2,0,1,2,2,0,1,1,2,1,0,1,1,0,0,2,2,0,0,1,0,1,1,0
0,2,2,1,0,0,0,2,0,0,0,1,1,2,2,1,1,1,0,0,0,1,0,1,0,1,0,1,0,0
0,1,2,1,1,0,1,0,0,0,2,1,0,2,0,1,0,0,1,2,2,2,2,2,0,0,0,1,1,2
0,1,2,1,1,0,0,0,1,1,2,0,0,2,1,1,0,1,0,2,2,0,2,1,0,2,0,1,0,2
0,1,2,1,1,1,0,0,0,2,2,1,1,2,0,1,0,1,1,2,2,2,2,0,0,2,0,1,0,1
0,2,2,1,1,0,2,0,0,2,2,0,1,2,2,1,1,1,0,1,1,1,0,1,0,0,0,1,0,0
0,1,2,1,1,0,1,0,1,1,0,1,0,2,0,0,0,2,0,2,2,2,2,2,1,0,0,1,0,0
0,2,1,1,1,1,0,0,0,1,1,2,0,0,2,0,1,0,1,1,0,2,1,0,1,1,0,1,1,1
0,1,1,1,1,0,0,0,0,2,0,1,0,2,0,0,1,1,0,2,1,2,2,2,1,0,0,1,1,0
0,2,1,0,0,1,2,1,0,2,1,1,0,2,0,0,0,1,0,1,0,1,1,1,1,1,0,1,0,1
0,1,2,1,1,0,2,0,0,2,1,2,0,0,1,1,0,1,0,0,0,2,2,1,0,2,0,1,1,0
0,2,2,1,1,0,1,0,0,0,0,2,0,2,0,1,0,2,0,2,0,2,2,2,1,0,0,1,1,0
0,1,2,1,1,1,1,0,0,1,1,0,0,0,0,0,1,0,0,0,0,2,0,1,1,1,0,1,1,0
0,1,2,0,0,1,1,0,1,2,2,0,1,2,1,2,0,1,1,0,2,0,2,1,1,0,0,1,0,1
0,1,1,1,0,0,2,0,1,1,1,2,1,2,1,1,1,0,0,0,2,1,2,2,1,0,0,1,0,0
0,1,2,0,0,0,2,0,1,1,2,1,0,2,2,2,1,0,0,0,0,1,2,2,1,2,0,1,0,0
0,1,2,1,1,1,1,0,1,0,0,0,1,2,0,1,1,1,0,0,2,2,2,0,1,1,0,1,1,2
0,2,0,1,1,1,1,0,1,1,2,2,0,1,1,0,0,0,1,1,2,2,2,2,1,1,0,0,1,0
0,1,2,1,1,0,1,2,1,0,2,1,1,2,0,0,1,1,1,0,2,2,0,2,1,2,0,1,0,0
0,2,2,1,1,1,2,0,1,2,2,2,1,2,2,1,0,1,1,1,2,2,0,0,0,1,0,1,1,1
0,2,2,1,1,1,0,0,1,1,2,2,0,1,1,1,0,2,1,0,2,2,2,0,0,1,0,1,1,0
0,1,2,1,1,0,0,2,0,0,2,1,1,2,1,0,1,1,0,0,2,2,2,1,1,0,0,1,0,1
0,2,2,1,1,1,0,0,0,1,0,1,0,0,1,0,0,1,0,0,2,2,2,0,1,0,0,1,1,0
0,2,2,0,0,1,1,0,1,2,0,0,1,1,2,2,1,1,0,0,0,1,2,1,1,2,0,0,1,0
0,2,2,1,1,1,0,2,0,1,1,1,0,1,1,0,1,0,0,0,0,2,2,1,1,2,0,1,0,0
0,2,2,1,0,0,1,0,1,0,0,2,1,2,2,2,0,2,0,2,2,2,2,1,0,0,0,1,1,1
0,1,1,1,1,0,0,0,0,1,0,2,1,0,2,1,0,2,1,0,1,2,1,0,1,2,0,1,1,1
0,1,2,1,1,0,0,0,0,2,1,2,0,0,2,0,0,1,0,1,1,2,1,0,1,2,0,1,1,1
0,1,2,1,0,1,0,0,0,2,1,0,0,2,2,2,1,2,0,0,2,2,2,1,0,1,0,1,1,0
0,1,2,0,0,1,2,0,1,1,1,0,0,2,1,2,1,0,0,0,0,1,2,2,1,2,0,1,0,0
0,2,1,1,1,1,0,2,0,1,1,1,1,0,2,2,1,1,1,0,2,2,2,1,0,1,0,0,1,1
0,1,1,1,1,1,0,0,0,1,1,2,1,2,0,2,1,2,0,0,2,2,2,1,1,2,0,0,1,0
0,1,2,0,0,1,2,2,0,0,2,1,1,1,0,0,1,1,1,1,1,1,1,1,0,2,0,1,0,0
0,1,2,1,1,1,2,1,1,1,2,1,1,1,2,2,1,0,0,0,2,2,1,2,1,2,0,1,1,1
0,1,2,0,1,1,1,0,1,1,1,1,1,2,2,0,0,0,0,0,2,0,2,1,1,2,0,1,1,1
0,2,2,1,1,1,1,0,0,0,0,2,1,2,2,0,1,2,0,0,0,2,2,1,1,0,1,0,1,0
0,2,2,1,1,0,0,2,0,1,0,2,0,0,1,2,0,1,1,0,2,0,2,1,0,2,0,1,0,2
0,2,2,1,1,1,2,2,0,0,0,2,1,2,0,1,0,0,1,0,2,2,2,2,0,1,0,1,1,0
0,1,1,1,1,1,1,0,0,2,1,1,0,2,0,0,1,2,1,1,2,2,2,2,1,0,0,1,0,2
0,2,2,1,0,0,0,0,0,0,0,1,0,2,1,1,1,1,0,0,0,2,1,1,1,1,0,1,1,1
0,1,0,1,1,0,1,0,0,1,2,2,0,2,0,0,0,1,1,2,2,2,2,1,0,2,0,1,1,0
0,1,2,1,0,0,0,0,0,1,2,1,1,1,2,1,0,0,0,2,2,2,0,0,1,2,0,1,1,2
0,2,2,1,0,0,0,2,0,1,2,0,0,0,2,0,1,1,1,2,1,2,2,1,0,1,0,0,0,0
0,1,2,0,0,1,0,0,1,1,1,1,1,2,1,0,0,0,0,0,0,1,2,1,1,2,0,1,0,1
0,2,2,1,1,0,1,0,1,1,2,0,1,1,1,1,0,0,1,0,2,2,2,2,1,1,0,1,1,1
0,0,1,1,1,1,0,2,1,2,2,2,0,2,2,2,1,2,0,0,1,2,2,0,0,0,0,1,0,1
0,1,2,1,1,0,2,2,1,0,2,1,0,2,0,0,1,1,0,0,0,2,0,0,1,0,0,0,1,0
0,1,0,1,0,1,1,0,0,0,2,0,0,0,2,1,1,1,0,1,0,2,1,1,0,1,0,1,1,0
0,1,2,1,1,0,1,0,0,1,2,0,0,2,0,0,0,2,0,0,2,2,2,2,1,0,0,1,1,1
0,2,2,1,1,0,0,0,0,1,0,0,0,1,2,0,0,0,1,0,2,2,2,0,1,1,0,1,0,0
0,2,2,1,0,1,0,0,1,1,2,0,1,0,2,1,1,1,1,0,0,0,2,1,0,1,0,1,1,0
0,1,2,1,0,0,1,2,0,1,1,0,1,0,0,0,0,0,0,1,1,1,1,0,0,1,0,1,0,2
0,0,2,0,0,0,1,2,1,2,0,2,0,1,1,1,0,2,1,2,0,1,2,0,1,1,0,1,0,1
0,1,2,1,0,0,0,0,0,0,1,0,1,2,2,0,1,1,1,0,0,2,2,2,1,1,0,1,1,0
0,1,2,1,0,0,2,0,0,2,2,1,0,2,1,2,1,2,1,0,0,2,2,0,1,0,0,1,1,2
0,1,2,0,1,1,1,2,0,1,2,2,1,0,2,0,1,1,0,0,2,1,2,1,1,0,0,1,0,2
0,1,2,1,1,1,0,2,1,0,0,1,1,2,0,0,0,0,0,1,0,2,2,1,0,1,0,1,1,0
0,1,1,1,0,0,2,0,1,2,1,2,0,0,1,2,1,2,1,0,0,2,2,0,0,0,0,1,0,1
0,2,2,1,0,1,0,2,1,0,2,0,0,2,1,0,1,1,0,1,2,2,1,1,1,1,0,1,1,0
0,1,1,0,0,0,1,0,1,0,1,0,0,0,1,1,0,0,1,2,0,1,2,2,0,1,1,0,1,1
0,1,2,1,1,1,1,2,1,1,1,2,1,1,0,1,1,0,0,0,0,2,0,2,1,0,0,1,1,0
0,2,2,1,1,0,0,0,0,0,0,2,1,2,2,1,1,1,1,2,0,2,0,1,1,0,0,1,1,2
0,1,1,1,1,0,0,2,1,2,1,2,1,2,0,0,1,0,1,2,2,2,2,0,1,0,0,1,1,1
0,1,2,0,1,1,2,2,0,1,1,1,1,2,0,0,1,2,0,0,0,1,2,1,1,2,0,1,0,1
0,1,2,1,0,0,2,0,0,1,2,1,0,2,1,0,1,0,0,1,0,2,2,2,1,0,0,1,1,0
0,1,2,1,0,0,2,2,1,0,0,0,0,2,2,0,1,1,0,1,1,2,0,0,1,2,0,0,1,1
0,1,2,1,0,1,2,2,1,1,2,1,0,2,1,1,1,1,1,0,1,2,2,1,1,0,0,1,1,1
0,1,2,1,1,0,1,0,0,1,0,1,1,2,0,1,0,0,0,0,1,2,2,2,1,1,0,1,1,2
0,1,2,1,1,1,0,0,0,0,0,2,1,2,0,2,0,0,0,0,0,2,2,0,0,1,0,1,1,0
0,0,1,0,0,0,0,2,1,1,1,1,0,2,1,0,1,1,1,2,1,1,2,1,0,0,0,0,1,1
0,1,2,1,1,0,1,2,0,0,1,0,1,0,1,1,1,1,1,2,0,2,0,1,1,2,0,1,1,2
0,1,2,1,1,0,1,0,0,1,2,0,1,0,0,1,0,1,0,2,1,2,2,0,1,1,0,1,1,2
0,1,2,0,1,1,0,1,0,1,1,1,0,0,0,0,1,1,0,2,1,2,2,1,0,0,0,1,1,2
0,1,2,1,1,0,2,0,1,1,2,0,0,2,0,0,0,0,0,0,2,2,0,2,1,0,0,0,0,2
0,1,1,1,0,1,1,2,0,1,1,0,1,2,2,0,0,2,0,0,2,2,2,2,1,1,0,1,1,0
0,1,2,1,1,0,2,2,0,0,1,1,0,2,1,2,0,0,0,2,2,2,2,2,0,1,0,1,1,0
0,2,0,1,0,0,0,0,0,0,1,0,1,2,2,0,1,2,1,1,1,2,1,1,1,0,0,1,1,0
0,2,0,1,1,1,0,2,1,1,2,2,0,2,1,0,0,2,1,0,0,2,2,2,1,1,0,1,1,2
0,1,2,1,1,1,2,0,0,0,2,2,0,1,0,1,1,1,0,0,2,2,2,0,1,0,0,1,1,2
0,1,2,1,0,0,2,0,1,2,2,0,0,2,1,0,0,2,0,1,0,2,2,2,0,2,0,1,1,1
0,1,2,1,1,0,1,0,0,0,0,1,0,2,0,0,0,0,1,1,1,2,2,2,1,1,0,1,1,1
0,1,2,0,0,0,1,0,0,0,1,1,1,2,1,2,0,1,0,0,0,2,2,1,1,1,0,0,1,0
0,1,1,1,0,0,1,0,1,0,0,1,0,1,2,0,1,1,1,2,1,2,0,1,1,1,0,1,0,1
0,1,2,1,1,1,1,0,1,1,0,0,1,2,0,0,0,1,1,2,0,2,2,2,1,2,0,1,0,2
0,1,2,1,0,0,0,2,0,1,0,0,0,0,2,1,0,1,0,0,0,2,0,1,0,2,0,1,0,1
0,2,2,1,1,1,0,0,1,0,2,2,1,2,2,0,1,0,0,0,1,2,0,1,0,0,0,1,0,0
0,0,2,1,0,0,0,2,0,1,0,0,1,2,1,2,1,2,1,0,2,1,2,0,1,1,0,1,0,1
0,1,2,0,1,0,1,0,1,0,0,0,1,0,0,1,1,1,1,0,0,1,1,1,1,0,0,1,0,1
0,1,0,1,1,1,2,0,1,1,0,0,0,1,0,0,1,0,0,0,0,2,0,1,1,2,0,1,1,1
0,0,2,1,0,1,2,2,1,0,1,2,1,1,2,1,0,1,1,2,0,2,0,0,1,2,0,1,1,2
0,1,2,1,1,0,0,0,0,2,1,0,1,2,0,0,0,1,1,1,2,2,2,0,0,0,0,1,1,1
0,1,2,1,0,0,2,0,1,1,1,1,1,2,1,2,1,1,1,2,1,0,2,1,0,0,0,1,0,1
0,2,1,1,1,1,0,0,1,1,2,1,1,2,2,1,0,1,0,0,0,2,2,0,0,1,0,1,1,0
0,1,0,1,0,0,2,1,1,2,0,1,1,1,2,0,0,1,1,0,2,1,0,0,0,1,0,1,1,0
0,1,2,1,1,1,0,0,0,2,2,1,1,0,2,0,0,1,1,2,2,0,1,0,0,2,0,1,0,0
0,1,2,1,1,0,0,0,0,1,0,2,1,1,2,1,0,1,1,2,0,2,0,0,0,2,0,1,1,2
0,2,0,1,0,0,0,2,1,1,0,2,0,1,2,1,0,1,1,0,2,2,2,0,0,1,0,1,1,2
0,1,2,1,0,0,2,2,0,2,0,0,0,1,2,0,0,2,0,0,2,2,0,2,0,0,0,1,1,1
0,0,2,1,0,1,0,0,0,2,1,2,0,2,2,0,1,0,0,0,0,2,0,1,1,1,0,1,1,2
0,1,1,0,1,0,0,0,1,2,0,0,0,0,0,0,1,1,1,2,2,1,2,2,0,1,0,1,0,2
0,1,2,1,1,0,1,2,1,1,2,1,0,2,2,0,0,1,1,1,2,2,2,1,0,1,0,1,1,0
0,1,2,1,0,1,1,0,0,2,1,1,1,0,0,2,1,2,0,1,0,0,1,1,1,0,0,1,1,2
0,2,1,1,1,1,1,0,0,0,0,0,1,2,2,2,0,0,0,2,1,2,0,2,0,2,0,1,1,2
0,1,2,1,0,0,2,0,1,1,1,1,0,0,1,0,0,2,0,0,0,2,2,2,1,2,1,0,0,1
0,2,2,1,1,0,1,0,0,2,2,2,0,2,2,1,0,0,1,1,2,2,0,1,0,1,0,1,1,1
0,1,0,1,1,0,2,2,1,1,0,0,1,2,0,2,1,0,1,0,0,2,2,2,1,2,0,1,0,0
0,2,2,1,0,1,2,2,1,1,1,1,0,2,2,2,1,1,1,2,2,0,2,1,0,0,0,1,1,2
0,2,2,1,0,1,2,0,0,2,1,2,0,2,2,2,1,2,0,0,0,2,2,1,1,1,0,1,1,1
0,1,1,0,0,1,1,0,1,0,2,0,1,0,0,1,0,1,1,1,0,1,1,1,1,1,0,1,0,1
0,1,2,1,1,0,0,0,0,0,2,0,1,0,2,0,0,0,0,2,2,2,0,0,0,2,0,1,1,2
0,2,1,1,1,0,2,2,1,2,0,2,0,1,0,2,1,2,0,0,1,2,2,0,1,2,0,1,1,1
0,2,2,1,1,0,2,2,0,1,2,2,0,0,1,0,1,0,0,0,0,2,2,1,1,1,0,1,1,2
0,1,0,1,1,0,1,0,1,0,0,0,0,0,0,0,1,1,0,2,0,2,2,1,1,0,0,1,1,2
0,1,2,1,0,1,1,0,1,1,0,2,0,1,2,2,0,2,1,0,0,1,0,0,1,2,0,1,0,0
0,1,2,1,1,0,0,0,0,2,2,0,0,2,0,0,1,1,0,0,0,2,2,1,1,2,0,1,1,1
0,2,2,1,0,1,2,0,0,0,1,2,1,0,2,0,0,1,1,2,0,2,2,1,0,2,0,1,1,2
0,0,2,1,0,1,0,0,0,2,1,2,0,2,1,0,0,0,0,0,2,2,2,1,0,1,0,1,1,0
0,0,2,0,1,0,0,0,0,0,0,2,0,2,2,1,1,1,1,2,0,1,0,1,1,0,0,1,0,1
0,1,1,1,1,1,2,2,1,0,1,0,1,1,2,0,1,1,0,1,0,2,0,0,1,1,0,1,1,2
0,1,2,1,0,0,0,0,0,2,2,0,0,2,0,1,1,1,1,0,0,0,2,1,0,1,0,1,1,1
0,1,2,0,1,1,2,0,1,1,1,2,0,2,0,0,1,0,1,0,0,1,2,0,1,0,0,0,0,1
0,1,2,1,0,0,2,0,0,1,0,1,0,2,1,0,0,0,1,0,2,2,2,0,1,0,0,1,1,0
0,1,2,1,0,0,1,0,0,2,0,2,1,1,2,2,1,2,1,2,0,2,0,0,1,0,0,0,1,1
0,1,2,1,1,0,1,0,1,1,2,2,1,1,1,0,1,2,1,0,2,2,0,1,1,0,0,1,1,0
0,2,2,1,0,0,0,2,1,0,0,2,0,1,2,1,0,2,0,0,0,2,2,0,0,1,0,1,1,0
0,2,1,1,0,0,2,0,0,2,0,1,0,2,2,0,1,2,1,2,1,2,0,1,0,1,0,1,1,1
0,2,2,1,1,1,1,2,0,0,2,2,0,2,2,0,0,0,0,1,2,2,1,1,0,2,0,1,0,0
0,0,2,1,0,0,2,0,0,2,0,2,0,2,1,0,1,1,1,0,2,2,2,1,0,0,0,1,1,2
0,2,2,1,0,0,1,2,1,2,2,1,1,1,2,0,0,2,1,0,2,2,2,2,1,1,0,1,1,0
0,1,2,1,0,0,1,0,0,1,1,0,0,1,1,1,0,2,1,2,0,2,2,0,1,1,0,1,0,2
0,1,2,1,0,0,1,0,1,1,2,1,0,2,1,1,1,1,1,1,2,2,2,1,1,1,0,1,1,0
0,1,2,1,0,0,2,2,1,0,2,2,0,2,2,0,0,0,0,2,0,2,2,0,0,0,0,1,1,0
0,2,2,1,1,0,0,2,0,1,2,1,0,0,1,0,0,1,1,2,2,2,2,1,0,2,0,1,1,0
0,1,2,1,0,0,1,0,0,2,0,1,0,2,0,0,1,0,0,1,0,2,1,1,0,1,0,1,1,2
0,1,2,1,1,0,2,0,0,2,2,0,0,2,2,1,0,2,0,0,0,2,2,0,0,0,0,1,1,1
0,1,2,1,0,1,0,0,1,1,1,0,0,0,2,0,0,1,0,2,2,2,2,1,0,0,0,1,1,1
0,2,0,0,1,1,0,0,0,0,1,2,0,0,1,0,1,1,0,0,2,1,2,1,1,0,0,1,0,2
0,1,2,1,0,0,1,0,1,0,2,1,0,2,2,1,0,0,0,0,1,1,2,2,1,0,0,1,0,0
0,2,0,1,1,1,1,2,0,0,1,2,1,2,2,1,0,1,1,1,1,2,1,0,0,1,0,1,0,2
0,1,2,0,1,1,2,0,1,2,1,2,1,0,1,0,1,0,1,2,1,1,2,0,0,2,0,1,0,1
0,1,2,1,0,0,2,0,1,0,1,0,1,1,0,1,0,1,1,0,0,1,1,0,0,1,1,0,1,2
0,2,1,0,0,0,1,0,1,0,1,1,1,0,1,1,0,0,1,1,1,1,1,2,0,0,0,1,0,1
0,1,2,1,0,0,1,2,1,1,2,2,1,2,0,1,0,1,1,0,2,2,1,0,0,0,0,1,1,0
0,2,0,1,1,1,0,0,1,1,2,2,0,0,2,1,0,1,0,1,1,2,0,1,0,1,1,0,1,2
0,1,2,1,0,1,1,1,0,1,2,2,0,2,2,1,0,1,1,2,2,0,2,1,0,1,0,1,0,0
0,1,2,1,1,0,0,1,1,1,2,2,0,0,0,0,0,0,0,1,2,2,2,0,0,0,0,1,1,2
0,2,2,1,1,0,1,0,0,1,0,2,0,2,1,0,1,1,0,2,2,2,2,2,1,1,0,1,1,2
0,1,0,1,1,0,2,2,0,1,0,0,0,2,2,1,0,0,1,2,2,2,0,2,1,0,0,0,1,1
0,1,2,1,1,1,0,0,0,2,2,0,0,0,1,1,0,1,0,0,1,2,2,0,1,2,0,1,1,0
0,2,2,1,0,0,1,1,1,2,1,1,0,0,2,1,0,1,1,2,0,2,0,0,1,1,0,1,1,2
0,1,2,0,0,1,0,2,0,0,0,0,1,0,1,1,0,1,1,2,0,1,2,1,1,0,0,1,0,0
0,2,2,1,0,0,0,0,1,1,1,1,1,1,2,1,0,1,1,2,0,1,2,0,0,2,0,1,0,0
0,2,2,1,0,0,2,0,1,0,1,0,1,1,2,0,0,0,1,0,2,2,2,0,1,1,0,1,1,1
0,1,2,1,0,1,1,0,1,1,2,2,0,1,1,1,0,0,1,2,2,2,0,2,1,1,0,1,1,1
0,2,2,1,0,1,0,2,0,1,1,1,1,0,1,1,0,1,0,1,0,2,0,1,0,1,0,1,1,0
0,2,2,1,1,0,2,1,0,0,1,0,1,0,2,1,1,1,1,2,0,2,2,1,0,0,0,1,1,1
0,1,2,1,0,0,0,2,1,0,2,1,0,2,2,0,0,0,0,2,2,2,2,0,0,0,0,1,1,2
0,2,2,1,1,0,0,0,0,0,0,0,1,1,1,0,0,0,0,2,2,2,2,0,0,1,0,1,1,0
0,1,0,1,1,1,1,0,1,2,0,0,1,1,0,1,0,2,0,0,2,2,0,0,0,1,0,1,1,1
0,2,2,1,1,0,1,0,1,1,1,0,0,0,1,0,0,0,0,1,0,2,2,0,0,2,0,1,0,0
0,1,1,1,1,1,0,0,0,1,1,2,0,2,1,1,1,1,0,1,2,2,2,1,0,2,0,0,1,2
0,2,0,1,1,1,0,2,1,1,2,0,0,2,2,0,0,0,0,2,0,2,0,1,0,2,0,1,1,2
0,1,2,0,0,0,0,0,1,2,1,0,1,1,2,1,1,1,0,2,0,1,0,0,1,1,0,1,0,2
0,2,2,0,1,0,2,2,0,2,2,2,0,2,1,2,0,2,1,0,2,1,2,1,1,1,0,1,0,0
0,2,2,0,0,0,1,2,1,1,2,1,0,1,2,1,1,0,1,2,1,1,2,0,1,1,0,1,0,2
0,0,2,1,1,0,1,0,1,2,1,2,0,1,2,0,0,1,0,1,0,2,0,0,1,2,0,1,1,0
0,1,2,1,1,1,1,2,1,2,0,0,0,1,0,2,1,2,1,1,1,2,0,0,1,1,0,1,1,0
0,1,2,1,1,0,0,0,0,2,2,1,0,2,0,1,0,2,1,2,2,2,2,0,1,2,0,1,1,1
0,1,2,0,1,1,1,0,0,2,0,0,0,2,0,1,1,0,0,2,2,1,2,2,0,2,0,1,1,2
0,1,0,1,1,0,1,2,0,0,1,0,0,0,1,0,0,1,1,1,2,0,1,0,1,2,0,0,0,2
0,2,2,0,0,0,0,2,1,1,1,1,1,1,1,1,1,1,0,2,1,1,2,0,1,1,0,0,1,0
0,1,2,1,1,1,0,0,0,2,1,1,0,2,0,0,1,1,1,1,1,2,2,0,1,0,0,1,0,2
0,1,0,0,1,0,2,2,0,1,1,0,1,0,0,0,1,0,0,0,0,1,2,1,1,2,0,0,1,0
0,1,2,1,0,0,0,0,0,0,0,1,0,2,2,0,1,2,1,2,0,0,2,1,0,2,0,1,0,2
0,1,2,1,0,1,0,0,0,0,2,1,1,2,1,0,0,1,0,1,0,2,2,2,1,2,0,1,1,0
0,1,2,0,0,1,1,0,0,1,2,1,0,2,1,0,0,0,0,0,2,1,2,1,1,2,0,1,0,1
0,1,2,1,0,0,2,0,1,2,2,2,1,0,1,1,0,2,1,0,2,2,2,0,1,1,0,1,0,0
0,2,1,1,0,0,1,2,1,1,0,1,1,0,0,0,1,0,0,0,1,2,0,1,1,2,0,1,1,2
0,1,2,1,1,1,1,2,1,0,1,1,0,1,0,0,1,0,1,2,2,2,0,1,0,2,0,1,1,2
0,1,2,1,1,1,0,0,0,2,2,0,1,2,1,0,0,2,0,2,0,2,2,2,0,0,0,1,1,1
0,2,2,1,1,1,2,0,1,2,1,0,1,0,2,1,1,1,1,2,2,1,0,1,1,0,0,1,0,0
0,1,2,0,1,1,2,0,0,0,0,0,1,2,0,1,1,1,0,2,0,1,2,1,0,1,0,1,0,2
0,1,0,1,1,0,1,2,0,0,0,0,0,0,2,1,0,0,1,0,2,2,1,0,1,0,0,1,1,0
0,1,0,1,1,0,0,0,0,2,0,2,0,2,0,1,0,1,1,2,0,2,2,0,0,0,0,1,1,2
0,1,2,1,1,1,1,1,1,2,2,0,0,2,0,1,0,1,1,0,2,2,2,1,0,2,0,1,1,0
0,1,2,1,1,1,0,0,0,2,2,1,0,0,0,1,0,1,0,2,2,2,2,1,0,2,1,1,1,1
0,1,2,1,1,1,1,0,1,2,1,2,1,0,1,0,1,0,0,2,0,2,2,1,0,0,0,1,1,1
0,1,2,1,0,1,2,0,1,0,1,1,0,2,1,0,1,1,1,0,2,0,2,2,1,1,0,1,0,2
0,2,2,1,0,1,2,2,0,0,1,2,0,0,0,1,0,1,0,0,1,0,1,0,1,1,0,1,0,1
0,2,0,1,1,0,2,0,0,0,1,2,1,2,2,0,1,0,0,1,1,2,0,1,1,1,0,1,1,0
0,1,2,1,1,1,0,0,0,1,2,0,1,2,0,1,0,0,1,0,2,2,2,2,1,1,0,1,1,1
0,0,2,1,0,0,2,2,1,0,0,0,0,2,1,1,1,1,1,0,0,2,2,1,1,1,0,1,1,2
0,1,2,1,1,0,1,2,1,1,0,1,1,1,2,1,0,2,1,1,2,2,1,2,1,1,0,1,1,1
0,1,2,1,0,1,0,0,0,0,1,2,0,1,2,1,0,2,0,0,0,2,0,0,0,2,0,1,1,1
0,2,2,1,1,0,1,0,0,1,2,2,0,2,1,0,1,0,0,2,0,2,2,1,1,1,0,1,1,2
0,1,2,1,1,1,2,0,0,1,1,2,0,1,0,0,1,0,1,0,0,2,2,0,1,1,0,1,1,1
0,1,2,1,1,1,0,0,1,0,2,0,1,0,0,1,0,1,0,0,0,2,2,0,0,1,0,1,1,2
0,1,2,1,1,1,0,0,1,1,1,1,0,2,0,0,0,0,1,0,0,0,2,0,1,0,0,0,0,0
0,1,2,1,1,0,0,2,1,1,2,1,1,2,2,1,0,0,1,1,1,2,1,2,1,1,0,1,0,2
0,1,2,1,0,0,1,0,0,0,0,0,1,1,2,0,1,0,1,2,0,0,0,0,1,2,0,1,1,2
0,1,0,1,0,0,2,0,1,2,2,1,0,1,2,0,0,0,1,0,1,0,0,1,0,0,0,0,0,1
0,1,2,1,0,0,2,2,1,1,2,0,0,0,0,0,1,0,1,0,2,2,1,0,1,2,0,1,1,2
0,2,2,0,0,1,0,2,1,1,0,1,0,1,2,1,0,1,1,2,0,1,2,0,0,1,0,1,0,2
0,0,2,1,1,0,1,0,0,2,2,2,0,2,1,0,0,0,0,2,2,2,2,1,0,2,0,1,1,0
0,1,1,1,1,1,0,0,0,0,0,1,1,2,0,1,0,2,1,0,1,2,2,0,1,2,0,1,1,1
0,2,1,1,0,0,1,0,1,2,2,2,0,0,1,0,1,0,0,2,1,2,1,1,0,1,0,0,1,1
0,1,2,0,1,1,2,2,1,1,1,2,1,0,2,0,1,0,0,0,2,0,1,1,1,2,0,1,1,2
0,1,2,1,0,0,1,2,1,0,2,1,0,2,1,1,1,1,1,2,0,2,2,1,1,2,0,1,1,0
1,0,1,0,0,0,0,0,1,1,2,0,0,2,2,1,1,0,1,2,2,1,0,1,1,2,0,1,0,1
0,1,2,0,1,0,2,2,1,1,1,1,1,2,0,1,1,1,0,2,0,1,0,1,0,1,0,1,0,0
0,1,2,1,1,0,0,2,1,0,1,1,0,2,0,2,0,2,1,2,0,2,2,0,0,2,0,1,1,2
0,1,0,0,1,0,0,0,0,2,2,0,1,0,2,1,1,0,0,0,2,1,1,2,0,1,0,1,0,0
0,1,0,1,1,1,1,0,0,2,2,0,1,1,0,0,1,2,0,0,2,2,0,2,1,1,0,1,0,0
0,2,2,1,1,0,0,2,1,1,0,2,0,0,1,1,0,2,0,2,0,2,2,0,0,1,0,1,1,0
0,1,2,1,1,0,2,0,1,1,2,0,0,0,0,1,1,1,1,0,2,2,2,1,0,0,0,1,1,1
0,2,1,1,1,1,0,2,1,2,1,1,1,2,0,0,0,0,0,2,2,2,2,1,0,1,0,1,1,0
0,2,2,1,0,0,2,0,0,2,2,0,1,1,2,1,0,2,1,1,2,0,2,2,1,2,0,0,0,0
0,2,2,0,1,0,1,0,1,1,0,0,1,0,1,1,1,1,0,0,0,1,2,1,1,1,0,1,0,2
0,1,2,0,1,1,2,2,0,2,0,0,1,0,0,1,1,2,1,2,2,1,2,0,1,0,0,1,0,2
0,1,1,1,1,1,1,0,1,1,1,1,0,2,0,1,0,0,1,2,0,2,2,0,1,0,0,1,1,1
0,1,2,1,1,0,1,0,0,0,0,1,1,2,2,0,0,1,1,2,0,2,2,2,1,1,0,1,1,2
0,2,2,1,1,0,2,2,0,1,2,1,1,2,2,0,1,0,0,2,2,2,0,1,1,0,0,0,0,2
0,1,2,1,1,0,2,2,1,0,0,1,1,1,0,0,0,0,1,0,0,2,0,0,1,2,0,1,0,2
0,1,2,1,1,1,1,0,0,1,2,1,1,2,2,2,0,2,1,0,2,2,0,0,0,2,0,1,1,0
0,2,2,1,1,1,0,0,1,0,1,0,0,0,2,0,1,1,0,0,0,2,0,1,1,0,0,1,1,2
0,2,1,1,1,0,0,2,1,0,0,1,0,0,1,0,0,0,0,1,1,2,2,1,0,1,0,1,1,0
0,1,1,1,0,0,1,0,0,0,0,2,1,2,1,0,1,1,0,0,1,0,2,1,1,1,0,1,1,0
0,1,2,1,1,0,0,0,0,1,0,1,0,2,0,1,0,1,1,2,0,2,2,0,0,2,0,1,1,2
0,1,2,1,1,0,1,2,1,1,0,1,0,1,2,0,0,1,1,2,0,2,0,1,0,1,0,1,1,2
0,2,2,1,0,1,1,0,0,2,1,1,0,2,0,2,1,1,0,2,2,2,0,1,1,1,0,1,1,2
0,1,1,1,1,1,1,0,0,1,1,1,0,2,2,0,0,1,1,2,2,2,2,0,0,1,0,1,1,1
0,1,0,1,0,1,2,2,1,1,1,0,1,0,1,1,1,0,0,0,0,2,1,2,1,2,1,0,0,2
0,1,0,1,1,0,0,2,1,2,2,0,0,2,0,2,1,2,0,0,0,2,2,1,1,1,0,1,1,1
0,1,2,1,1,0,0,0,1,0,2,1,1,0,2,1,1,1,1,0,0,2,1,1,1,0,0,1,1,1
0,2,1,1,1,0,2,2,0,0,1,1,0,0,1,2,0,2,0,2,1,2,2,0,0,0,0,1,1,2
0,1,2,1,0,0,2,2,1,0,1,0,0,0,1,1,0,0,1,2,0,2,2,0,0,1,0,1,1,1
0,1,2,0,1,0,0,2,1,1,1,1,1,2,0,1,0,1,1,2,1,1,2,1,1,2,0,1,0,1
0,0,2,1,1,0,0,2,0,1,2,2,0,0,2,2,1,0,1,0,0,2,2,2,0,0,0,1,0,1
0,1,2,1,1,0,2,0,0,2,1,1,1,2,1,2,0,2,1,0,0,0,0,0,0,1,0,1,1,2
0,1,2,1,1,0,0,0,1,2,1,0,1,1,2,1,0,1,1,2,0,2,1,0,0,1,0,1,1,2
0,1,2,1,1,0,2,0,1,0,2,1,0,2,0,0,0,1,1,1,0,2,2,1,0,2,0,1,0,1
0,2,1,1,1,0,1,2,0,0,2,0,0,1,1,1,0,1,0,1,0,2,2,0,1,1,0,1,0,0
0,1,2,1,1,0,2,0,0,0,2,2,0,0,0,1,0,2,1,0,0,2,2,0,0,0,0,0,1,0
0,1,2,1,1,0,1,0,0,1,0,1,1,2,0,1,0,1,1,2,2,2,2,0,0,2,0,1,1,2
0,1,2,1,1,1,0,2,0,1,2,0,0,2,1,1,0,0,0,0,2,2,2,2,1,1,0,1,1,2
0,1,1,1,0,0,2,0,1,2,0,0,1,1,2,1,0,2,0,1,1,2,0,2,0,1,0,1,1,1
0,1,2,1,0,1,1,2,1,0,0,0,0,1,1,0,1,1,0,1,0,2,0,0,1,1,0,1,1,1
0,1,2,1,0,0,0,2,0,2,2,0,0,0,1,0,1,0,0,0,2,2,2,1,1,2,0,1,0,1
0,1,2,1,1,0,1,0,0,2,0,0,0,2,0,0,1,1,1,2,2,2,2,1,0,1,0,1,1,2
0,2,2,1,1,1,2,1,1,2,2,2,0,2,0,0,0,1,1,2,0,2,0,1,0,1,0,1,1,0
0,2,0,1,0,1,0,0,0,1,1,0,1,2,2,1,1,1,1,0,2,1,2,1,0,0,0,1,0,1
0,1,2,1,1,0,2,2,0,0,2,1,1,2,0,1,1,2,1,0,0,2,0,2,0,0,1,0,1,2
0,1,2,1,0,0,1,0,0,0,0,1,0,2,1,0,1,1,0,1,2,2,2,1,1,2,0,1,1,2
0,1,2,1,1,1,0,2,0,0,1,0,1,0,2,1,0,1,0,1,0,2,1,0,1,2,0,1,1,0
0,1,2,1,0,1,1,0,1,1,1,1,0,0,1,0,1,0,0,0,1,2,2,1,1,0,0,1,1,1
0,0,2,1,0,0,1,1,0,1,0,1,0,0,2,0,1,0,1,1,2,2,1,0,1,1,0,1,1,0
0,2,0,1,0,1,2,0,0,2,1,1,0,2,2,0,1,2,0,1,1,2,1,2,1,0,0,1,1,0
0,1,2,1,1,0,1,2,0,0,2,1,0,2,0,1,0,1,0,2,2,2,2,1,0,0,0,0,0,2
0,2,2,1,0,1,2,2,1,2,1,2,1,0,0,1,0,0,0,0,0,2,1,2,1,1,0,1,1,2
0,2,2,0,1,1,0,0,1,1,1,2,1,2,2,1,0,1,1,2,0,1,2,1,0,1,0,1,0,1
0,2,0,1,0,1,0,0,0,1,1,2,0,2,2,0,1,0,0,2,1,2,2,1,1,1,0,1,1,0
0,2,1,1,0,0,0,0,1,2,0,2,1,0,2,1,1,1,1,2,1,2,2,1,1,0,0,1,1,2
0,1,2,1,1,1,0,0,1,0,2,2,1,1,1,1,0,0,1,1,2,2,0,2,0,2,0,1,1,1
0,2,2,1,1,0,1,0,1,1,2,0,0,0,1,0,1,0,0,0,2,2,2,1,1,1,0,1,1,1
0,2,2,0,1,0,1,0,0,2,0,2,0,1,1,0,0,1,0,0,0,2,2,0,1,1,0,1,1,0
0,2,2,1,1,1,0,1,1,2,2,2,1,0,1,0,0,1,0,2,0,0,2,1,0,0,0,1,0,0
0,1,2,1,0,0,2,0,1,2,1,0,0,0,2,0,1,1,0,0,1,2,2,1,1,2,0,1,0,0
0,1,2,1,0,0,2,1,0,0,2,1,1,2,2,2,0,0,0,0,0,2,2,2,1,0,0,1,1,2
0,1,0,1,1,0,0,2,1,1,2,0,1,2,1,0,0,0,0,0,1,2,0,1,0,1,0,1,1,1
0,2,2,1,0,0,1,0,0,1,0,1,0,2,1,0,0,1,1,0,0,2,0,0,0,2,0,1,1,0
0,1,2,1,0,0,2,0,0,0,0,1,1,2,1,0,0,0,1,2,0,2,2,0,0,0,0,1,1,1
0,2,0,1,0,1,1,0,1,1,1,1,0,2,0,0,1,0,1,1,1,2,0,0,1,0,0,0,1,2
0,1,2,1,1,0,0,1,0,2,1,2,0,2,0,1,1,0,1,2,0,2,2,2,0,0,0,0,0,1
0,1,1,1,1,0,1,2,1,0,0,0,0,2,0,1,1,1,1,0,0,2,2,1,1,2,0,0,1,2
0,0,1,1,1,0,1,2,1,0,2,2,1,2,0,0,0,1,1,1,0,1,2,2,0,0,0,1,0,0
0,2,2,1,1,0,2,0,0,1,1,0,1,0,2,1,1,0,0,0,0,2,0,2,1,1,0,1,1,2
0,2,2,1,0,1,2,0,1,1,2,0,0,1,2,1,0,1,1,0,0,2,2,0,1,2,0,1,1,0
0,1,2,1,1,0,0,0,1,2,1,2,1,1,0,1,0,2,1,0,0,2,0,0,1,0,0,1,0,1
0,1,2,1,1,1,2,2,1,1,0,1,1,0,2,2,1,0,1,1,2,2,1,0,1,1,0,1,1,0
0,2,0,1,1,0,1,2,0,1,1,1,0,0,1,1,1,1,0,0,1,2,2,1,0,0,0,1,1,0
0,1,2,1,1,0,0,2,1,0,1,1,1,2,0,0,0,0,0,2,0,2,2,1,0,1,0,0,1,2
0,2,2,0,1,1,1,0,0,1,1,2,0,2,2,0,1,2,1,0,0,1,0,1,1,0,0,0,1,2
0,0,2,0,0,1,1,0,0,2,1,2,0,2,1,0,1,2,0,0,1,1,2,0,1,1,0,1,0,2
0,1,1,1,0,1,1,1,1,0,1,2,1,2,2,0,1,1,0,1,2,2,0,1,1,0,0,1,1,1
0,1,2,1,0,0,2,2,1,1,2,1,0,2,2,0,1,0,0,0,0,2,2,1,1,2,0,1,1,2
0,2,2,1,1,1,2,2,0,0,0,1,1,2,0,1,0,0,1,1,2,2,1,2,0,1,0,1,1,1
0,2,2,1,1,0,1,0,1,2,2,0,1,1,1,2,1,2,1,0,0,2,2,0,1,1,0,1,0,1
0,2,2,1,0,0,0,2,1,2,0,1,0,2,2,2,1,2,1,0,0,2,2,0,1,2,0,1,1,1
0,1,2,1,0,0,0,0,1,2,1,1,0,0,1,0,1,1,0,0,0,2,2,1,1,0,0,1,1,0
0,0,1,1,0,0,2,0,0,0,0,1,1,2,2,0,1,0,1,2,1,2,0,0,1,2,0,1,1,1
0,1,2,1,0,0,2,0,0,2,2,0,0,2,2,1,0,0,0,2,0,2,2,2,0,1,0,1,1,2
0,0,2,0,0,0,0,0,0,0,0,2,0,2,0,1,1,0,0,2,0,1,2,2,0,0,0,0,1,2
0,2,2,1,1,0,2,2,1,0,0,2,1,2,1,1,1,1,1,2,0,2,0,1,1,2,0,1,1,0
0,1,2,1,0,0,1,0,0,1,2,1,0,2,1,0,0,1,1,0,2,0,0,0,0,2,0,1,1,0
0,2,2,1,0,0,2,0,0,1,2,0,0,2,0,0,1,0,0,0,0,2,0,1,1,2,0,1,1,0
0,2,2,0,1,1,0,2,1,1,0,1,0,1,2,0,1,1,0,0,2,1,2,0,1,1,0,1,0,2
0,2,2,1,0,0,2,2,0,0,2,2,0,0,2,0,1,1,1,0,2,0,0,1,0,0,0,1,0,0
0,1,2,1,0,0,2,0,1,1,0,0,0,2,2,0,0,0,1,2,1,2,2,0,1,1,0,1,0,1
0,1,0,1,0,1,1,0,0,0,0,0,0,0,0,0,0,0,1,1,0,2,1,1,0,0,0,1,0,2
0,1,2,1,1,0,0,0,0,2,2,2,0,2,0,0,0,1,1,2,0,2,2,0,0,1,0,1,1,0
0,2,2,1,0,0,0,0,0,1,1,0,0,0,2,0,0,0,1,2,0,2,2,0,1,1,0,1,1,1
0,2,1,1,0,1,0,0,0,0,1,2,0,0,2,1,0,1,1,2,2,2,2,0,0,1,0,1,1,0
0,1,2,1,0,1,0,0,1,0,1,2,0,1,2,0,1,2,1,2,2,0,0,1,1,0,0,0,0,1
0,2,2,1,1,0,1,2,1,1,2,2,1,2,2,0,1,2,1,0,0,2,0,1,0,0,0,1,1,2
0,2,1,1,0,0,2,0,0,0,2,1,1,1,0,0,1,0,0,2,1,0,2,2,0,0,0,0,0,2
0,1,1,1,1,1,1,2,0,1,0,0,1,2,0,0,0,0,0,0,1,2,2,2,1,2,0,1,1,1
0,1,2,1,1,0,2,2,1,0,0,1,0,2,0,0,1,0,0,0,2,2,2,1,1,0,0,0,1,1
0,2,2,1,1,1,1,0,0,1,0,2,1,2,2,1,0,0,0,2,2,2,2,2,1,1,0,1,1,2
0,2,1,1,0,0,1,2,1,1,2,0,0,2,2,1,1,1,1,0,0,0,2,1,0,0,0,1,1,0
0,2,2,1,0,0,2,2,0,0,2,1,1,2,1,1,0,0,0,0,2,2,0,2,0,2,0,1,1,2
0,1,2,1,0,0,1,2,1,1,2,1,1,2,2,0,1,1,1,2,2,2,2,1,0,2,0,1,1,0
0,1,2,1,1,1,1,0,0,2,1,1,0,0,0,0,0,1,0,1,0,2,2,0,0,2,0,1,1,0
0,2,2,1,0,0,2,0,1,0,1,2,0,1,0,0,1,0,0,1,1,2,1,1,0,1,0,1,1,1
0,1,2,1,1,1,1,0,0,1,1,2,1,0,0,1,0,1,1,2,0,2,2,0,0,0,0,1,1,0
0,1,2,0,1,0,1,0,1,1,0,1,1,0,0,1,1,1,0,2,0,1,2,1,0,2,0,1,0,2
0,2,1,0,1,0,0,0,1,2,1,1,0,1,0,0,1,0,0,2,2,1,2,1,0,2,0,1,0,1
0,1,2,1,1,0,2,0,1,2,1,2,1,0,0,0,0,0,0,0,0,2,0,1,0,1,0,1,1,0
0,1,1,1,1,0,1,2,1,0,0,1,0,0,2,0,0,0,1,2,1,2,1,0,0,2,0,0,1,0
0,2,2,1,1,1,2,2,0,1,0,1,1,2,2,0,0,1,1,0,1,2,0,2,1,1,0,1,1,1
0,2,2,1,1,1,0,0,1,1,2,0,0,0,1,1,1,1,1,0,0,2,2,1,0,0,0,1,1,1
0,2,2,1,1,0,1,0,0,1,0,2,1,2,1,1,0,0,0,2,2,2,2,2,1,2,0,1,1,1
0,2,2,1,0,0,0,0,0,1,2,2,1,2,2,1,0,0,1,2,2,2,0,2,1,1,0,1,1,1
0,1,2,1,1,0,0,0,0,2,1,2,0,1,0,1,0,1,1,2,0,2,0,0,1,2,0,1,1,0
0,1,2,1,0,1,0,0,0,0,1,0,0,1,0,0,1,2,1,1,1,2,1,0,0,0,1,0,0,2
0,1,2,1,0,1,0,2,0,0,0,1,1,2,2,0,0,1,0,1,2,2,2,1,0,1,0,1,0,2
0,1,2,1,0,0,2,0,1,1,2,0,0,0,0,0,1,0,0,0,2,2,1,1,1,2,0,1,1,1
0,1,2,1,1,0,0,2,1,2,2,0,0,0,0,2,1,2,1,1,2,2,2,0,1,1,0,1,1,2
0,1,2,1,1,0,2,2,0,2,0,1,1,1,2,1,0,2,0,2,0,1,0,2,0,2,0,1,0,1
0,1,2,1,1,1,1,0,0,0,1,0,0,2,2,0,0,1,0,0,0,2,2,0,1,2,0,1,0,0
0,2,1,1,1,0,0,0,1,2,0,2,1,0,1,1,1,2,0,2,1,2,2,1,0,0,0,1,0,0
0,1,0,0,1,0,1,0,0,0,2,1,0,2,0,1,1,1,1,0,2,1,2,1,1,0,0,1,1,0
0,1,2,1,1,0,1,2,1,1,0,0,0,0,2,0,1,1,1,1,0,2,1,1,0,1,0,1,1,1
0,1,2,1,0,1,1,0,0,2,0,1,1,2,1,0,1,1,1,1,0,2,2,2,0,0,0,1,1,2
0,2,1,1,1,0,0,1,1,0,0,2,1,1,1,1,1,1,1,0,1,2,2,1,1,0,0,1,1,2
0,2,2,0,0,0,0,2,0,0,1,1,1,0,2,0,1,0,0,2,0,1,2,0,0,2,0,1,0,1
0,1,0,1,1,0,2,2,1,1,2,1,1,2,1,0,1,0,0,1,1,2,2,1,1,0,0,1,1,1
0,1,2,1,1,1,0,0,0,1,2,0,1,2,0,1,1,1,0,2,2,2,2,1,0,1,0,1,1,0
0,0,2,1,1,0,0,2,0,0,0,1,0,2,1,0,1,2,1,0,0,2,2,2,1,0,0,1,1,1
0,2,2,1,1,1,0,0,1,1,2,0,1,0,0,1,1,1,0,1,0,2,1,1,0,2,0,1,1,0
0,1,2,1,1,0,1,2,0,1,2,1,0,0,0,1,0,1,0,2,2,2,2,1,0,1,0,0,0,0
0,1,2,1,1,0,0,0,1,1,1,0,1,2,0,0,0,0,1,0,0,2,2,0,1,1,0,1,1,1
0,1,2,1,1,0,2,2,1,1,0,0,0,1,0,0,1,0,1,0,2,1,0,0,1,2,0,1,0,1
0,0,2,1,1,1,1,0,1,0,1,1,1,0,2,0,0,2,0,0,0,2,2,2,1,2,1,0,0,2
0,2,2,1,1,1,1,0,1,2,1,1,0,0,2,0,1,1,1,2,0,2,2,1,0,1,0,1,1,1
0,1,2,1,0,0,0,2,1,2,2,0,1,0,1,1,0,0,1,0,0,2,2,1,0,1,0,1,1,2
0,1,2,1,1,1,2,0,0,1,1,1,1,2,0,2,1,0,0,0,0,2,2,2,1,0,0,1,1,0
0,2,2,0,1,1,2,0,0,2,0,0,0,0,0,1,1,2,0,2,2,0,1,2,0,1,0,1,1,2
0,1,2,1,1,0,0,2,1,1,2,0,0,2,0,1,0,1,1,0,2,2,2,0,0,2,0,1,1,0
0,0,1,1,1,0,1,0,0,2,0,0,1,2,0,0,0,1,0,0,1,2,0,2,1,2,0,1,1,1
0,2,2,1,1,0,1,0,0,1,2,2,0,2,2,1,0,0,1,0,2,2,0,2,1,1,0,1,1,1
0,1,2,1,1,0,0,0,0,2,1,0,0,0,0,2,1,2,0,2,0,2,2,1,0,1,0,1,1,0
0,1,2,1,0,0,0,0,1,2,2,0,1,1,2,2,1,2,1,0,0,0,0,0,0,1,0,1,0,0
0,2,0,1,1,1,0,2,1,0,1,1,1,0,2,1,0,1,0,1,2,0,0,0,1,2,0,0,0,1
0,1,2,1,0,1,1,2,1,1,1,1,1,2,1,1,0,0,1,0,0,2,2,2,1,1,0,1,0,1
0,2,2,1,1,0,2,0,1,0,1,1,0,0,0,0,1,0,1,2,0,2,0,1,0,2,0,1,1,2
0,2,2,1,1,0,1,0,0,1,1,2,1,2,1,2,1,2,1,0,2,2,2,0,1,0,0,1,1,2
0,1,2,1,1,1,1,0,0,1,1,1,0,2,0,0,0,1,0,2,0,2,2,2,0,2,0,1,1,2
0,2,1,0,1,1,1,0,0,2,0,1,1,2,1,1,0,0,1,2,1,1,2,2,0,2,1,0,1,0
0,1,2,0,1,1,0,0,1,0,1,0,0,2,0,1,0,1,1,2,0,0,2,1,1,0,0,1,1,1
0,1,2,1,1,0,0,2,0,2,2,1,1,2,0,0,0,2,0,2,1,2,2,2,1,2,0,1,1,1
0,1,2,0,0,1,1,0,1,2,2,0,1,2,1,0,1,1,0,2,2,0,2,1,1,1,0,1,1,0
0,1,2,1,0,0,1,0,0,0,2,2,0,2,1,1,0,0,0,2,2,2,1,2,0,2,0,1,1,0
0,1,2,1,1,0,0,0,0,1,0,2,0,2,0,1,0,1,1,2,1,0,2,0,0,0,0,1,0,2
0,2,2,1,1,1,2,0,1,2,2,2,1,2,1,1,1,1,0,0,2,2,2,1,1,0,0,1,1,0
0,2,0,1,1,1,2,1,1,2,2,0,0,1,1,1,0,0,1,0,1,2,2,2,1,1,0,1,0,1
0,1,2,1,0,0,1,0,0,1,2,1,0,2,1,0,0,0,1,0,2,0,2,0,1,1,0,1,1,1
0,1,2,1,1,1,1,0,1,1,0,1,0,2,0,0,1,0,0,0,1,2,2,1,1,1,0,1,1,0
0,2,2,1,0,1,2,0,1,2,2,2,0,1,1,1,1,1,1,1,0,2,2,1,1,2,0,0,1,1
0,1,2,1,1,0,1,0,0,0,2,0,1,1,0,1,1,1,0,1,1,2,0,1,0,1,0,1,1,0
0,1,2,0,0,0,1,0,0,0,0,1,0,2,2,1,0,1,0,2,0,1,0,1,1,0,0,1,0,1
0,2,0,1,1,0,0,0,0,1,0,2,1,0,2,0,0,1,0,1,0,0,1,0,0,2,0,1,0,2
0,1,1,1,0,1,2,0,1,1,0,2,0,2,1,0,1,0,0,2,1,0,2,1,1,1,0,1,0,2
0,1,2,1,1,1,0,2,0,1,2,0,1,0,2,0,0,0,0,0,0,2,0,1,0,0,0,1,1,2
0,1,2,1,0,0,2,0,0,2,2,1,1,2,2,1,0,0,0,2,2,2,2,0,0,1,0,1,0,2
0,2,2,1,0,1,2,2,1,1,1,1,0,1,2,0,0,1,0,0,0,2,2,2,1,1,0,1,1,0
0,2,2,1,1,0,1,2,1,2,2,2,0,2,1,0,0,0,0,0,0,2,0,0,1,2,0,1,1,2
0,1,1,1,0,0,2,0,0,2,0,1,0,2,2,0,0,1,1,2,1,0,2,0,0,1,0,1,1,2
0,1,2,1,1,0,1,0,0,1,2,2,0,0,0,1,0,2,1,2,2,2,2,0,1,1,0,1,1,0
0,2,2,0,0,0,1,2,1,0,1,0,0,2,2,0,1,0,1,2,1,1,2,1,0,0,0,0,1,0
0,2,1,1,1,1,0,2,0,1,0,2,1,2,2,2,1,0,0,2,1,2,1,2,1,1,0,1,1,2
0,1,1,1,0,1,2,2,0,1,0,1,1,0,2,0,1,2,0,2,2,2,2,1,0,2,0,1,1,1
0,1,0,1,1,1,0,0,0,0,1,0,1,0,0,2,0,0,0,0,1,2,2,0,0,2,0,1,1,0
0,1,1,1,1,1,2,1,0,0,2,1,1,2,0,1,0,1,0,2,0,2,2,0,1,2,0,1,1,0
0,2,0,1,1,0,0,2,1,1,0,1,0,0,2,1,0,1,0,1,0,2,0,1,0,1,0,1,1,1
0,1,2,1,0,0,1,0,1,0,2,0,1,2,2,1,0,1,1,2,2,0,2,0,1,1,0,1,0,0
0,1,1,1,0,1,2,2,0,1,1,0,1,0,1,1,1,1,0,1,0,0,1,1,0,1,0,1,1,2
0,1,1,1,0,1,2,0,0,0,1,2,1,0,1,2,1,0,1,2,2,0,1,2,0,0,0,1,1,1
0,2,2,1,1,1,0,2,1,0,2,2,0,2,2,0,1,2,0,0,2,2,0,1,0,0,0,1,1,0
0,2,2,1,0,0,0,0,0,1,2,2,0,2,1,0,0,1,1,1,2,2,1,2,0,0,0,0,1,2
0,2,0,1,1,1,2,0,1,1,0,1,0,0,1,2,1,0,1,2,0,1,0,0,1,2,0,1,0,2
0,1,2,0,0,1,1,2,0,1,1,1,1,2,0,0,1,1,0,0,2,1,1,1,1,2,0,1,0,2
0,1,1,1,1,1,1,2,0,0,1,0,0,2,0,0,1,1,0,2,2,2,2,2,1,2,0,1,1,0
0,1,0,1,1,0,1,2,0,0,2,1,1,2,0,0,0,1,1,2,0,2,2,2,1,1,0,1,1,1
0,1,1,1,1,1,1,1,1,2,1,1,0,1,2,1,0,1,1,0,2,2,1,0,0,1,0,1,1,2
0,2,2,1,1,1,2,0,0,1,2,1,0,2,1,0,0,1,1,2,2,2,2,2,0,1,1,0,1,0
0,1,2,1,0,0,1,0,0,1,1,0,0,0,2,0,0,1,1,1,2,2,2,1,0,1,0,0,0,0
0,1,2,0,0,1,1,2,1,0,1,0,0,2,1,0,1,1,0,0,2,0,2,0,1,1,0,1,0,0
0,2,2,1,1,0,2,0,1,1,1,2,0,0,1,0,1,0,1,1,1,1,2,0,1,0,0,1,0,1
0,2,0,1,1,1,0,0,0,1,2,0,1,2,2,0,1,0,1,1,1,2,0,0,1,2,0,1,1,1
0,1,1,1,1,0,1,0,1,0,2,0,0,0,1,0,0,0,0,2,0,1,2,1,0,0,0,0,1,2
0,1,2,1,0,0,2,2,0,2,2,2,1,2,2,1,0,0,1,0,0,2,2,2,0,2,0,0,1,2
0,1,1,1,1,0,0,0,1,0,0,1,0,2,0,0,0,0,0,0,1,2,0,0,0,2,0,1,1,2
0,1,2,1,0,1,1,0,0,2,1,2,1,2,1,0,0,1,1,2,0,2,2,1,0,0,0,1,1,0
0,2,2,1,1,0,2,0,0,2,2,0,0,0,1,1,1,1,0,2,2,2,2,1,0,1,0,1,1,2
0,2,2,1,1,1,0,2,0,1,2,2,1,0,0,0,0,0,1,0,2,1,1,0,1,2,0,1,0,0
0,1,0,1,0,1,0,2,0,0,1,0,0,0,2,0,1,1,0,0,1,2,2,0,1,2,0,0,1,0
0,1,2,1,1,0,2,0,0,2,0,0,0,2,2,1,0,1,1,1,1,2,2,0,0,1,0,1,1,2
0,2,2,1,1,0,1,0,0,1,0,1,0,2,1,1,0,0,1,1,2,0,0,2,1,2,0,1,0,1
0,1,2,1,1,0,0,2,1,1,2,0,1,2,0,0,0,1,1,1,2,2,2,1,0,1,0,1,1,0
0,2,2,1,1,0,1,0,1,1,1,0,1,0,1,0,1,1,1,2,1,1,2,2,0,1,0,1,0,0
0,1,2,1,1,0,0,0,0,2,2,1,0,2,1,0,1,1,1,0,2,2,1,2,1,0,0,0,1,0
0,1,0,0,0,0,2,2,1,2,0,0,1,2,2,0,0,2,0,2,2,1,2,2,1,1,0,1,0,0
0,2,2,0,0,0,1,0,0,0,1,2,1,2,2,0,1,1,0,2,1,1,2,1,1,1,0,1,0,2
0,1,2,0,0,1,2,0,1,0,2,0,0,0,2,1,1,1,0,2,2,0,2,1,1,1,0,1,1,0
0,1,2,1,1,0,2,0,0,1,2,1,0,2,0,0,1,0,0,2,2,2,2,1,1,0,0,1,1,0
0,0,2,1,1,1,0,2,1,1,2,0,0,2,0,0,0,1,1,1,2,2,2,0,0,2,0,1,1,0
0,1,0,1,1,1,2,0,1,1,1,0,0,2,2,0,0,0,1,0,0,0,0,2,1,1,0,0,0,1
0,2,2,1,1,0,1,0,0,1,1,0,0,0,1,1,0,1,1,2,1,2,2,0,0,2,0,1,1,0
0,2,2,0,0,1,2,0,1,0,1,2,1,1,1,1,0,1,1,2,1,1,2,1,1,1,0,1,0,0
0,1,1,1,1,1,0,0,0,0,1,1,0,2,2,0,0,0,0,2,1,0,2,0,0,0,0,1,0,0
0,1,2,1,1,0,0,0,0,1,0,0,0,2,0,0,0,0,1,2,0,2,2,0,1,2,0,1,0,0
0,1,2,1,1,1,1,1,0,2,0,2,1,0,0,1,1,1,1,2,2,2,2,1,0,1,0,1,1,2
0,0,1,1,1,0,1,2,0,0,0,2,0,2,0,0,0,0,0,0,1,2,0,1,0,1,0,1,0,2
0,2,2,1,1,1,0,2,0,1,0,1,1,1,1,1,1,1,0,0,0,2,2,1,1,1,0,1,1,2
0,1,2,1,0,0,1,0,0,1,2,0,0,0,2,1,0,0,1,2,0,2,2,0,0,2,0,1,1,2
0,1,2,1,0,0,1,0,0,0,1,2,0,0,1,1,0,1,1,0,0,2,2,0,1,1,0,1,1,2
0,2,2,1,0,1,0,0,1,0,1,2,0,2,2,0,1,0,0,1,0,2,2,1,0,0,0,1,1,0
0,2,2,0,0,1,2,0,1,2,1,2,0,2,1,0,1,0,1,2,1,1,2,1,0,2,0,1,1,1
0,2,2,0,1,0,1,0,1,2,2,1,0,2,2,0,1,1,1,0,2,1,0,1,1,0,0,1,0,1
0,2,2,1,1,1,2,0,1,0,1,2,0,2,2,2,1,0,0,0,2,2,0,2,0,0,0,1,0,2
0,2,0,1,1,1,2,0,0,1,1,0,0,2,0,1,0,1,0,2,0,2,2,0,0,2,0,1,1,1
0,1,0,0,1,0,0,0,1,0,2,2,0,2,0,2,1,2,0,0,1,1,2,1,0,0,0,1,0,1
0,1,2,1,0,1,2,0,0,1,0,0,1,2,1,0,1,0,0,0,2,2,2,1,1,1,0,1,1,1
0,1,2,1,0,0,2,0,0,2,0,0,0,2,1,0,1,2,1,2,1,2,2,2,1,1,0,1,1,1
0,1,1,1,1,1,1,0,1,2,2,0,0,1,2,0,1,2,0,0,0,2,0,2,0,1,0,1,1,0
0,1,2,0,1,1,1,0,1,0,1,2,0,1,0,1,1,1,0,1,2,1,0,1,0,2,0,1,1,2
0,1,2,1,0,1,0,0,0,0,0,1,0,0,1,0,0,0,0,0,1,0,2,0,0,1,0,1,0,0
0,2,2,1,0,1,0,0,0,2,1,0,1,0,2,2,0,1,1,2,2,2,2,1,0,2,0,1,0,0
0,2,1,1,0,1,0,0,1,1,1,0,1,2,1,0,0,1,1,0,2,1,0,1,0,2,0,1,0,0
0,2,2,1,0,1,0,0,0,1,2,2,1,1,0,1,0,1,1,2,0,2,2,0,0,2,0,1,1,0
0,1,2,1,1,0,2,1,1,2,2,2,0,2,0,0,0,0,0,2,2,2,2,1,0,0,0,1,1,2
0,1,2,1,0,1,2,0,1,2,1,0,0,2,1,2,0,0,0,0,2,2,2,2,0,0,0,0,0,0
0,1,2,1,0,0,1,1,1,0,1,1,0,0,2,1,0,1,0,2,1,2,2,0,1,2,0,1,1,0
0,2,2,1,0,1,2,1,1,1,2,2,1,1,2,0,0,0,1,0,2,2,2,0,1,1,0,1,1,2
0,1,2,1,0,1,1,0,1,1,1,0,0,0,1,0,1,0,0,0,2,2,2,1,1,2,0,1,1,1
0,1,0,0,1,1,0,2,0,0,1,1,0,2,2,1,0,1,1,1,2,1,1,1,1,1,0,1,0,2
0,1,2,1,1,1,2,0,0,1,0,0,0,2,2,0,1,0,1,1,1,2,0,0,1,2,0,1,1,1
0,1,0,1,1,1,0,2,0,2,1,2,1,2,0,1,0,2,1,0,1,2,1,2,0,0,0,1,1,0
0,2,0,1,1,0,1,0,1,0,1,0,1,1,1,2,1,2,1,0,0,2,2,0,0,0,0,0,0,2
0,1,2,0,1,0,2,0,1,0,0,0,1,0,2,0,1,1,0,1,0,1,1,1,1,0,0,0,1,1
0,1,1,1,0,0,1,0,0,0,2,2,0,2,1,1,0,0,1,2,0,2,0,2,0,1,0,1,1,0
0,1,2,0,0,1,1,2,0,1,0,1,1,1,2,0,1,0,0,0,0,1,2,1,1,2,0,1,0,0
0,1,2,0,1,1,1,0,0,1,0,1,1,2,1,1,0,1,1,2,2,1,2,1,0,0,0,1,0,2
0,1,2,1,1,1,1,2,0,1,0,0,1,1,0,1,1,0,1,2,0,2,0,2,1,2,0,1,1,1
0,1,0,0,0,1,0,0,0,1,1,2,0,2,2,1,1,0,1,1,2,1,2,0,1,0,0,0,1,1
0,0,0,1,1,1,0,0,0,0,0,2,1,2,2,1,0,1,1,2,2,2,2,0,0,2,0,1,0,2
0,1,2,1,1,1,1,0,1,2,2,0,0,0,2,0,1,0,0,1,2,1,1,1,0,1,0,1,0,1
0,2,0,1,1,1,1,0,0,0,1,0,0,2,2,0,0,0,1,0,0,2,0,1,0,0,0,1,0,1
0,1,0,1,1,1,1,0,0,1,2,0,1,0,0,1,0,1,0,0,1,2,2,0,0,2,0,1,1,1
0,1,2,1,0,1,1,0,1,2,2,2,0,1,1,1,0,1,1,1,0,2,0,0,0,2,0,1,0,0
0,2,2,1,1,1,1,2,0,0,1,2,1,1,1,0,0,1,1,0,0,2,2,2,1,2,0,1,0,1
0,1,1,0,0,1,1,0,1,2,1,2,0,2,1,1,1,1,0,0,1,1,2,1,0,0,0,1,0,0
0,1,1,1,1,0,0,0,0,2,0,2,0,2,2,1,0,1,1,0,1,2,0,1,0,2,0,1,1,1
0,1,2,1,1,0,2,2,1,0,2,0,0,2,1,0,0,2,1,2,2,2,2,1,0,1,0,1,1,0
0,1,2,0,0,1,0,2,1,0,1,1,0,2,1,1,1,1,1,0,1,1,2,1,1,0,0,1,0,1
0,1,2,0,0,1,2,0,1,2,0,2,0,0,1,0,0,0,0,2,0,1,2,1,0,0,0,1,0,2
0,1,2,1,0,1,1,0,0,1,1,2,1,0,0,2,1,2,0,0,0,0,1,1,0,0,0,1,1,0
0,1,0,1,1,1,2,2,0,1,2,1,1,0,0,0,1,0,0,0,0,2,0,1,1,0,0,0,0,2
0,1,2,1,1,1,2,0,1,1,2,0,1,0,0,0,1,0,1,0,2,1,2,1,1,2,0,1,0,2
0,1,1,1,1,0,2,2,1,1,0,0,0,2,1,1,1,1,1,2,1,2,2,1,0,0,0,1,1,2
0,1,2,1,1,0,1,0,0,1,2,0,1,0,2,1,0,1,1,2,2,2,1,0,0,1,0,1,1,2
0,1,2,1,1,0,1,2,1,1,2,1,0,2,0,0,0,1,0,2,0,2,2,1,0,2,0,1,1,2
0,1,2,1,0,1,2,0,0,0,0,1,1,2,2,0,1,1,0,2,0,2,2,2,1,0,0,1,1,0
0,1,2,1,1,1,0,0,1,1,2,2,0,1,0,1,0,0,0,2,2,0,0,2,1,1,0,0,0,1
0,1,2,1,1,0,0,2,1,0,1,1,0,2,0,2,0,2,0,0,0,2,0,0,0,1,1,0,1,1
0,1,2,1,1,0,2,2,1,1,2,2,0,2,0,1,1,0,0,2,2,2,2,1,0,2,0,0,1,2
0,0,2,1,0,1,0,0,0,1,1,2,1,2,1,1,0,1,1,2,2,2,2,1,0,1,0,1,1,1
0,1,2,0,0,0,2,2,1,2,1,2,1,2,1,0,1,0,0,0,0,1,2,1,0,2,0,1,0,1
0,2,1,1,1,1,2,0,0,2,1,1,1,2,2,0,1,0,0,0,2,2,0,1,0,2,0,1,1,0
0,1,2,1,0,1,0,0,0,1,1,2,0,0,2,0,0,0,1,0,1,2,0,0,1,1,0,1,1,2
0,2,2,1,0,1,0,1,1,1,2,1,1,1,0,1,0,1,1,2,1,0,2,0,0,2,0,1,0,0
0,1,1,0,1,1,0,0,1,1,2,0,1,0,0,0,0,1,0,0,2,1,2,2,0,1,0,1,0,2
0,2,2,1,0,1,1,1,1,2,1,0,0,0,2,1,0,1,0,0,0,0,2,0,1,0,0,1,1,2
0,1,0,1,1,1,0,0,0,0,2,0,1,0,2,1,0,1,0,2,1,2,2,0,1,2,0,1,1,2
0,1,0,0,1,0,1,0,1,1,1,1,1,2,0,0,1,0,0,0,2,1,2,1,1,1,0,1,0,1
0,1,2,1,1,0,2,2,1,1,2,1,0,2,0,1,1,1,0,0,2,2,2,1,0,1,0,1,1,2
0,1,2,0,0,1,0,0,0,0,1,1,0,2,1,2,0,2,0,2,0,1,2,1,0,1,0,1,0,0
0,2,1,0,0,1,0,0,1,1,1,2,1,0,1,1,0,0,1,0,0,1,1,1,1,2,0,1,0,0
0,1,2,1,1,1,0,0,1,0,2,0,0,0,0,0,0,1,1,1,0,2,2,0,0,0,0,1,1,0
0,1,2,1,1,0,1,0,1,0,0,2,0,1,0,0,1,2,0,1,0,2,0,2,1,0,0,1,1,1
0,1,1,1,0,1,0,0,0,1,0,2,1,2,2,1,1,0,0,0,2,0,2,2,1,2,1,0,1,2
0,1,0,1,1,0,0,0,0,1,0,0,1,1,2,1,0,1,1,0,2,2,0,0,0,2,0,1,1,2
0,1,0,1,1,1,0,2,0,0,2,0,1,0,0,0,1,1,1,0,1,2,2,1,1,2,0,0,0,0
0,1,2,1,1,0,1,2,0,0,0,1,0,2,0,1,1,1,1,0,2,2,2,1,1,0,0,1,0,2
0,0,2,1,1,0,2,2,1,0,0,0,0,2,2,1,1,1,1,2,0,2,0,1,1,1,0,1,1,2
0,1,2,1,1,0,0,2,1,1,2,1,1,2,0,0,0,1,1,2,2,0,2,0,0,1,0,1,1,1
0,2,2,1,1,1,0,2,0,1,1,2,1,0,1,1,1,1,0,2,0,2,2,1,0,1,0,1,0,2
0,1,2,1,1,0,1,0,0,1,1,2,1,0,0,2,0,1,1,0,0,2,2,1,0,1,0,1,1,1
0,0,1,1,1,1,2,0,0,1,1,0,0,0,1,0,1,0,0,0,0,2,2,1,1,1,0,1,1,0
0,2,2,1,0,0,1,0,1,1,2,1,0,2,0,0,1,0,1,0,2,0,0,0,1,2,0,1,0,1
0,1,2,1,1,1,0,1,0,0,1,2,1,2,0,0,0,1,1,2,0,2,2,2,0,1,0,1,1,0
0,1,2,1,0,1,2,2,1,1,2,1,0,2,1,1,1,1,0,2,0,2,2,1,0,2,0,1,1,0
0,1,1,0,1,1,1,0,0,2,1,1,0,2,0,1,1,1,1,2,1,1,2,1,1,0,0,1,0,1
0,1,2,1,1,1,2,2,0,0,2,0,1,0,0,0,1,0,0,2,2,2,2,1,0,1,0,1,1,0
0,2,2,1,0,0,2,2,1,0,0,2,0,2,1,1,0,1,0,0,0,2,2,0,1,2,0,0,1,2
0,1,2,1,1,0,2,0,1,0,1,2,1,1,2,1,0,0,1,1,1,2,0,0,0,1,0,0,1,1
0,2,2,1,1,0,1,0,0,1,1,1,1,0,1,2,1,1,1,0,0,2,2,1,0,0,0,1,1,1
0,1,2,1,1,0,1,2,1,1,2,2,1,2,2,0,1,1,1,2,2,2,2,1,0,0,0,1,0,0
0,1,2,1,0,1,0,2,0,1,0,0,1,0,2,1,0,2,1,2,0,2,2,0,0,1,0,1,1,1
0,1,2,0,0,0,1,0,0,0,2,1,0,2,2,0,1,1,1,1,2,1,2,1,1,2,0,1,0,1
0,2,2,1,0,1,2,0,0,2,0,2,1,2,2,1,0,0,1,2,0,1,2,2,0,0,0,1,0,0
0,1,0,1,0,1,1,2,1,1,0,0,1,0,2,1,1,1,0,2,1,0,2,1,0,0,0,1,1,1
0,1,0,1,1,1,0,0,0,2,1,1,0,2,0,0,0,0,1,1,1,2,2,1,0,1,0,1,1,0
0,0,2,0,1,0,0,0,0,0,0,2,0,2,1,1,0,1,1,0,2,2,2,1,1,1,0,0,1,2
0,2,2,1,1,1,2,0,0,2,2,0,0,0,1,2,1,2,1,1,2,2,2,0,1,1,0,1,1,0
0,1,2,1,1,1,2,2,0,1,2,1,1,0,0,0,1,1,0,2,2,2,2,0,0,0,0,1,1,2
0,2,2,1,0,1,0,0,0,1,2,2,0,2,2,1,1,1,0,2,2,2,2,1,0,0,0,1,1,1
0,1,2,0,0,1,1,0,0,1,1,1,1,2,2,0,1,0,0,2,1,1,2,1,1,2,0,1,0,0
0,1,2,1,1,0,1,2,0,0,2,0,0,1,0,2,0,1,0,0,2,1,2,1,0,1,1,0,1,1
0,2,2,1,1,0,1,2,1,1,1,2,0,0,0,0,0,0,1,1,0,2,2,0,1,0,0,1,1,1
0,1,2,1,1,1,1,0,0,1,1,1,0,2,0,0,0,1,1,2,0,2,2,0,0,1,0,1,1,1
0,0,2,1,1,0,1,0,1,2,0,2,1,2,0,0,0,1,0,0,2,2,0,1,0,2,0,1,1,1
0,1,0,1,1,1,0,0,0,0,1,1,1,2,0,0,0,1,1,0,0,2,2,2,1,2,0,1,1,1
0,1,2,1,1,1,1,0,0,2,2,1,1,0,0,2,1,2,0,0,2,2,2,1,0,0,0,1,1,1
0,2,0,1,0,1,2,0,0,2,1,0,0,2,1,2,1,2,0,2,1,2,2,1,0,1,0,1,1,1
0,1,2,1,0,1,1,0,0,1,2,1,1,2,0,1,0,0,1,0,2,2,1,2,1,1,0,1,1,2
0,2,2,1,1,0,0,0,0,2,2,2,0,2,1,0,1,1,0,0,2,2,2,1,0,0,0,1,1,2
0,1,2,1,1,0,1,1,1,0,1,2,1,2,0,0,1,0,0,2,0,2,2,1,0,1,0,1,1,0
0,1,1,1,1,0,1,0,0,2,2,2,0,0,1,0,1,0,0,1,2,2,1,1,0,1,0,1,1,1
0,1,2,1,1,1,0,2,0,0,2,0,0,2,0,1,0,2,1,2,2,2,2,2,1,0,0,1,1,0
0,2,2,1,0,1,1,0,0,2,1,0,1,0,2,0,0,0,0,2,2,0,2,1,0,2,0,1,1,0
0,1,2,1,0,0,1,2,1,0,0,1,0,2,2,1,1,1,1,2,1,2,2,1,1,0,0,1,1,2
0,2,2,1,1,0,1,1,1,1,0,0,1,0,0,0,0,0,0,0,2,2,0,0,1,0,0,1,0,2
0,1,2,1,0,0,2,0,0,1,2,2,1,1,1,2,1,2,1,1,2,2,0,0,1,0,0,1,1,2
0,1,0,0,1,1,0,0,0,2,0,1,1,1,2,1,0,1,0,1,2,1,1,0,1,2,0,1,0,0
0,2,2,1,0,0,2,0,0,0,1,1,1,0,2,0,0,1,0,2,1,1,2,0,0,0,0,1,0,2
0,1,2,1,0,1,1,2,0,1,1,0,1,0,1,1,0,1,1,2,0,2,2,0,0,0,0,1,1,1
0,1,1,1,1,0,0,0,0,1,0,2,0,0,0,0,0,1,0,0,1,2,0,0,0,2,0,1,1,0
0,1,2,1,1,1,0,0,1,2,2,2,1,0,2,1,1,1,0,0,2,2,0,1,0,0,0,1,1,1
0,2,2,1,0,1,2,0,1,2,2,0,0,1,2,0,0,0,0,2,2,2,2,0,0,1,0,1,0,1
0,1,1,1,0,1,0,0,1,2,2,1,0,1,2,1,1,0,1,1,1,2,0,2,0,0,0,1,1,1
0,1,1,1,1,1,1,0,0,1,1,1,1,2,0,1,0,0,1,2,1,2,2,2,1,1,0,1,1,1
0,1,2,1,0,1,1,0,0,2,2,0,1,2,2,1,1,0,1,0,2,2,2,2,0,1,0,1,1,1
0,1,2,1,0,1,1,0,0,2,2,1,1,2,2,1,0,0,1,2,2,0,2,0,0,1,0,1,1,1
0,1,2,1,0,1,0,0,0,2,1,1,0,2,1,2,1,1,0,0,0,2,2,1,1,0,0,1,1,2
0,1,2,1,1,0,1,2,1,1,1,1,0,2,0,1,0,1,0,2,0,2,2,1,0,2,0,1,1,1
0,1,2,1,0,0,0,2,1,1,2,1,0,2,2,0,0,0,0,2,2,2,2,1,0,0,0,1,1,1
0,1,2,1,1,0,1,0,0,2,0,1,0,2,0,1,1,1,1,0,1,2,2,1,0,0,0,1,1,2
0,1,2,1,0,0,2,0,0,1,2,0,1,2,2,1,1,0,1,2,2,2,2,2,1,2,0,1,1,1
0,1,2,1,1,0,1,2,0,0,2,0,0,0,1,0,1,1,0,1,0,2,1,1,1,2,0,1,0,0
0,0,0,1,1,0,2,2,1,0,0,2,0,2,1,2,1,1,1,0,0,2,2,1,1,1,0,1,1,2
0,2,2,1,0,0,2,0,0,2,1,0,0,0,2,0,1,0,0,2,0,2,2,1,0,2,0,1,1,1
0,1,2,1,1,1,1,0,0,1,1,0,0,0,2,0,0,0,1,0,2,2,0,0,1,0,0,1,1,2
0,2,2,1,0,0,2,0,0,0,1,0,1,1,2,0,0,0,0,2,1,2,2,0,0,1,0,1,1,0
0,1,2,1,0,0,0,2,1,0,0,0,1,1,1,0,0,0,0,0,2,2,0,0,0,2,0,1,1,2
0,0,2,1,1,0,2,0,0,2,1,2,0,1,1,0,1,0,1,1,0,2,1,0,1,1,0,1,1,1
0,2,2,0,1,0,2,2,0,1,0,2,1,1,1,0,1,0,0,0,0,2,2,1,1,2,0,1,1,2
0,1,2,0,1,0,2,2,0,1,2,1,1,2,0,0,1,0,0,1,2,1,2,1,1,2,0,1,1,0
0,1,0,1,1,0,2,2,0,1,1,0,1,0,0,1,1,0,1,1,1,2,0,1,1,2,0,1,1,1
0,1,1,1,1,0,0,0,1,0,2,2,1,2,0,1,1,1,1,1,1,2,1,1,1,0,0,1,1,0
0,1,2,1,0,1,0,1,1,2,0,1,0,0,2,0,0,1,1,0,0,2,0,0,0,1,0,1,1,2
0,1,1,1,1,1,0,1,0,0,2,0,1,0,2,0,1,1,0,0,0,2,2,1,1,1,0,1,1,1
0,2,2,0,0,0,2,2,1,2,2,2,1,2,0,0,1,0,0,1,0,1,2,1,0,2,0,1,0,0
0,2,2,1,1,1,0,0,1,1,2,0,0,0,2,2,0,0,0,0,2,2,0,2,1,1,0,1,0,1
0,1,2,1,0,1,1,0,1,0,0,2,1,1,2,0,1,1,0,0,0,2,0,0,1,0,0,1,0,1
0,2,2,0,0,0,0,2,0,0,0,0,0,1,1,1,0,1,1,0,2,1,1,1,1,2,0,1,0,1
0,1,0,0,0,0,0,2,1,1,2,0,0,0,2,1,0,1,1,2,0,1,0,1,1,2,0,1,0,0
0,1,2,1,0,1,1,0,0,0,0,0,1,2,2,0,1,1,0,0,0,2,2,1,1,1,0,1,1,2
0,2,2,1,0,0,0,0,1,0,2,2,0,2,2,0,1,0,0,2,0,0,0,1,0,1,0,1,0,2
0,2,0,1,1,0,0,0,0,0,2,1,1,1,1,0,0,1,0,0,1,2,2,0,1,2,0,1,1,2
0,0,2,1,0,1,2,0,0,0,1,2,0,2,1,2,1,1,0,2,1,1,2,1,1,1,0,1,0,0
0,1,2,1,1,1,1,2,1,0,1,1,0,2,0,1,1,1,1,0,2,2,2,1,1,2,0,1,1,1
0,1,2,1,1,1,0,0,1,2,2,1,0,0,1,1,0,1,0,0,2,2,2,1,0,1,0,1,1,2
0,0,2,1,1,0,0,2,1,1,2,1,0,2,1,0,1,0,1,2,1,2,2,0,1,0,0,1,1,2
0,0,2,1,1,0,0,0,0,1,2,2,1,2,2,1,0,0,0,0,0,2,0,2,1,1,0,1,1,2
0,1,2,1,0,1,1,1,1,2,1,0,0,2,1,1,1,1,1,2,2,0,2,1,1,2,0,1,1,0
0,1,2,1,0,0,1,2,0,1,0,1,0,2,1,1,1,0,0,2,0,2,2,2,1,2,0,1,1,1
0,1,2,1,1,1,0,2,0,1,1,0,0,0,0,2,1,2,0,0,0,2,2,1,0,1,0,1,0,1
0,0,2,1,0,0,1,0,0,1,1,1,0,1,2,0,0,0,1,0,1,2,0,0,1,2,0,1,0,1
0,1,2,1,0,0,0,2,1,2,0,1,1,2,1,0,1,2,1,0,0,2,2,1,1,2,0,1,0,1
0,2,1,1,0,1,2,0,0,0,1,1,1,2,1,0,0,1,0,1,2,2,2,2,1,2,0,1,1,0
0,1,2,1,0,0,2,2,1,0,2,1,0,2,1,0,0,2,0,2,1,2,2,1,0,2,0,1,1,2
0,1,1,0,0,1,0,0,0,0,1,1,0,2,1,1,0,1,0,1,1,1,2,1,1,2,0,1,0,1
0,2,2,1,1,0,0,0,1,0,2,2,0,2,0,0,0,1,1,0,2,2,0,0,0,2,0,1,1,0
0,2,2,0,0,0,1,0,1,2,0,0,1,0,2,1,0,0,1,1,0,1,1,2,0,1,0,1,0,0
0,1,2,1,1,0,0,1,1,2,1,2,0,0,0,1,0,1,0,0,0,2,2,0,1,2,0,1,1,0
0,1,2,1,1,1,1,0,1,1,1,1,1,0,2,2,0,1,1,2,2,2,1,1,0,1,0,1,1,2
0,1,2,1,0,1,1,2,1,2,0,1,1,2,1,0,0,0,0,2,0,2,2,1,0,1,0,1,1,0
0,1,2,1,1,1,0,0,0,0,0,1,1,2,0,0,0,2,0,1,2,0,2,0,1,2,0,1,1,1
0,1,2,1,1,1,2,0,0,1,2,1,1,2,0,1,1,0,0,0,2,2,2,2,1,2,0,1,1,0
0,2,2,1,0,1,2,0,0,1,2,0,1,1,1,1,0,1,0,0,2,2,2,0,0,0,0,1,1,0
0,1,2,0,0,0,1,2,0,1,2,2,1,2,1,0,1,0,0,0,1,1,2,1,1,0,0,1,0,0
0,1,2,1,1,0,0,0,0,2,0,0,0,2,0,0,1,2,0,2,0,2,2,2,1,1,0,1,1,0
0,2,2,1,0,0,2,0,1,2,1,2,1,1,2,1,0,1,0,2,0,2,2,0,1,0,0,1,1,2
0,1,2,0,1,1,1,0,1,2,0,1,0,2,1,1,1,1,0,2,0,1,2,1,1,0,0,1,0,0
0,2,2,1,1,0,2,0,0,0,2,2,0,0,1,1,0,1,1,2,2,2,2,0,1,0,0,1,1,0
0,1,2,1,0,0,1,0,0,2,2,1,0,2,2,1,1,2,0,2,0,2,0,0,1,1,1,0,0,0
0,2,2,0,1,0,0,0,1,0,0,0,1,0,2,1,0,0,1,0,0,1,2,2,0,2,0,1,1,0
0,1,0,1,1,1,0,2,0,1,1,0,0,0,0,1,0,1,0,2,0,1,1,1,0,2,0,1,0,1
0,1,2,1,1,0,1,2,1,1,2,0,0,2,0,0,0,0,1,0,2,2,2,0,1,1,0,1,1,0
0,0,0,1,0,1,0,2,1,1,1,1,1,2,2,0,0,1,1,2,1,2,2,0,0,2,0,1,1,2
0,1,0,1,0,1,1,2,0,1,1,1,1,2,2,1,0,0,1,0,1,2,2,2,1,1,0,1,1,1
0,1,2,1,1,1,1,0,1,2,2,1,1,0,0,1,1,2,0,2,2,2,2,1,0,0,0,1,1,1
0,1,2,1,0,0,0,2,1,2,2,1,1,2,1,0,0,0,0,2,2,2,2,0,0,1,0,1,1,2
0,2,2,1,0,0,1,0,1,2,1,2,1,1,0,1,0,2,1,0,0,2,2,0,0,0,0,1,1,0
0,1,0,1,1,1,0,0,0,0,0,1,0,1,1,1,0,1,0,2,0,2,0,0,1,2,0,1,1,1
0,1,2,1,1,1,1,0,0,1,2,0,1,2,2,1,0,1,1,2,2,2,2,0,0,2,0,1,1,0
0,1,2,1,1,0,0,0,0,2,0,0,0,2,0,0,1,1,0,1,0,2,2,2,1,1,0,1,1,2
0,1,2,1,1,1,2,2,0,1,1,0,0,0,0,0,1,0,1,2,0,2,2,0,1,1,0,1,1,1
0,1,2,1,0,0,0,0,0,2,2,1,0,2,2,1,1,1,1,1,2,2,0,1,0,1,0,1,1,0
0,1,2,1,0,1,1,0,1,0,2,2,0,0,2,1,1,1,1,2,1,2,0,1,1,0,0,1,1,0
0,1,2,1,1,1,2,2,0,1,1,0,1,0,2,1,1,1,0,1,0,2,0,1,0,1,0,1,1,0
0,2,2,0,0,0,1,2,0,1,0,2,0,2,2,1,0,0,1,2,0,1,0,2,0,2,0,1,0,2
0,1,2,1,0,0,2,2,1,1,0,0,0,2,2,0,1,1,1,0,0,2,2,1,1,1,0,1,1,2
0,1,2,0,0,0,2,0,1,1,1,1,1,2,1,0,1,0,0,2,1,1,2,1,1,2,0,1,0,0
0,2,2,1,0,1,0,0,1,1,2,0,1,0,2,2,1,2,1,0,2,2,2,0,1,2,0,1,1,0
0,2,2,1,1,1,2,0,0,2,2,0,0,0,1,1,0,2,0,0,2,2,2,0,1,2,0,1,1,1
0,2,2,1,1,1,2,2,1,1,1,1,0,2,1,2,1,1,1,0,2,2,2,1,0,0,0,1,1,0
0,2,1,0,0,1,1,2,1,1,1,0,0,2,0,0,1,1,1,0,2,1,0,1,0,2,0,1,0,2
0,2,2,1,1,1,0,0,0,1,0,2,0,1,1,1,0,1,1,0,2,2,2,0,0,1,0,1,1,2
0,1,2,1,1,0,1,2,1,0,0,1,0,2,0,0,0,1,0,2,1,2,2,0,1,1,0,1,1,2
0,0,2,1,1,1,1,0,1,2,2,2,0,0,1,0,1,1,1,0,2,2,2,1,1,1,1,0,1,0
0,2,2,1,1,0,0,1,1,2,2,1,0,2,2,0,0,2,1,0,2,2,0,1,0,2,0,1,1,0
0,1,1,1,1,1,1,2,0,2,0,0,1,2,0,1,0,0,0,0,1,2,2,2,0,0,0,1,1,1
0,1,0,1,1,1,1,2,1,1,1,0,1,0,2,1,0,1,1,1,0,0,1,0,0,1,0,1,1,2
0,1,1,1,1,1,1,0,1,2,1,1,1,2,0,1,1,0,1,2,0,2,2,2,0,2,0,1,0,0
0,2,1,1,1,0,1,0,1,2,2,1,1,1,1,2,0,0,0,2,1,2,2,2,0,0,0,1,1,2
0,1,2,1,1,1,2,0,0,0,1,1,1,2,0,1,0,1,0,2,1,2,2,1,0,1,0,1,1,0
0,1,2,0,0,1,1,0,0,1,2,2,0,1,1,0,0,0,1,1,2,1,1,0,1,2,0,1,0,2
0,2,2,1,1,0,0,0,1,0,0,2,1,1,1,0,0,0,1,2,0,2,2,0,0,1,0,1,0,2
0,1,1,0,0,1,1,0,0,0,1,0,0,2,1,1,1,1,1,2,2,1,2,1,0,0,0,1,0,1
0,2,2,0,0,1,2,0,0,2,2,2,1,1,0,1,0,1,1,0,2,1,2,1,1,1,0,1,0,0
0,2,0,1,1,0,1,2,1,1,2,1,0,0,2,1,0,2,0,2,2,2,1,0,0,0,0,1,1,1
0,2,2,1,1,1,0,2,1,1,1,1,1,2,1,2,1,2,0,0,0,2,2,1,1,2,0,1,1,1
0,2,0,1,1,1,2,0,0,0,2,2,0,0,1,1,0,1,0,2,2,2,2,0,1,0,0,1,1,0
0,2,2,1,1,0,2,0,0,2,2,2,1,1,1,2,0,2,1,2,2,2,2,0,0,0,0,1,1,2
0,1,2,1,0,1,0,0,1,2,1,0,1,0,1,1,0,1,1,2,2,2,2,1,0,0,0,1,0,1
0,2,2,1,1,1,0,2,0,1,0,1,1,2,1,1,0,0,0,0,0,2,2,2,1,1,0,1,1,0
0,2,2,0,1,0,2,0,0,2,1,2,1,1,1,1,0,1,0,0,1,1,2,0,1,1,0,1,0,0
0,2,2,1,1,0,1,2,0,1,0,0,1,2,1,0,0,1,0,2,0,2,2,2,0,1,0,1,1,0
0,1,1,0,0,1,1,2,0,2,1,1,0,0,0,0,1,2,1,1,2,1,1,1,1,0,0,1,0,0
0,2,2,1,1,0,0,0,1,0,2,1,1,2,1,1,0,2,0,2,0,2,2,0,0,2,0,0,0,1
0,2,0,1,1,0,1,0,1,2,2,1,1,1,1,2,0,2,0,0,2,2,2,0,0,0,0,1,1,1
0,2,2,1,1,1,2,0,0,2,1,0,0,0,1,2,1,2,1,0,0,2,2,0,1,1,0,1,1,1
0,1,2,1,0,0,1,0,0,2,2,2,0,2,1,2,1,1,0,0,2,2,2,1,1,0,0,1,1,2
0,2,1,1,1,1,1,0,1,0,1,2,0,2,0,0,1,1,0,0,0,2,2,0,1,0,0,1,1,1
0,1,1,1,1,1,1,0,1,2,0,1,1,1,2,1,0,2,0,2,1,2,0,2,1,2,0,1,1,1
0,0,2,1,0,0,0,2,1,1,2,0,1,2,1,1,1,1,0,2,2,2,2,1,0,2,0,1,1,0
0,1,2,0,0,1,1,0,0,2,0,1,1,2,2,1,1,1,0,2,0,0,2,1,0,0,0,1,0,2
0,1,1,1,1,0,2,1,1,1,1,0,1,1,1,1,1,1,0,2,2,2,1,1,0,0,0,1,1,2
0,2,2,0,1,0,2,0,1,1,1,2,1,2,1,0,1,1,0,0,0,1,2,1,1,0,0,0,0,0
0,0,2,1,1,1,1,0,0,0,2,2,0,0,2,1,0,1,0,1,0,2,0,0,1,2,0,1,1,2
0,1,2,1,1,0,2,2,0,0,1,0,1,1,1,0,0,1,0,0,2,0,0,2,0,1,0,1,1,2
0,1,1,1,1,1,0,0,0,2,1,1,0,2,0,0,1,2,0,1,2,2,2,2,0,2,0,1,1,1
0,1,2,1,1,0,2,2,0,2,0,1,0,2,0,0,1,1,0,2,0,2,2,1,1,0,0,1,1,2
0,2,2,1,1,0,0,2,1,1,2,1,0,2,2,1,0,0,1,2,2,2,0,2,1,2,0,1,1,1
0,1,2,0,1,1,1,2,1,0,1,0,1,1,0,1,1,1,0,2,0,2,0,1,1,2,0,1,1,2
0,1,2,1,1,0,1,2,1,1,0,1,0,2,0,0,0,0,0,2,2,2,2,0,0,1,0,1,1,2
0,2,2,1,0,0,2,0,1,2,1,1,1,0,2,1,1,1,1,1,0,2,2,1,1,0,0,0,1,1
0,1,2,0,1,1,2,0,0,1,0,0,0,0,0,1,1,0,0,1,0,1,1,2,1,2,0,0,1,1
0,0,1,1,0,1,0,2,0,2,2,0,0,2,1,0,1,2,0,2,0,2,2,2,1,1,0,1,1,1
0,1,2,1,1,0,2,0,1,0,2,1,0,2,0,0,1,0,0,2,2,2,2,1,0,2,0,1,1,2
0,2,2,0,0,1,2,0,1,0,1,2,1,2,2,0,0,0,0,2,0,1,2,2,0,2,0,1,0,1
0,1,2,1,0,0,2,0,0,1,2,1,0,2,2,1,1,0,1,0,2,2,2,2,1,1,0,1,0,2
0,1,2,1,0,1,0,0,0,0,2,0,1,1,2,0,0,1,1,1,0,2,1,0,0,2,0,1,1,2
0,1,2,1,1,0,2,2,0,0,2,1,1,2,0,0,1,1,0,0,2,2,2,1,1,1,0,0,0,0
0,1,2,1,0,1,1,1,0,2,2,2,1,2,2,2,1,2,1,0,0,2,2,0,0,2,0,1,1,0
0,2,2,1,0,1,0,0,0,1,2,0,1,0,1,1,0,1,1,1,2,2,1,1,0,1,0,1,1,1
0,1,2,1,0,1,0,2,1,1,0,0,1,0,2,1,0,1,1,2,1,2,2,1,0,2,0,1,1,2
1,0,1,0,0,0,0,2,0,0,2,1,0,0,1,2,0,1,1,0,0,1,2,1,1,1,0,0,1,0
0,0,2,1,1,1,0,0,1,1,2,2,1,2,1,1,0,0,0,2,2,2,2,2,1,2,0,1,0,1
0,2,2,1,1,1,0,0,1,0,1,2,0,2,0,0,1,0,0,2,0,2,0,0,0,0,0,1,1,0
0,1,2,1,1,0,2,2,1,2,2,1,1,2,2,0,0,2,0,0,0,2,1,2,1,0,0,1,0,1
0,2,2,1,1,1,1,2,1,1,1,1,0,1,1,1,0,1,1,2,2,2,2,0,0,1,0,1,1,2
0,1,2,1,1,0,1,2,1,0,2,0,0,2,0,1,1,1,1,2,0,2,2,1,1,1,0,1,1,0
0,1,2,1,1,0,1,2,1,0,2,1,0,2,1,0,0,2,1,2,0,2,2,1,0,2,0,1,1,1
0,2,1,1,0,1,0,2,1,1,0,0,1,1,2,0,0,1,1,2,1,2,2,0,0,2,0,1,1,2
0,2,2,1,1,1,2,1,0,2,2,1,0,2,2,0,1,0,1,2,0,2,1,1,0,2,0,1,0,0
0,2,2,1,1,1,2,2,1,2,0,2,1,0,0,1,0,1,0,1,0,2,0,0,0,2,0,1,1,0
0,2,2,1,1,1,0,0,0,1,2,2,1,2,1,1,0,0,0,0,0,2,2,2,1,0,0,1,1,2
0,0,0,1,1,1,0,0,0,0,0,2,1,2,2,1,1,2,1,2,2,2,0,2,1,0,0,1,0,1
0,2,2,1,0,0,0,0,0,0,2,0,1,0,1,0,0,1,0,0,0,2,0,0,0,1,0,1,1,0
0,1,2,1,1,0,2,0,1,1,2,2,0,1,2,0,1,0,1,0,2,2,0,0,1,0,0,1,1,1
0,1,2,1,0,0,2,0,0,2,2,0,0,2,1,1,1,0,1,1,1,2,2,1,1,1,0,1,1,1
0,0,0,0,0,1,2,0,1,1,0,2,1,2,2,0,1,0,0,0,2,1,0,1,1,2,0,0,1,2
0,2,2,1,0,1,1,2,0,0,0,1,1,0,2,1,1,1,1,2,1,2,2,1,1,1,0,1,1,2
0,1,2,1,1,0,1,1,0,1,2,0,1,2,1,2,1,0,0,0,2,2,2,2,1,1,0,1,1,2
0,2,2,1,0,0,1,2,1,1,0,1,0,1,2,0,1,0,1,0,0,2,2,2,1,1,0,1,1,0
0,1,2,0,0,1,2,0,0,0,1,2,1,0,1,0,0,1,0,0,0,1,2,0,1,0,0,0,1,1
0,2,1,1,1,1,1,0,0,1,1,1,0,2,2,0,1,0,0,0,1,2,0,1,1,0,0,0,0,2
0,1,2,1,1,1,2,2,0,0,0,1,0,2,2,0,1,0,0,2,2,2,2,2,0,2,0,1,1,1
0,2,1,1,1,0,0,2,1,1,0,1,0,2,2,0,0,2,0,0,1,2,0,1,0,0,0,1,1,1
0,2,0,1,1,1,0,0,1,1,2,1,0,1,1,0,1,1,0,2,1,2,2,2,0,2,0,1,1,0
0,2,2,1,1,1,2,0,1,0,2,0,1,0,2,2,0,2,0,2,0,2,0,1,0,0,1,0,1,0
0,1,2,1,1,1,0,2,1,2,0,1,1,2,0,0,0,2,0,2,2,2,2,0,0,1,0,1,1,0
0,2,2,1,1,0,0,1,1,1,1,0,1,0,0,1,0,1,0,2,0,2,2,1,0,2,0,1,0,1
0,1,2,0,1,1,1,0,0,2,2,1,0,0,2,2,1,2,1,2,1,1,1,0,0,0,0,1,0,2
0,1,1,1,0,0,2,1,1,0,0,2,1,2,1,0,0,0,0,2,1,2,2,0,0,1,0,1,1,0
0,2,2,0,1,0,1,0,1,2,0,2,0,2,0,1,0,0,1,1,0,1,1,2,0,1,0,1,0,0
0,1,2,1,1,1,1,0,0,2,2,1,1,0,0,1,0,1,0,2,0,0,1,1,0,2,0,1,0,0
0,2,0,1,0,0,2,1,0,2,1,1,0,2,2,0,1,2,0,1,0,2,2,2,1,0,0,1,1,1
0,1,0,1,0,1,2,0,0,1,0,0,0,0,1,0,1,0,0,1,0,2,2,1,1,1,0,1,0,1
0,1,2,1,1,1,0,2,0,0,2,0,1,0,0,0,0,2,0,1,2,2,2,1,0,0,0,1,1,1
0,1,1,1,1,1,1,2,1,2,0,0,1,2,0,0,1,2,0,2,1,2,2,2,0,1,0,1,0,0
0,1,2,1,1,0,1,2,1,1,2,1,1,2,0,1,0,0,0,2,2,0,2,2,1,1,0,1,0,1
0,0,0,1,1,1,0,0,0,2,1,2,0,2,2,1,0,2,0,0,0,2,2,2,0,1,0,1,1,1
0,1,2,1,1,1,0,0,0,0,0,0,1,2,0,1,0,1,1,2,2,2,2,1,0,0,0,1,1,2
0,1,2,1,1,0,2,0,1,2,2,0,1,2,2,1,0,1,1,0,2,2,1,0,0,1,0,1,1,1
0,1,2,1,1,0,1,2,1,1,2,1,1,2,0,0,1,0,1,1,2,2,2,0,1,0,0,1,1,1
0,1,0,1,0,1,0,2,1,0,1,2,0,1,1,0,0,1,0,0,1,2,0,1,1,1,0,1,1,2
0,2,2,0,1,0,0,0,0,2,1,2,1,1,1,1,1,1,0,2,1,2,2,0,1,0,0,1,1,2
0,2,2,1,1,1,2,0,0,0,0,2,1,2,0,2,0,0,0,0,0,2,2,2,0,0,0,1,1,2
0,1,2,1,0,1,1,2,1,1,0,1,1,0,1,1,0,1,0,1,1,0,1,1,0,2,0,1,0,1
0,1,2,1,0,0,1,0,0,1,2,2,1,1,2,1,0,1,0,1,2,2,0,0,0,1,0,1,1,2
0,1,0,1,0,0,2,1,0,2,0,0,1,0,2,0,0,1,1,0,0,2,2,1,0,2,0,1,1,2
0,2,2,1,1,1,2,0,1,2,1,2,1,0,1,0,1,1,0,0,0,2,2,1,1,0,0,1,0,0
0,1,2,1,1,0,2,1,0,2,2,1,1,2,0,1,0,0,1,2,0,2,2,2,0,1,0,1,1,0
0,1,2,1,1,1,2,2,1,0,1,0,0,2,1,2,1,2,0,0,0,2,2,1,0,1,0,1,1,0
0,2,2,0,1,0,1,0,0,1,0,2,0,2,1,1,1,1,1,2,0,1,2,1,1,1,0,1,0,2
0,2,2,1,0,0,2,0,0,0,2,2,1,1,2,2,1,2,1,0,0,2,2,0,1,0,0,1,1,1
0,1,2,1,1,1,1,2,0,1,0,0,1,0,0,2,0,2,0,0,0,2,2,1,0,2,0,1,1,0
0,2,2,1,0,1,0,0,1,0,0,2,1,2,2,1,1,0,1,0,2,2,2,2,0,0,0,1,1,1
0,2,2,1,1,1,0,0,0,1,2,1,1,2,0,1,0,0,1,1,2,0,1,2,1,0,0,1,1,2
0,1,2,1,1,0,0,2,1,1,2,1,1,2,0,1,0,1,1,2,1,2,2,0,0,2,0,1,1,1
0,2,1,1,1,1,0,0,0,2,1,1,0,2,1,1,0,2,0,2,2,2,2,2,1,2,0,1,1,0
0,2,1,1,1,1,0,0,0,1,1,1,0,2,2,1,0,0,1,0,2,2,1,2,1,0,0,1,0,1
0,0,2,1,1,0,1,0,0,2,2,2,0,2,2,1,0,1,0,1,2,2,0,0,0,2,0,1,0,1
0,1,1,1,1,0,1,2,1,1,0,0,1,2,2,0,0,0,0,2,1,2,1,1,0,1,0,1,1,2
0,1,1,1,1,0,1,2,0,1,0,1,0,0,0,0,0,1,1,2,1,0,2,1,0,1,0,1,1,2
0,2,2,1,0,1,2,0,0,2,0,2,0,1,0,0,1,1,1,2,0,2,2,0,0,1,0,1,1,2
0,1,2,1,1,0,2,0,1,1,2,0,0,2,0,1,0,1,1,0,2,2,2,0,0,1,0,1,1,0
0,1,1,1,1,1,1,2,1,1,1,0,0,0,0,1,0,1,0,2,1,2,2,0,0,2,0,1,1,0
0,2,2,1,1,0,2,2,1,0,0,1,1,1,1,0,0,1,1,2,2,2,2,2,1,2,0,1,1,2
0,1,0,1,1,0,1,2,1,0,0,0,1,1,0,1,0,2,0,1,0,0,1,0,0,1,0,1,1,1
0,1,2,1,0,1,0,0,0,0,2,0,1,0,0,1,0,1,1,1,2,2,1,0,1,0,0,1,1,1
0,1,2,1,1,1,0,2,1,0,2,2,0,2,0,1,0,1,1,2,0,2,2,1,0,1,0,1,1,1
0,1,2,1,0,1,0,0,1,2,2,1,0,1,0,1,1,2,1,2,2,2,0,0,1,0,1,0,0,0
0,1,2,1,0,0,2,0,0,2,1,0,0,0,1,1,0,2,1,0,2,2,0,0,1,2,0,1,1,1
0,2,2,1,1,1,2,0,0,2,1,2,1,2,1,0,1,1,1,0,2,2,2,2,1,2,0,1,1,0
0,2,2,1,1,1,0,0,1,1,2,0,0,0,1,1,1,1,1,0,0,2,2,1,0,1,0,1,1,0
0,1,2,1,1,1,1,0,0,1,1,0,0,0,2,0,1,1,1,2,2,2,2,1,0,0,0,1,1,1
0,1,2,1,1,1,1,0,1,1,0,1,0,2,0,0,0,1,1,2,0,2,2,1,0,0,0,0,1,2
0,1,1,1,1,1,1,0,0,1,1,1,0,2,0,0,1,0,0,2,2,2,2,1,1,2,0,1,1,0
0,1,1,1,0,0,1,0,1,1,2,0,1,0,2,1,1,1,1,2,0,2,2,1,1,2,0,1,1,0
0,2,0,0,0,0,2,0,0,2,0,0,0,2,0,0,1,1,0,0,2,1,1,1,1,2,0,1,0,1
0,2,2,1,1,0,1,0,1,2,2,2,1,1,0,1,0,1,0,0,2,2,2,0,1,1,0,1,1,0
0,2,0,1,0,0,2,0,1,2,0,2,0,1,0,1,1,1,1,1,0,2,1,1,0,0,0,1,0,1
0,2,2,1,1,1,0,0,1,1,1,0,0,2,2,0,0,1,1,0,0,0,0,2,0,1,0,1,0,0
0,1,2,1,1,0,0,2,0,0,2,0,1,2,0,1,0,0,1,0,2,2,2,2,0,2,0,1,1,2
0,2,2,1,1,1,0,0,0,1,1,1,0,1,0,0,0,0,1,0,0,2,2,0,1,0,0,1,1,1
0,1,1,1,1,1,1,0,1,1,2,0,0,0,1,0,0,1,1,0,2,0,2,0,0,2,0,1,0,1
0,1,2,0,0,0,1,0,0,0,0,0,1,0,0,1,0,1,1,1,2,1,1,1,1,0,0,1,0,1
0,1,1,1,1,0,1,0,1,0,2,1,0,1,2,1,1,1,1,2,0,2,0,1,1,1,0,1,1,0
0,1,1,1,1,1,0,0,1,1,1,1,0,2,0,0,0,1,0,2,0,2,2,0,0,1,0,1,1,1
0,2,2,1,1,0,0,2,1,1,0,2,0,2,2,1,0,1,0,1,0,2,0,0,0,2,0,1,1,0
0,1,2,1,1,0,1,0,0,1,0,1,0,2,0,0,0,0,1,0,0,2,2,0,1,0,0,1,1,1
0,1,2,1,1,1,0,1,1,2,2,2,0,2,1,1,1,1,1,2,2,2,2,1,1,2,0,1,1,0
0,2,2,1,1,0,0,2,1,0,0,1,1,2,2,0,0,0,0,0,0,2,0,2,1,0,1,0,0,2
0,1,2,1,1,1,0,0,1,1,1,2,0,1,2,0,0,0,0,0,2,2,0,2,1,1,0,1,1,0
0,1,2,1,1,0,1,0,0,1,0,1,0,2,0,0,0,2,0,0,2,2,2,2,1,2,0,1,1,0
0,1,0,1,0,1,2,2,0,0,1,0,1,0,1,0,1,0,0,0,0,0,2,1,0,1,0,1,1,1
0,1,2,1,0,0,1,0,1,0,1,1,0,1,2,0,0,1,0,0,0,2,2,0,1,2,0,1,1,0
0,1,2,1,0,1,0,0,0,0,1,1,0,2,2,0,0,0,1,2,0,2,2,1,0,1,0,1,0,1
0,2,2,1,0,0,2,0,0,2,0,1,1,2,1,0,0,1,1,0,2,1,0,0,0,1,0,1,0,2
0,1,2,1,1,1,1,2,1,0,2,1,0,2,0,0,1,0,0,0,2,2,2,1,0,0,0,1,1,0
0,2,2,1,1,0,0,0,0,1,2,2,0,2,2,1,0,0,1,2,2,2,0,2,1,1,0,1,1,2
0,1,2,1,1,0,0,2,1,1,0,1,0,2,0,0,0,0,1,1,0,2,2,0,1,0,0,1,1,0
0,2,0,1,1,0,0,2,1,0,2,1,0,2,1,0,1,1,0,0,0,2,2,1,1,2,0,1,1,0
0,1,2,0,1,0,2,2,0,1,1,0,1,0,2,2,1,0,0,2,2,1,1,2,1,1,0,1,1,2
0,2,2,1,1,0,1,0,0,2,2,2,0,2,1,0,0,0,0,2,0,0,2,0,0,1,0,1,1,2
0,1,2,1,1,0,1,0,1,1,2,0,0,2,0,1,1,1,0,2,2,2,2,1,0,0,0,1,1,0
0,1,2,0,0,1,2,0,1,0,1,0,0,2,2,0,1,1,0,2,1,1,2,1,1,1,0,1,0,2
0,2,1,1,1,0,1,2,1,1,0,2,0,2,2,1,1,1,0,1,1,2,0,1,0,0,0,1,1,1
0,2,2,1,0,1,1,2,1,1,0,0,1,2,2,2,1,2,0,0,0,2,2,1,1,2,0,1,1,0
0,0,1,1,0,0,1,0,0,2,2,2,0,2,0,1,0,1,0,2,1,2,1,0,0,2,0,1,1,1
0,1,2,1,0,1,1,2,0,1,0,1,1,1,2,0,1,0,1,0,2,2,2,0,1,0,0,1,1,0
0,1,2,1,1,1,1,0,0,1,0,1,0,2,2,0,0,0,1,2,2,2,2,2,1,1,0,1,1,0
0,2,2,0,0,0,0,2,0,0,1,1,0,2,0,1,0,1,1,1,2,0,0,1,0,2,0,1,0,2
0,1,2,1,0,0,2,0,0,1,2,1,1,2,2,1,0,1,0,2,2,1,2,1,0,0,0,1,1,2
0,1,1,1,0,0,2,2,1,2,0,0,1,2,1,0,0,2,0,2,2,1,2,2,0,1,0,1,0,0
0,1,1,1,1,0,1,0,1,0,1,1,0,1,0,0,0,0,0,0,0,2,0,1,0,0,0,1,1,2
0,1,2,1,1,1,0,0,0,1,2,0,1,0,0,1,0,0,0,0,2,2,2,2,1,0,1,0,1,1
0,1,0,1,1,1,2,0,0,1,1,1,0,2,2,0,1,1,1,2,1,2,1,1,0,1,0,1,1,2
0,1,1,1,0,0,1,0,0,0,0,2,1,2,2,0,0,0,0,2,1,2,2,1,0,2,0,1,1,0
0,1,2,1,1,0,1,2,1,1,2,1,1,2,1,0,0,0,1,2,2,1,2,1,0,1,0,1,0,2
0,1,2,1,0,0,1,0,1,0,2,0,1,0,1,1,1,1,1,2,0,2,0,1,1,0,0,1,1,1
0,2,2,1,0,0,2,1,1,2,2,2,0,1,2,1,0,1,1,2,1,2,2,0,0,1,0,0,1,1
0,1,2,1,0,1,0,0,1,0,1,2,0,1,2,1,0,1,0,2,0,2,0,0,1,2,0,1,0,0
0,2,2,0,1,1,0,2,0,1,1,2,1,2,1,2,0,1,1,0,0,1,2,1,0,2,0,1,0,0
0,1,2,0,1,0,0,2,0,2,1,0,0,0,2,0,1,2,1,0,0,2,1,1,1,1,0,1,1,2
0,1,2,1,0,1,2,2,1,1,1,1,1,2,1,2,1,2,1,0,1,2,2,0,1,2,0,1,1,2
0,2,2,1,1,1,1,0,1,2,1,0,1,0,1,0,0,1,1,2,0,2,2,1,0,1,0,0,1,1
0,0,2,1,1,1,0,2,0,1,2,0,1,0,1,0,0,1,1,1,0,2,1,1,0,2,0,1,1,1
0,2,2,0,1,0,1,1,0,2,1,1,0,2,0,1,0,0,1,2,2,0,2,2,0,2,0,1,1,1
0,1,2,0,1,1,0,0,0,0,1,1,0,0,0,2,1,2,1,0,1,1,2,0,0,0,0,1,0,1
0,2,0,1,1,0,1,2,0,1,0,1,0,2,1,1,0,0,1,0,2,2,2,2,1,0,0,1,1,2
0,1,2,1,0,1,1,0,0,2,2,2,1,2,1,1,1,1,1,2,2,2,2,1,1,2,0,1,1,0
0,2,2,1,1,0,0,2,1,1,2,2,0,2,1,1,0,0,0,1,2,2,0,2,1,1,0,1,1,2
0,1,0,1,1,0,2,0,1,2,1,1,1,2,0,0,0,0,0,0,0,0,2,0,0,0,0,1,1,0
0,1,2,1,0,0,2,2,1,0,0,1,0,2,2,1,0,1,0,0,0,2,2,0,0,2,0,1,1,2
0,1,2,1,1,0,1,2,0,1,2,1,0,2,2,1,0,0,0,0,2,2,0,2,0,2,0,1,1,2
0,2,2,1,0,0,1,2,1,2,2,0,0,1,2,0,0,1,1,0,0,2,2,0,0,2,0,1,1,0
0,1,2,1,0,1,1,2,0,1,1,0,1,0,0,1,1,1,1,2,0,2,1,1,0,2,0,1,1,2
0,1,2,1,0,1,0,0,1,0,1,0,1,0,1,0,0,0,1,1,0,2,1,1,0,0,0,1,1,1
0,2,2,1,1,0,2,0,1,2,2,1,1,0,2,1,1,1,1,2,0,2,0,1,1,2,0,1,1,1
0,1,1,1,1,1,0,2,1,0,1,1,0,0,0,1,1,1,0,1,2,2,0,0,1,0,0,0,1,2
0,1,2,1,0,1,0,0,1,0,2,1,1,2,1,0,0,0,0,2,2,2,2,2,0,0,0,1,0,0
0,1,0,0,1,1,0,2,1,1,2,0,1,0,0,1,0,1,1,2,2,1,2,1,1,1,0,1,0,1
0,1,2,0,1,0,1,0,0,1,0,0,0,2,2,1,1,1,0,1,2,1,2,1,0,1,0,1,0,0
0,1,0,1,0,1,2,0,1,0,1,2,0,2,2,0,1,2,0,2,1,2,2,2,1,0,0,1,1,2
0,2,2,1,1,1,2,2,1,0,0,0,1,1,0,1,0,1,1,2,0,2,2,0,0,1,0,1,0,2
0,1,2,1,1,1,1,0,0,1,1,0,0,2,2,0,0,0,0,2,0,2,2,2,1,1,0,1,1,0
0,2,2,1,0,1,0,2,0,1,2,1,1,0,1,0,0,1,1,1,2,2,2,2,0,0,0,1,1,1
0,1,2,1,0,0,2,0,0,1,0,0,0,1,2,0,1,0,1,1,0,2,0,0,1,1,0,1,1,1
0,1,2,1,0,1,1,0,1,0,1,0,0,0,2,0,1,1,0,0,0,2,2,1,1,0,0,1,1,0
0,1,0,0,0,1,0,0,1,2,2,1,0,0,0,0,0,1,0,0,2,1,1,2,0,1,0,1,0,0
0,2,2,1,1,0,2,0,1,2,2,0,0,0,2,1,0,1,0,2,2,2,0,0,1,1,0,1,1,1
0,2,2,0,0,1,0,2,0,0,1,0,1,2,1,0,1,1,0,1,0,1,1,1,1,2,0,1,0,2
0,0,2,1,1,0,0,1,1,1,1,1,1,1,0,1,0,1,0,2,1,2,2,0,0,2,0,1,0,0
0,2,2,1,1,0,1,0,1,1,1,0,0,0,2,1,0,0,1,2,2,0,0,2,1,0,0,1,0,1
0,2,1,1,0,1,0,0,1,1,1,1,0,2,2,0,0,0,1,2,2,2,0,0,1,0,0,1,1,1
0,2,2,1,1,0,0,0,0,1,0,2,0,2,1,0,0,2,1,0,2,2,2,2,1,0,0,1,1,1
0,1,2,1,1,0,1,2,1,1,0,0,0,2,0,1,0,1,1,0,0,2,2,0,0,2,0,1,1,2
0,1,2,1,1,0,2,0,0,2,0,1,0,2,0,1,0,1,0,2,0,2,0,1,0,1,0,1,1,0
0,1,2,1,0,0,1,0,1,1,2,1,1,2,1,1,0,2,1,2,2,0,2,0,0,0,0,1,1,1
0,1,2,1,0,0,2,0,1,2,0,1,0,2,1,1,0,1,1,0,2,1,2,1,1,1,0,1,1,2
0,1,2,1,1,1,0,2,0,0,1,1,1,0,2,1,0,1,1,2,0,2,2,0,0,2,0,1,1,2
0,1,1,1,1,0,1,2,1,0,0,0,0,2,2,1,0,0,1,0,1,2,1,0,0,0,0,1,1,0
0,0,2,1,1,0,0,0,0,2,2,2,1,2,2,1,0,2,0,0,0,2,2,0,0,2,0,0,0,1
0,2,2,1,1,1,2,2,0,1,1,1,1,0,2,0,0,0,0,0,0,2,0,0,0,2,0,0,1,2
0,2,2,1,1,1,2,2,1,2,1,1,1,0,1,0,0,1,1,2,0,2,2,0,0,2,0,1,1,0
0,2,2,1,0,0,1,0,1,2,0,2,0,1,2,0,0,0,1,0,2,0,2,0,0,1,0,1,0,1
0,1,2,1,1,0,1,2,1,1,0,0,0,0,0,1,0,1,0,2,2,2,2,0,0,0,0,1,1,2
0,1,0,1,1,1,0,1,1,2,1,2,0,2,2,1,1,0,1,1,1,2,1,2,0,1,1,0,1,1
0,1,2,1,1,0,1,0,0,2,1,1,0,0,0,0,1,1,0,0,0,2,0,1,1,1,0,1,1,2
0,1,2,0,0,0,1,2,1,0,2,1,1,2,1,0,1,2,0,2,2,1,2,2,0,2,0,1,0,1
0,0,2,1,0,1,0,0,0,1,1,2,0,1,1,0,0,0,1,0,0,2,2,0,1,0,0,1,1,1
0,1,2,1,1,1,1,0,0,1,2,1,1,2,1,2,1,0,0,0,2,2,2,2,1,0,0,1,1,1
0,2,2,1,0,0,2,0,0,2,2,1,0,2,1,2,0,1,1,0,2,2,2,1,0,1,0,0,0,1
0,1,2,1,0,1,2,2,1,1,2,1,0,2,1,0,1,1,1,2,2,2,2,1,0,2,0,0,1,0
0,1,2,1,0,1,1,2,0,0,0,1,0,1,2,0,1,1,0,1,0,2,0,0,1,0,0,1,1,0
0,2,0,1,0,0,0,2,0,0,0,1,0,2,2,1,0,0,1,2,1,0,2,2,0,0,0,0,1,0
0,2,0,1,0,1,1,0,0,0,0,2,1,1,2,1,0,1,1,1,2,2,2,0,1,0,0,1,1,2
0,2,2,1,1,0,2,2,0,0,2,2,0,0,1,0,1,0,0,1,2,2,2,1,1,1,0,1,1,2
0,1,2,0,0,0,1,1,1,0,1,2,1,0,1,0,1,1,0,0,0,1,2,0,1,0,0,1,0,0
0,1,2,1,0,0,0,0,0,1,0,0,0,2,1,0,0,1,1,0,2,2,2,1,0,0,0,1,1,2
0,1,1,1,1,1,0,0,0,1,1,1,1,2,0,1,0,0,0,0,2,2,2,2,1,0,0,1,1,0
0,2,2,1,0,1,2,2,1,0,0,1,0,1,2,1,0,1,1,0,2,2,0,0,1,2,0,0,1,1
0,1,0,1,1,1,0,2,1,0,2,2,1,0,0,0,0,1,1,0,1,2,2,2,1,2,1,0,0,1
0,1,2,1,1,1,2,0,0,1,2,1,0,2,0,1,1,0,0,2,1,2,2,1,1,1,0,1,1,2
0,1,2,1,1,0,1,2,0,1,2,1,1,2,0,1,0,0,0,2,0,0,2,2,1,1,0,0,1,1
0,2,2,1,0,1,2,0,0,0,2,2,1,2,1,0,0,2,0,0,2,2,0,2,1,2,0,1,1,1
0,2,2,1,0,0,1,0,0,2,0,2,0,2,1,0,1,1,1,0,2,2,1,1,0,0,0,1,1,1
0,1,2,1,1,0,2,0,1,1,2,1,1,2,0,1,0,0,0,2,2,0,2,2,1,1,0,0,0,2
0,2,2,1,1,0,2,0,1,2,2,2,0,2,1,1,0,0,0,2,0,2,2,2,0,1,0,0,0,2
0,2,2,1,1,1,2,0,0,0,1,0,1,0,1,0,0,0,0,2,2,2,2,0,0,1,0,1,1,1
0,1,2,0,1,0,2,0,0,1,1,1,1,2,2,0,0,1,1,1,2,0,1,2,0,1,0,1,0,2
0,1,2,1,1,1,2,0,1,0,0,0,1,2,0,1,0,0,0,0,2,0,2,2,0,2,0,1,0,1
0,2,2,1,0,1,2,2,1,0,1,2,0,0,2,0,0,0,0,1,0,2,2,0,0,0,0,1,1,1
0,1,2,1,1,1,0,2,0,0,1,0,0,0,2,1,0,0,1,2,0,2,2,1,0,2,0,1,0,1
0,1,2,1,1,1,0,0,0,0,2,1,1,2,0,0,0,0,0,2,2,2,2,1,0,1,0,1,1,2
0,1,0,1,1,1,0,0,0,0,1,0,0,2,0,1,0,1,0,2,1,2,2,1,0,0,0,1,1,0
0,2,1,1,1,1,0,0,1,2,0,0,1,2,2,2,0,2,0,0,1,2,0,0,0,0,1,0,1,1
0,1,2,1,1,0,0,0,0,2,2,0,1,0,0,0,0,0,0,2,2,2,2,1,0,2,0,1,1,0
0,1,2,1,1,1,0,0,0,2,2,2,0,1,0,1,0,1,1,1,2,2,0,0,0,2,0,1,1,0
0,2,1,1,1,1,2,0,0,0,2,2,0,1,0,1,0,2,0,2,1,2,2,0,0,0,0,1,1,1
0,1,2,1,1,1,0,2,1,0,2,2,0,2,1,1,0,1,1,0,2,2,2,0,0,1,0,1,0,1
0,2,2,1,0,0,1,1,1,2,0,1,0,1,2,1,0,1,0,2,0,2,2,0,0,2,0,1,1,0
0,2,2,1,0,0,2,1,1,2,1,0,1,2,0,0,1,1,1,0,1,0,0,0,1,0,0,1,1,0
0,1,2,1,1,1,2,0,1,1,1,0,0,1,1,1,1,0,0,2,0,2,0,2,1,1,0,1,1,2
0,2,0,1,0,0,0,2,0,1,2,1,1,2,1,0,0,1,1,1,0,2,1,2,0,0,0,1,1,0
0,1,2,0,0,1,1,0,0,1,1,1,0,2,2,0,0,0,0,1,1,1,2,1,1,2,0,1,0,0
0,1,1,1,0,0,0,0,0,0,1,1,1,2,1,1,1,1,1,2,2,2,2,1,1,1,0,1,0,1
0,1,2,1,0,1,2,2,1,2,0,1,1,0,1,1,1,2,0,1,2,2,2,1,1,0,0,1,1,2
0,1,2,1,0,1,1,2,1,0,1,0,0,1,2,2,1,0,1,0,0,2,0,0,1,2,0,1,0,1
0,1,2,1,1,1,0,0,1,1,2,0,1,2,0,1,0,1,1,2,1,1,2,1,0,2,0,1,0,0
0,2,2,1,1,1,0,0,0,1,1,0,0,0,1,0,1,0,1,2,1,2,2,0,1,2,0,1,1,2
0,1,0,1,1,0,2,1,1,2,1,0,1,2,0,1,0,1,0,1,1,2,2,1,0,1,0,1,1,0
0,2,2,1,0,0,0,0,1,0,1,1,1,0,1,0,1,0,0,2,0,2,2,1,0,1,0,1,0,0
0,1,1,1,1,0,1,0,0,0,0,1,1,2,0,2,1,1,1,0,1,2,2,1,0,0,0,1,1,2
0,1,2,0,1,0,2,0,1,0,0,0,1,0,0,0,1,1,1,2,0,1,2,1,0,1,0,1,0,2
0,1,2,1,1,1,0,0,0,0,1,2,1,0,0,0,0,0,1,2,0,0,2,0,0,2,0,1,0,2
0,2,2,1,1,1,0,2,1,1,1,1,1,1,1,1,0,1,0,0,0,2,2,0,1,2,0,0,0,0
0,2,1,1,1,0,0,0,0,0,1,1,1,2,1,0,0,1,1,2,2,2,2,2,0,2,0,1,1,0
0,2,2,1,1,0,0,2,1,0,0,1,0,1,1,1,0,1,1,1,0,2,2,0,1,2,0,1,1,2
0,2,1,0,0,0,0,0,1,0,1,1,1,1,2,1,0,0,1,2,0,0,2,2,0,2,0,1,0,1
0,1,2,1,1,0,0,2,0,1,2,1,1,2,0,2,0,0,0,0,2,2,2,2,1,0,0,1,1,2
0,2,2,1,0,1,0,0,0,0,2,1,1,2,2,1,1,1,1,0,2,2,2,1,1,1,0,0,1,0
0,2,2,1,0,0,0,2,1,0,0,1,0,1,1,1,0,1,0,1,2,2,2,0,1,1,0,1,1,0
0,1,2,1,1,0,1,2,0,0,2,2,1,2,0,0,0,1,1,1,2,2,0,2,1,2,0,1,1,0
0,2,2,1,0,0,0,2,1,1,0,2,0,1,2,2,0,2,1,0,0,0,2,0,0,1,0,1,1,0
0,1,0,1,0,0,0,0,1,2,0,0,1,0,1,1,1,1,1,2,2,2,2,1,0,0,0,1,1,2
0,1,2,1,1,1,0,2,0,1,0,1,1,2,1,0,0,0,0,0,0,2,1,1,1,0,0,1,0,0
0,2,1,1,1,0,2,2,1,2,1,0,0,1,2,2,1,2,1,0,2,2,2,0,1,1,0,1,1,1
0,2,0,1,1,1,0,2,0,0,2,1,0,2,1,2,1,2,1,2,0,2,2,1,0,2,0,1,0,1
0,1,2,0,0,0,2,2,0,0,1,0,1,0,0,0,0,0,0,1,1,1,1,1,1,1,0,1,0,2
0,1,1,1,1,0,1,0,1,0,0,0,1,0,2,0,1,0,0,1,2,1,1,1,0,1,0,1,0,0
0,2,1,1,1,1,1,0,0,0,0,2,1,2,1,1,1,0,0,2,2,1,0,2,0,1,0,1,1,2
0,2,2,1,1,1,1,2,1,0,2,2,0,2,1,0,1,1,0,0,2,2,2,0,1,2,0,1,1,0
0,1,2,1,1,1,0,1,0,2,1,2,0,0,1,1,0,1,1,2,1,2,2,1,0,0,0,1,1,2
0,1,2,1,1,1,1,0,0,2,2,1,1,2,2,0,0,0,1,2,2,2,2,1,0,1,0,1,1,0
0,2,1,1,1,1,0,0,1,0,2,1,0,1,2,0,1,2,1,0,0,2,2,2,1,1,0,1,1,0
0,0,0,1,1,1,1,2,0,0,2,1,0,2,0,0,1,1,0,0,1,2,0,2,1,1,0,1,1,0
0,2,2,1,0,0,0,2,1,0,0,1,1,1,2,0,0,1,0,1,2,2,2,0,0,2,0,1,0,2
0,1,2,1,1,0,2,0,1,2,2,1,0,2,0,0,1,1,1,0,1,1,2,0,1,0,0,0,1,0
0,1,2,1,0,1,1,0,1,0,2,2,1,1,1,1,1,1,1,2,2,2,2,1,0,2,1,0,1,2
0,1,2,1,1,0,1,0,0,0,2,1,0,2,0,1,1,0,1,0,2,2,2,2,0,2,0,1,1,1
0,0,2,1,1,1,0,0,0,2,2,2,1,2,1,1,0,2,0,2,2,2,2,2,1,0,0,1,1,1
0,1,2,1,0,0,2,0,0,0,0,1,1,2,1,0,0,1,0,0,2,2,2,2,1,2,0,1,1,2
0,1,2,1,1,0,1,2,1,0,2,2,1,2,0,0,0,1,1,0,2,0,2,2,1,0,0,0,0,1
0,2,0,0,1,1,0,2,0,1,1,2,1,1,1,0,1,1,0,2,1,1,2,1,0,0,0,1,0,0
0,1,2,0,1,1,1,0,0,0,1,0,0,2,0,0,1,1,0,2,2,1,2,1,1,0,0,1,0,0
0,1,2,0,0,0,0,0,1,2,1,1,1,2,1,0,0,2,0,1,0,1,2,2,1,1,0,1,0,2
0,2,2,1,0,1,0,0,1,1,0,2,0,1,2,0,1,0,1,0,1,2,2,0,1,0,0,1,0,1
0,1,2,1,1,1,1,2,0,1,0,0,1,0,2,0,1,1,1,1,2,1,1,1,0,0,0,1,0,1
0,2,2,1,1,0,1,1,0,1,1,0,1,0,1,1,0,1,0,2,0,2,2,1,0,2,0,1,1,0
0,1,0,1,1,0,2,0,0,1,1,2,1,2,1,0,0,1,0,0,0,2,0,1,0,0,0,0,0,2
0,2,1,1,1,1,0,1,0,1,0,1,0,2,2,2,0,0,0,1,1,0,1,2,1,0,0,1,0,2
0,1,2,1,0,0,0,0,0,0,0,0,1,2,2,0,1,1,0,0,2,2,2,1,1,2,0,1,1,0
0,2,2,1,0,0,1,0,1,2,1,2,1,1,2,0,0,0,1,2,0,2,2,0,1,1,0,1,1,1
0,1,2,1,0,1,2,0,0,1,2,0,1,2,2,1,1,1,0,2,0,2,2,1,0,1,0,1,1,0
0,1,0,1,0,0,0,0,0,2,2,2,1,2,1,0,1,2,0,0,0,2,2,2,1,0,0,1,1,1
0,1,2,1,1,1,1,0,1,1,1,0,1,0,0,2,1,2,1,0,0,2,2,0,1,1,0,1,1,2
0,1,2,1,1,0,0,2,1,1,0,2,1,1,2,1,0,2,1,1,0,2,0,0,0,2,0,1,0,2
0,1,2,0,1,0,0,2,0,0,1,0,0,0,0,1,0,0,0,2,0,2,2,2,0,2,0,1,0,1
0,1,2,1,0,1,1,0,1,1,2,1,1,0,1,2,0,2,1,0,0,2,2,1,0,2,0,1,1,0
0,1,2,0,1,1,1,2,1,1,1,1,1,2,0,1,0,1,1,0,1,1,2,1,1,2,0,1,0,0
0,1,2,1,0,1,2,2,0,1,2,0,0,2,1,1,1,1,0,0,0,2,2,1,0,2,0,0,1,2
0,1,2,1,1,0,2,2,1,0,2,1,0,2,0,1,0,1,1,2,1,1,2,1,0,1,0,1,0,0
0,1,2,1,0,0,1,0,0,1,2,1,0,0,1,1,0,1,0,2,1,2,2,1,0,1,0,1,1,0
0,2,1,1,1,1,0,0,0,1,1,0,1,2,1,1,0,1,1,2,1,2,2,1,0,0,0,1,1,1
0,1,2,1,0,0,2,0,1,0,1,2,0,1,2,1,0,0,1,2,2,0,0,2,1,1,0,1,1,1
0,1,2,1,1,0,0,0,0,0,2,0,0,2,2,1,1,1,1,2,2,2,2,1,1,2,0,1,1,1
0,2,2,1,1,0,2,2,1,0,2,2,0,2,2,1,0,1,1,2,2,2,2,1,1,0,0,1,1,0
0,1,0,1,1,1,1,2,1,0,2,0,0,2,0,0,1,0,0,2,1,2,2,1,0,1,0,1,1,0
0,2,2,0,0,0,0,0,1,0,0,2,0,2,1,1,1,1,0,0,0,1,1,1,1,1,0,1,1,2
0,2,2,1,0,0,0,0,0,0,2,1,0,2,2,1,0,0,1,2,2,2,2,2,0,1,0,1,1,2
0,0,2,0,0,1,2,2,1,1,1,1,1,2,1,1,0,0,0,2,0,1,2,2,0,0,0,0,1,1
0,1,0,1,1,1,2,0,1,2,2,2,1,2,0,0,0,0,0,2,0,2,2,0,0,0,0,0,1,1
0,1,2,1,1,1,0,0,0,0,1,0,1,2,0,0,0,1,0,0,0,2,2,2,1,2,0,1,1,0
0,2,1,1,1,0,0,2,1,1,2,2,1,1,1,1,0,1,1,2,2,2,2,0,0,1,0,1,0,1
0,2,0,1,1,0,0,0,1,2,1,1,1,1,1,2,0,2,1,0,1,2,2,0,0,0,0,1,1,1
0,1,0,1,1,0,1,2,0,0,2,0,1,0,2,0,1,0,0,1,1,2,1,1,1,1,0,1,1,2
0,1,2,1,1,1,0,0,1,0,2,1,1,2,2,0,0,1,1,0,0,2,1,2,1,2,0,1,0,2
0,1,2,1,0,1,1,0,0,1,1,0,0,0,0,0,1,1,0,0,0,2,1,0,0,2,0,1,1,2
0,1,2,1,0,0,1,0,1,1,1,2,1,0,0,0,1,0,1,2,1,2,1,0,1,2,0,0,0,1
0,2,2,1,1,0,0,2,1,1,2,1,1,2,2,0,0,1,1,2,1,1,0,2,0,1,0,1,0,1
0,1,2,1,0,1,1,2,1,2,2,1,0,2,2,1,0,2,0,0,0,2,0,0,0,0,0,0,1,0
0,0,2,1,1,1,1,0,0,2,1,2,0,2,2,1,1,1,1,0,0,2,2,1,1,2,0,0,0,1
0,2,0,1,1,0,1,0,1,2,0,0,0,2,1,1,0,0,0,2,0,0,2,2,0,2,0,1,0,2
0,1,2,1,1,0,2,0,0,0,2,1,0,2,0,1,0,1,1,2,2,2,2,1,0,2,0,1,1,1
0,1,0,1,1,0,0,2,1,1,2,1,1,2,2,0,0,1,1,0,1,2,2,0,0,1,0,1,1,1
0,1,2,1,1,0,2,2,0,1,2,1,1,2,2,0,1,0,1,0,2,2,2,2,1,1,0,1,1,2
0,1,2,1,1,0,1,0,0,0,0,0,1,2,0,1,1,1,0,2,0,2,2,1,0,1,0,1,1,1
0,2,2,1,1,1,1,0,0,0,0,0,1,1,2,0,0,1,0,0,0,2,2,0,1,0,0,1,1,0
0,1,1,0,0,0,2,0,0,2,1,1,1,2,1,1,1,1,1,1,2,1,1,1,0,2,0,1,0,1
0,1,2,1,1,0,1,0,0,1,2,2,0,2,0,0,1,2,1,2,2,2,2,1,0,0,0,1,1,2
0,1,2,1,0,0,1,2,1,1,0,0,1,1,1,0,0,1,0,2,0,2,0,0,1,2,0,1,1,1
0,1,1,1,1,0,1,2,1,0,0,0,0,2,0,0,0,1,0,2,2,2,2,0,1,2,0,1,1,2
0,2,0,0,1,0,0,1,0,0,1,1,0,2,1,1,1,1,1,2,2,1,2,1,1,1,0,1,0,2
0,2,2,1,1,1,1,0,0,1,1,0,1,0,2,1,0,1,0,1,0,2,1,1,0,1,0,0,1,2
0,2,2,1,1,1,1,2,0,0,2,2,1,0,0,0,1,0,0,1,0,2,2,1,1,1,0,1,0,1
0,1,2,1,0,0,2,0,0,2,0,0,0,2,0,1,1,1,1,0,0,1,1,1,1,0,0,0,1,0
0,1,2,1,1,0,2,2,1,0,1,0,0,0,0,1,0,1,0,0,2,2,2,0,1,1,0,1,1,0
0,2,0,1,1,0,0,0,0,2,0,0,0,2,1,2,1,2,0,0,0,2,2,1,1,1,0,1,1,1
0,2,2,0,0,0,2,0,0,2,2,0,0,1,2,1,0,2,1,0,2,1,2,0,1,1,0,0,1,0
0,1,2,1,1,0,2,2,1,2,2,1,0,2,0,0,0,1,0,2,2,2,2,1,0,2,0,1,1,2
0,1,2,1,1,1,1,0,0,1,1,2,0,1,0,0,0,0,1,0,0,2,0,0,1,2,0,1,1,1
0,0,2,1,1,0,1,1,0,0,1,1,1,2,2,1,0,1,0,0,0,2,0,0,0,1,0,1,1,2
0,2,2,1,1,1,2,0,0,0,0,2,0,2,2,0,0,1,1,0,2,2,0,1,0,2,0,1,1,0
0,1,0,1,1,1,0,1,0,1,1,1,1,2,2,1,0,0,1,2,1,2,2,2,1,0,0,1,1,1
0,1,1,1,1,0,0,0,0,1,0,1,1,1,2,1,0,0,0,1,2,1,1,2,1,0,0,1,0,1
0,1,2,1,1,1,0,0,0,1,0,1,0,2,0,0,1,0,0,1,2,2,2,1,1,2,0,1,1,2
0,1,2,1,1,1,0,0,0,0,2,0,1,2,0,0,0,0,0,2,2,2,2,0,0,1,0,1,1,2
0,1,2,1,1,1,1,0,0,1,1,2,1,1,0,1,0,2,1,1,0,2,0,0,1,2,0,1,1,2
0,2,0,1,0,0,2,2,0,0,0,1,0,2,2,2,1,0,0,2,0,2,0,2,0,0,0,0,1,2
0,1,2,0,1,0,0,2,1,0,1,0,0,0,0,0,1,0,0,2,0,1,2,1,0,2,0,1,1,0
0,1,2,1,0,1,1,0,1,2,1,1,1,2,2,1,1,1,0,0,2,2,2,1,0,1,0,1,1,2
0,1,2,1,1,1,1,2,1,1,1,0,1,0,0,0,1,0,0,2,1,2,2,0,0,2,0,1,1,0
0,1,1,1,0,1,1,0,0,0,2,0,1,0,1,0,1,2,0,2,0,2,2,0,1,1,0,1,1,1
0,2,2,1,1,0,0,2,1,1,0,2,0,2,1,1,0,2,1,2,2,2,2,0,1,1,0,1,1,1
0,1,1,1,1,0,2,0,1,2,1,0,1,2,0,1,0,1,0,0,2,2,2,0,0,0,0,1,0,0
0,1,1,0,1,1,1,2,0,1,1,0,1,2,1,0,0,1,1,2,1,0,2,2,0,1,0,1,1,1
0,0,2,1,0,1,0,0,1,2,2,2,1,2,2,1,0,1,0,2,2,2,2,0,1,1,0,1,1,0
0,1,2,1,0,1,1,2,0,1,2,1,0,2,1,0,0,2,0,2,2,2,2,2,0,2,0,1,1,1
0,1,2,1,1,1,0,2,0,0,0,0,1,0,0,0,0,0,1,0,0,2,2,1,0,1,0,1,1,2
0,2,2,1,1,0,1,0,0,1,2,0,0,2,1,0,1,0,0,0,0,2,2,1,1,1,0,1,1,0
0,1,2,1,1,1,1,0,1,0,2,2,1,0,2,1,1,1,1,2,1,1,2,1,1,1,0,1,0,0
0,1,2,1,0,1,0,1,1,0,1,2,1,2,2,1,0,1,0,2,0,2,2,1,1,1,0,1,1,2
0,1,2,0,1,1,1,2,1,0,1,0,1,0,2,0,1,1,0,1,2,1,1,0,1,2,0,1,0,2
0,2,2,1,1,0,0,2,0,1,0,1,0,0,1,1,0,1,0,2,0,2,2,1,0,2,0,1,1,0
0,1,0,1,0,0,2,0,0,1,0,2,1,2,1,2,1,0,0,0,2,2,2,2,1,1,0,1,1,2
0,2,2,1,1,0,0,0,1,0,2,0,0,0,2,0,0,0,0,0,0,0,0,1,0,2,0,1,1,1
0,2,2,1,1,1,2,0,0,2,2,2,1,2,1,1,0,1,0,0,0,2,2,0,1,0,0,1,1,0
0,2,2,1,1,0,2,0,0,0,2,2,0,2,1,1,0,0,1,0,2,2,2,2,1,1,0,1,1,0
0,2,0,1,0,0,0,2,1,0,2,2,0,2,0,0,1,0,1,1,2,2,1,1,0,1,0,1,1,2
0,2,0,1,1,0,2,0,0,2,1,0,1,2,0,0,0,2,1,1,1,2,1,2,1,1,0,0,1,0
0,1,2,1,0,0,2,0,1,1,1,1,0,1,2,1,1,0,1,2,0,2,0,2,1,2,0,1,1,1
0,2,2,1,1,0,1,2,1,1,0,2,0,1,1,1,0,1,0,0,1,2,2,0,1,1,0,1,1,2
0,2,1,1,1,1,1,0,0,0,1,2,1,2,1,1,0,0,0,0,2,2,2,2,0,0,0,1,1,0
0,1,2,1,1,1,0,0,1,0,2,1,1,2,2,0,0,0,0,2,2,2,2,1,0,0,0,1,0,0
0,1,2,1,1,1,0,1,1,0,0,0,0,1,2,0,1,1,1,0,2,2,0,2,1,0,0,1,1,2
0,1,1,1,0,0,2,0,0,2,1,1,1,2,1,0,0,1,1,0,1,0,2,0,1,2,0,1,0,1
0,1,2,1,0,0,2,0,0,2,2,1,0,2,1,1,0,0,1,1,0,2,1,2,0,0,0,1,1,0
0,2,2,1,0,0,2,0,0,2,2,0,0,1,2,1,0,1,1,0,0,2,2,0,1,0,0,1,1,0
0,2,2,1,0,1,1,1,1,0,1,2,0,2,1,1,1,1,1,1,0,2,1,1,1,0,0,1,1,2
0,1,2,0,1,0,0,2,1,2,0,2,0,0,2,2,1,2,1,2,0,2,1,0,0,1,0,1,1,0
0,1,0,1,0,0,0,0,1,1,2,0,1,0,1,1,0,1,1,1,1,2,1,1,0,2,0,1,0,1
0,1,2,1,0,1,1,2,0,1,1,1,1,2,1,1,0,2,1,0,0,2,2,2,1,0,0,1,1,2
0,2,2,1,0,1,2,0,0,0,2,2,1,2,2,0,0,0,0,0,0,2,0,1,0,1,0,1,1,2
0,1,2,1,1,1,0,0,1,2,0,1,1,2,0,1,0,0,1,2,2,2,2,0,0,1,0,1,1,1
0,1,1,1,1,0,1,2,1,0,0,0,0,2,0,2,0,0,0,0,1,2,2,2,0,2,0,1,0,0
0,1,2,1,0,1,1,2,0,0,0,2,1,0,0,1,1,1,1,0,1,2,1,1,0,0,0,1,1,1
0,2,2,1,0,1,2,2,1,2,0,1,0,1,2,0,0,0,1,0,1,2,2,0,1,1,0,1,1,1
0,0,2,0,1,1,0,2,0,0,0,0,1,0,1,0,1,1,0,0,0,1,2,1,1,1,0,1,0,2
0,1,2,1,1,1,1,2,0,1,0,0,1,0,0,2,1,1,1,0,0,2,2,1,0,1,0,1,1,2
0,1,2,1,1,1,1,2,0,0,2,0,1,0,1,0,1,0,0,2,2,2,2,0,0,1,0,1,1,2
0,1,2,1,1,0,0,2,1,1,0,0,0,1,0,0,0,1,1,2,2,2,1,0,0,0,0,1,0,1
0,2,1,1,1,1,2,0,1,2,2,1,1,0,2,1,0,2,0,2,0,2,2,1,0,2,0,1,1,1
0,1,2,0,1,0,2,0,1,0,1,2,1,1,0,1,0,1,0,0,1,1,0,0,1,1,0,1,0,2
0,1,2,1,1,1,2,0,0,0,0,2,1,1,0,0,1,0,1,0,1,2,0,0,1,1,0,1,1,1
0,1,1,1,0,0,2,0,0,0,0,1,1,2,1,2,1,1,0,0,1,2,2,1,1,1,0,1,1,0
0,1,2,1,0,1,0,0,0,0,2,1,1,2,1,0,1,0,0,1,0,2,2,1,0,2,0,1,1,1
0,1,2,1,1,1,1,0,1,1,1,0,1,0,0,0,0,1,0,2,1,2,2,1,0,2,0,1,1,0
0,1,2,1,0,1,0,0,1,1,2,0,0,2,1,0,0,0,0,0,2,2,2,0,1,1,0,1,1,1
0,0,0,1,1,0,2,0,0,0,0,2,0,2,1,1,0,1,0,2,1,2,2,0,1,0,0,1,1,2
0,1,2,0,0,0,0,2,0,0,2,2,0,1,0,1,1,1,1,1,2,2,1,0,1,2,0,0,0,1
0,2,2,1,1,0,1,2,0,0,2,2,1,2,2,1,1,0,0,2,1,2,2,2,0,0,1,0,1,0
0,1,2,1,0,0,1,2,0,0,0,1,1,2,1,0,0,1,0,2,2,2,2,2,1,1,0,1,1,2
0,1,2,1,0,0,1,0,0,2,0,1,0,2,1,1,1,1,1,0,0,2,2,1,1,0,0,1,1,2
0,1,2,1,1,1,0,0,1,2,0,0,1,2,0,0,0,0,1,2,0,1,2,1,0,2,0,1,0,2
0,1,2,1,0,1,0,2,1,0,0,0,0,1,0,0,0,0,1,1,2,2,1,0,0,1,0,1,1,1
0,1,2,1,1,1,1,0,0,2,2,1,0,0,2,1,1,1,1,0,0,2,1,1,1,2,0,1,1,1
0,1,1,1,1,0,0,0,0,1,2,1,1,2,0,2,0,1,1,0,1,2,2,1,0,1,0,1,1,1
0,1,0,0,1,0,1,0,0,0,1,0,0,1,2,2,1,1,1,2,2,1,0,1,0,2,0,1,0,2
0,1,2,1,0,0,2,1,0,2,0,2,0,2,1,0,0,2,1,2,0,0,2,2,0,2,0,1,1,1
0,1,2,1,1,1,0,0,0,2,1,0,0,0,2,0,0,0,0,2,0,2,2,0,0,1,0,1,1,0
0,2,0,1,0,0,1,0,0,1,0,0,1,2,0,1,0,0,1,1,0,2,1,2,1,1,0,1,1,2
0,1,2,1,1,0,2,0,1,2,0,2,0,0,0,0,0,0,1,2,0,2,2,1,0,2,0,1,0,2
0,1,2,1,1,0,2,0,0,0,2,1,0,0,2,1,0,1,1,1,0,2,1,0,0,1,0,1,1,0
0,1,1,0,0,0,1,0,1,0,2,1,1,1,2,0,0,1,1,0,0,1,0,0,0,2,0,1,0,1
0,0,2,1,1,0,1,0,1,2,1,1,1,1,0,0,0,0,0,2,0,2,2,2,0,1,0,1,1,0
0,2,2,1,1,0,0,0,0,2,2,2,0,1,1,1,1,1,0,0,2,2,2,1,1,1,0,1,1,2
0,2,2,1,1,1,0,0,1,2,2,2,1,2,1,1,0,1,1,0,2,2,2,0,1,1,0,1,1,1
0,1,2,1,1,1,2,0,0,1,2,1,1,2,1,1,1,0,0,1,2,2,0,1,1,0,0,1,1,2
0,1,2,1,1,0,1,0,0,1,2,1,1,2,0,1,0,1,0,1,0,2,0,0,0,1,0,1,1,2
0,2,2,1,1,1,0,2,1,1,1,1,0,2,1,1,0,2,0,2,2,2,2,0,0,0,0,1,1,2
0,2,2,1,1,1,2,1,1,2,1,2,0,1,2,1,0,2,1,2,2,2,2,2,1,0,0,1,0,1
0,0,1,1,0,1,0,0,1,2,2,1,0,1,2,0,0,1,0,2,2,2,0,0,1,2,0,1,0,0
0,1,2,0,1,1,1,0,0,2,2,0,1,2,0,1,1,1,1,2,2,1,2,1,1,0,0,1,0,0
0,2,2,1,1,0,2,2,0,1,2,1,0,0,1,0,1,0,0,0,0,2,2,0,1,0,0,1,0,2
0,1,2,1,0,0,1,2,1,1,2,0,0,2,2,0,0,0,1,2,2,2,2,0,1,1,0,1,0,0
0,1,0,1,1,1,2,0,0,0,1,2,1,2,2,0,0,0,0,2,0,2,2,2,0,1,0,1,1,0
0,1,0,1,1,1,0,0,1,0,2,0,0,0,0,1,0,0,1,1,0,2,1,1,0,1,0,1,1,0
0,1,0,1,0,0,0,0,1,2,0,1,1,1,2,0,0,1,1,0,0,2,0,0,0,1,0,1,1,1
0,1,2,1,0,0,1,2,1,1,2,1,0,0,0,1,1,1,1,1,2,2,1,1,1,1,0,1,1,2
0,1,2,0,0,0,2,0,0,1,0,1,1,0,0,1,1,0,1,2,0,2,0,0,1,2,0,1,1,1
0,2,2,1,1,0,2,0,1,2,2,2,0,2,1,1,0,0,1,2,2,2,2,2,0,1,0,0,0,2
0,1,0,0,1,1,1,0,0,2,1,2,1,2,0,1,1,1,0,1,2,1,2,1,1,1,0,1,1,0
0,1,2,1,0,0,2,2,0,1,0,1,0,2,1,0,1,0,0,2,2,2,2,1,0,2,0,0,0,2
0,1,2,1,1,0,2,0,0,2,0,1,0,2,0,0,0,1,0,1,0,0,2,2,1,2,0,1,1,1
0,0,2,1,1,0,1,0,1,1,2,2,0,2,1,0,1,0,0,0,2,2,2,1,1,1,0,1,1,2
0,1,1,0,0,1,1,2,1,1,2,0,0,2,1,1,0,1,1,0,2,0,2,1,0,2,0,1,1,0
0,1,2,1,1,1,1,0,0,0,2,1,1,2,0,0,1,0,0,2,0,2,2,1,0,1,0,1,1,2
0,2,2,1,1,0,1,0,0,2,1,2,0,1,2,1,0,1,0,0,2,2,2,0,1,1,0,0,1,0
0,1,2,1,1,0,0,2,1,2,0,0,0,0,0,1,1,2,0,0,1,2,2,2,1,2,1,0,1,2
0,2,2,1,1,0,0,1,1,1,2,1,0,1,1,0,0,1,0,1,2,2,2,0,0,1,0,1,1,0
0,2,2,1,1,0,1,2,1,1,0,1,0,2,1,0,1,0,0,0,0,2,2,1,1,2,1,0,1,2
0,1,2,1,0,0,0,2,1,0,2,1,1,2,2,1,1,1,1,2,2,0,1,1,1,0,0,1,1,0
0,1,2,1,1,1,2,0,1,1,2,0,0,0,0,0,1,0,0,2,0,2,2,1,0,2,0,1,1,0
0,2,2,1,1,0,1,0,0,2,2,2,1,2,2,1,0,1,1,2,2,2,0,0,1,2,0,1,1,0
0,2,2,1,0,0,1,0,0,1,2,2,0,2,2,0,0,2,1,0,2,0,0,2,1,2,0,1,1,1
0,1,1,1,0,1,1,2,1,1,1,1,1,1,2,1,0,1,1,1,1,0,0,0,0,2,0,0,0,2
0,2,2,1,0,0,0,0,1,0,1,0,0,1,2,1,0,2,0,2,2,2,2,2,0,2,0,1,1,0
0,1,2,0,0,1,0,0,1,2,1,0,0,2,2,2,0,1,0,0,2,1,2,1,1,1,0,1,0,2
0,1,2,1,0,1,2,0,0,1,1,1,0,2,2,0,1,0,0,0,0,2,2,0,1,0,0,1,1,0
0,0,1,1,1,0,2,0,1,0,1,2,1,2,1,2,1,0,0,0,2,2,0,0,0,0,0,0,0,1
0,2,2,1,0,0,1,0,0,1,1,2,1,2,1,1,0,0,0,0,2,2,0,2,1,1,0,1,1,2
0,2,2,0,1,0,2,2,0,1,2,1,0,0,1,0,1,0,1,2,1,1,2,0,1,2,0,1,0,2
0,2,1,1,1,1,2,0,0,2,1,1,0,1,1,2,1,2,0,0,2,2,2,0,1,2,0,1,1,2
0,2,2,1,0,1,0,2,1,1,0,0,0,1,2,0,1,1,0,1,0,0,2,1,0,1,0,1,0,0
0,1,2,1,1,0,0,0,0,2,0,0,1,2,0,0,1,2,0,2,0,2,2,2,0,1,0,1,1,2
0,1,2,0,1,1,1,0,0,1,1,1,0,0,2,0,1,0,1,1,2,0,1,0,1,0,0,1,0,1
0,1,2,1,0,0,1,0,0,0,0,2,0,2,1,1,0,1,1,2,0,2,1,0,0,1,0,1,1,2
1,2,1,0,0,0,1,0,0,2,1,2,1,0,2,1,0,0,1,1,2,1,0,2,0,2,0,1,0,1
0,2,2,1,0,1,2,2,0,0,2,1,1,0,2,0,0,1,1,2,2,2,2,0,0,2,0,1,1,1
0,2,2,1,1,1,0,0,0,1,1,2,0,2,1,0,0,0,1,0,1,2,2,0,1,1,0,1,1,1
0,1,1,1,0,1,2,2,1,0,0,0,1,2,2,1,1,1,1,0,1,2,2,1,1,1,0,1,1,2
0,1,2,1,0,0,1,0,1,0,2,0,1,1,2,2,0,2,1,1,2,1,0,0,1,0,0,1,0,2
0,1,2,0,0,1,1,0,1,2,2,0,1,2,1,1,0,1,1,2,2,1,2,1,1,2,0,1,0,0
0,1,2,1,0,0,2,0,0,2,0,0,0,2,1,2,0,2,0,0,2,2,2,0,0,2,0,1,1,1
0,1,2,1,1,0,2,2,0,1,0,0,0,0,2,2,1,2,0,0,2,2,0,1,1,2,0,0,0,1
0,2,0,1,0,0,0,0,1,1,1,0,0,2,2,2,1,2,1,0,0,0,2,0,1,1,0,1,0,1
0,1,2,1,1,1,0,0,0,2,2,1,0,2,0,1,0,1,1,0,1,2,2,1,0,2,0,1,1,1
0,1,0,1,1,0,2,2,1,1,0,1,1,1,0,2,1,2,0,1,0,2,0,0,1,0,0,0,1,1
0,2,2,1,1,1,0,0,1,0,1,2,1,1,1,0,1,0,0,1,2,2,2,0,0,0,0,1,1,0
0,1,2,0,0,0,0,2,1,0,1,1,0,2,1,1,1,1,1,2,0,2,2,1,1,0,0,1,1,0
0,1,2,1,1,0,0,2,1,0,2,1,0,2,0,1,0,1,0,0,2,2,2,0,1,1,0,1,1,0
0,1,2,1,0,1,1,0,0,1,2,0,1,0,2,2,1,2,1,0,2,0,0,0,1,1,0,1,1,0
0,1,2,1,1,0,1,2,1,1,2,1,0,2,1,1,0,1,1,2,2,2,2,0,0,2,0,1,1,0
0,1,2,1,0,0,1,1,0,1,2,1,1,2,1,1,1,0,0,0,2,2,2,1,1,2,0,0,0,2
0,2,1,0,1,0,0,0,1,0,2,1,1,2,2,1,0,1,1,2,0,1,0,1,1,2,0,1,0,0
0,2,2,1,1,0,2,2,1,0,2,1,0,2,2,0,1,1,1,0,2,1,2,1,1,0,0,0,1,1
0,2,2,1,1,0,2,2,1,0,0,0,0,1,0,0,0,1,1,0,2,2,2,0,1,1,0,1,1,2
0,0,2,0,0,1,2,2,1,0,0,2,0,1,0,1,0,1,1,2,0,1,2,1,1,2,0,1,0,2
0,1,2,1,0,0,2,1,0,1,1,1,1,0,0,1,1,1,1,0,0,2,1,1,0,1,1,0,1,2
0,2,2,0,0,1,0,0,0,2,1,0,1,0,0,0,0,0,0,2,0,1,1,2,0,1,0,1,0,1
0,1,2,1,1,0,2,2,1,1,2,1,0,2,2,1,1,1,0,2,2,2,2,1,0,0,0,1,1,0
0,1,2,1,1,1,1,2,0,0,1,1,0,2,2,1,1,0,0,2,0,2,0,2,1,0,0,1,1,2
0,2,2,0,0,1,2,2,0,0,1,2,1,2,2,0,0,0,0,2,2,1,2,2,0,0,0,1,0,0
0,1,1,1,0,1,0,0,0,0,1,1,0,2,2,0,0,1,0,2,2,2,2,0,0,1,0,1,0,0
0,1,0,1,1,0,0,0,0,0,0,1,0,2,1,1,1,1,1,0,2,2,2,1,1,0,0,1,1,2
0,1,2,0,0,1,2,1,0,1,2,1,1,2,1,0,1,1,1,2,2,1,2,1,0,2,0,1,0,1
0,2,2,1,0,0,0,0,0,2,2,2,0,2,2,1,1,1,1,2,2,2,2,1,1,1,0,1,1,1
0,0,1,0,0,0,1,2,0,2,2,1,1,2,0,0,0,0,0,0,0,1,2,1,1,0,0,1,0,2
0,1,2,1,1,0,0,0,0,0,2,1,0,2,0,2,1,2,1,0,0,1,2,0,1,2,0,1,0,0
0,1,0,1,0,0,1,2,1,0,0,0,0,2,2,1,0,0,1,2,1,2,2,1,0,2,0,1,1,2
0,2,2,1,1,0,2,0,0,0,1,0,1,0,1,2,1,2,1,0,0,2,2,0,1,1,0,1,1,2
0,2,2,1,0,0,1,2,1,0,2,2,0,2,1,0,0,0,1,2,2,2,0,1,0,1,0,1,1,1
0,2,0,1,1,1,2,0,0,1,1,1,1,0,2,1,0,1,0,1,1,2,1,1,0,1,0,1,1,2
0,1,2,0,1,0,1,0,0,0,1,1,0,1,2,2,1,1,0,2,1,1,1,1,1,2,0,1,1,0
0,1,2,1,0,0,2,2,1,0,0,0,0,0,1,0,0,0,1,1,2,0,1,0,0,0,0,1,1,0
0,2,2,1,0,1,0,0,1,2,1,0,1,0,0,0,0,0,0,2,0,2,2,1,0,1,0,1,1,0
0,1,2,1,0,0,2,2,0,1,2,0,0,0,1,0,1,0,0,2,0,2,2,1,1,2,0,1,1,1
0,0,0,1,0,0,2,2,1,0,2,1,0,1,1,0,0,0,0,0,1,2,1,0,0,1,0,1,1,2
0,1,0,1,0,0,2,2,1,1,1,2,0,0,2,0,1,0,1,2,1,2,2,0,1,1,0,1,1,1
0,2,1,1,1,0,2,1,1,0,1,1,0,2,1,0,1,1,1,0,0,2,2,0,1,1,0,1,1,0
0,1,2,1,1,0,0,0,0,2,2,0,0,2,0,1,1,1,0,0,2,2,2,1,0,1,0,1,0,1
0,1,2,1,1,1,1,0,0,0,0,1,1,2,0,1,1,1,1,0,1,2,2,1,1,0,0,1,1,2
0,2,2,1,1,1,1,0,0,0,1,0,1,0,1,0,1,0,0,2,0,2,2,1,0,2,0,1,1,1
0,2,1,1,0,1,1,2,1,1,0,2,0,0,2,0,1,0,0,0,1,2,2,1,1,2,0,0,1,2
0,1,1,1,1,1,0,0,0,1,1,1,1,2,0,1,0,1,1,1,0,2,2,1,0,2,0,1,0,1
0,2,1,1,1,0,1,2,0,1,0,2,0,0,2,0,1,0,0,0,1,0,2,1,1,0,0,1,1,0
0,1,2,1,0,0,1,2,0,0,0,1,0,1,2,1,0,1,0,1,1,2,0,0,1,1,0,1,0,0
0,1,2,1,1,0,2,0,1,1,0,0,0,1,0,0,1,1,0,0,0,2,0,2,1,0,0,1,1,1
0,2,2,1,0,1,2,2,1,0,2,1,0,2,1,0,0,0,0,1,0,0,1,0,0,1,0,1,0,2
0,1,2,1,1,0,2,0,0,0,1,1,0,1,2,0,0,0,1,0,0,2,0,0,0,1,0,0,0,2
0,1,2,1,0,1,1,2,0,1,2,0,1,0,2,0,0,1,1,0,2,2,0,1,0,1,0,1,0,0
0,1,0,1,1,1,1,0,0,1,0,2,1,2,0,1,0,0,0,0,2,2,2,2,1,0,0,1,1,1
0,2,1,0,1,0,0,2,0,0,0,2,1,1,1,1,1,1,1,0,2,0,2,1,0,1,0,1,0,2
0,1,1,1,0,0,0,2,0,2,2,2,0,0,1,2,1,2,0,0,2,2,2,1,1,0,0,1,0,2
0,2,0,1,0,1,0,2,0,2,1,0,0,1,2,0,1,0,0,0,1,2,2,1,1,1,0,1,1,0
0,1,2,1,1,0,1,2,1,1,0,0,0,2,0,0,0,0,1,2,0,2,2,1,0,2,0,1,1,0
0,1,2,1,1,1,0,0,1,0,1,1,0,2,0,0,0,0,1,2,2,0,2,1,0,2,0,1,1,0
0,1,2,1,1,1,2,1,1,1,2,0,1,2,2,2,1,1,1,2,0,2,2,1,0,1,0,1,1,0
0,1,2,1,0,1,0,0,0,2,1,0,0,0,0,2,0,2,1,0,0,2,1,0,0,1,0,1,1,2
0,1,2,1,1,0,0,0,0,0,2,1,0,0,0,1,0,1,0,0,2,2,2,1,0,1,0,1,1,0
0,1,0,1,1,1,1,2,1,1,1,0,1,2,1,1,0,0,0,2,1,2,2,2,1,1,0,1,0,0
0,1,2,1,1,0,0,0,1,1,0,0,0,1,2,2,0,1,0,2,0,2,1,2,0,0,0,1,1,1
1,0,1,0,0,1,2,0,0,0,1,2,0,2,1,1,0,1,1,1,2,1,1,1,1,0,0,1,0,2
0,1,2,1,1,1,0,0,0,0,2,2,1,0,0,1,0,0,1,2,0,2,2,2,0,1,0,1,1,2
0,1,2,1,1,1,1,0,0,2,2,1,1,2,0,2,1,2,1,0,0,2,2,0,1,2,0,1,1,0
0,2,2,1,0,0,2,2,1,1,0,2,0,0,2,1,0,1,1,2,0,2,2,1,0,2,0,0,1,2
0,0,1,1,1,1,2,2,0,2,1,2,0,0,0,2,0,2,0,0,0,2,2,0,0,1,0,1,1,1
0,0,2,1,0,1,2,0,0,2,1,2,0,2,2,0,1,2,0,2,0,2,0,2,0,0,0,1,1,1
0,1,1,1,1,0,0,1,0,1,1,2,0,2,0,2,0,0,0,0,2,2,2,2,1,0,0,1,1,0
0,1,2,1,1,1,2,2,0,1,1,0,1,1,0,0,1,0,0,0,0,2,0,1,1,1,0,1,1,1
0,1,2,1,0,0,1,0,0,2,2,1,0,2,1,1,1,1,1,2,2,2,2,1,1,1,0,1,1,0
0,1,1,1,0,0,0,0,0,2,1,1,1,2,2,1,1,1,1,2,2,2,0,1,0,0,0,0,1,2
0,1,2,1,0,1,1,0,1,1,0,2,1,1,0,2,0,0,1,0,1,0,0,2,1,1,0,1,1,1
0,2,2,0,0,0,1,2,1,2,1,0,1,2,2,1,0,1,0,1,2,0,2,0,1,0,0,1,1,0
0,1,2,1,0,0,2,2,0,1,2,2,1,2,2,0,1,0,0,0,0,2,2,1,1,1,0,1,0,2
0,1,2,1,1,0,1,0,0,1,2,1,1,2,0,1,0,1,1,0,2,2,0,1,0,2,0,1,1,0
0,1,0,0,1,1,1,0,1,2,1,0,1,0,0,0,1,1,0,1,2,1,2,0,1,1,0,1,0,1
0,1,2,1,1,0,1,2,1,0,2,2,0,2,0,1,0,0,1,2,0,2,2,2,0,0,0,1,1,0
0,2,2,1,0,0,0,0,1,2,2,1,1,1,0,2,1,2,1,0,2,2,2,0,1,2,0,1,1,1
0,1,2,1,0,1,1,1,1,2,1,2,1,2,1,2,1,2,0,0,0,2,2,1,0,2,0,1,1,1
0,2,2,0,0,0,0,0,0,1,0,2,0,2,2,0,1,0,0,1,0,1,2,1,1,2,0,1,0,2
0,1,1,1,1,1,1,0,0,1,2,1,1,2,0,2,0,0,0,0,0,2,2,2,1,0,0,1,1,0
0,1,2,1,0,1,0,0,1,2,1,0,1,0,2,2,1,1,0,0,0,2,2,1,1,2,0,0,1,1
0,1,2,0,1,1,0,0,1,1,1,0,1,2,0,0,1,0,0,0,1,1,0,1,1,0,0,0,1,0
0,1,2,1,0,0,2,0,0,0,2,0,1,1,0,1,0,1,0,2,2,2,0,0,1,2,0,1,1,1
0,1,0,1,0,0,0,2,1,1,0,0,0,0,1,1,0,2,1,0,2,2,2,0,1,2,0,1,1,1
0,1,1,0,0,1,2,2,0,1,2,0,0,2,1,1,1,1,0,1,0,1,2,1,1,1,0,1,0,0
0,2,2,1,1,0,1,2,0,1,0,2,1,1,1,1,0,2,1,2,2,2,2,0,1,1,0,1,0,0
0,1,2,1,1,1,1,0,1,0,1,2,1,0,0,2,1,1,0,0,0,2,2,1,1,1,0,1,1,0
0,1,2,1,0,0,2,0,1,1,2,2,1,1,1,2,0,0,0,1,2,2,1,2,1,1,1,0,1,2
0,1,2,1,0,1,1,0,1,1,0,0,1,2,1,1,0,1,0,2,1,0,2,1,0,0,0,1,0,1
0,1,2,1,1,0,1,0,1,0,1,2,0,1,0,0,1,0,0,0,0,2,0,1,1,0,0,1,1,0
0,2,0,0,1,0,0,2,0,1,2,2,0,0,2,1,1,1,0,0,0,1,0,1,0,0,0,1,0,0
0,0,1,0,0,0,0,2,0,0,0,1,0,0,1,1,1,2,1,2,1,0,2,2,0,0,0,1,0,0
0,2,2,1,1,1,2,2,1,0,1,1,1,1,1,1,0,0,1,2,0,2,2,2,0,0,0,1,1,1
0,2,2,1,1,1,2,0,0,0,2,2,1,2,2,0,0,1,1,1,0,2,0,2,1,1,0,1,1,1
0,1,1,1,0,0,0,0,0,2,0,2,0,2,1,0,1,0,0,2,1,2,2,1,0,0,0,1,1,2
0,1,2,0,0,1,2,0,1,1,1,1,0,2,1,0,1,0,0,0,0,1,1,1,1,1,0,1,0,1
0,1,2,0,1,1,1,2,0,1,1,1,0,2,2,1,1,0,1,1,1,1,0,2,1,1,0,1,0,1
0,2,2,1,0,1,2,2,0,0,1,1,1,1,1,0,0,1,0,0,2,2,2,2,1,0,0,1,1,1
0,1,2,0,1,0,0,2,1,0,0,0,1,2,0,1,0,1,1,2,0,1,2,1,1,2,0,1,1,2
0,1,2,1,0,1,1,2,1,0,1,1,1,2,1,2,1,1,0,0,0,2,2,1,1,2,0,1,1,0
0,2,2,1,0,1,1,0,0,1,0,2,0,2,0,0,1,1,1,2,0,2,2,2,0,0,0,1,1,2
0,1,2,1,1,0,1,2,1,1,2,0,0,0,0,0,0,0,1,0,2,2,0,1,0,0,0,1,1,1
0,1,2,1,0,0,2,0,0,1,2,1,0,2,2,0,1,0,0,0,2,2,0,1,1,2,0,1,1,2
0,1,0,1,0,1,1,0,0,1,2,0,1,0,1,1,0,1,1,0,1,2,2,0,0,2,0,1,1,1
0,2,2,1,1,0,0,0,0,0,0,2,0,2,2,0,1,2,1,2,0,2,1,2,1,2,0,1,0,1
0,1,2,1,0,1,0,2,1,2,2,2,1,0,0,0,0,0,0,1,0,2,1,1,0,1,0,1,1,2
0,1,2,1,1,0,1,0,0,0,2,2,0,2,0,1,0,0,0,2,2,2,0,2,0,2,0,1,1,1
0,1,2,1,0,1,1,0,1,0,2,0,0,0,1,1,1,1,1,2,2,2,0,1,1,2,0,1,0,0
0,2,2,1,0,0,0,0,1,1,2,1,1,1,2,1,0,2,0,0,0,0,2,0,1,0,0,1,1,1
0,1,0,0,1,1,2,0,1,1,2,1,1,0,0,0,1,0,0,0,0,1,2,1,1,2,0,1,1,2
0,1,0,1,1,0,0,2,1,1,2,1,1,2,0,0,0,1,1,1,1,2,2,0,0,2,0,1,1,0
0,2,2,1,0,1,1,0,0,0,1,0,1,0,2,2,1,2,1,0,0,2,2,0,1,1,0,1,1,1
0,1,1,0,1,1,0,0,1,0,2,0,1,0,2,1,1,1,1,0,0,1,1,1,0,2,0,1,0,1
0,2,2,1,1,0,2,0,1,2,2,1,1,2,2,1,1,1,1,1,2,2,2,1,1,2,0,1,1,1
0,2,2,1,0,1,2,1,1,1,2,1,0,1,2,1,0,1,1,2,2,1,2,0,0,1,0,1,0,1
0,1,1,1,0,0,1,2,0,1,2,0,0,2,2,1,0,0,1,0,2,2,2,2,1,2,0,1,1,2
0,1,1,1,1,1,1,2,0,1,1,0,1,2,0,0,1,0,0,1,2,2,2,1,1,1,0,1,1,1
0,1,2,1,0,1,1,2,0,0,2,0,0,2,2,0,1,1,1,0,2,2,2,1,1,0,0,1,1,0
0,2,2,1,1,0,2,2,1,0,0,1,0,2,2,0,0,1,1,0,0,2,0,1,0,2,0,1,1,0
0,1,2,1,1,0,2,0,1,2,1,0,1,1,2,0,0,0,1,0,1,2,0,0,0,1,0,1,1,1
0,2,2,1,0,0,1,0,1,2,2,2,0,2,1,1,0,1,1,2,2,0,2,1,0,2,0,1,0,0
0,1,2,1,1,0,1,0,0,1,1,2,0,1,2,0,1,0,0,1,0,0,0,0,1,0,0,1,1,2
0,2,2,1,1,0,1,2,1,2,0,1,0,1,1,2,1,2,1,0,0,2,2,0,0,1,0,0,1,1
0,1,2,1,0,0,0,0,1,1,1,0,1,1,2,1,0,1,1,2,2,2,0,1,0,2,0,1,0,0
0,1,2,1,1,0,2,0,0,1,0,1,0,2,2,0,1,0,1,1,0,2,1,0,1,2,0,1,1,0
0,1,1,1,1,0,2,2,1,1,2,0,1,2,0,0,1,0,0,2,1,2,2,1,1,1,0,1,1,2
0,1,2,0,0,1,2,0,0,0,1,1,0,2,0,1,1,1,0,0,0,1,1,0,1,2,0,1,0,2
0,2,1,1,0,0,0,1,1,2,0,0,0,1,2,0,0,2,1,0,2,2,2,2,1,0,0,1,1,2
0,1,2,1,1,0,2,0,1,2,1,1,1,2,0,1,1,1,0,2,0,2,0,1,0,1,0,1,1,0
0,2,2,1,1,0,2,0,1,2,0,2,0,2,2,0,0,1,1,1,0,2,1,0,0,0,0,1,1,0
0,0,1,1,1,0,0,0,0,2,0,2,0,2,1,2,1,0,0,0,1,2,2,2,0,1,0,1,1,0
0,1,2,1,1,0,2,2,0,0,2,0,1,0,0,0,1,0,0,2,2,2,2,1,0,1,0,1,1,2
0,2,1,0,1,0,0,2,1,2,0,2,0,0,1,0,1,0,0,1,2,1,2,0,0,2,0,1,0,1
0,1,2,1,1,0,1,0,1,0,1,0,1,2,2,0,1,1,1,2,0,1,0,2,1,0,0,1,0,2
0,1,2,0,0,1,0,0,1,0,1,1,1,2,1,2,1,1,0,0,0,1,2,1,1,0,0,1,0,1
0,2,2,1,0,1,2,0,0,0,1,0,0,1,2,1,0,1,0,0,0,2,2,0,1,2,0,1,1,1
0,0,1,1,1,0,0,2,1,1,2,0,1,2,2,1,0,1,1,0,0,2,1,1,0,0,0,1,1,1
0,1,2,1,1,0,1,0,0,0,2,1,0,2,2,1,1,1,1,0,2,2,1,1,1,2,0,1,1,1
0,1,2,1,0,1,0,0,0,0,1,2,1,1,2,0,0,2,0,2,0,2,0,0,1,2,0,1,1,1
0,1,2,1,1,1,0,2,1,0,1,0,0,1,2,1,0,1,0,2,2,2,0,0,1,1,0,0,0,2
0,0,2,1,1,0,0,2,1,1,2,1,1,2,2,0,1,2,1,2,1,2,2,1,0,2,0,1,1,0
0,1,2,1,0,1,1,0,0,0,1,2,1,0,1,0,1,1,1,0,0,2,2,0,1,1,0,1,1,2
0,1,0,1,1,1,1,0,0,2,2,2,1,0,2,0,0,0,0,0,2,2,0,1,0,1,0,1,1,0
0,2,1,1,0,0,1,0,0,0,1,1,1,2,0,0,1,0,0,0,0,2,0,1,0,0,0,1,1,0
0,1,0,1,1,1,0,0,0,0,1,1,1,2,0,0,0,1,1,2,1,2,2,1,0,1,0,1,1,1
0,2,2,0,0,0,1,0,1,2,2,0,1,1,2,0,1,0,1,2,1,0,2,1,0,2,0,1,0,2
0,1,2,1,1,0,1,0,1,0,1,2,1,1,0,1,0,0,0,0,0,2,0,2,0,1,0,1,1,0
0,1,1,0,0,0,1,0,0,0,0,2,0,0,2,0,0,2,0,2,2,1,2,2,0,1,0,1,0,0
0,1,2,1,1,0,1,0,0,1,0,2,0,1,0,2,0,1,1,2,0,2,2,1,0,1,0,1,1,2
0,1,1,1,0,1,1,0,0,0,0,2,1,2,1,0,1,1,0,2,1,0,2,2,1,0,0,1,1,0
0,2,2,1,0,0,1,0,0,2,2,2,1,2,2,1,1,1,1,1,2,2,2,1,1,2,0,0,0,0
0,0,2,1,0,1,2,1,0,0,1,1,0,2,1,0,0,0,1,2,0,2,2,0,0,1,0,1,1,1
0,1,2,1,0,0,2,0,1,2,1,0,1,0,0,0,0,1,1,0,0,2,1,0,0,1,0,0,0,2
0,1,0,1,0,1,1,2,0,1,1,0,0,0,1,0,0,1,1,2,0,2,2,1,0,2,0,1,1,2
0,2,1,1,0,1,0,2,0,1,0,1,1,0,2,0,0,1,1,1,0,1,2,0,0,1,0,1,0,2
0,1,2,1,0,1,1,0,1,2,1,1,0,2,1,2,0,1,1,2,2,0,2,1,0,2,0,1,1,1
0,1,1,1,1,0,1,0,0,0,0,1,1,1,0,1,0,1,1,1,1,0,0,0,1,2,0,0,0,1
0,1,2,1,0,0,0,2,0,0,0,1,0,2,1,0,1,1,0,1,2,2,1,1,1,0,0,1,1,2
0,1,0,0,1,1,1,0,0,0,1,1,1,2,0,0,1,0,1,2,2,1,2,1,0,1,0,1,0,1
0,2,1,1,0,0,0,2,0,0,0,2,1,0,2,0,1,1,1,2,1,2,2,1,0,2,0,1,1,2
0,1,0,1,0,1,0,1,1,2,0,0,0,2,0,0,1,1,0,1,0,2,1,1,1,0,0,0,1,1
0,1,2,1,0,0,2,2,1,0,2,0,0,0,2,0,0,0,1,2,2,2,2,1,0,2,0,1,1,2
0,2,2,1,1,0,0,0,1,0,2,2,0,2,2,1,0,1,1,2,2,0,0,0,1,2,0,1,1,1
0,2,2,1,0,1,0,2,0,1,1,2,0,0,2,1,0,1,1,1,0,2,2,0,0,1,0,1,1,0
0,2,2,1,0,0,0,0,0,0,2,2,0,2,1,1,1,1,1,0,2,2,2,1,1,0,0,1,1,1
0,2,2,1,1,0,0,0,1,2,2,2,1,2,2,0,0,0,0,0,2,2,0,1,0,1,0,1,1,0
0,1,2,1,1,0,2,2,1,1,1,0,0,2,0,1,1,1,1,2,0,2,2,1,1,0,0,1,1,0
0,1,2,1,1,0,2,0,1,2,1,2,0,1,0,0,0,2,0,0,0,2,0,2,0,0,0,1,1,2
0,1,2,1,1,0,2,0,1,1,0,0,1,0,0,2,1,1,1,0,0,2,2,1,0,1,0,1,1,2
0,1,2,1,1,0,0,0,0,1,2,0,1,2,0,1,0,0,1,0,2,2,2,2,1,2,0,1,1,2
0,2,2,1,1,0,2,2,1,0,1,1,1,1,1,0,1,1,0,0,1,2,2,0,1,0,0,1,0,0
0,1,2,1,1,0,2,0,1,1,0,0,0,2,0,1,1,0,1,0,0,2,2,0,1,1,0,1,0,0
0,1,2,1,1,0,1,0,0,0,2,0,1,2,0,1,1,1,1,0,2,2,2,1,1,0,0,1,1,0
0,1,2,1,1,0,0,0,0,0,2,1,1,2,0,0,0,2,0,2,2,2,2,2,0,1,0,1,1,1
0,1,2,1,1,1,1,2,0,0,1,0,0,0,0,2,1,1,0,0,0,2,2,1,1,1,0,1,1,0
0,1,0,1,1,0,2,0,1,1,2,0,1,1,2,0,1,0,1,0,1,2,0,0,1,0,0,1,1,1
0,2,2,1,1,1,2,0,0,0,2,2,0,1,1,0,0,1,0,2,0,2,2,2,1,1,0,0,0,0
0,1,0,1,1,0,1,2,1,1,2,0,1,2,0,0,0,1,0,2,1,2,2,0,0,0,0,1,1,2
0,2,0,1,0,1,1,0,0,0,0,0,1,2,2,0,0,0,0,2,2,2,0,2,0,2,0,1,1,2
0,1,2,1,0,1,1,2,1,1,1,1,0,2,1,2,1,0,0,0,1,0,2,2,1,2,0,1,0,0
0,1,1,1,1,0,2,2,1,1,0,0,0,2,0,0,1,0,0,0,1,2,2,1,1,1,0,1,1,1
0,1,0,0,0,0,2,0,1,0,1,1,1,1,1,2,1,1,0,0,2,1,2,1,1,0,1,0,1,2
0,1,2,1,1,0,0,0,0,0,2,2,1,1,2,1,0,1,0,0,2,2,0,0,1,2,0,1,1,1
0,2,1,1,1,0,0,2,0,0,2,2,1,2,1,1,0,0,1,2,0,2,2,2,1,2,0,1,1,2
0,1,2,1,1,1,1,2,1,0,0,1,1,2,2,2,1,1,1,2,0,2,1,1,1,0,0,1,1,0
0,1,2,1,1,0,1,0,0,0,1,1,0,1,0,0,1,1,0,1,0,2,2,1,1,2,0,1,0,0
0,2,2,0,0,0,0,2,1,1,2,1,0,2,1,0,0,1,1,1,2,1,1,2,0,1,0,1,0,2
0,1,2,1,0,0,1,2,0,0,0,0,0,0,2,1,1,1,1,0,2,2,2,1,1,2,0,1,1,2
0,1,2,1,1,0,1,0,0,1,0,0,1,2,0,1,0,1,0,0,0,0,2,1,0,2,0,1,1,2
0,1,0,1,0,1,0,0,1,2,2,0,0,1,2,0,0,0,0,0,2,2,0,2,0,0,0,0,1,2
0,1,1,1,1,0,1,0,0,1,1,1,1,2,0,1,0,1,1,2,0,2,2,1,0,2,0,1,1,1
0,2,2,1,0,0,0,2,1,1,1,1,1,2,2,2,1,0,0,1,0,2,0,2,1,2,0,1,1,2
0,1,2,0,1,1,0,0,0,0,0,1,0,0,2,1,1,1,1,1,0,1,1,1,1,2,0,1,0,1
0,0,1,1,1,0,1,0,1,2,1,0,0,1,2,0,0,1,1,0,2,2,2,2,1,2,0,1,1,2
0,1,2,1,0,0,1,2,1,0,2,0,0,1,2,2,1,2,1,0,2,2,0,0,0,1,0,1,1,0
0,2,2,1,1,0,0,0,0,0,2,2,0,2,0,1,1,1,1,2,2,2,0,1,1,0,0,1,1,1
0,1,1,1,0,1,0,1,1,1,0,1,1,1,2,1,0,0,1,1,1,2,0,2,0,2,0,1,1,1
0,1,2,0,1,0,2,2,1,1,1,0,0,2,0,0,1,0,1,1,1,1,2,1,0,1,0,1,1,1
0,1,2,1,1,0,1,0,1,1,0,2,1,1,0,2,0,0,1,1,0,2,0,0,1,2,0,0,1,2
0,1,2,1,0,0,0,0,1,2,1,2,1,1,2,1,1,1,1,2,0,2,2,0,0,2,1,0,1,0
0,1,2,1,0,1,1,0,0,0,0,2,0,1,2,2,1,0,0,0,2,0,0,2,0,0,0,1,0,2
0,2,2,1,0,1,2,2,0,2,1,2,1,0,2,2,1,2,0,0,2,2,2,1,1,2,0,1,1,2
0,1,2,1,1,0,0,0,0,2,2,0,0,2,0,0,0,1,1,0,2,0,2,2,0,1,0,1,1,0
0,1,2,1,1,0,1,0,0,1,2,0,0,2,0,1,0,0,0,0,2,2,2,2,1,1,0,1,1,1
0,1,0,1,1,1,1,0,0,1,1,1,0,2,0,0,0,2,1,1,1,2,2,2,0,0,0,1,1,1
0,2,2,1,1,1,2,0,0,2,1,0,1,0,2,2,1,2,1,0,0,2,2,0,1,1,0,1,1,2
0,1,0,1,1,0,2,2,0,0,2,1,0,0,2,2,1,2,0,2,0,2,1,1,0,0,0,1,0,1
0,1,0,0,1,0,0,2,1,0,2,0,0,0,1,1,0,0,0,0,2,1,2,2,0,1,0,1,0,1
0,1,2,0,1,0,2,2,0,0,2,1,1,0,0,0,0,1,0,2,2,2,2,0,1,2,0,1,1,0
0,2,2,1,1,0,1,2,0,1,2,2,1,2,2,0,0,1,1,2,2,2,0,2,0,2,0,1,1,0
0,1,2,1,1,0,2,2,0,1,1,1,1,2,0,2,1,0,0,0,1,2,2,2,1,2,0,1,1,1
0,2,2,1,1,0,1,0,0,2,1,0,0,1,1,1,0,1,1,2,0,2,2,0,0,2,0,1,1,2
0,2,1,1,0,1,0,0,1,2,1,1,0,2,1,0,0,1,0,1,2,2,1,2,1,1,0,1,0,2
0,0,0,1,1,0,1,0,0,0,2,0,1,2,1,0,0,1,0,2,0,2,2,0,1,0,0,1,1,0
0,1,1,1,0,0,2,2,1,1,2,0,1,2,2,2,1,1,1,0,2,2,2,1,0,2,0,1,1,0
0,1,2,1,0,0,1,0,1,0,1,1,0,0,1,1,1,1,1,2,0,2,2,1,0,2,0,1,1,1
0,1,0,1,0,0,1,2,1,0,0,0,0,2,2,0,0,0,0,1,1,2,2,0,0,2,0,1,1,2
0,1,2,1,1,0,2,0,0,2,2,1,0,2,0,1,0,1,0,2,2,2,2,1,0,2,0,1,1,0
0,1,2,0,1,0,1,0,1,0,0,1,1,2,0,1,0,1,1,2,0,1,2,1,1,0,0,1,0,2
0,2,2,1,1,1,0,2,1,1,0,1,0,1,1,1,0,1,1,2,2,2,2,0,1,2,0,1,1,2
0,1,2,1,0,0,2,2,0,1,2,1,1,2,1,0,0,0,1,2,2,2,2,2,1,0,0,1,1,2
0,2,2,1,0,1,0,2,0,1,1,1,1,0,2,0,0,2,1,2,0,2,2,1,0,2,0,1,1,1
0,1,2,1,1,1,1,1,0,1,1,2,1,2,2,0,0,2,1,1,0,2,1,2,1,1,0,1,1,0
0,1,2,1,1,1,1,2,1,1,0,1,1,0,0,1,0,1,1,2,0,2,2,1,0,2,0,1,1,2
0,2,0,1,1,1,0,0,0,0,0,2,0,1,1,1,0,1,1,0,2,2,2,0,1,0,0,1,1,2
0,1,2,1,0,1,0,0,0,2,2,1,0,2,1,0,0,1,1,1,0,2,2,1,0,1,0,1,1,0
0,2,2,1,1,0,1,0,0,1,1,0,0,0,1,0,1,1,0,2,0,2,2,1,0,0,0,1,1,0
0,1,1,1,1,1,1,2,1,0,2,0,0,2,0,1,1,1,0,1,1,2,2,1,1,2,0,1,1,2
0,1,2,1,1,0,1,2,0,2,0,1,1,2,0,0,1,2,1,2,2,2,2,2,1,1,0,1,1,2
0,2,0,1,1,1,0,0,0,1,0,2,1,2,0,1,0,1,1,1,1,2,1,1,0,2,0,1,1,1
0,2,2,1,1,1,0,2,1,1,2,2,1,0,1,0,0,0,1,0,0,2,2,0,1,1,0,1,1,0
0,2,0,1,0,1,0,2,1,1,0,1,0,1,2,0,1,0,0,2,0,2,2,0,0,0,0,1,1,0
0,2,2,1,1,0,1,0,0,2,2,0,0,0,0,1,0,2,0,1,2,2,2,0,0,2,0,1,0,1
0,1,2,1,0,0,0,1,0,2,1,2,0,2,2,1,1,0,1,0,0,2,2,2,1,1,0,1,1,1
0,1,2,1,0,0,0,2,1,2,0,1,1,2,1,0,1,0,1,2,0,2,2,1,0,0,0,1,1,2
0,1,1,1,1,1,1,0,0,2,2,1,0,1,0,0,1,0,1,0,2,2,0,0,1,2,0,1,1,1
0,1,1,1,1,1,1,0,1,2,1,0,0,2,2,0,0,1,0,2,0,2,2,0,0,2,0,1,1,1
0,1,2,1,0,0,2,0,1,1,0,0,0,2,1,0,1,0,0,1,1,0,2,1,1,2,0,1,0,1
0,1,2,1,1,1,2,1,1,2,2,2,1,2,0,1,0,1,0,2,2,2,2,0,1,1,0,1,1,2
0,1,0,1,1,0,2,2,0,2,1,2,1,1,0,0,0,0,0,2,1,2,0,0,0,1,0,1,1,0
0,1,2,1,0,1,1,0,1,2,2,0,1,2,1,1,1,1,1,0,0,0,2,1,1,2,0,1,1,0
0,1,2,1,1,0,0,0,1,2,1,2,0,1,0,1,0,2,1,2,1,1,2,0,0,0,0,1,0,0
0,2,2,1,0,1,2,2,0,1,0,2,0,0,0,1,1,1,1,2,1,2,2,1,0,1,0,1,1,2
0,1,2,0,0,0,1,2,1,1,2,1,1,2,1,0,0,1,1,1,2,1,2,0,0,2,0,1,1,1
0,2,1,1,0,1,0,1,0,1,2,1,0,1,2,0,1,0,1,1,1,2,2,0,1,0,0,1,1,2
0,2,2,1,1,0,2,0,0,2,0,2,0,2,2,0,0,1,0,1,0,2,0,2,1,2,0,1,1,1
0,2,2,1,1,0,2,0,1,1,0,2,1,1,1,0,1,1,1,2,0,2,2,0,0,0,0,0,0,2
0,2,2,0,1,1,0,2,1,0,1,2,1,0,0,0,1,1,0,1,0,1,0,1,1,2,0,1,0,2
0,2,2,1,1,0,1,2,0,0,2,2,0,2,2,1,0,0,0,0,0,2,1,2,0,0,0,1,1,1
0,2,2,1,1,1,0,1,0,0,1,1,0,2,1,0,1,2,0,2,0,2,2,2,0,2,0,1,1,1
0,1,0,1,0,1,0,0,1,1,2,0,1,2,2,2,1,2,0,2,2,2,2,1,0,2,0,0,1,0
0,2,0,1,1,1,0,0,1,0,0,2,0,1,1,0,1,0,0,0,1,2,2,1,1,0,0,1,1,0
0,1,2,1,0,0,1,0,1,1,2,0,0,0,2,1,1,2,1,0,2,2,2,0,1,0,0,0,1,0
0,0,1,1,1,1,2,0,1,1,0,0,0,0,0,1,1,1,1,0,1,2,2,1,0,1,0,1,1,2
0,2,2,1,1,1,0,0,0,1,2,2,1,2,1,1,0,2,0,2,2,2,0,1,1,0,0,1,1,0
0,2,2,1,1,1,1,1,1,0,2,2,0,2,1,2,0,2,0,0,0,2,2,0,1,0,1,0,1,1
0,2,2,1,1,1,2,0,0,2,0,2,1,2,0,0,0,1,1,2,2,2,1,1,0,2,0,1,1,1
0,1,2,1,1,1,2,0,0,2,2,0,1,2,0,0,0,1,1,2,2,2,2,1,0,1,0,0,1,2
0,1,2,0,0,1,2,0,0,1,1,1,0,2,1,0,1,0,0,0,0,1,2,1,1,1,0,1,0,1
0,1,1,1,0,0,2,2,0,0,1,1,1,0,1,1,0,1,1,2,0,2,2,1,0,2,0,1,0,1
0,1,2,1,1,0,0,0,1,2,0,1,0,2,0,0,1,1,0,0,2,2,2,2,1,1,0,1,0,0
0,2,0,1,0,1,2,0,0,2,0,2,0,1,2,1,0,0,1,2,1,2,2,0,0,2,0,1,1,1
0,1,0,0,0,0,2,0,0,1,2,0,0,0,0,0,1,0,0,1,2,1,1,1,1,1,0,1,0,0
0,1,2,1,1,0,2,0,1,2,2,2,1,1,0,1,0,0,1,0,0,2,0,2,0,1,0,1,1,1
0,1,0,1,1,1,0,0,0,1,0,0,0,0,2,0,0,0,0,1,0,2,0,0,1,2,0,1,1,2
0,2,0,1,1,1,0,1,0,2,1,1,1,2,2,0,0,2,0,0,1,2,0,2,0,0,0,1,1,1
0,1,2,1,1,0,2,0,0,1,0,0,0,2,0,0,1,0,1,0,2,2,2,0,1,1,0,1,1,2
0,2,1,1,1,0,0,0,0,2,0,0,0,2,2,0,1,0,1,0,1,2,0,1,0,2,0,1,1,1
0,1,2,1,1,0,1,0,0,0,2,1,0,2,0,1,0,2,0,0,2,2,2,2,0,2,0,1,1,1
0,1,2,1,0,0,1,2,1,1,1,2,0,2,1,1,1,1,1,1,0,2,2,1,0,1,0,1,1,1
0,0,2,1,1,0,1,0,0,2,2,2,0,2,1,0,0,2,0,2,2,2,2,2,0,1,0,1,1,1
0,1,2,0,1,1,2,0,1,1,1,0,1,0,1,0,1,0,1,0,0,1,2,0,1,2,0,1,0,1
0,2,0,1,0,1,1,2,1,1,2,0,0,2,2,2,0,0,0,1,0,2,0,2,1,1,0,0,0,2
0,1,1,0,1,1,2,0,0,1,2,2,1,2,2,1,1,1,0,2,0,2,2,1,0,1,0,1,1,0
0,1,0,0,1,1,2,2,1,0,0,0,0,1,2,0,1,0,0,1,2,1,1,1,1,0,0,1,1,0
0,1,2,1,0,0,1,2,1,1,0,0,0,1,2,0,1,1,1,0,1,2,0,1,0,0,0,1,1,1
0,1,2,1,1,0,2,0,0,0,0,0,0,2,0,1,1,0,0,0,1,2,2,1,1,2,0,1,1,2
0,2,2,1,1,1,2,1,1,2,1,1,0,2,2,1,1,1,1,0,0,2,0,1,0,1,0,1,1,0
0,2,0,0,0,1,0,0,0,1,1,1,0,2,1,0,1,1,0,2,2,1,2,1,1,0,0,1,0,2
0,1,1,1,1,0,0,2,0,2,0,0,0,2,0,0,0,2,0,0,1,2,2,2,1,1,0,1,1,1
0,2,2,1,0,0,2,2,0,1,2,0,0,2,2,1,1,1,0,0,2,1,2,1,0,1,0,1,0,2
0,1,0,1,0,1,0,1,0,0,1,0,0,2,2,0,0,1,1,2,0,2,2,1,0,2,0,1,1,1
0,1,2,1,1,1,1,2,1,1,0,1,1,2,0,1,0,1,0,2,0,0,2,1,0,1,0,1,1,0
0,1,2,1,1,1,0,1,1,2,2,2,0,2,0,2,0,2,1,0,2,2,2,0,1,0,0,1,1,1
0,1,2,1,1,1,2,0,0,1,2,2,1,0,0,2,1,2,1,0,0,2,2,1,1,0,0,1,1,0
0,1,1,0,1,1,1,0,1,0,1,1,1,2,0,0,1,1,0,2,2,1,2,1,1,1,0,1,0,0
0,2,0,1,0,1,2,0,1,0,0,1,0,1,2,0,0,1,1,1,0,2,2,2,1,2,0,1,1,2
0,2,2,1,1,0,1,2,1,0,0,2,1,1,2,1,0,0,1,2,2,2,0,0,1,1,0,1,1,1
0,1,2,1,1,1,2,0,1,0,1,2,1,0,0,0,1,1,0,0,2,2,0,0,1,0,0,1,1,2
0,2,2,1,1,0,1,0,1,0,0,0,1,0,1,0,1,1,0,0,0,2,2,0,1,2,0,1,1,0
0,1,2,1,0,0,1,2,1,1,2,0,1,2,1,0,0,0,1,0,2,1,2,0,1,2,0,1,0,1
0,1,2,1,0,0,2,0,1,1,1,0,1,0,2,1,0,0,1,2,0,2,0,0,1,0,0,1,0,0
0,2,2,1,1,0,1,0,0,2,1,2,1,1,2,1,0,0,0,0,1,1,2,2,0,2,0,1,0,1
0,2,2,1,0,0,0,0,0,0,0,2,0,2,0,0,1,1,0,1,1,0,1,1,1,0,0,1,0,1
0,1,1,1,0,0,0,0,0,1,2,1,1,2,2,1,0,1,0,2,0,2,2,1,0,0,0,1,1,0
0,1,1,1,1,0,2,2,1,1,0,1,0,0,2,0,1,0,0,0,0,1,2,0,1,1,0,0,0,0
0,1,2,1,1,1,1,2,1,0,1,1,0,2,1,1,1,1,1,0,0,2,2,1,1,2,0,1,1,1
0,1,2,0,1,1,0,0,1,0,1,2,0,1,0,0,1,0,1,0,2,1,0,1,0,2,0,0,1,0
0,2,2,1,1,1,2,0,1,1,2,0,1,0,2,1,0,1,1,2,2,0,0,0,0,2,0,1,1,1
1,1,1,0,1,1,2,0,1,2,2,2,1,0,2,1,0,2,0,2,2,1,1,1,0,2,0,1,0,1
0,1,2,1,1,1,1,2,1,1,0,1,0,1,0,1,0,1,0,2,0,2,0,0,0,2,0,1,1,1
0,1,2,1,0,1,1,0,0,1,2,1,0,0,1,0,1,0,1,0,1,2,2,0,1,0,0,1,1,2
0,1,1,1,1,1,0,2,1,0,0,1,1,1,2,0,0,1,0,1,1,2,1,0,1,1,0,1,1,1
0,1,2,1,1,1,1,0,1,1,0,0,1,2,0,0,1,0,0,0,0,2,2,1,1,1,0,1,0,0
0,2,2,1,0,1,2,2,1,0,2,2,0,2,2,1,1,0,0,2,0,0,2,2,0,2,1,0,0,2
0,1,2,1,0,1,1,0,0,2,2,0,0,1,2,2,1,2,1,1,0,2,0,0,1,1,0,1,1,1
0,2,2,1,0,0,1,0,1,0,1,0,1,1,2,1,0,1,0,0,0,2,2,0,1,0,0,1,1,0
0,1,2,1,0,0,2,2,1,2,1,1,0,0,0,2,1,2,1,2,0,2,1,0,1,2,0,0,1,0
0,1,2,1,1,0,1,2,0,0,2,2,1,2,0,0,0,0,0,2,0,2,2,1,0,2,0,1,1,1
0,1,2,0,1,1,1,0,0,2,2,1,1,0,0,1,1,2,0,1,2,1,2,2,0,2,0,1,0,1
0,0,2,1,0,1,1,0,1,2,2,1,1,0,2,0,1,0,1,2,2,2,2,1,0,1,0,0,1,1
0,1,0,1,0,0,1,2,1,1,0,1,0,0,1,1,1,1,1,1,0,0,2,1,0,2,0,1,0,2
0,2,0,1,0,1,2,2,1,0,0,1,1,0,2,1,0,1,1,2,0,2,2,0,1,2,0,1,1,2
0,2,2,1,1,1,0,0,1,1,2,0,1,2,2,1,0,0,1,0,2,2,2,2,1,1,0,1,0,1
0,2,1,1,1,0,1,2,0,2,2,2,0,0,2,0,0,0,0,2,0,2,2,1,0,0,0,1,1,0
0,2,2,1,0,0,1,0,1,0,2,0,1,2,2,1,1,1,1,0,2,2,2,1,1,0,0,1,0,0
0,1,2,1,0,0,1,2,0,0,2,1,0,2,0,0,1,1,0,0,2,2,2,1,1,0,0,1,1,0
0,1,2,1,0,0,1,2,0,1,0,1,1,1,2,1,1,1,1,0,2,0,0,1,0,1,0,1,0,1
0,0,1,1,1,1,0,2,1,0,1,0,1,2,1,0,1,0,0,0,1,1,0,2,0,2,0,1,0,2
0,2,2,1,1,1,2,0,1,2,2,2,1,2,2,1,1,0,0,1,2,2,0,2,0,2,1,0,0,2
0,2,2,1,1,1,0,2,0,1,1,2,0,0,0,1,0,1,0,0,0,2,1,1,0,2,0,1,1,2
0,2,2,1,0,1,1,0,0,2,1,0,1,1,2,0,0,2,1,2,2,0,2,2,1,1,0,1,0,2
0,1,2,1,1,1,1,0,1,1,1,2,1,0,0,1,0,1,0,2,0,2,2,1,0,1,0,0,1,2
0,2,2,1,0,1,2,2,1,0,0,0,0,1,2,1,0,1,0,0,0,2,2,0,1,0,0,1,1,0
0,2,2,1,1,1,0,2,1,1,1,2,0,1,1,0,1,1,0,2,0,2,2,0,1,1,0,1,1,0
0,2,2,1,1,0,2,0,1,0,2,2,1,2,2,1,0,0,1,1,2,1,0,2,0,1,0,1,0,1
0,1,1,1,1,0,1,0,1,1,2,0,0,0,2,1,0,1,0,2,0,2,1,1,0,0,0,1,1,1
0,2,0,1,1,0,0,2,1,2,1,2,1,0,2,0,1,0,0,0,1,2,0,0,0,1,0,1,1,2
0,1,2,0,0,0,0,0,1,2,1,0,1,2,1,0,1,1,0,2,1,0,2,1,0,1,0,1,0,2
0,2,2,1,1,0,0,0,0,2,1,2,1,2,1,0,1,0,0,0,1,2,2,1,0,0,0,1,1,0
0,2,0,0,0,0,2,0,0,0,2,2,0,1,2,0,1,1,0,0,0,1,2,0,1,0,0,0,0,1
0,1,2,1,0,1,0,0,0,1,0,0,1,2,2,1,0,0,1,0,2,2,2,2,1,1,0,1,1,0
0,1,1,1,1,1,2,2,0,1,1,1,0,0,1,2,1,1,1,0,2,2,2,1,0,0,0,1,0,0
0,1,2,1,0,0,2,0,0,1,1,1,0,0,2,0,1,1,1,2,0,2,2,1,0,0,0,1,1,1
0,1,2,1,1,0,2,2,1,0,2,0,0,1,2,1,0,1,0,2,1,2,0,0,1,2,0,1,1,1
0,1,0,1,0,0,1,2,1,1,0,0,1,2,1,2,0,2,0,0,0,2,2,1,0,1,0,1,1,0
0,2,2,1,1,0,1,0,0,0,1,0,1,0,1,0,1,0,0,2,1,2,2,1,0,2,0,1,1,1
0,2,2,1,1,0,2,2,1,2,2,0,1,2,1,0,1,0,0,2,2,2,2,1,0,1,0,1,1,0
0,0,2,1,1,1,0,2,1,2,2,0,0,2,1,1,0,2,1,0,2,2,2,0,0,0,0,1,1,0
0,1,0,1,0,0,2,0,0,0,2,0,0,0,1,1,0,1,0,1,1,1,2,0,1,1,0,1,0,1
0,1,2,0,1,0,2,0,1,2,1,0,1,1,2,1,0,1,0,0,2,1,1,0,1,0,0,1,0,0
0,1,0,1,1,1,1,0,0,2,1,2,0,2,0,1,0,2,0,2,1,2,2,2,0,0,0,1,1,2
0,1,1,0,0,1,0,0,0,0,2,2,1,0,1,2,0,0,0,0,2,1,0,2,0,1,0,1,1,2
0,1,2,1,0,1,1,0,1,1,1,0,0,0,2,1,1,1,0,2,2,2,2,1,0,2,0,1,1,0
0,2,1,1,0,1,0,0,1,0,1,0,0,2,2,0,1,1,0,0,2,2,2,1,1,0,0,1,1,0
0,2,2,1,1,1,2,2,1,2,1,2,0,0,1,1,0,0,1,2,1,2,2,1,0,0,0,1,1,1
0,2,2,1,1,0,1,0,0,2,0,2,0,2,2,1,0,1,1,2,0,2,2,0,0,1,0,1,1,2
0,2,2,1,0,0,2,0,0,0,2,2,1,1,2,2,1,2,1,0,2,2,2,0,1,1,0,1,1,2
0,1,2,1,1,1,0,0,0,1,1,0,0,2,2,0,0,0,1,1,2,2,1,0,1,0,0,0,0,1
0,2,2,1,1,1,0,0,0,0,2,0,0,0,1,1,1,1,1,2,2,2,2,1,1,1,0,1,1,1
0,1,2,1,1,0,1,2,0,1,1,0,1,1,2,1,0,0,0,2,0,2,0,2,1,2,0,1,0,2
0,2,2,1,1,0,0,2,1,0,0,2,0,0,1,1,0,2,0,2,1,2,2,0,0,0,0,1,1,0
0,1,2,1,0,0,1,2,1,0,2,1,0,2,1,0,1,0,1,2,2,0,2,1,0,2,0,1,0,1
0,2,2,1,0,0,1,2,1,2,0,1,1,1,2,2,0,2,1,2,2,2,2,0,1,2,0,1,1,0
0,1,2,1,1,1,2,0,0,1,0,1,1,2,0,1,1,0,0,2,2,2,0,2,1,2,1,1,1,1
0,1,2,1,0,1,1,0,1,1,0,0,1,2,2,0,1,0,0,1,0,1,2,1,1,1,0,1,0,0
0,2,2,1,0,0,2,0,0,2,2,0,1,0,2,2,1,2,1,2,1,2,1,0,0,0,0,1,0,2
0,2,2,1,1,0,1,2,0,1,1,1,1,2,1,2,1,1,1,2,0,2,2,2,0,0,0,1,1,0
0,1,1,1,1,1,0,0,0,0,1,1,1,2,2,0,0,0,0,0,2,2,1,1,0,0,0,1,1,2
0,1,2,0,1,1,1,2,1,0,1,0,1,1,0,2,1,1,0,1,1,1,0,1,1,0,0,1,0,2
0,1,2,1,1,0,2,0,1,2,2,2,1,1,2,0,0,0,0,2,2,2,0,0,0,1,0,1,1,2
0,1,2,1,0,0,1,0,1,0,1,1,0,0,1,0,1,0,1,0,0,2,2,1,0,2,0,1,1,1
0,1,2,1,0,0,2,1,0,2,1,2,1,0,2,1,0,1,1,2,0,2,2,0,0,0,0,1,1,0
0,1,2,1,1,1,0,2,0,0,2,1,0,2,0,0,0,1,1,2,2,2,2,2,0,2,0,1,1,0
0,1,2,0,0,0,2,0,1,0,0,0,1,0,2,1,0,1,0,2,0,1,0,1,1,0,0,1,0,1
0,1,2,1,1,0,1,0,0,1,1,0,1,2,0,2,1,0,1,0,0,2,2,2,1,1,0,1,1,1
0,2,0,1,1,0,2,2,0,1,0,1,1,0,2,1,0,1,0,2,0,2,1,1,0,2,0,1,1,2
0,2,0,1,1,1,1,0,0,2,2,2,0,0,1,1,0,2,0,0,0,2,2,0,0,1,0,1,1,1
0,1,2,1,1,1,0,2,1,0,2,0,0,2,0,1,0,1,1,2,2,2,2,0,0,0,0,1,1,0
0,1,2,1,1,1,0,1,1,1,2,0,0,2,2,0,0,0,1,0,2,2,2,0,1,0,0,1,1,2
0,1,2,1,1,1,1,2,0,1,0,0,1,0,2,0,0,1,1,0,0,2,0,0,0,0,0,1,1,2
0,2,0,0,1,0,0,2,0,0,0,2,1,1,1,0,1,1,0,1,2,1,2,0,1,0,0,1,0,2
0,2,2,1,0,0,1,2,1,1,2,1,0,0,1,0,0,0,1,1,0,2,1,1,0,1,0,1,1,0
0,1,2,0,1,0,0,1,1,2,1,0,0,2,2,0,1,0,1,1,2,2,2,1,0,1,0,1,1,1
0,1,2,1,0,1,1,2,0,1,2,0,0,2,2,0,1,1,1,0,2,0,2,1,0,1,0,1,0,1
0,1,2,1,0,1,0,0,1,0,0,1,0,2,2,1,0,1,1,2,2,2,2,1,0,2,0,1,0,2
0,1,2,0,0,0,1,2,1,1,1,0,0,2,1,1,0,1,1,2,1,1,2,1,1,0,0,1,1,0
0,1,1,1,1,1,0,2,0,0,0,0,1,0,2,0,0,0,0,1,1,2,1,1,0,1,0,1,1,2
0,1,0,1,0,1,1,2,1,2,1,2,0,1,2,2,1,2,1,2,1,2,0,0,1,1,0,1,1,1
0,2,2,0,1,1,1,0,1,2,1,0,0,0,1,0,1,0,1,2,2,1,2,1,0,1,0,1,0,1
0,1,2,1,1,0,0,2,0,2,2,1,1,2,2,1,0,2,0,0,2,2,0,2,1,2,0,1,1,2
0,2,2,1,1,0,0,0,1,1,2,1,0,2,1,0,1,0,1,0,0,2,2,0,1,1,0,1,1,2
0,1,2,1,0,0,2,2,1,1,0,0,1,1,2,0,1,0,1,1,0,1,0,0,1,2,0,1,1,2
0,2,0,1,1,1,1,0,0,2,1,0,1,2,1,0,0,1,0,1,0,2,2,1,0,0,0,1,1,1
0,1,2,0,0,0,1,0,1,1,1,2,0,1,2,0,0,0,1,0,0,1,0,0,1,0,0,1,0,2
0,0,2,1,0,1,0,0,1,2,2,1,1,2,2,1,0,1,1,1,0,2,0,0,0,1,0,1,1,0
0,1,0,1,0,0,1,0,0,2,2,2,0,2,2,1,1,1,0,0,1,2,1,1,1,2,0,0,1,1
0,2,2,1,0,1,0,2,0,1,2,1,0,2,1,0,0,1,0,1,1,2,2,2,1,0,0,1,1,2
0,2,2,1,1,0,0,2,1,1,0,2,0,2,1,0,0,1,1,2,0,2,2,1,0,1,1,0,0,2
0,1,1,1,1,0,0,0,0,2,1,1,0,1,2,0,0,1,1,1,0,2,0,0,1,2,0,1,1,0
0,1,2,1,0,0,1,0,0,1,1,1,0,0,2,0,0,1,0,2,0,1,2,0,0,2,0,1,1,0
0,1,2,1,1,1,1,0,1,2,2,2,0,0,0,1,1,1,0,1,0,2,0,1,0,0,0,1,1,1
0,1,2,1,1,1,0,0,0,2,1,0,0,2,0,0,0,0,0,2,0,2,2,2,0,0,0,0,0,0
0,0,2,1,1,1,0,0,0,1,2,2,1,2,1,1,1,1,0,2,2,2,2,1,0,0,0,1,1,1
0,2,2,0,0,0,2,0,1,2,0,0,1,0,2,1,0,1,1,0,0,1,2,1,1,0,0,1,0,2
0,1,2,1,0,1,1,0,1,2,2,2,1,0,1,1,0,2,1,0,2,2,2,0,0,1,0,1,1,0
0,1,2,1,1,0,1,2,1,1,2,0,0,0,0,1,0,1,1,2,2,2,2,1,0,1,0,1,1,0
0,2,1,1,0,0,0,2,1,0,0,0,0,1,2,0,0,1,1,2,1,2,2,0,0,2,0,1,1,2
0,2,0,1,1,1,2,0,0,0,1,1,1,0,1,0,0,0,0,2,1,2,2,0,0,1,0,1,1,0
0,2,2,1,0,1,1,2,0,0,0,1,1,2,2,0,0,1,0,0,2,2,2,2,1,0,0,1,1,1
0,1,2,1,0,0,2,0,0,2,2,1,0,2,1,0,0,0,1,0,0,2,2,1,0,0,0,0,1,2
0,1,2,1,1,0,2,2,1,0,2,1,0,2,0,1,0,1,0,2,0,2,2,1,0,2,0,1,1,0
0,1,2,1,1,1,1,0,1,1,2,2,1,0,0,1,1,1,1,2,2,0,2,1,1,0,0,1,1,1
0,2,0,1,1,1,2,0,0,0,2,2,1,2,2,0,0,0,0,0,1,2,0,1,0,1,0,0,1,2
0,1,2,1,1,0,1,2,1,1,2,0,1,2,1,1,1,1,0,2,2,2,2,1,0,1,0,1,1,2
0,2,2,1,1,0,2,0,0,2,2,0,0,0,1,1,0,2,1,2,2,0,2,0,1,2,0,1,1,1
0,1,2,1,1,1,0,0,0,1,0,1,0,2,2,0,0,0,1,0,0,2,2,2,1,2,0,1,1,0
0,1,2,1,1,0,2,0,1,1,1,0,0,0,2,0,0,1,1,1,0,2,1,1,0,1,0,1,0,2
0,1,2,1,0,0,1,0,1,0,2,1,0,2,2,0,1,0,0,0,0,2,2,1,1,2,0,1,1,2
0,2,2,1,1,0,0,2,0,1,1,2,0,0,1,2,0,2,0,2,0,2,2,1,0,1,0,1,1,0
0,1,2,0,0,1,1,2,1,2,0,1,0,1,1,1,0,2,1,0,0,1,1,1,1,0,0,0,1,0
0,1,2,1,1,1,1,0,0,2,2,1,1,2,0,0,0,1,1,0,2,2,2,2,1,2,0,1,1,0
0,1,2,1,0,1,2,0,1,1,1,0,0,2,2,0,1,0,0,2,0,2,2,2,1,1,0,1,1,0
0,1,0,1,1,0,1,2,0,1,0,0,1,2,2,2,1,0,0,0,0,2,2,2,1,0,0,1,1,2
0,1,1,1,1,1,0,0,0,0,1,1,0,2,0,0,0,1,0,2,2,2,0,2,1,2,0,1,1,2
0,1,2,1,1,1,1,0,1,2,1,2,0,1,2,1,0,1,0,1,0,2,0,0,0,1,0,0,1,0
0,2,2,1,0,0,1,0,1,0,2,0,1,1,2,0,0,0,0,1,2,0,2,0,0,1,0,1,0,2
0,1,0,0,1,0,2,0,1,1,0,2,1,0,2,0,1,0,1,0,2,1,1,1,1,0,0,0,1,1
0,1,2,1,1,0,0,0,0,0,1,1,1,2,0,0,0,1,1,0,2,2,2,2,1,2,0,1,1,1
0,2,2,1,0,0,0,0,0,0,2,0,0,2,2,1,0,1,1,2,2,2,2,0,0,0,0,1,1,0
0,1,0,1,0,1,2,0,0,2,1,1,0,2,0,0,0,1,0,2,1,2,2,2,1,1,0,1,1,1
0,1,2,1,1,0,2,0,0,1,0,1,0,2,0,1,1,1,1,0,0,2,2,1,1,0,0,1,1,2
0,2,1,1,0,0,0,2,1,2,1,2,1,1,0,1,0,0,1,0,2,1,2,0,0,2,0,0,1,1
0,1,2,1,1,1,1,0,1,1,2,0,1,2,1,1,0,0,0,0,2,2,2,2,1,2,0,1,0,1
0,1,1,1,1,0,1,0,1,2,2,0,1,0,2,1,1,1,1,1,0,0,1,1,1,0,0,0,1,0
0,2,2,1,1,1,1,2,0,2,2,0,0,2,2,0,0,2,1,0,2,2,0,2,1,2,0,1,1,2
0,1,2,1,0,1,2,2,1,1,0,0,1,2,2,1,1,1,0,1,0,2,0,1,0,1,0,1,1,1
0,2,2,1,1,0,1,0,0,1,0,2,0,2,1,0,0,0,1,1,2,0,1,0,1,2,0,1,1,1
0,2,2,1,1,1,2,0,0,1,2,0,0,2,0,0,0,1,0,1,2,2,2,1,0,1,0,0,1,2
0,1,1,1,1,1,1,2,1,1,0,1,0,1,2,0,0,0,0,0,1,2,1,0,1,1,0,1,1,0
0,1,1,1,0,1,1,0,0,2,2,1,0,2,2,0,1,1,1,0,0,2,2,0,1,0,0,1,1,1
0,2,2,1,1,0,0,0,1,1,2,1,0,0,1,1,0,1,1,2,0,2,2,0,0,1,0,0,1,0
0,2,2,1,0,0,1,0,0,1,2,2,0,2,2,1,0,1,0,0,2,1,0,1,0,2,0,1,0,1
0,2,2,1,0,1,0,0,0,0,2,2,0,2,2,1,1,1,1,2,2,2,0,1,1,0,0,1,1,0
0,1,2,1,0,0,1,2,1,0,2,1,0,0,2,0,1,1,1,0,2,2,2,0,1,0,1,0,1,0
0,1,0,1,1,1,1,2,1,1,1,1,0,2,2,0,0,1,1,1,1,2,2,0,0,1,0,1,1,2
0,1,2,1,0,0,2,0,0,1,2,1,0,2,1,0,1,0,0,0,0,2,2,1,1,2,0,1,1,2
0,1,2,0,0,1,2,0,1,0,0,1,1,2,2,1,1,1,0,2,0,1,2,1,0,1,0,1,0,2
0,2,2,1,0,1,2,2,1,0,1,0,1,1,2,1,0,1,0,0,0,2,2,0,1,2,0,1,0,0
0,2,1,0,1,1,2,0,1,2,2,2,1,0,2,1,1,1,1,1,2,1,1,1,0,1,0,1,0,0
0,2,0,1,0,0,0,2,0,1,2,1,1,2,2,0,1,0,1,1,1,2,2,2,1,1,0,1,1,2
0,1,2,1,0,1,2,0,0,1,0,0,0,2,1,0,1,0,1,0,0,2,0,0,1,1,0,1,1,1
0,2,0,1,0,0,0,2,0,1,2,1,0,2,1,0,0,2,0,1,1,2,1,2,1,1,0,0,1,1
0,0,2,1,1,0,1,0,0,1,2,1,1,2,2,1,0,1,0,0,1,2,2,1,0,1,0,1,1,0
0,1,2,1,1,0,1,2,0,0,2,1,1,2,0,0,0,1,1,0,2,2,2,2,1,2,0,1,1,0
0,1,2,1,1,0,0,0,1,2,1,2,1,1,0,2,1,2,1,0,0,2,0,0,1,0,0,1,1,1
0,1,2,1,0,0,2,2,1,1,2,1,1,2,1,0,1,0,1,0,2,2,2,0,1,2,0,1,1,1
0,2,0,0,0,0,1,0,0,2,2,0,1,1,2,1,0,1,1,2,0,1,2,0,1,2,0,1,0,0
0,1,0,1,0,1,1,0,0,1,1,0,0,0,1,0,0,0,1,0,0,2,2,0,1,0,0,0,1,2
0,1,1,1,1,1,1,2,1,1,2,0,0,2,0,1,0,1,0,2,0,2,2,0,1,0,0,1,1,2
0,1,2,0,1,1,0,2,0,2,1,0,0,0,0,2,0,2,0,0,1,1,2,2,0,1,0,1,0,0
0,1,2,1,1,0,1,2,0,0,1,0,0,0,0,1,0,1,1,2,0,2,2,1,0,2,0,1,0,2
0,2,2,1,1,1,2,0,1,0,2,2,0,1,1,1,0,1,1,0,2,2,2,0,1,1,0,1,0,1
0,1,0,1,0,0,1,2,1,0,0,1,0,2,1,1,1,1,1,2,0,2,2,1,1,1,0,1,1,2
0,1,2,1,0,1,2,0,0,1,1,1,0,2,2,2,1,2,1,0,0,0,2,0,1,2,0,1,0,0
0,1,2,1,1,0,0,2,0,0,2,0,1,2,0,0,0,1,1,0,2,2,2,2,1,1,0,1,1,1
0,1,2,1,1,1,0,0,0,0,2,1,1,2,2,0,0,1,1,0,0,2,2,2,1,1,0,1,1,1
0,1,0,1,0,1,1,0,0,1,1,1,0,2,1,1,0,0,1,2,1,2,2,2,1,1,0,1,1,1
0,0,2,1,1,0,1,0,0,2,2,1,0,2,1,0,0,1,0,1,2,2,0,2,1,2,0,1,1,0
0,2,2,1,1,0,1,1,0,2,0,1,1,2,1,0,0,1,0,2,1,0,2,2,0,1,0,1,0,2
0,2,2,1,0,0,1,2,1,2,0,2,0,0,2,1,1,1,1,0,1,2,2,1,0,1,0,1,0,2
0,2,1,0,0,0,0,2,0,0,2,2,0,2,2,1,1,1,1,0,2,0,0,1,1,2,0,1,0,1
0,2,2,0,1,1,1,0,0,2,1,2,0,2,1,0,1,0,1,2,0,1,2,1,0,2,0,1,0,1
0,2,2,1,1,0,1,0,1,1,2,2,1,2,2,0,0,1,0,0,0,0,0,1,0,2,0,1,1,1
0,2,2,0,1,0,0,0,1,2,0,0,1,0,1,1,0,1,1,0,0,1,2,1,1,0,0,1,0,2
0,1,1,1,1,1,1,2,0,0,2,0,0,2,2,1,1,1,0,0,1,2,1,1,1,1,0,1,1,0
0,1,2,1,1,1,1,0,0,1,2,1,1,2,0,1,1,1,0,0,0,2,2,1,0,1,0,1,1,2
0,2,2,1,1,0,0,0,0,2,1,2,1,2,2,0,1,1,0,0,0,2,0,0,1,0,0,1,0,0
0,1,2,0,0,0,0,0,0,2,0,0,0,2,1,1,0,1,1,0,0,1,2,1,1,1,0,1,0,2
0,2,2,1,1,0,2,2,1,1,2,1,0,0,0,0,1,0,1,1,2,2,1,0,1,2,0,1,1,2
0,1,2,1,1,1,1,2,0,1,1,1,0,1,2,0,0,2,1,0,2,2,1,2,1,2,0,1,1,0
0,2,2,1,0,1,0,0,0,2,2,2,1,1,2,1,0,2,1,2,2,1,2,0,1,1,0,1,1,2
0,2,0,1,0,0,0,2,1,0,0,2,1,1,2,1,1,1,1,2,0,2,2,1,1,1,0,1,1,2
0,1,0,1,1,0,1,0,1,0,1,1,1,0,0,0,0,0,1,1,0,0,1,0,0,1,0,1,0,1
0,1,1,1,0,1,0,0,0,0,2,1,0,1,2,1,0,1,0,0,2,2,0,0,0,1,0,1,1,1
0,2,2,1,1,1,2,0,0,0,0,2,1,2,2,0,0,1,0,0,2,2,0,2,1,2,0,1,1,1
0,1,2,1,0,1,2,0,0,0,1,0,1,0,1,0,1,1,0,2,0,2,2,0,0,1,0,1,1,1
0,1,1,0,1,0,2,0,0,0,1,0,0,1,0,1,1,1,1,1,2,1,0,0,0,0,0,1,0,0
0,1,2,0,0,1,2,0,1,1,2,1,1,2,2,0,1,1,0,1,2,1,2,1,1,0,0,1,0,0
0,1,2,0,1,0,2,0,1,1,1,2,1,0,0,0,1,0,0,2,0,1,2,1,1,2,0,1,0,0
0,1,2,1,1,1,1,2,0,1,1,0,1,0,0,0,0,0,1,2,0,2,2,0,1,1,0,1,1,1
0,2,2,1,1,0,0,0,1,2,1,2,0,1,2,0,1,1,1,0,1,2,2,0,1,0,0,1,1,2
0,1,2,1,1,0,1,2,0,0,0,1,0,2,0,0,1,0,0,2,2,0,1,1,0,2,0,1,0,2
0,2,2,1,0,0,1,0,0,2,2,0,0,1,2,1,0,2,1,2,2,0,2,0,1,0,0,1,1,0
0,2,2,1,1,1,0,0,1,1,2,2,0,0,2,0,1,1,1,0,2,2,2,1,0,2,0,1,1,1
0,1,2,1,1,0,0,0,0,2,2,0,0,0,0,1,1,1,1,0,2,2,2,1,1,1,0,1,0,0
0,2,2,1,1,0,2,0,0,1,1,0,0,0,0,0,1,0,0,1,0,2,2,1,1,1,0,1,1,0
0,2,2,1,1,0,1,0,0,2,2,2,0,2,1,1,0,0,0,2,0,2,2,0,0,0,0,1,1,1
0,1,2,0,0,1,1,0,0,0,2,1,0,2,2,0,1,0,0,0,2,0,2,1,0,2,0,1,0,2
0,2,2,1,1,1,0,2,1,1,1,2,0,1,1,0,0,0,0,2,2,2,2,0,0,1,0,1,0,0
0,0,2,1,0,0,0,2,1,1,2,0,0,2,1,0,0,1,1,2,0,2,2,1,0,0,0,1,1,1
0,1,2,1,0,1,0,2,0,2,0,2,1,2,2,2,0,0,0,0,2,2,2,2,0,0,0,0,1,2
0,1,2,1,1,0,0,0,1,2,2,0,1,2,0,1,1,0,1,1,2,2,2,2,0,1,0,1,0,2
0,1,1,0,0,0,2,0,0,1,1,1,1,2,2,1,1,0,1,2,0,2,2,2,1,2,0,1,1,1
0,2,2,1,0,0,2,2,1,1,0,2,0,2,2,0,1,1,0,1,1,0,2,1,1,1,0,1,1,2
0,1,1,1,1,1,2,0,1,1,1,2,1,2,0,1,1,1,1,0,1,2,2,1,0,1,0,1,1,0
0,0,1,1,1,0,1,1,0,0,0,2,1,2,1,0,0,2,0,2,1,2,2,2,0,1,0,1,1,0
0,0,2,1,1,0,1,0,0,2,0,1,0,2,1,1,0,1,0,2,2,2,2,1,0,2,0,1,1,0
0,1,2,1,1,0,2,2,0,1,0,1,1,2,0,1,1,0,1,0,2,2,2,2,0,2,0,1,1,1
0,2,2,1,1,1,0,2,1,1,1,2,1,2,1,2,1,1,1,1,0,2,2,1,0,2,0,1,1,0
0,1,1,0,1,1,1,1,1,2,0,0,1,0,2,1,0,1,1,0,2,1,1,1,1,0,0,1,0,1
0,2,1,1,1,1,0,0,0,1,2,0,1,2,0,1,0,0,0,1,0,2,2,2,1,2,0,1,1,2
0,1,1,1,0,1,2,2,0,1,0,0,1,0,1,0,1,0,1,0,0,2,2,0,1,1,0,1,1,0
0,2,2,0,1,0,0,2,1,0,0,1,0,2,0,1,1,1,0,1,0,1,1,0,1,2,0,1,1,2
0,1,2,1,1,1,0,2,1,1,2,0,0,2,0,1,0,0,1,1,0,2,1,2,1,0,0,0,1,0
0,1,2,0,0,1,1,1,1,2,1,2,0,2,1,1,1,2,0,2,0,2,2,1,1,0,0,1,1,1
0,1,2,1,1,1,1,0,0,1,0,0,0,1,0,0,0,1,1,0,0,2,0,1,0,2,0,1,1,1
0,1,2,1,0,0,1,0,0,1,1,2,0,1,1,0,0,1,1,2,2,2,2,0,0,1,0,1,1,1
0,1,2,1,0,0,0,0,0,2,1,0,1,2,2,2,1,2,0,0,0,2,2,1,0,1,0,1,1,1
0,1,2,1,1,0,2,0,0,1,2,1,1,1,0,1,0,0,1,2,1,2,0,0,1,2,0,1,1,1
0,1,2,1,0,1,1,0,1,0,2,0,1,0,2,1,1,1,0,2,0,2,2,1,0,0,0,1,1,2
0,1,2,1,1,1,2,0,1,0,0,1,0,1,2,0,1,0,1,1,0,1,0,0,1,2,0,1,0,2
0,1,1,1,0,1,0,1,0,0,1,0,0,0,1,1,0,1,1,2,2,2,2,1,0,2,0,1,1,1
0,1,2,1,0,0,2,2,1,1,0,0,0,0,1,1,1,1,1,0,2,2,2,1,1,1,0,1,1,2
0,1,1,0,1,1,1,2,1,2,1,0,1,0,0,0,1,2,0,2,1,1,2,2,0,1,0,1,0,0
0,0,1,1,1,0,1,2,1,1,0,2,0,2,1,1,0,1,1,1,1,2,0,1,0,2,0,1,1,0
0,1,0,1,1,1,1,0,1,1,0,0,0,0,2,0,1,0,0,1,2,2,1,1,1,1,0,1,1,1
0,1,2,1,1,1,1,2,0,1,1,1,1,2,0,2,1,0,0,0,0,2,2,2,1,2,0,0,1,1
0,1,2,1,0,0,2,2,1,2,0,0,0,1,0,0,0,2,0,2,2,2,1,2,1,1,0,1,1,2
0,2,1,1,1,1,0,2,0,1,1,2,1,2,1,0,0,2,0,2,1,2,2,2,0,0,0,1,1,0
0,1,0,1,1,1,0,0,1,2,1,0,0,2,1,0,1,2,1,0,0,2,2,2,1,0,0,0,0,1
0,1,2,1,1,0,2,2,0,2,0,0,0,0,2,0,0,0,0,2,1,2,2,1,0,1,0,1,1,0
0,1,0,1,0,0,2,2,0,1,0,1,1,1,2,1,0,1,1,0,0,2,0,0,0,2,0,1,1,0
0,1,0,1,1,0,0,2,0,1,0,0,0,2,0,1,0,1,1,2,2,2,2,1,0,1,0,1,0,2
0,2,2,0,1,0,0,2,1,0,0,2,0,0,2,0,1,1,1,1,0,2,1,0,1,0,0,1,1,0
0,2,2,1,0,0,0,0,1,1,1,0,1,1,2,0,0,0,1,0,0,1,2,2,1,2,0,1,1,0
0,1,1,1,1,0,1,2,0,1,2,0,1,2,0,0,0,1,0,2,0,2,2,2,0,1,0,1,1,2
0,2,2,1,1,1,0,1,1,0,2,2,1,1,1,1,1,1,1,0,2,2,2,0,1,1,0,1,1,0
0,2,2,1,1,1,0,0,0,0,2,0,1,0,1,0,1,1,0,0,0,2,2,1,1,1,0,1,1,0
0,1,0,1,1,1,1,2,1,1,1,0,1,2,0,2,1,2,0,0,1,2,2,1,1,1,0,1,1,1
0,2,2,1,1,1,0,2,1,1,2,1,1,0,2,0,0,1,1,0,0,2,0,1,0,1,0,1,1,1
0,1,2,1,1,0,1,1,0,1,1,1,1,0,0,1,0,1,0,0,0,2,2,1,0,1,0,1,1,1
0,1,2,1,1,1,0,0,0,0,1,1,1,0,2,0,0,0,1,0,0,2,0,0,1,0,0,1,1,1
0,2,2,1,0,0,2,1,0,2,1,0,1,0,0,0,1,0,1,1,0,2,2,1,0,1,0,1,1,1
0,1,2,1,1,0,0,2,1,2,0,1,0,1,0,2,1,2,1,1,2,2,0,0,1,1,0,1,1,0
0,2,2,0,1,0,0,2,0,0,2,0,1,2,1,0,1,0,1,2,0,1,2,1,0,0,0,1,0,0
0,1,2,1,0,1,1,0,1,1,2,0,1,0,1,1,0,1,0,2,2,0,2,1,0,1,0,1,1,0
0,2,2,1,1,1,0,0,1,1,2,2,0,0,2,1,0,1,1,0,2,2,2,1,0,1,0,1,1,0
0,1,2,0,0,0,1,0,1,0,2,1,1,2,0,0,1,1,0,0,2,0,1,0,1,1,0,1,1,1
0,2,2,1,0,1,0,0,0,2,2,2,1,2,2,1,0,1,1,0,2,2,2,0,0,0,0,1,0,0
1,1,1,0,1,1,0,2,1,1,0,1,0,1,2,0,0,0,1,1,2,1,1,0,1,0,0,1,0,1
0,2,2,1,0,1,2,0,0,1,2,2,0,1,2,2,1,2,1,0,2,2,2,0,1,2,0,1,1,0
0,1,2,1,1,0,2,2,1,1,0,2,0,2,1,1,1,1,0,2,0,2,2,1,0,1,0,1,1,0
0,1,2,1,1,1,1,0,0,2,2,2,0,1,0,1,0,1,0,1,2,2,0,0,1,2,0,1,1,1
0,1,2,0,1,0,1,0,0,1,1,1,1,1,2,2,0,2,0,1,0,1,0,1,1,0,0,1,0,2
0,1,1,1,1,0,0,0,0,1,1,2,1,2,0,1,0,1,0,2,2,2,2,1,0,1,0,1,1,0
0,1,2,1,1,0,1,0,0,0,0,1,1,2,1,0,1,1,0,2,1,2,2,0,1,0,0,1,1,2
0,1,1,1,0,1,0,2,1,0,0,0,1,0,2,0,0,1,1,0,1,2,2,2,1,0,0,1,0,2
0,1,1,1,0,1,2,1,0,1,2,2,1,0,2,1,1,1,0,2,0,2,2,1,0,2,0,1,1,2
0,1,0,1,1,0,2,0,1,2,0,2,1,2,2,1,0,1,1,2,2,2,2,0,1,1,0,1,1,2
0,1,0,1,0,1,1,0,1,0,1,2,0,2,2,1,1,1,0,2,0,0,2,1,0,1,0,1,1,0
0,2,2,1,0,0,0,0,1,2,0,2,1,2,2,0,1,1,1,0,0,2,2,1,1,0,1,0,1,2
0,2,2,1,1,0,1,2,1,1,2,1,1,2,1,0,0,1,1,2,0,2,2,1,0,2,0,1,1,0
0,1,2,1,0,0,0,0,0,2,0,1,0,2,2,2,1,1,0,0,0,0,2,1,1,1,0,1,1,0
0,1,2,1,1,0,0,2,1,1,0,1,0,2,0,0,0,1,1,0,2,2,0,1,0,2,0,1,1,2
0,2,0,1,1,1,2,0,1,2,2,1,1,0,0,1,1,1,0,2,1,2,0,1,1,1,0,1,1,0
0,1,2,1,1,0,0,0,0,2,1,1,1,2,0,0,0,1,0,2,0,2,2,2,0,2,0,1,1,0
0,1,0,1,0,1,2,2,1,1,1,0,1,2,1,0,1,1,0,2,1,2,2,1,0,1,0,1,1,2
0,2,2,1,0,0,1,0,1,1,1,1,1,0,1,0,1,1,0,2,0,1,2,0,0,0,0,1,0,0
0,0,2,1,0,1,0,0,0,0,2,2,1,2,2,0,0,0,0,0,2,2,0,1,0,1,0,1,1,2
0,1,2,1,1,0,1,2,0,0,2,2,1,2,0,1,0,0,0,2,2,2,2,2,0,1,0,1,1,2
0,1,2,1,1,1,0,1,1,2,1,0,0,2,0,1,0,1,0,2,2,2,2,1,0,0,0,1,1,2
0,1,2,1,1,0,0,0,0,1,0,1,0,2,0,0,0,1,1,2,0,2,2,0,0,1,0,1,1,2
0,1,2,1,1,1,1,0,1,2,0,1,1,2,1,0,1,0,0,0,0,2,2,0,1,0,0,1,1,2
0,1,2,1,1,1,0,0,1,0,2,1,1,0,0,2,1,1,0,0,1,1,2,1,1,2,0,1,0,0
0,1,2,1,1,1,0,1,1,0,0,1,0,0,0,0,0,0,0,1,1,2,2,1,0,0,0,1,0,2
0,1,2,1,0,0,1,0,0,0,0,1,0,2,2,1,1,0,1,2,0,2,2,2,0,0,0,1,1,0
0,1,0,0,0,0,0,0,1,1,0,2,0,2,1,0,0,1,0,0,0,1,2,1,1,1,0,1,0,2
0,1,1,1,1,1,0,2,0,1,0,1,1,0,0,1,1,1,0,2,1,2,2,1,0,0,0,1,1,0
0,2,1,0,0,1,2,0,1,0,1,1,0,2,2,2,0,1,0,1,0,1,0,1,1,2,0,1,0,1
0,1,2,1,1,1,0,0,0,1,1,0,0,0,1,0,1,0,0,2,2,0,2,1,1,1,1,0,1,0
0,1,0,0,0,1,1,0,0,1,0,2,1,2,0,0,1,0,0,1,2,1,2,1,1,2,0,1,0,1
0,2,2,1,1,0,1,2,0,1,2,2,0,0,1,0,0,1,0,2,2,2,2,1,0,1,0,1,1,0
0,2,2,1,0,0,1,1,1,1,1,0,1,2,1,1,1,0,1,0,0,2,2,1,1,0,0,1,1,1
0,0,0,1,0,1,0,0,1,2,2,2,1,2,2,0,1,1,1,0,1,0,0,1,0,0,0,1,1,1
0,1,1,1,1,0,1,0,0,1,0,1,0,2,0,0,1,0,0,0,1,2,2,1,1,0,0,1,1,2
0,1,1,1,0,1,0,2,1,2,1,1,1,0,1,1,0,2,1,2,0,0,2,0,1,0,0,1,1,1
0,1,2,1,1,0,0,0,1,2,2,2,1,1,0,1,1,1,0,1,2,0,0,1,0,0,0,1,1,2
0,2,2,1,0,1,2,2,0,1,2,1,1,0,2,0,1,1,1,2,2,2,2,1,0,0,0,0,1,0
0,1,2,1,1,1,1,2,1,1,1,0,1,2,0,2,0,0,0,0,0,2,2,2,1,1,0,1,1,0
0,2,2,1,0,0,1,0,0,2,2,2,0,2,2,1,0,1,1,0,2,0,2,0,1,2,0,1,1,0
0,1,2,1,0,0,0,0,0,2,1,0,0,1,2,1,0,1,0,2,2,0,0,0,1,0,0,1,1,0
0,2,0,1,1,1,1,0,0,2,1,2,0,2,2,0,1,1,1,0,0,2,0,1,0,0,0,1,1,0
0,1,2,1,0,1,1,0,1,1,2,2,0,1,2,0,1,0,0,0,2,2,0,1,1,0,0,1,1,2
0,0,2,0,1,1,0,0,0,1,1,2,0,2,0,0,0,0,0,2,0,2,2,1,1,2,0,1,1,0
0,1,2,1,1,1,1,0,0,1,1,1,0,2,0,0,0,1,1,2,1,0,2,2,0,1,0,1,1,2
0,2,2,1,1,0,0,2,1,1,0,2,0,0,0,1,0,1,0,0,0,2,2,0,0,0,0,1,1,0
0,1,2,0,0,0,2,0,1,0,0,0,1,2,1,2,0,1,0,0,0,1,2,1,1,0,0,1,0,1
0,1,2,1,0,1,1,0,1,1,2,0,0,1,0,1,0,0,1,2,0,2,0,2,1,0,0,1,1,1
0,1,2,1,0,1,0,0,1,2,2,2,0,1,2,1,0,1,0,2,2,0,0,0,0,2,0,1,0,1
0,1,0,1,1,0,1,0,0,0,0,1,1,0,0,0,0,1,0,2,0,2,2,0,1,1,0,1,1,2
0,0,1,1,0,0,0,2,0,1,0,0,1,1,1,1,1,2,0,0,1,2,2,1,1,1,0,1,1,2
0,2,2,1,1,0,0,0,0,1,0,2,0,2,0,1,0,2,1,2,2,2,2,0,0,1,0,1,1,1
0,1,1,1,1,1,1,2,1,0,0,0,1,2,0,0,1,0,0,0,1,2,2,2,0,2,0,1,0,2
0,1,0,1,1,0,2,1,1,2,1,0,0,2,0,1,0,2,1,2,1,2,2,0,1,1,0,1,0,2
0,1,1,0,0,1,1,0,1,1,1,2,1,0,1,1,0,0,1,1,0,1,1,2,1,2,0,1,0,1
0,2,2,1,0,1,2,0,1,2,1,1,1,0,0,0,1,2,1,2,0,2,1,1,0,2,0,1,1,0
0,1,2,1,0,1,1,0,1,2,2,1,0,0,2,0,0,2,1,2,2,2,2,1,0,2,0,1,1,1
0,1,2,0,1,1,1,0,0,2,2,1,1,0,2,2,1,2,0,1,1,1,1,1,1,2,0,1,0,0
0,1,1,1,1,0,0,2,1,0,1,1,0,1,2,0,1,1,0,0,2,2,1,0,1,0,0,1,1,1
0,2,2,1,0,0,1,2,1,0,2,0,1,2,2,1,1,1,0,0,0,2,2,0,1,0,0,0,0,2
0,2,2,1,1,0,2,0,1,1,2,2,1,1,1,1,0,0,0,0,2,2,2,2,1,2,0,1,1,1
0,2,1,1,0,0,0,0,1,0,2,2,1,0,1,1,1,1,1,1,0,2,1,1,0,2,0,1,1,2
