0,2,4,5,1,7,8,6,10,12,13,16,18,3,15,9,17,19,11,14
0,1,1,1,0,2,2,0,1,1,0,1,1,1,1,0,1,0,0,0
2,1,1,1,0,1,2,2,1,0,0,1,0,0,2,0,0,0,1,0
1,1,1,1,0,1,1,1,1,1,1,1,0,0,0,1,0,0,1,1
1,1,0,0,1,0,0,1,0,1,0,0,1,1,0,0,1,0,0,0
0,0,2,0,1,0,0,0,1,0,1,0,0,0,1,1,1,0,2,1
0,1,0,0,1,1,0,1,0,1,1,0,0,1,0,1,0,1,1,1
0,0,2,0,0,2,1,0,0,0,0,1,0,1,2,0,1,0,0,1
2,1,2,1,1,2,2,2,1,0,1,1,1,0,2,0,0,1,2,1
1,0,1,1,1,1,2,0,1,1,1,1,0,1,0,1,1,0,2,1
1,0,1,0,1,1,0,0,1,0,1,0,1,0,1,1,1,1,1,1
0,0,1,0,1,2,0,0,1,0,1,0,1,0,1,0,1,0,2,1
2,1,2,1,1,0,0,2,0,0,1,0,0,0,0,1,1,0,0,1
2,0,2,1,1,2,0,1,1,0,0,0,0,0,0,0,0,1,0,0
0,0,1,0,0,2,1,0,0,0,1,1,1,0,0,1,0,1,2,1
0,1,0,0,1,2,0,2,1,0,1,1,1,0,2,0,1,0,2,1
0,0,2,1,0,0,2,0,0,0,0,1,1,1,2,0,1,1,2,1
0,0,0,1,0,2,1,0,0,0,1,1,1,1,2,0,1,0,1,0
0,1,1,1,0,0,1,2,1,0,0,1,0,1,2,1,1,0,0,1
0,0,1,2,0,2,1,0,0,0,1,1,1,1,2,1,1,1,2,0
0,1,1,1,0,1,2,2,1,0,0,1,1,0,0,0,1,1,2,1
1,1,1,0,0,0,2,2,1,0,1,1,1,0,1,0,1,0,2,0
0,0,1,1,0,1,1,2,1,0,1,0,1,0,2,1,0,0,0,1
0,1,1,2,1,2,2,2,1,1,0,1,0,0,1,0,1,0,1,1
0,0,0,0,0,2,1,0,0,0,1,0,1,1,0,0,1,0,2,1
0,0,1,1,1,2,0,0,1,0,1,0,1,0,1,0,1,0,1,1
2,1,1,0,0,1,1,0,0,0,1,0,1,0,1,1,1,1,2,0
0,0,1,1,1,0,0,0,1,0,1,0,1,0,1,1,0,1,2,1
0,0,1,1,1,2,0,0,1,0,1,1,1,0,1,0,0,1,1,0
1,0,0,2,1,2,0,0,1,0,1,0,1,0,0,1,0,1,1,0
0,1,1,0,1,0,2,0,1,0,1,1,1,0,1,0,0,0,1,1
1,1,1,2,0,1,1,2,1,1,0,1,1,1,2,0,1,0,2,1
0,1,1,1,1,1,0,1,1,1,1,0,0,0,2,1,1,1,1,1
0,0,1,0,1,1,0,0,0,0,1,1,0,1,0,1,0,1,2,0
2,1,0,1,1,2,0,1,1,1,0,1,0,0,2,1,0,0,1,1
2,1,2,1,1,0,1,2,1,0,0,1,1,0,2,0,1,0,2,1
2,1,0,1,0,1,1,2,1,0,0,1,1,1,1,0,1,1,2,1
0,0,1,2,1,0,0,0,1,0,1,1,0,1,2,1,0,0,2,1
0,0,1,1,0,0,2,0,0,0,1,1,1,0,1,1,1,0,0,1
1,0,2,1,1,1,0,0,1,0,1,0,0,1,2,0,0,0,2,1
0,1,0,1,0,1,0,2,0,0,1,0,1,0,0,1,1,1,2,1
0,0,1,0,1,2,0,0,1,0,1,0,1,0,1,0,1,0,2,1
0,0,0,1,0,2,1,0,0,0,1,1,0,1,0,0,0,0,1,1
0,1,0,0,0,1,1,1,1,0,1,1,1,1,0,1,0,1,2,1
2,1,2,1,1,0,0,1,0,0,1,0,0,0,2,1,0,1,1,1
0,0,1,0,1,2,0,0,1,0,1,0,1,0,1,1,1,1,1,1
1,0,0,2,1,0,0,1,1,0,1,0,1,1,1,1,0,1,1,0
0,0,0,1,0,2,0,0,0,0,1,1,1,0,2,1,0,0,0,1
0,0,1,1,0,2,1,0,0,0,1,1,1,0,2,0,0,1,2,1
0,1,1,1,1,1,0,1,0,1,1,1,0,0,0,0,0,0,0,1
0,0,1,1,1,2,1,0,1,0,1,0,1,1,1,1,0,1,2,1
2,0,2,1,1,0,0,0,1,0,1,0,0,0,0,0,0,1,1,1
2,1,2,1,1,2,2,0,1,0,1,1,1,1,0,0,1,1,1,1
2,1,0,0,1,0,0,0,1,0,1,1,1,1,0,0,1,0,1,1
2,1,0,0,0,2,1,0,1,0,0,1,0,0,1,0,0,0,1,1
1,0,0,0,1,2,0,0,1,0,1,1,0,1,2,1,1,1,2,1
2,1,0,1,1,0,0,1,0,0,1,0,0,1,0,1,0,0,1,1
0,1,1,0,0,1,1,1,1,0,1,0,1,0,1,0,0,0,1,1
0,0,0,1,1,2,1,2,0,0,1,1,1,0,1,1,1,1,1,1
0,0,0,1,1,1,0,0,0,0,1,1,1,1,0,1,0,0,2,1
0,1,0,1,0,2,1,1,1,0,1,1,1,1,0,0,1,1,2,1
0,0,1,1,0,1,2,0,0,0,0,0,0,0,0,0,0,1,2,1
0,0,0,2,0,0,2,0,0,0,1,1,1,1,1,1,1,0,2,1
2,1,0,0,1,0,0,2,1,0,1,1,0,1,2,1,1,1,1,0
0,0,0,1,0,2,1,0,0,0,0,0,1,1,1,0,1,0,1,0
0,0,1,1,0,2,1,0,0,0,1,0,0,1,1,1,0,1,2,0
0,1,1,1,1,2,0,2,1,0,1,1,1,0,1,0,0,1,2,1
0,0,0,1,1,1,1,0,0,0,1,1,0,0,0,1,1,1,2,1
2,1,0,1,1,0,2,1,1,0,1,0,0,1,0,1,1,0,1,0
0,1,1,1,1,2,0,2,0,0,1,1,1,0,1,0,1,0,2,1
2,0,0,1,1,2,1,0,0,0,1,1,0,1,2,1,1,1,2,1
2,0,2,1,1,2,0,0,1,0,1,0,0,0,0,1,0,0,2,1
0,1,0,0,1,1,0,0,0,0,1,0,1,0,2,0,1,0,2,1
0,1,1,0,1,2,0,2,0,0,1,0,1,0,1,1,1,1,2,1
2,1,0,1,0,1,1,1,1,0,1,1,0,1,0,1,1,1,1,1
1,1,1,0,1,2,0,2,0,0,1,0,0,1,0,1,1,1,1,0
1,1,1,0,0,1,1,1,1,1,0,1,0,0,2,1,1,1,1,1
2,0,0,1,0,2,1,0,0,0,1,0,0,0,1,0,1,1,2,0
0,1,0,2,0,1,1,2,1,0,1,1,1,0,2,0,0,0,2,1
0,1,1,0,0,0,1,2,1,0,0,1,1,1,2,0,0,0,1,1
0,0,1,1,1,2,0,0,1,0,1,0,0,0,1,0,1,0,2,0
2,1,0,1,1,0,0,1,0,0,0,0,0,1,0,1,0,0,1,0
1,1,0,0,1,0,0,1,0,0,1,0,0,0,2,1,1,1,0,1
0,0,1,1,1,2,0,0,1,0,1,1,0,0,1,0,0,0,1,1
0,0,1,1,1,2,0,0,1,0,1,0,1,1,1,1,0,0,0,0
0,1,0,1,0,2,2,0,1,0,1,0,1,0,1,1,1,1,2,0
0,1,0,0,1,2,2,1,0,0,0,0,0,0,2,1,0,1,1,0
1,0,0,0,1,1,1,0,0,0,1,1,0,0,2,0,0,0,1,1
1,1,1,1,0,1,1,1,1,0,0,1,0,0,2,1,1,1,1,1
2,1,1,1,1,1,1,1,1,1,0,0,0,0,2,1,0,0,0,1
0,0,1,2,0,1,2,1,0,0,1,1,0,0,0,1,1,1,1,1
0,1,0,0,0,2,1,0,1,1,0,0,1,1,0,1,0,1,2,1
1,0,1,0,0,2,2,0,0,0,1,0,0,1,2,0,1,0,1,1
2,1,0,1,0,1,1,1,1,1,1,0,1,1,1,0,1,0,1,0
0,0,1,1,1,0,0,0,1,0,1,0,1,0,1,0,0,1,2,1
2,1,2,0,1,0,0,2,0,1,1,1,1,1,2,0,1,0,2,1
0,0,0,1,0,2,1,0,0,0,1,1,0,1,0,0,0,0,2,1
0,0,1,1,1,1,0,0,0,0,1,1,1,0,1,1,0,0,1,0
0,0,0,0,1,1,0,0,1,0,1,0,1,1,0,1,0,1,1,1
0,1,0,1,0,0,2,1,1,1,0,0,0,1,0,1,1,0,1,1
0,0,1,1,0,2,1,0,1,1,0,0,0,0,0,1,1,0,2,0
0,0,1,1,1,0,0,0,1,0,1,0,1,1,1,0,1,1,2,1
1,1,1,0,1,1,0,1,0,1,0,1,1,0,0,0,0,1,2,1
0,1,1,1,1,2,1,2,0,0,1,0,1,0,1,1,0,1,2,1
0,1,0,0,0,2,1,0,1,0,1,1,1,0,1,0,0,0,0,1
2,1,2,1,1,1,0,1,1,0,1,0,0,1,1,1,0,1,1,1
0,0,0,1,0,2,1,0,0,0,1,0,0,0,1,0,0,1,2,0
0,0,0,1,0,1,1,0,0,0,0,0,0,1,2,0,1,1,2,1
2,1,0,1,1,0,0,2,1,1,1,0,0,1,0,1,0,0,0,1
0,0,1,2,0,2,2,0,0,0,1,1,1,1,2,0,0,1,2,1
0,1,0,1,0,1,1,1,1,0,1,1,0,0,1,1,1,0,1,1
0,1,0,1,0,1,2,1,1,0,0,1,0,1,1,1,0,1,1,0
0,1,2,1,0,0,1,2,1,0,0,1,1,1,1,0,0,0,2,1
2,0,0,2,1,1,1,0,0,0,1,1,0,0,2,1,0,1,2,1
2,1,2,1,1,2,0,2,0,1,1,1,1,1,0,0,0,0,2,1
1,0,0,0,0,0,1,0,0,0,1,1,1,1,0,1,1,1,0,1
2,1,0,1,0,1,1,2,1,1,1,1,1,1,1,1,0,0,0,1
2,0,2,1,0,1,1,0,0,0,1,1,0,0,0,0,1,1,1,1
0,0,1,2,1,2,0,0,1,0,1,0,1,0,1,0,1,0,1,1
2,1,1,1,0,2,1,0,1,0,0,0,0,0,0,1,1,0,0,1
0,0,1,1,1,0,1,0,0,0,1,1,1,0,1,1,0,0,0,1
2,0,2,1,0,2,2,0,0,0,1,1,1,1,2,0,0,1,2,1
2,1,2,0,0,0,1,1,1,0,0,0,0,1,2,1,0,1,1,1
0,0,1,1,1,1,0,0,1,0,1,0,0,1,0,1,0,1,2,0
0,0,1,2,1,0,2,0,0,0,1,1,1,1,1,1,0,1,0,1
0,0,0,1,0,0,2,0,0,0,1,1,0,1,0,1,0,1,2,1
0,1,1,2,1,0,0,2,0,1,1,0,0,0,0,1,0,0,2,1
2,1,0,0,1,0,0,2,0,0,1,0,1,1,2,1,1,0,2,0
2,1,2,1,1,0,1,1,1,0,0,0,0,0,2,1,1,1,0,1
0,0,1,1,1,0,0,0,0,0,1,1,1,0,1,0,0,1,1,0
0,0,0,1,1,1,1,0,0,0,1,0,1,1,1,1,1,0,1,1
0,1,1,1,1,2,0,2,0,1,1,0,0,0,0,1,1,0,0,1
0,0,1,0,0,2,2,0,0,0,0,1,1,0,1,1,0,1,1,0
0,1,1,2,1,2,0,2,0,0,1,0,0,1,0,1,1,1,0,1
0,0,1,1,1,0,0,0,1,0,1,1,0,0,0,1,0,1,2,1
2,1,2,1,0,0,1,2,1,0,0,1,1,0,1,0,0,1,2,1
0,0,2,1,0,2,2,0,1,0,0,0,1,0,2,1,0,1,0,1
0,0,0,1,0,2,2,0,0,0,1,1,0,0,0,1,1,0,2,0
1,0,0,0,1,1,1,0,0,0,0,1,1,0,1,0,1,0,1,0
0,1,1,1,1,2,0,0,1,0,1,1,1,1,1,0,1,1,2,0
2,1,2,1,1,2,1,1,1,0,1,1,1,0,2,0,0,0,0,1
2,0,2,1,0,2,1,0,0,0,1,1,1,1,1,0,0,0,2,1
0,1,1,1,1,2,0,1,0,1,0,0,0,0,0,1,1,1,1,1
0,0,1,1,1,1,0,0,1,0,1,0,1,0,0,0,0,0,2,0
0,0,1,1,0,2,1,0,0,0,1,1,1,1,1,1,0,0,1,1
0,1,1,0,1,2,0,2,0,0,1,0,0,1,2,1,1,1,0,1
0,0,0,1,1,2,2,0,0,0,1,0,1,1,0,1,1,1,0,1
1,0,1,0,1,2,1,1,0,0,0,0,1,1,1,0,1,0,2,0
0,1,1,1,1,0,0,2,0,0,0,0,0,0,2,1,1,1,0,0
0,1,1,1,1,2,2,2,1,0,1,0,0,0,1,1,1,1,1,0
0,1,0,1,0,0,1,2,1,0,1,0,0,1,0,1,1,0,0,1
2,0,2,0,1,2,2,0,1,0,1,0,0,0,2,0,0,0,1,0
0,1,2,0,0,2,2,0,1,0,0,1,1,0,2,0,1,1,2,0
0,0,2,1,0,2,1,0,0,0,1,0,1,0,0,0,0,0,2,0
0,0,0,0,0,0,1,0,0,0,1,1,0,1,0,1,1,1,1,1
2,0,2,1,1,2,0,0,1,0,0,1,1,0,1,1,1,0,2,0
0,0,0,1,0,2,1,0,0,0,1,1,1,0,1,0,0,1,2,0
1,0,1,0,0,2,1,0,0,1,1,1,1,0,2,1,1,1,2,1
2,1,1,0,0,1,0,1,0,0,1,0,0,1,2,1,0,1,1,0
0,0,1,1,1,2,0,0,0,0,1,1,1,0,1,0,0,1,2,0
1,1,1,2,1,0,0,1,0,0,0,0,0,0,0,1,1,1,1,0
0,1,1,0,1,0,0,2,0,1,0,0,0,1,0,1,0,1,0,1
1,0,0,0,1,1,0,0,1,0,1,0,1,1,0,1,0,1,0,1
1,0,0,2,1,2,2,0,0,0,1,1,0,1,0,1,0,1,2,0
0,0,1,1,0,0,1,0,0,0,1,1,1,1,1,1,0,1,1,1
0,1,1,1,1,0,0,1,1,1,1,0,0,0,0,0,0,1,0,1
2,0,2,1,0,2,1,0,0,0,1,1,1,0,0,0,1,1,2,0
0,1,2,1,0,0,1,2,0,0,0,1,1,0,1,0,0,0,2,0
0,0,0,1,0,2,0,0,1,0,0,0,0,1,1,1,1,0,2,1
0,0,1,1,1,2,1,2,0,0,1,1,1,0,0,1,0,0,0,1
1,0,0,0,1,1,2,0,0,0,1,1,1,1,0,1,1,1,1,1
1,0,0,0,1,0,1,0,1,0,1,1,1,1,0,0,0,0,2,1
0,0,2,1,0,2,1,0,0,0,0,0,0,0,2,0,1,0,1,1
0,0,1,1,1,0,0,1,1,0,0,0,0,0,2,0,0,0,1,1
0,0,1,1,0,2,2,0,0,0,1,0,1,0,1,0,0,0,1,1
1,0,1,0,0,2,1,0,0,0,1,1,0,0,1,1,0,1,2,1
0,0,0,1,0,2,1,0,0,0,1,1,0,0,1,1,1,1,2,1
1,0,0,1,1,0,0,0,1,0,1,1,1,1,2,1,0,0,0,1
0,0,1,0,0,2,1,0,0,0,1,1,1,0,1,0,0,0,2,1
2,1,2,1,1,1,1,1,1,0,0,0,1,0,1,0,0,0,0,1
0,1,0,2,1,2,0,2,0,0,0,0,0,0,0,1,0,1,0,1
0,0,2,2,1,0,1,0,0,0,1,1,0,1,0,1,1,1,2,1
0,0,0,1,1,1,0,0,0,0,1,1,1,1,0,1,0,0,0,1
2,1,2,1,0,1,2,1,1,0,0,1,1,1,2,0,1,1,0,0
2,1,0,0,0,0,1,2,1,0,0,1,1,1,2,0,1,0,2,1
0,1,0,0,1,0,0,2,0,1,1,1,0,0,2,1,0,1,0,1
1,0,0,2,1,2,1,0,0,1,1,1,0,0,0,1,1,1,2,1
2,1,2,1,1,1,0,0,0,0,0,0,0,0,1,1,1,1,1,1
0,0,1,0,1,2,1,1,1,0,1,0,0,0,1,1,0,1,1,1
0,0,0,1,0,1,1,1,0,0,1,0,0,1,0,0,0,0,0,1
0,1,1,0,0,0,2,2,1,0,1,0,0,0,1,1,1,0,1,0
0,1,1,1,1,1,1,2,1,0,0,1,0,0,2,1,1,0,0,0
2,0,1,0,0,0,1,0,0,0,1,0,0,1,0,1,1,1,1,1
2,1,0,1,0,2,0,0,0,1,0,0,0,1,0,1,0,0,0,0
1,0,1,0,1,0,0,0,1,0,1,0,1,1,0,0,0,0,1,0
0,1,0,2,0,1,1,1,0,1,0,1,1,0,2,0,1,0,0,1
0,0,1,2,1,1,0,0,1,0,1,0,0,1,2,1,1,1,2,0
1,0,0,0,1,0,0,0,1,0,1,1,1,0,2,1,1,0,1,0
2,1,2,1,1,2,0,1,1,0,1,1,1,0,0,0,1,1,0,1
2,1,2,1,0,1,1,2,1,1,0,1,1,1,0,0,1,1,0,1
2,1,1,0,0,1,1,2,1,0,0,0,0,1,1,1,0,1,1,1
1,0,0,0,1,0,1,0,0,0,1,1,1,0,0,0,1,0,2,1
0,0,1,0,0,2,1,0,0,0,1,1,1,0,1,1,0,1,2,1
0,0,1,2,0,1,2,1,1,0,1,0,1,0,0,1,1,1,1,1
2,1,2,1,0,0,1,2,1,0,0,1,1,0,2,0,0,1,2,1
1,1,1,0,0,0,1,0,1,0,0,1,0,1,1,0,0,0,1,1
0,1,1,1,0,1,1,2,0,0,1,0,0,0,1,1,0,0,1,1
0,0,1,0,1,0,0,0,1,0,1,0,1,1,2,1,0,1,0,1
1,1,2,2,0,1,1,1,1,1,1,0,0,1,0,1,1,1,0,1
0,0,1,1,0,2,0,0,1,0,1,1,0,1,1,0,0,0,1,1
0,1,1,1,1,1,0,1,0,0,0,0,0,0,2,1,0,1,1,0
0,1,1,2,1,1,1,1,1,0,1,1,0,0,0,1,0,1,1,1
1,1,1,0,0,1,2,1,1,0,1,0,0,0,0,1,0,1,2,0
1,1,1,0,0,1,2,1,1,0,1,1,0,0,1,1,1,1,1,0
0,1,1,0,1,0,0,2,0,1,1,1,1,0,2,1,1,1,0,1
1,1,1,2,1,0,0,2,1,1,0,1,0,1,1,1,1,1,0,1
0,0,1,0,1,1,0,0,0,1,1,1,0,0,0,0,1,0,2,1
0,0,1,1,1,2,0,0,1,0,1,0,1,1,1,1,1,1,2,1
2,1,1,1,0,2,1,0,1,0,1,1,0,0,1,1,0,1,2,1
1,0,1,0,1,1,1,0,1,0,1,0,0,1,2,0,0,0,0,1
2,1,1,1,0,0,1,2,1,0,1,1,1,1,1,0,1,1,2,1
1,0,0,1,1,0,0,0,1,0,1,0,1,0,1,1,1,0,0,1
1,1,1,1,1,2,0,1,0,1,1,1,1,1,2,0,0,1,0,1
0,1,1,2,1,1,0,0,1,1,0,1,1,1,2,1,0,1,2,1
0,0,1,2,0,2,0,0,1,0,1,0,0,1,2,1,1,0,2,1
0,0,2,0,0,2,2,0,0,0,0,1,1,1,2,0,0,0,2,1
0,0,1,1,1,1,0,0,0,0,1,1,0,0,2,0,0,1,1,1
2,0,2,1,1,0,1,0,1,0,1,0,1,0,0,0,1,1,2,1
0,1,0,2,1,2,0,2,1,0,1,0,0,0,1,1,1,1,1,1
2,1,1,1,0,2,2,0,1,0,0,1,0,1,2,1,0,1,0,0
1,0,1,0,0,2,2,0,0,0,1,1,1,1,2,1,0,0,0,1
2,1,2,1,1,2,0,0,0,0,0,0,0,1,2,1,1,1,1,0
0,0,1,1,0,2,0,0,1,0,1,1,1,0,2,1,0,1,1,1
1,0,1,0,1,0,0,0,1,0,1,0,0,1,0,0,1,0,0,1
0,1,0,2,1,0,0,0,1,0,1,1,1,1,1,1,0,1,1,1
0,0,0,1,1,2,0,1,1,0,1,0,0,0,1,1,1,1,1,1
1,0,1,0,1,1,0,0,1,0,0,0,1,0,0,0,1,0,1,1
0,0,1,0,1,2,1,0,0,1,1,1,1,0,2,1,1,1,0,1
0,1,1,1,0,2,2,1,1,0,1,1,0,1,1,1,1,0,1,0
1,1,0,2,1,0,0,1,0,0,1,1,0,1,0,1,0,1,1,1
0,0,0,0,0,2,0,0,0,0,1,1,0,0,2,1,0,1,2,1
2,0,0,1,1,1,1,0,0,0,1,0,1,0,0,0,0,1,2,1
2,1,1,1,0,1,1,1,1,1,0,1,0,1,0,1,0,1,1,0
2,1,0,1,1,0,0,2,1,0,1,1,0,1,0,1,0,0,1,1
0,1,0,1,0,1,1,0,1,0,1,0,1,1,2,1,1,0,2,1
0,0,0,1,0,2,2,0,0,0,1,1,1,1,2,1,0,1,0,1
2,1,0,1,1,2,1,2,1,0,1,1,0,0,1,1,1,1,1,1
0,0,1,2,0,2,2,0,0,0,1,1,0,0,0,1,0,1,2,1
2,0,0,0,1,1,1,0,1,0,1,0,1,0,1,0,1,0,2,1
2,1,2,0,1,0,1,1,0,0,0,1,1,1,0,0,0,0,2,1
2,0,2,1,0,2,2,0,0,0,0,1,0,0,1,0,1,0,2,1
0,1,1,2,1,2,0,2,0,0,0,0,1,1,1,0,1,1,2,0
0,1,1,0,0,2,2,0,1,0,0,0,0,0,0,1,1,1,1,0
2,1,1,1,0,1,1,1,1,0,1,0,0,1,2,0,0,0,0,1
0,1,1,0,0,2,2,0,1,0,1,1,1,0,1,1,0,1,1,0
0,0,1,1,1,2,2,0,0,0,1,1,1,0,1,1,0,0,0,0
0,0,2,1,0,2,0,0,1,0,1,0,1,1,2,0,0,1,1,1
2,0,0,1,1,0,0,0,1,0,1,0,1,0,1,1,1,0,1,1
1,1,0,2,1,2,0,1,0,0,1,0,1,1,0,0,1,0,0,0
1,0,0,0,1,2,1,0,0,1,1,0,1,1,0,0,1,0,2,1
0,1,0,1,0,1,1,1,1,0,0,1,1,0,2,0,1,1,0,0
1,1,0,1,1,0,1,2,0,1,0,1,1,1,0,0,1,1,1,1
2,0,0,1,1,0,1,1,0,0,1,1,0,1,0,0,1,1,0,1
0,0,1,2,1,1,1,0,0,0,1,0,1,0,0,0,1,1,2,1
0,1,1,1,1,2,0,0,0,0,0,0,1,1,2,0,0,0,2,1
2,0,0,0,1,1,2,0,0,0,1,1,1,0,1,1,1,1,0,1
1,1,0,1,0,0,0,2,1,0,1,0,0,0,1,1,1,0,1,1
1,0,0,0,1,1,0,0,1,0,1,0,1,1,2,0,0,0,2,0
1,1,1,0,0,1,2,1,1,1,1,0,0,0,2,1,0,1,1,1
0,0,1,0,0,0,2,0,0,0,1,1,0,0,1,1,0,1,2,1
0,1,0,0,1,0,2,0,0,0,1,0,0,0,2,1,0,1,1,1
2,1,1,1,0,1,0,1,1,0,1,1,0,0,2,1,1,0,1,0
2,1,0,1,0,0,1,2,1,0,1,1,0,1,0,1,1,1,1,1
2,0,2,1,1,1,0,0,1,0,1,0,1,1,1,1,1,1,1,1
2,0,1,0,0,2,1,0,0,0,1,1,0,1,0,1,0,1,2,0
0,1,1,0,1,2,0,2,1,0,1,0,0,1,1,1,1,0,0,0
0,0,0,1,1,0,1,0,0,0,1,1,1,0,0,0,0,0,1,0
2,1,2,1,1,2,0,1,0,1,0,0,0,0,1,1,0,1,1,0
1,1,0,1,1,2,0,1,1,0,1,1,1,0,1,1,0,0,2,1
1,0,1,0,0,2,1,0,0,0,0,1,1,1,2,0,0,0,1,1
2,1,1,1,0,0,1,0,1,0,1,0,1,0,1,1,1,0,2,1
2,1,2,1,0,0,1,2,1,0,1,1,1,0,2,0,0,1,1,1
0,1,2,2,0,1,1,1,1,1,1,1,0,1,1,0,1,1,0,1
0,0,1,1,1,2,0,0,1,0,1,0,1,1,1,0,0,1,2,1
0,0,1,1,1,1,0,0,1,0,1,0,1,0,1,0,1,0,2,1
1,1,1,2,0,1,1,2,1,0,0,1,1,0,2,0,1,0,2,1
0,0,1,1,0,2,0,0,1,0,1,0,0,1,1,1,0,0,2,0
0,0,1,1,0,2,1,0,0,0,1,1,0,1,1,0,0,0,1,1
0,0,2,1,0,2,1,0,1,0,0,0,1,0,1,0,1,1,1,1
0,0,1,1,1,0,1,2,0,0,0,0,1,0,2,0,1,1,2,1
1,0,1,1,0,1,2,1,0,0,1,1,1,1,1,1,1,0,1,1
0,0,1,2,1,1,0,0,1,0,1,0,1,1,1,1,1,0,2,1
0,0,1,1,0,1,1,1,0,0,1,1,1,1,1,1,1,1,1,1
2,1,2,1,0,0,2,2,1,0,1,1,1,0,0,0,1,1,2,0
0,0,1,0,1,0,2,0,0,0,1,1,0,1,0,1,0,1,2,1
0,0,1,1,1,2,0,0,1,0,0,0,1,0,2,0,1,0,2,1
0,1,0,2,1,0,1,2,1,0,0,1,1,0,0,0,0,0,2,1
2,1,2,1,1,0,2,2,1,0,0,1,0,1,2,1,0,1,1,0
0,1,1,1,0,0,0,2,0,1,1,0,0,1,1,1,1,0,1,1
1,1,1,0,0,1,1,1,1,0,1,0,0,1,0,1,0,1,1,1
0,1,1,0,1,1,0,0,1,0,1,0,1,0,1,0,1,0,2,1
0,0,0,0,1,1,0,0,1,0,1,0,0,1,0,1,0,1,2,0
0,0,1,0,1,0,0,0,1,0,1,0,0,0,1,1,1,1,2,1
0,1,2,0,0,0,2,2,1,0,0,1,1,1,1,0,1,0,2,0
1,1,0,2,1,0,1,1,0,0,0,0,1,0,0,0,1,0,1,0
1,0,1,0,0,1,1,0,1,0,1,0,0,1,0,0,1,0,0,1
2,0,2,1,1,2,1,0,0,0,1,1,1,1,2,0,1,1,2,1
0,1,1,2,1,0,0,2,0,0,1,1,1,0,1,0,0,1,2,1
0,0,1,0,0,2,1,0,0,0,1,1,0,0,1,0,0,0,2,1
2,1,2,1,1,1,0,1,0,0,0,0,0,1,2,1,0,1,1,0
0,1,0,1,0,1,2,1,1,0,0,1,0,1,1,1,0,0,1,1
0,0,1,1,1,2,1,0,0,0,1,1,0,0,1,1,0,1,2,1
0,0,1,1,0,2,0,0,1,0,1,0,1,0,1,0,0,1,2,0
0,1,1,0,1,2,0,2,0,1,0,0,0,0,1,1,1,1,0,0
2,1,1,1,0,1,1,1,1,0,0,1,0,1,2,1,1,0,2,1
2,1,2,1,1,0,0,2,0,1,0,0,0,0,2,1,0,1,1,1
1,0,1,2,1,2,1,0,1,0,1,0,0,0,0,1,0,1,2,1
0,0,1,1,1,1,2,0,0,0,1,0,1,1,1,1,0,0,0,0
0,0,1,0,0,2,1,0,0,0,1,1,0,1,0,0,0,0,2,1
0,0,0,0,1,2,0,0,1,0,1,1,0,0,2,1,1,1,2,1
0,0,0,1,0,1,1,0,1,0,1,0,0,1,0,0,1,0,1,1
0,0,0,1,1,1,0,0,1,0,1,0,1,1,2,1,1,1,2,1
1,1,1,0,0,0,1,2,1,0,0,1,1,0,0,0,1,0,2,1
1,1,1,1,1,2,1,2,1,0,0,1,0,0,2,1,1,0,2,1
0,0,1,0,0,1,0,1,1,0,1,0,0,1,2,1,0,1,2,1
2,1,0,1,0,2,1,0,1,1,0,1,1,0,2,0,1,0,1,1
1,0,1,2,0,2,2,0,0,0,1,1,1,0,0,1,1,1,2,1
0,1,1,1,0,1,2,2,1,0,0,1,1,0,2,1,0,0,2,0
1,1,1,0,0,0,1,2,0,0,1,0,0,1,2,1,1,1,2,1
0,1,1,0,1,1,0,1,0,0,1,1,1,1,1,0,1,0,0,1
0,0,1,2,1,0,2,0,0,0,1,1,1,1,0,1,0,1,1,1
0,0,1,1,1,2,2,0,0,0,1,0,0,0,1,1,1,1,1,1
2,1,0,0,1,0,0,0,1,0,1,1,0,1,0,1,1,1,0,1
0,0,2,1,0,2,1,0,0,0,1,0,0,1,1,0,0,1,1,1
0,1,1,0,1,1,1,1,1,1,1,1,0,0,2,1,1,1,0,0
0,0,0,1,0,1,2,0,0,0,1,1,0,1,0,1,0,0,2,1
0,0,1,1,1,2,1,0,0,0,1,1,0,0,0,1,0,1,1,1
2,1,2,0,0,2,1,0,1,0,1,1,1,1,0,0,1,1,2,1
1,0,1,0,0,0,1,2,0,0,1,1,0,0,1,1,0,1,2,1
0,0,1,0,0,2,1,0,0,0,1,1,0,1,1,1,0,1,2,0
0,0,1,1,1,0,0,0,1,0,1,0,1,1,1,0,0,0,1,1
0,1,1,1,0,2,2,0,1,1,0,1,1,1,1,0,1,0,2,1
0,1,1,2,1,0,0,2,0,1,0,1,1,0,0,0,1,0,2,1
0,1,1,1,0,1,1,2,1,0,1,1,1,0,1,0,0,1,2,1
0,0,0,0,1,2,0,1,1,0,1,0,1,0,2,0,1,0,1,1
0,1,1,1,1,2,0,2,0,1,1,0,0,1,2,1,0,0,0,1
1,0,1,0,0,2,2,0,0,0,1,1,0,1,0,1,0,1,2,1
1,1,0,0,1,0,0,1,0,0,1,1,0,0,2,0,1,0,0,1
0,0,1,1,1,2,0,1,1,0,1,0,0,0,1,0,0,1,2,1
0,0,1,0,1,1,0,0,1,0,0,0,0,1,2,0,1,0,2,1
1,1,1,0,1,0,0,0,0,1,1,1,1,0,2,0,1,0,1,1
0,0,1,1,1,1,1,0,0,0,1,1,1,0,1,1,0,0,1,1
2,1,2,1,1,1,0,1,0,0,1,0,0,0,2,1,0,1,1,0
1,1,1,2,0,1,2,2,1,0,1,0,0,0,0,1,1,1,0,1
0,0,1,1,1,0,1,1,0,0,1,1,0,1,0,0,1,1,1,1
0,0,2,2,0,2,1,0,0,0,0,1,1,1,0,0,1,0,2,1
1,0,1,1,0,1,2,1,1,0,1,1,1,1,2,1,1,1,1,0
0,1,0,1,1,0,0,2,0,0,1,0,0,0,1,1,1,0,2,1
1,0,0,0,0,2,1,0,0,0,1,1,0,1,0,1,1,1,2,1
2,0,0,1,0,2,0,0,1,0,1,0,0,0,1,1,1,1,2,1
1,1,1,1,1,0,0,2,1,0,0,0,0,0,2,1,1,0,0,1
0,0,1,1,1,2,0,0,1,0,1,0,1,1,1,0,1,1,1,0
1,0,0,0,1,0,1,0,0,0,0,1,0,0,1,0,1,0,1,1
0,0,1,0,1,0,1,0,0,1,1,1,1,0,2,1,1,1,0,0
0,1,1,0,1,0,1,2,1,0,0,1,1,1,1,0,0,0,2,1
2,1,1,1,0,1,1,1,1,0,1,0,0,0,1,1,0,0,0,1
0,0,2,1,0,1,2,0,0,0,1,1,1,1,1,0,0,0,2,1
2,1,2,1,1,0,0,0,0,1,0,1,1,1,2,0,1,1,2,1
2,1,0,0,0,1,2,1,1,0,0,1,0,0,2,1,0,1,1,1
0,1,1,2,1,2,0,0,0,0,0,0,1,0,0,0,1,1,2,1
0,1,1,1,1,2,0,2,0,0,1,0,0,0,1,1,1,1,0,0
0,0,0,1,0,2,1,0,0,0,1,0,1,0,1,1,1,0,2,1
0,0,0,1,1,1,2,0,0,0,1,1,1,0,1,1,1,0,0,1
0,1,1,2,1,2,1,2,1,1,0,1,1,1,2,1,0,0,1,1
1,0,1,2,1,0,2,1,0,0,1,1,0,0,0,1,1,0,1,0
0,1,1,0,1,2,0,1,1,1,1,0,0,0,0,0,0,0,0,0
0,0,0,1,1,2,1,1,0,0,1,1,1,1,0,0,0,1,1,1
2,0,1,0,0,2,1,0,0,0,1,1,1,1,0,1,0,1,1,0
0,0,1,1,1,2,1,0,0,1,1,1,0,1,1,1,1,1,2,1
2,1,2,1,1,0,1,2,1,0,0,1,1,0,2,0,0,1,2,1
0,0,1,1,1,1,1,0,0,0,1,1,1,1,1,1,0,0,1,1
0,1,0,0,1,2,0,0,0,0,1,0,0,1,2,1,1,1,0,1
1,1,1,0,1,2,1,2,1,1,0,0,0,0,2,1,0,0,1,1
1,1,1,0,0,0,0,2,1,1,1,1,0,0,1,1,0,1,1,1
2,1,2,0,1,1,2,1,1,0,0,1,1,0,1,0,1,0,0,0
1,0,0,0,1,2,0,0,1,0,1,0,0,1,0,1,0,1,2,1
2,0,1,1,0,2,1,0,0,0,1,1,1,0,1,0,0,1,2,1
0,0,0,1,0,2,2,0,0,0,1,1,1,1,0,0,1,1,1,1
0,1,0,1,1,2,2,2,1,0,1,0,0,1,0,1,0,0,0,0
2,1,2,1,1,2,0,1,0,0,0,0,0,1,2,0,0,1,0,0
2,1,2,1,1,1,0,1,1,0,1,0,1,0,2,1,0,0,1,1
2,1,2,1,1,0,0,2,1,0,1,0,1,0,2,0,1,1,2,1
0,1,1,0,1,2,1,1,0,0,1,0,0,0,1,1,0,1,0,1
0,1,0,1,1,0,0,2,1,0,0,0,0,0,1,1,1,0,0,1
2,1,2,0,1,0,1,2,0,0,1,1,1,1,1,0,1,0,2,1
0,1,0,1,0,1,2,1,1,0,1,0,0,0,1,1,1,1,1,0
2,0,0,1,1,2,0,0,1,0,1,0,0,0,1,1,1,0,2,1
2,1,0,1,1,2,0,1,0,0,1,0,0,0,1,1,1,0,1,1
0,0,0,1,1,1,0,0,1,0,1,1,0,0,1,1,1,1,1,1
2,1,2,1,1,2,0,1,0,0,1,0,0,1,1,0,1,0,1,1
2,0,2,0,1,1,0,0,1,0,1,0,0,1,2,0,1,0,2,1
0,0,1,1,0,2,2,0,1,0,1,0,1,1,1,0,0,1,2,0
2,0,1,1,0,2,2,0,0,0,1,1,0,0,2,1,0,0,2,1
0,0,1,0,0,2,1,0,0,0,1,0,1,1,1,0,1,0,1,1
2,0,2,2,0,1,1,1,0,0,1,1,0,1,0,0,0,1,1,1
0,0,0,1,1,2,0,0,1,1,1,0,1,0,1,0,0,0,2,1
2,0,2,0,0,2,1,0,0,0,1,0,0,0,1,0,1,0,2,0
0,0,1,0,0,2,1,0,0,0,1,0,0,1,0,1,0,1,2,1
0,1,0,1,1,0,0,1,0,0,1,0,0,1,0,1,1,1,1,0
2,1,0,0,1,2,2,2,1,0,1,1,1,1,2,1,0,1,2,0
0,0,0,0,0,2,2,0,1,0,1,0,0,0,2,1,0,1,2,1
0,1,0,1,1,0,1,0,1,0,0,1,1,0,1,0,1,1,2,1
2,0,2,1,1,2,0,0,1,0,1,0,0,1,1,0,1,1,0,1
2,0,2,0,0,2,1,0,0,0,1,0,0,1,1,0,1,0,2,1
1,0,1,2,0,2,2,0,0,0,0,1,0,0,0,0,1,0,2,0
1,1,0,0,1,1,0,2,0,0,1,0,1,1,0,1,0,1,2,1
0,0,1,0,1,2,0,0,1,0,1,0,1,0,1,1,0,1,0,0
0,0,1,0,1,2,1,0,0,0,1,1,1,1,0,1,0,0,2,1
0,0,0,2,0,2,2,0,1,1,1,1,0,1,1,1,1,1,2,1
1,1,1,0,0,2,2,1,1,0,1,0,0,1,0,1,0,1,1,0
2,1,2,1,1,2,2,0,1,0,0,0,1,0,1,0,1,1,2,0
2,1,1,1,0,0,0,2,1,0,1,1,1,0,2,0,1,0,2,1
2,0,0,1,0,2,1,0,0,0,1,1,0,1,2,1,0,1,2,1
0,1,1,2,1,0,1,2,1,0,1,1,0,1,1,1,1,1,1,1
0,1,0,1,0,1,1,2,1,0,0,0,1,1,1,1,1,0,2,1
0,0,1,0,1,0,0,0,1,0,1,1,0,1,1,0,0,0,1,1
0,0,0,2,1,2,0,1,1,0,1,0,0,1,0,0,1,1,1,0
0,1,1,2,0,0,2,2,1,0,1,0,0,0,0,1,0,1,0,0
2,0,2,1,1,1,2,0,0,0,1,1,1,0,1,0,0,1,1,1
0,0,1,1,0,2,2,0,0,0,1,1,1,0,2,1,0,0,1,1
0,0,1,1,1,0,0,0,0,0,1,1,0,0,1,0,0,1,1,1
0,0,0,0,0,2,0,0,1,0,1,1,0,1,0,1,0,1,2,1
2,0,2,1,0,1,1,2,0,0,1,1,1,0,0,0,0,1,2,1
1,0,0,0,1,0,0,1,1,0,1,1,1,0,1,1,0,1,1,1
0,0,1,0,1,2,0,0,1,0,1,0,0,1,0,1,0,0,2,1
0,0,1,1,1,2,1,0,0,0,1,1,0,1,1,1,0,1,2,1
1,0,2,0,0,2,2,0,1,0,0,0,0,1,2,0,0,0,1,1
0,0,0,1,0,1,1,0,0,0,1,1,0,0,2,1,1,0,0,1
2,1,2,1,1,2,0,1,0,0,1,0,0,1,1,1,0,0,1,0
1,0,0,0,1,1,1,0,0,0,1,1,0,0,0,1,1,1,2,0
0,1,1,1,0,1,2,2,1,0,0,1,1,0,2,1,0,1,0,0
0,0,1,1,1,2,0,0,1,0,1,0,1,0,2,1,0,0,0,1
2,0,0,1,1,1,0,0,1,0,1,0,1,0,1,0,1,1,1,0
0,1,1,1,1,2,0,1,0,0,0,0,1,0,2,0,0,1,1,1
0,0,1,1,1,2,0,0,1,0,1,1,1,1,1,1,0,1,2,0
2,1,2,1,0,1,1,2,1,0,0,1,1,0,2,0,0,0,2,1
2,0,2,1,1,0,0,0,1,0,1,0,1,1,1,1,0,1,2,0
2,0,1,0,0,2,2,0,0,0,1,1,0,0,1,1,0,1,1,1
2,1,2,1,1,0,0,1,1,1,1,0,0,0,2,1,0,1,1,1
0,0,1,1,1,2,0,0,1,0,1,0,0,0,1,1,1,1,2,1
0,0,1,1,1,1,2,0,0,0,1,1,1,1,1,0,0,1,1,1
2,0,1,1,1,2,0,0,1,0,0,1,0,1,2,0,0,0,2,1
0,1,1,0,1,0,1,0,1,0,1,0,1,1,0,1,1,1,2,1
0,0,0,0,1,1,0,0,1,0,1,0,1,1,0,1,0,1,2,0
2,0,2,1,1,2,0,0,1,0,0,0,1,1,2,0,0,1,2,1
0,0,1,1,1,0,1,1,0,0,1,1,0,1,1,1,1,1,2,1
0,0,1,1,1,1,0,0,1,0,1,0,1,1,0,0,0,1,2,1
0,1,2,0,0,1,1,2,1,0,0,1,0,0,1,0,1,0,1,1
0,0,0,0,0,0,1,0,1,0,1,0,1,1,2,0,1,0,1,1
0,0,1,1,0,2,1,0,0,0,1,1,1,0,1,0,0,1,1,0
0,0,1,1,1,2,0,0,1,0,1,0,1,0,1,0,1,1,1,1
0,1,0,1,1,2,0,1,0,0,1,0,0,0,1,1,1,1,1,1
1,1,1,1,1,0,1,1,1,0,1,1,0,0,2,1,1,1,1,1
2,1,0,1,1,2,1,2,1,1,0,1,0,0,1,1,0,0,0,0
1,0,1,0,1,1,2,0,0,0,1,1,1,0,1,1,0,1,1,0
2,1,1,1,0,1,2,1,1,0,1,1,0,1,1,1,1,1,1,0
0,0,0,1,0,2,1,0,0,0,1,0,0,0,1,0,1,0,1,1
0,1,0,1,0,2,1,0,1,1,0,1,1,0,2,0,1,1,0,0
2,1,1,1,0,1,1,1,1,0,1,1,0,1,1,1,1,1,1,1
0,1,0,1,1,0,0,2,0,0,1,0,0,0,1,1,1,0,0,0
2,0,0,1,1,2,0,0,1,0,1,0,0,0,1,1,1,0,1,1
0,1,0,0,1,2,0,0,0,1,1,0,0,0,2,1,0,1,1,0
2,1,0,0,1,2,1,2,1,0,1,1,1,0,2,0,0,0,1,1
0,0,1,1,1,1,2,0,0,0,1,1,1,0,1,1,0,0,2,1
2,1,2,1,0,1,2,0,1,0,0,1,1,0,1,0,1,0,1,0
0,0,0,0,1,2,0,1,1,0,1,0,1,0,1,1,1,1,1,1
2,1,2,0,0,2,1,0,1,0,1,0,1,1,0,0,0,0,1,1
0,1,1,1,0,1,1,1,1,0,0,0,1,1,2,1,0,1,0,0
0,0,0,1,0,2,1,0,0,0,1,0,1,1,0,1,1,1,0,1
2,0,0,0,1,1,1,0,0,0,1,1,0,0,2,1,1,1,2,0
0,0,1,1,0,2,1,0,0,0,1,1,1,0,1,0,0,1,2,1
1,1,1,0,0,0,1,2,1,0,1,0,0,1,0,1,1,1,1,1
1,0,0,0,1,0,1,0,0,0,1,1,0,0,1,1,1,1,2,1
0,0,0,0,1,0,1,0,1,0,1,0,1,1,2,0,1,0,2,1
1,0,2,0,0,2,0,0,1,0,1,0,0,0,2,0,1,0,2,1
1,1,1,0,0,1,2,1,1,0,0,1,0,1,2,1,1,1,1,0
2,1,2,0,1,1,1,1,1,1,1,1,1,0,0,1,1,1,2,0
0,1,2,0,0,0,1,2,0,0,1,1,1,0,1,0,1,0,1,1
0,0,1,1,1,2,0,0,1,0,1,1,0,1,1,1,0,1,2,1
2,0,2,0,1,2,1,0,0,0,1,1,1,1,1,1,1,1,1,1
2,0,2,1,0,2,1,0,0,0,0,1,0,0,0,0,1,1,0,1
0,0,1,0,0,2,1,0,0,0,1,1,1,1,0,1,0,1,0,1
1,0,0,0,0,2,1,0,0,0,1,1,0,0,1,0,1,1,2,1
0,1,1,1,0,0,0,2,0,0,0,1,1,0,2,0,1,1,2,1
0,0,0,1,0,2,2,0,0,0,1,1,1,1,0,1,1,0,1,1
0,1,1,1,1,0,0,2,0,1,0,0,0,1,0,1,1,0,1,1
0,0,0,1,0,2,1,0,0,0,1,1,0,1,0,0,0,1,1,1
1,1,1,0,1,2,1,0,1,0,1,0,1,0,1,1,1,1,0,1
0,1,1,1,1,0,0,1,1,1,0,0,0,0,1,1,1,0,0,1
2,0,2,1,0,2,2,0,0,0,0,0,1,1,2,0,0,0,2,1
2,1,1,1,0,0,0,2,0,0,0,0,1,0,2,0,1,1,2,1
1,0,1,0,0,2,1,0,1,1,1,1,0,0,1,0,1,0,2,0
0,0,1,2,0,2,2,0,1,0,1,1,1,0,1,0,0,1,2,1
0,1,1,0,1,2,2,2,1,0,0,0,1,0,0,0,1,0,2,0
2,0,0,0,0,2,1,0,0,0,1,0,0,0,2,1,1,1,2,1
1,0,0,0,1,2,1,0,0,0,0,1,1,0,2,0,0,0,2,1
0,1,0,0,0,2,1,0,1,1,1,1,0,1,0,1,1,1,0,0
2,1,0,0,1,2,1,2,1,1,1,1,0,1,0,0,0,0,1,1
2,0,2,1,1,0,0,0,1,0,1,0,1,0,2,1,1,0,0,1
2,1,0,1,1,2,1,2,1,0,1,1,1,0,0,0,1,0,2,1
1,0,1,0,0,1,0,0,0,0,1,1,0,0,1,0,0,0,1,1
1,0,1,0,0,2,2,0,0,0,1,1,1,0,1,1,0,1,2,1
0,1,1,1,1,2,1,1,1,0,1,0,0,1,1,1,0,0,1,1
2,1,1,0,0,1,1,1,1,0,0,0,1,1,2,1,1,1,1,1
2,1,1,0,0,1,2,1,1,1,0,1,1,1,1,1,1,1,1,1
0,1,0,1,1,1,1,2,1,0,0,0,0,1,0,1,1,0,1,1
0,0,1,0,1,1,2,1,0,0,1,1,0,0,1,0,0,0,0,1
0,1,1,1,1,0,0,2,0,0,0,1,1,0,0,1,0,1,2,0
2,1,2,0,1,0,1,1,1,1,0,1,0,1,1,0,0,0,1,0
2,1,0,0,1,2,0,0,0,1,1,0,0,1,1,1,0,1,1,0
0,1,0,1,1,2,0,2,0,1,0,0,0,0,1,1,1,0,1,1
1,0,0,1,1,1,1,0,1,0,1,0,0,0,1,0,1,0,2,1
0,1,1,1,1,1,1,1,0,0,0,1,1,1,1,0,1,1,2,1
2,1,2,0,1,0,0,1,0,0,0,1,1,0,2,0,0,0,0,1
2,1,0,1,0,0,1,2,0,0,1,1,1,1,2,0,1,0,2,0
2,1,1,1,0,1,1,1,1,0,1,1,0,1,1,1,1,0,1,1
0,1,1,1,1,1,1,0,1,1,1,1,1,0,0,0,1,1,2,0
0,0,1,1,1,1,0,1,1,0,1,0,1,1,1,1,0,0,1,0
0,1,0,2,0,0,1,2,1,0,1,1,1,1,0,0,0,0,2,1
0,0,0,1,1,1,0,0,1,0,1,0,1,1,2,1,1,1,1,1
2,1,2,0,0,0,0,2,1,0,1,0,1,0,1,0,0,0,2,1
2,0,1,1,1,0,1,0,1,0,1,0,1,0,0,0,0,1,2,1
2,1,0,1,1,0,0,2,1,0,0,1,0,1,2,1,1,1,1,1
2,0,2,1,1,0,0,0,1,0,1,1,0,0,0,1,1,0,2,0
0,1,0,1,0,0,1,2,1,0,0,0,1,0,0,0,1,1,1,1
2,1,2,0,1,2,0,1,0,0,0,0,1,0,0,0,0,0,0,1
2,0,2,1,0,2,2,0,0,0,0,0,1,1,0,0,1,1,2,1
2,0,2,1,0,0,2,0,0,0,1,0,1,0,2,0,1,0,1,1
0,0,0,1,0,0,1,0,0,0,1,1,1,0,1,0,0,0,2,1
0,0,1,1,1,1,0,0,1,0,0,0,1,0,0,1,0,1,1,1
0,1,1,0,1,2,0,1,0,0,0,1,1,1,2,0,1,0,0,1
2,0,2,1,0,2,2,0,0,0,1,0,1,1,1,0,1,1,2,1
1,1,0,1,1,1,0,1,0,0,1,0,0,0,1,1,1,1,1,0
0,1,1,0,1,2,0,0,0,0,1,0,0,1,0,0,1,0,1,1
1,0,0,0,1,0,1,1,1,0,1,1,1,0,2,1,0,1,1,0
1,1,0,0,1,2,0,2,0,1,1,0,0,1,0,1,0,1,1,0
0,1,1,1,0,0,2,2,1,0,1,1,0,1,1,1,1,1,0,0
0,1,1,1,1,2,0,1,0,0,1,0,0,1,1,1,0,1,1,0
1,0,1,0,1,1,0,0,0,0,1,1,0,0,1,1,0,1,2,1
0,1,2,0,0,1,1,1,1,0,1,1,1,1,2,0,1,0,0,1
2,1,0,1,0,2,1,1,1,1,1,0,0,1,0,1,1,0,0,1
0,1,2,0,0,1,1,1,0,0,0,1,1,1,1,0,1,0,0,1
2,0,1,0,0,1,1,1,0,0,1,0,1,0,1,1,0,1,0,1
0,0,1,0,1,0,0,0,1,0,1,1,1,0,1,1,0,1,1,1
0,1,1,1,1,1,0,1,0,0,1,0,1,1,1,0,1,1,1,1
2,1,0,1,1,0,0,1,0,1,1,0,1,0,1,0,1,0,1,0
0,1,0,1,1,0,0,1,1,0,1,1,1,1,2,1,1,1,1,1
0,1,1,1,0,0,2,2,1,1,0,0,0,0,1,1,0,0,0,1
0,1,1,1,1,0,0,2,0,0,1,0,1,1,1,0,1,1,2,1
2,1,1,1,0,2,1,0,1,0,1,0,1,0,2,1,0,0,2,1
1,0,0,2,1,2,0,0,1,0,1,0,1,0,1,1,1,1,1,1
1,0,1,0,0,0,1,0,1,0,1,1,1,0,1,0,0,0,2,1
0,0,1,2,1,0,0,0,1,1,1,0,1,0,1,0,1,1,2,1
0,0,0,1,0,1,2,1,1,0,1,1,1,1,0,1,0,1,1,0
0,1,0,1,0,0,1,2,1,0,1,1,1,1,0,1,1,0,2,1
0,0,0,2,0,2,1,0,0,0,1,1,0,1,1,0,1,1,0,0
1,1,1,0,1,2,0,1,0,0,1,0,1,1,0,0,1,0,0,0
0,1,1,2,1,0,1,1,1,0,1,1,0,1,2,1,1,1,1,1
0,0,0,1,0,2,1,0,0,0,1,1,1,0,1,1,0,0,0,1
2,1,0,0,1,0,0,2,1,0,1,0,1,0,1,0,0,0,2,1
0,1,1,2,1,2,0,2,0,0,0,0,0,0,2,1,1,1,0,1
0,1,1,1,1,0,0,0,0,1,0,1,1,1,0,0,1,0,1,0
2,0,0,1,1,0,0,1,1,0,1,0,1,0,1,1,1,1,0,1
0,1,1,1,0,0,0,2,1,0,1,1,1,0,2,0,0,1,2,1
1,0,1,0,0,1,2,0,0,0,1,1,1,1,0,1,0,0,1,0
2,0,2,1,1,2,1,0,0,0,0,0,0,1,2,0,1,0,1,1
2,1,2,1,1,0,0,2,0,0,1,1,1,1,1,0,1,1,2,1
0,0,1,1,1,1,0,0,1,0,1,0,1,1,1,1,1,0,1,1
2,0,2,1,1,2,0,0,0,0,1,0,0,1,1,0,0,1,1,1
0,0,2,1,0,2,1,0,0,0,1,1,1,0,0,0,0,1,1,0
0,1,1,1,1,0,0,2,0,0,1,0,1,1,1,1,1,0,2,1
0,1,1,1,0,0,1,0,0,0,1,0,1,1,1,1,1,0,1,0
2,1,0,1,1,2,0,2,0,0,1,0,0,0,1,1,1,0,1,1
0,0,1,1,1,0,0,2,1,0,1,0,0,0,2,1,1,1,2,0
0,0,1,1,1,2,1,1,1,0,1,0,0,0,1,0,0,1,0,1
1,0,0,0,1,2,0,0,1,1,1,0,0,0,1,1,0,1,2,1
0,0,1,0,0,2,2,0,0,0,1,1,1,1,2,0,0,0,1,0
0,1,1,0,0,2,1,0,0,1,0,0,0,0,2,1,1,1,1,1
0,1,1,2,1,1,0,0,0,1,1,0,1,0,0,1,0,1,2,0
0,1,1,1,1,0,1,2,1,1,0,0,0,1,0,1,0,1,0,1
0,0,1,1,0,2,1,0,0,0,1,1,1,0,1,1,1,0,2,1
0,0,1,1,1,2,0,0,1,0,1,0,1,1,1,0,0,0,2,1
1,0,1,0,1,2,0,0,1,0,1,0,0,1,0,0,0,0,0,1
0,1,2,1,0,0,1,2,0,0,0,0,1,0,1,0,1,0,2,1
0,0,1,2,0,2,0,0,1,0,1,0,1,1,2,1,0,1,1,0
2,1,2,0,1,2,1,2,1,0,0,1,1,0,0,0,1,0,2,1
0,0,1,1,1,1,2,0,0,0,1,1,1,0,1,1,0,0,0,1
1,0,1,2,1,1,1,0,0,0,1,1,1,0,0,1,0,1,1,1
0,0,2,1,1,1,0,0,1,0,0,0,1,0,2,0,1,0,1,1
0,0,1,0,0,2,2,0,0,0,1,0,0,1,0,1,0,1,2,1
0,0,1,2,1,1,0,0,1,0,1,0,1,1,2,1,1,1,0,1
0,0,0,2,0,2,1,0,0,0,1,1,1,1,2,1,0,1,1,1
0,0,0,1,0,2,1,0,0,0,1,0,1,0,1,0,1,0,1,1
0,0,2,1,1,1,0,0,1,0,1,0,1,1,1,1,1,0,0,1
0,1,1,1,1,0,1,0,1,0,0,1,0,1,1,0,0,0,1,1
0,0,1,1,0,1,2,1,0,0,1,0,1,0,0,0,0,1,2,1
0,0,0,1,0,2,1,0,0,0,1,1,0,1,2,0,0,0,2,1
0,0,1,1,1,0,1,0,0,0,1,1,1,0,1,1,1,0,1,1
0,0,1,0,1,1,0,0,1,0,0,0,0,0,0,0,0,0,1,1
0,1,1,2,1,2,1,1,0,0,1,0,1,1,2,0,0,0,0,1
1,0,0,0,1,2,1,0,0,0,1,0,1,1,2,0,1,0,2,1
0,1,1,1,1,2,0,0,1,0,1,1,1,0,1,0,0,1,2,1
2,0,0,1,1,1,0,0,1,0,1,0,0,0,0,1,1,0,2,1
1,0,0,0,0,1,1,1,0,0,1,1,1,1,2,0,1,0,2,1
0,1,1,2,0,1,1,1,1,0,1,1,1,1,1,0,0,0,1,1
2,1,1,1,0,1,1,2,1,1,1,0,0,0,0,1,0,0,1,1
2,1,2,1,1,2,0,2,0,0,1,1,1,0,0,0,0,1,0,1
0,0,1,1,1,1,0,1,1,0,0,1,0,0,0,0,1,1,0,0
0,0,1,1,1,0,1,0,0,0,1,1,1,1,1,1,1,0,0,1
2,1,0,1,0,1,1,1,1,0,0,1,1,0,0,0,1,0,0,1
2,1,0,1,0,1,1,2,1,0,1,0,1,0,1,0,1,1,2,1
0,0,1,0,0,2,2,0,0,0,1,1,1,0,1,0,0,0,1,1
0,1,1,2,0,0,0,1,0,0,1,1,1,1,1,0,1,0,1,1
0,1,1,1,1,0,0,2,0,0,1,1,1,1,1,0,1,0,2,0
0,0,0,0,1,1,0,0,1,0,1,1,1,1,0,1,1,1,0,1
1,0,1,2,1,0,1,0,0,0,1,1,1,0,0,1,0,0,1,1
0,0,1,0,1,0,0,0,1,0,1,0,0,0,1,0,0,0,2,0
0,0,1,1,1,1,0,0,1,0,1,0,0,1,1,0,0,0,1,1
2,1,2,1,1,2,1,2,1,0,0,1,1,1,0,0,1,0,2,1
0,0,0,1,0,1,0,0,1,0,1,1,1,1,2,1,0,0,2,1
0,1,1,0,1,1,1,1,1,0,1,1,1,1,2,0,0,0,1,1
1,0,0,0,1,2,0,0,1,1,1,0,0,1,0,0,1,0,1,1
2,0,2,1,1,2,2,0,0,0,1,1,0,1,1,0,1,0,2,1
0,0,0,1,0,2,1,0,0,0,1,0,1,1,2,0,1,0,2,0
0,1,1,1,0,1,1,1,1,0,0,1,0,1,0,0,0,0,0,1
0,0,1,1,0,0,2,0,1,0,1,0,0,0,1,1,1,0,2,0
0,0,2,2,1,2,0,0,1,0,1,0,0,0,2,1,1,1,2,1
0,0,0,1,0,1,1,0,0,0,1,0,1,1,0,0,1,1,1,1
0,1,1,1,1,2,2,2,1,0,1,1,1,0,1,0,0,0,2,0
0,0,1,0,1,2,0,1,1,0,1,0,0,1,1,0,0,0,0,1
0,0,2,1,0,2,1,0,0,0,0,0,0,0,2,0,1,0,0,1
0,1,1,0,1,0,0,2,0,0,0,0,1,0,2,0,0,0,2,0
0,0,1,1,1,2,0,2,1,0,1,0,1,0,1,0,1,1,2,0
0,0,0,2,1,0,2,0,1,0,1,0,1,0,0,1,0,0,2,0
0,0,1,2,1,2,0,0,0,0,0,0,1,0,2,0,1,0,2,1
0,1,1,1,0,1,1,1,1,1,1,1,1,0,0,1,1,1,2,1
2,1,0,1,0,2,1,0,1,0,0,0,1,1,1,0,1,1,1,1
1,1,0,0,1,0,0,2,1,0,0,1,1,0,2,1,0,1,2,1
1,1,0,0,1,1,1,2,1,0,0,1,1,0,2,0,0,0,2,1
2,1,2,0,1,2,0,2,0,1,0,0,0,0,1,1,1,0,0,1
0,0,1,1,1,2,1,0,0,0,1,1,0,1,1,1,0,0,2,1
0,1,1,1,1,1,0,1,1,1,1,0,0,1,0,1,1,0,1,1
0,0,1,1,1,1,0,0,1,0,1,0,1,1,1,1,1,0,1,0
1,1,1,0,1,0,1,2,1,0,0,1,0,0,2,1,0,1,1,1
2,1,0,1,1,2,0,2,1,1,1,0,0,0,0,1,1,0,1,0
0,0,1,0,0,0,1,0,0,0,1,1,1,1,0,1,0,0,2,1
0,1,1,1,1,0,1,2,1,0,0,1,1,1,0,0,1,0,2,1
0,1,1,1,0,0,1,1,1,1,1,1,1,0,0,0,1,0,0,0
0,1,1,0,1,1,0,2,0,0,1,1,0,0,1,0,0,0,0,1
1,0,1,1,0,2,2,0,0,0,1,0,0,0,1,1,1,1,2,1
1,0,0,0,1,1,0,0,1,0,1,0,1,0,2,1,0,1,1,1
0,0,1,0,1,1,0,0,1,0,1,0,0,1,1,0,1,0,0,1
2,1,2,0,0,0,1,2,1,0,1,0,0,1,1,0,0,0,0,1
1,1,0,1,1,1,0,0,0,0,1,0,0,0,1,1,1,0,1,1
0,0,0,0,0,2,1,0,0,0,1,1,1,0,2,0,1,0,1,1
0,1,1,1,1,2,0,2,1,0,0,1,1,1,2,0,1,1,2,1
0,0,2,0,0,2,2,0,0,0,1,0,0,1,1,0,1,1,1,1
0,0,2,1,0,0,0,0,1,0,1,0,1,1,1,1,0,1,0,1
0,0,1,1,0,1,1,1,0,0,1,0,1,0,1,0,0,0,1,1
0,0,0,1,1,1,0,0,1,0,1,0,1,1,0,1,1,0,0,1
0,0,1,1,0,1,1,0,0,0,1,1,1,0,1,0,0,0,1,0
0,1,1,1,1,2,0,0,1,1,1,1,1,0,2,1,0,1,2,1
2,1,0,0,0,0,1,2,1,1,1,0,1,0,0,0,0,0,2,0
0,1,1,1,0,1,1,2,1,0,1,0,1,1,1,1,1,0,0,1
0,1,1,1,0,0,1,2,1,0,1,1,1,0,1,0,0,1,2,1
0,1,1,1,0,1,1,1,1,0,0,1,1,1,2,1,1,1,1,1
2,1,0,0,1,1,2,2,1,0,0,0,1,0,0,1,0,1,1,0
0,0,1,1,1,2,0,1,1,0,1,1,0,0,2,0,0,1,0,0
0,0,1,1,1,2,1,1,0,0,1,1,1,0,1,1,1,1,0,1
2,0,1,1,0,2,1,0,0,0,1,1,0,0,1,1,0,0,2,0
2,1,0,1,0,0,1,2,0,1,0,1,0,0,2,1,0,0,0,1
2,1,0,1,1,1,2,1,0,0,1,0,1,0,1,1,0,1,1,0
0,0,0,0,1,2,1,0,0,0,1,0,0,0,1,0,0,0,0,1
0,1,1,1,0,1,1,2,1,0,1,0,1,0,2,1,0,0,2,1
1,0,1,1,1,1,0,0,1,0,1,0,1,1,1,0,0,1,1,1
2,1,2,0,0,0,1,2,0,0,1,1,1,0,1,0,1,0,2,1
0,0,0,0,0,2,0,0,1,0,1,0,0,0,2,1,0,1,2,1
1,0,1,0,1,0,1,1,0,1,1,1,1,0,2,1,1,1,1,1
0,0,1,0,0,2,0,0,1,0,1,0,1,0,1,1,1,0,0,1
2,0,2,1,1,2,0,0,1,0,1,0,0,1,0,0,1,1,2,1
0,0,1,0,0,0,2,2,0,0,1,1,1,1,0,1,0,1,2,1
0,0,1,0,1,0,0,0,1,0,1,0,1,0,1,0,0,0,2,1
0,0,0,1,0,2,2,0,0,0,1,1,0,1,0,1,0,1,2,1
0,0,1,1,1,2,2,0,0,0,1,1,1,1,1,1,0,0,1,1
0,1,1,1,0,2,2,1,1,0,0,0,1,1,2,1,0,0,2,0
0,0,1,0,1,2,0,0,1,0,0,1,0,1,1,0,0,0,2,0
1,1,0,0,1,2,1,1,0,0,0,0,1,0,0,0,0,0,0,1
0,1,0,1,1,0,0,1,0,0,0,0,0,0,2,1,0,1,1,1
1,1,1,0,1,1,0,0,0,1,0,0,0,1,1,0,1,0,1,1
0,0,1,0,1,0,0,0,1,0,1,0,0,1,1,0,1,0,1,1
0,1,1,1,0,1,2,1,1,0,0,1,0,1,1,1,1,1,0,0
0,0,1,1,0,2,2,0,0,0,1,1,0,1,1,1,0,1,2,1
0,1,0,0,0,0,2,2,1,0,1,1,1,0,2,0,1,0,2,0
0,0,1,2,0,2,1,0,0,0,1,1,0,0,0,1,0,1,2,1
0,1,1,1,1,1,2,1,1,0,1,0,1,1,1,1,1,0,2,0
0,1,1,1,0,0,1,2,1,0,0,1,1,1,0,0,1,0,1,1
2,1,1,1,1,2,0,1,0,0,0,0,1,1,0,0,0,1,1,1
0,0,0,1,1,1,0,0,1,0,1,1,0,1,0,1,1,1,2,1
2,0,0,1,1,0,0,0,1,0,1,0,1,0,1,1,1,0,0,0
0,0,1,1,1,0,0,1,1,0,1,0,1,0,1,1,0,0,0,1
1,1,1,2,0,2,2,0,1,0,1,0,1,1,2,0,0,1,2,0
2,0,0,1,1,2,0,0,0,0,1,1,0,1,0,1,0,1,2,1
1,1,1,0,0,1,1,2,1,0,0,0,0,0,1,1,1,1,0,1
0,0,0,2,1,2,0,0,1,0,1,0,0,0,2,1,0,0,1,1
0,0,1,1,1,2,0,0,1,0,1,0,0,0,1,0,1,0,0,0
0,0,1,1,1,1,0,0,1,0,0,1,1,0,2,0,1,1,1,0
2,1,0,0,0,1,1,2,1,0,0,1,1,1,2,0,0,0,2,1
2,1,0,1,0,0,1,2,1,1,0,1,1,0,2,0,0,0,2,0
2,0,1,0,0,1,2,1,0,0,1,1,1,0,1,1,1,1,1,0
0,1,1,1,0,1,1,1,1,0,0,1,1,1,0,1,1,0,1,1
1,1,1,0,0,1,0,0,1,1,1,0,1,0,0,1,1,1,2,1
2,1,2,0,1,1,0,0,0,0,1,0,0,1,2,1,0,1,0,1
0,0,1,1,0,0,1,0,0,0,1,1,1,0,2,1,0,0,2,1
0,1,1,2,1,0,0,2,0,1,0,1,1,1,2,0,0,1,2,1
1,1,1,2,1,2,2,1,1,0,1,0,0,0,0,1,1,1,1,0
1,0,0,0,1,2,0,0,1,0,1,0,0,0,1,1,1,1,2,1
2,1,1,1,0,2,2,2,1,1,1,0,0,1,0,1,0,1,0,1
0,1,1,1,0,0,1,2,1,0,1,0,0,1,1,1,0,1,1,0
2,1,0,1,1,2,0,0,0,0,0,0,0,0,1,1,1,0,1,1
0,1,0,1,0,0,2,2,1,0,0,1,1,1,0,1,1,0,1,0
0,0,1,1,1,0,1,0,0,0,1,1,1,0,1,1,0,1,1,0
0,0,0,2,0,1,2,0,0,0,1,1,0,1,2,1,0,1,2,1
2,1,0,1,1,2,0,1,0,0,1,0,1,0,0,1,1,1,1,1
1,1,0,0,1,2,1,1,1,1,1,1,0,0,2,1,1,1,1,0
0,0,0,0,1,0,0,1,1,0,1,0,0,0,1,1,1,1,1,1
0,0,0,1,0,2,2,0,0,0,1,1,0,0,1,1,1,1,2,0
2,0,1,1,0,2,1,0,0,0,1,1,1,0,1,1,0,0,1,1
0,0,0,1,1,1,0,1,1,0,1,0,1,0,1,1,1,0,1,1
2,1,0,1,1,0,0,2,0,0,1,0,0,0,1,1,1,1,1,1
0,1,1,1,0,2,2,0,1,1,0,1,0,0,1,1,1,0,2,1
0,1,1,1,0,2,1,0,0,0,0,0,1,0,2,1,0,0,2,1
0,0,1,1,0,2,0,0,1,0,1,0,0,1,1,1,1,1,2,1
0,0,1,1,1,2,0,0,0,0,1,1,1,1,1,0,0,1,2,0
2,1,2,0,0,1,1,1,1,1,1,1,1,1,2,0,1,0,0,0
0,0,1,0,1,2,0,0,1,0,1,0,1,1,0,1,1,1,1,1
0,1,2,0,1,0,0,2,0,0,1,0,1,1,0,1,0,1,1,1
2,1,0,0,1,1,1,1,1,0,1,1,1,1,2,0,1,0,2,1
0,1,1,0,1,0,0,2,0,0,0,0,1,0,0,0,1,0,2,0
0,0,1,0,1,1,1,0,0,0,1,1,1,0,0,1,0,1,1,1
2,1,0,0,1,0,1,1,0,0,0,1,1,0,2,0,0,0,0,1
1,1,1,0,0,1,0,2,0,1,1,0,1,0,2,0,1,0,2,1
0,0,0,1,0,2,1,0,0,0,1,1,1,1,0,1,0,1,2,0
2,1,2,2,1,2,1,1,1,0,1,0,1,1,2,0,1,1,0,1
1,0,0,0,1,2,0,0,1,0,0,0,1,0,0,1,1,1,1,1
0,0,1,1,1,1,0,0,1,0,1,0,1,1,1,0,0,0,2,0
0,0,0,0,0,2,0,0,1,0,1,0,0,0,2,1,1,1,2,0
2,1,0,1,1,0,1,2,1,1,1,0,1,0,1,0,0,1,1,0
1,0,1,0,0,1,0,1,1,0,1,0,0,1,0,0,1,0,0,1
0,0,0,1,1,0,2,0,0,0,1,1,0,1,0,1,0,0,2,1
2,1,0,1,0,1,2,2,1,0,1,0,0,1,0,1,1,1,0,0
2,1,2,0,1,2,1,2,1,1,0,1,1,1,2,0,0,0,1,0
0,1,0,1,0,1,1,1,1,1,0,0,1,0,2,0,1,1,0,0
0,0,0,0,0,1,1,1,0,1,1,1,0,0,1,0,1,0,0,1
0,1,1,1,1,0,0,1,0,0,0,1,1,0,2,0,0,1,1,0
2,1,0,0,0,1,1,1,1,1,1,1,1,1,0,0,1,0,0,1
0,0,0,1,1,1,0,0,1,0,0,0,0,0,2,0,1,0,2,1
1,0,1,2,1,2,1,0,0,0,1,1,1,0,0,0,1,0,1,1
2,1,2,1,1,1,2,2,1,1,0,1,0,1,0,1,0,1,0,1
2,1,0,1,0,1,1,1,0,1,1,1,1,1,2,0,0,1,1,1
0,1,1,0,1,0,0,2,0,0,1,1,0,1,0,1,0,1,1,0
2,1,2,0,1,2,0,2,0,1,0,1,1,0,1,0,0,0,2,1
0,1,1,0,1,1,2,0,1,0,1,1,1,0,1,0,0,0,2,0
2,1,0,1,1,0,0,2,0,0,1,0,0,0,2,1,1,0,0,1
0,0,1,2,0,1,1,1,0,0,1,0,0,1,2,1,0,1,1,1
0,1,0,1,0,1,1,1,1,0,1,1,0,0,0,1,0,0,1,1
2,0,2,1,0,2,1,0,0,0,0,1,0,1,2,0,1,1,2,1
0,0,1,1,0,2,1,0,0,0,1,1,1,1,1,1,0,1,0,1
0,0,2,1,0,2,1,0,1,0,0,0,0,0,0,0,0,0,1,1
1,1,0,0,1,0,0,1,0,0,0,0,0,0,1,1,1,1,1,0
1,0,0,0,1,0,1,0,0,0,1,1,0,1,0,0,1,0,1,1
1,0,1,0,0,2,1,0,0,0,1,1,0,1,2,1,0,0,2,1
1,0,1,2,1,1,1,0,0,0,1,1,0,1,2,1,0,0,2,1
0,0,1,1,1,0,1,0,1,0,1,1,0,0,1,0,1,0,0,1
0,0,0,1,1,2,0,1,1,0,1,0,0,0,1,0,1,1,0,0
0,0,1,1,1,2,0,0,1,0,1,0,1,1,1,1,0,0,2,1
0,1,2,1,1,0,1,1,0,1,1,1,1,1,1,0,1,0,0,1
2,1,0,0,0,2,1,0,1,0,0,0,1,0,2,0,1,0,2,1
1,1,1,1,0,0,2,0,1,1,1,1,0,0,0,1,1,0,1,1
0,0,0,1,0,2,2,0,1,1,1,1,0,1,0,1,1,0,2,1
0,0,2,0,1,2,1,0,0,0,0,1,0,0,2,0,1,0,2,1
2,1,2,0,0,0,1,2,1,0,0,1,1,1,1,0,1,0,1,1
0,1,1,2,1,0,0,2,1,0,0,1,1,0,2,1,1,1,2,1
1,0,1,0,0,2,1,0,1,0,0,0,0,1,2,0,1,0,2,1
0,1,1,1,1,2,0,2,1,0,0,0,1,1,2,1,0,1,2,1
1,0,1,0,0,2,2,0,0,1,1,1,1,0,2,1,1,1,1,0
0,0,2,1,0,1,2,0,0,0,0,1,1,1,0,0,0,1,2,1
2,0,2,1,0,2,1,0,1,0,1,0,1,1,2,1,1,0,1,1
2,1,1,1,0,1,1,1,1,0,0,1,1,1,1,0,1,1,0,1
1,0,1,2,0,2,0,0,1,0,1,0,0,0,0,0,1,0,1,0
1,0,1,0,1,2,0,0,1,0,1,0,0,1,1,0,1,0,1,1
2,1,2,1,0,1,2,1,1,0,1,1,1,1,1,0,1,0,0,1
1,0,1,0,0,1,1,0,0,1,1,1,0,0,2,1,1,0,2,1
0,0,0,2,1,0,1,0,0,0,1,1,1,1,2,1,0,1,2,1
1,0,1,0,0,2,1,0,0,0,1,1,1,0,1,0,0,0,1,1
1,0,0,0,1,2,0,0,1,0,1,0,1,0,1,1,0,1,2,0
0,0,1,0,1,0,0,1,1,1,1,0,1,1,2,1,0,1,1,1
1,0,1,0,0,1,2,1,0,0,1,1,0,0,2,0,1,0,0,1
2,0,1,0,0,0,2,0,0,1,1,1,1,1,0,0,1,0,1,0
2,1,1,1,0,1,1,2,1,1,0,0,0,1,0,1,0,0,1,0
0,0,1,0,1,2,0,0,1,0,1,0,1,0,1,1,0,0,0,1
0,1,0,1,1,2,1,2,0,0,0,0,1,1,1,0,1,1,2,1
2,1,0,0,1,0,0,1,0,0,1,0,1,0,2,1,1,0,2,1
2,1,0,0,1,2,0,1,0,0,1,0,0,1,0,1,1,1,2,0
0,0,1,1,0,1,1,1,0,0,1,1,0,0,2,1,1,0,2,1
2,0,2,0,1,1,0,0,1,1,1,0,1,0,2,0,1,0,2,1
2,0,0,1,1,2,0,0,0,0,1,1,1,0,1,1,0,1,0,1
0,0,1,1,1,1,0,1,1,0,1,0,0,1,1,0,0,1,0,0
1,0,1,2,1,1,1,0,0,0,0,0,1,0,2,0,1,1,1,0
0,1,0,0,1,2,1,2,1,0,1,1,0,0,1,1,1,1,0,1
0,1,2,1,0,0,2,2,1,1,1,1,1,0,0,0,1,1,2,1
0,0,0,0,0,2,1,0,0,0,1,1,1,0,2,0,1,0,1,0
2,0,2,1,1,1,1,0,0,0,1,1,1,1,1,0,0,0,1,1
0,1,2,1,0,0,2,2,1,0,1,1,1,0,0,0,0,0,2,0
0,1,1,0,1,2,0,2,1,1,1,0,1,1,0,0,0,0,2,1
0,0,2,1,0,2,1,1,0,0,1,0,0,0,2,0,0,1,1,1
0,1,0,1,1,1,0,0,0,0,1,0,1,1,0,1,1,0,2,1
2,0,2,0,1,2,1,0,0,0,0,1,1,0,2,0,1,0,2,1
0,0,2,2,0,0,2,0,0,0,1,0,1,1,0,0,0,0,1,1
0,1,1,1,1,0,0,1,0,0,1,1,0,0,1,1,0,0,1,1
1,0,1,0,1,2,1,0,0,0,1,0,1,1,1,0,1,1,2,1
0,1,1,1,1,0,1,2,1,1,1,0,0,1,1,1,0,1,1,1
0,0,1,1,0,1,1,0,0,0,1,1,1,1,1,1,0,0,1,1
0,0,0,1,0,2,1,0,0,0,1,1,0,1,0,0,1,0,2,1
0,1,0,1,0,1,1,2,1,0,1,1,1,1,2,0,1,0,2,1
0,1,2,1,0,0,2,2,1,0,1,1,1,1,2,0,0,0,2,1
0,1,0,2,1,1,0,2,0,0,0,1,0,0,1,1,0,1,0,1
0,0,0,1,1,2,0,0,1,0,1,0,1,0,0,1,1,0,0,1
2,0,2,1,1,0,0,0,1,0,1,0,0,0,2,1,0,1,2,1
0,1,0,0,1,0,0,1,0,0,1,0,1,0,1,0,1,0,0,1
1,1,1,0,1,0,1,2,1,0,0,1,1,1,2,0,0,0,2,1
1,0,1,0,1,1,0,0,0,0,1,1,0,1,1,1,0,1,2,1
0,1,1,1,1,2,0,2,0,0,0,1,1,0,2,0,0,1,0,0
1,0,1,0,1,1,1,0,0,0,1,1,1,1,1,1,0,1,2,0
0,1,1,1,1,0,0,2,0,0,0,1,0,0,1,1,1,0,1,0
2,1,1,1,0,1,1,2,1,0,0,1,1,1,2,0,1,1,2,1
0,1,0,1,0,1,1,1,1,1,1,1,1,1,0,0,0,0,0,0
0,0,1,2,1,1,1,0,0,0,1,0,0,1,2,0,1,1,1,1
0,0,0,1,1,2,0,1,1,0,1,0,1,1,0,1,1,0,1,0
2,1,0,0,1,2,2,2,1,1,1,0,0,0,2,1,0,1,0,1
0,1,1,1,1,0,0,1,0,0,0,0,1,0,2,0,0,1,0,1
1,0,1,0,0,2,1,0,0,0,1,1,1,0,1,1,0,1,1,1
0,1,1,0,1,2,0,1,0,1,0,0,0,0,2,0,0,0,1,0
2,1,2,1,0,2,2,0,0,0,1,1,1,1,1,0,1,0,1,1
0,0,1,1,1,2,0,0,1,1,1,0,0,0,0,1,1,1,2,1
2,0,0,1,1,0,0,0,1,0,1,1,1,1,0,1,0,0,1,0
0,0,0,1,0,1,1,1,0,0,1,1,1,1,1,1,1,0,1,1
0,1,1,2,1,0,0,2,1,1,1,1,1,0,0,1,1,1,0,1
0,1,1,2,1,2,0,2,0,0,0,0,0,0,2,1,0,1,0,0
0,1,0,1,0,2,0,0,0,1,1,0,0,0,2,1,0,0,0,1
1,0,1,0,1,0,1,0,0,0,1,1,0,1,1,1,0,1,2,1
0,0,0,0,1,2,1,1,0,0,0,0,0,1,2,0,0,0,0,1
2,1,2,1,1,2,1,2,1,0,1,1,1,0,1,0,0,1,1,1
0,1,1,1,0,2,0,1,0,0,1,1,0,0,1,1,1,0,1,1
0,1,1,1,0,1,1,1,0,0,0,0,0,0,2,1,0,1,1,1
0,1,1,0,1,0,1,2,1,0,0,1,0,1,2,1,1,1,1,1
0,1,2,0,0,0,0,2,1,0,1,0,0,0,1,1,1,1,0,1
0,0,0,1,1,2,0,0,1,0,1,0,1,0,1,1,1,0,1,1
0,1,2,0,0,1,1,1,1,0,0,1,0,1,2,0,0,0,1,1
0,1,1,0,1,2,0,2,0,1,1,1,1,1,1,0,0,0,0,1
2,1,0,1,1,2,0,2,0,1,1,0,0,1,1,1,1,0,0,1
2,1,0,1,0,0,2,2,1,1,1,1,0,0,0,1,0,0,1,1
0,0,1,1,0,1,2,1,0,0,1,1,1,1,1,1,0,0,0,0
0,1,0,2,1,1,0,2,0,1,0,0,1,1,2,0,0,1,1,1
1,0,1,0,1,0,1,0,0,0,1,0,1,0,1,0,0,0,2,0
0,1,1,1,0,0,1,2,1,0,1,0,0,1,1,1,1,1,1,1
0,1,1,2,1,1,1,1,1,0,1,0,1,0,0,1,0,1,2,1
0,0,1,1,0,1,1,1,0,0,1,0,0,0,2,0,1,1,0,1
1,0,1,0,1,2,1,0,0,0,1,1,0,1,2,1,0,0,2,1
1,1,1,0,1,2,1,2,1,1,1,1,1,0,2,0,1,0,1,1
0,0,0,1,0,1,2,0,0,0,1,1,1,1,0,1,0,0,1,1
0,0,0,2,1,1,0,0,1,0,1,0,1,0,0,0,0,0,2,1
0,0,2,1,0,1,1,0,0,0,1,1,1,0,0,0,1,0,2,1
1,0,1,2,0,2,2,0,0,0,1,1,0,1,1,0,0,0,2,0
0,0,1,1,0,2,1,0,0,0,1,1,1,1,1,1,0,0,1,0
0,0,1,1,1,2,2,0,0,0,0,1,0,0,0,1,0,0,1,0
2,1,0,0,1,0,0,2,0,0,1,0,0,1,2,1,0,1,1,1
0,0,0,1,1,2,1,0,0,0,0,1,1,0,0,0,1,1,2,1
1,0,1,0,0,1,1,1,0,0,1,0,1,1,0,0,0,0,2,1
0,1,1,2,0,2,1,1,1,1,0,1,0,0,2,1,1,1,0,0
0,0,1,1,1,2,0,0,1,0,1,1,0,1,1,1,1,0,1,1
0,0,0,1,0,2,1,0,1,0,1,0,0,0,0,0,1,1,1,1
1,1,0,2,1,0,0,2,0,0,0,0,1,1,0,1,1,1,2,1
2,1,1,1,0,1,2,2,1,0,0,1,1,1,0,0,0,1,2,0
2,0,0,0,1,0,0,0,1,0,1,0,1,0,1,1,1,1,1,1
0,0,1,1,0,1,2,1,0,0,1,1,1,1,1,1,0,1,1,1
1,0,0,0,1,0,0,2,1,0,1,0,0,0,2,1,1,1,2,1
0,0,1,0,0,2,2,0,0,0,0,0,0,0,0,0,0,0,2,0
0,1,0,1,0,1,2,2,1,0,1,0,0,1,2,1,1,0,1,0
2,1,2,1,0,2,0,0,1,0,0,0,0,0,1,1,1,1,0,1
0,0,2,1,0,2,1,0,1,0,1,0,0,0,2,0,1,0,2,1
0,1,0,1,0,2,1,0,1,0,0,0,0,0,1,1,1,1,1,1
0,1,1,1,1,2,0,2,1,0,0,1,1,1,2,0,1,0,2,0
0,0,0,1,1,1,0,1,1,0,1,0,1,0,0,1,1,0,0,1
0,0,1,1,1,2,1,0,0,0,1,1,0,1,1,0,1,0,2,1
1,1,0,0,1,2,2,1,1,0,1,0,0,1,0,1,0,1,1,0
0,0,1,2,1,0,0,0,1,0,1,1,0,1,0,1,0,1,2,1
2,1,1,1,0,2,1,0,0,0,1,0,0,1,1,1,0,0,0,1
2,1,2,0,1,0,2,1,1,0,1,0,1,1,2,0,0,0,0,0
0,0,1,1,0,2,2,0,0,0,1,1,1,1,1,1,0,1,0,1
0,0,1,1,1,0,1,1,0,0,1,1,0,0,2,1,1,1,1,1
0,1,1,1,0,1,2,2,1,0,1,0,1,0,1,1,1,1,2,0
1,0,1,0,0,2,1,0,0,0,1,1,1,1,1,1,0,1,0,1
0,0,1,1,1,2,0,0,1,0,0,0,1,1,0,0,0,1,2,1
1,0,1,0,0,2,1,0,0,0,1,1,0,1,1,1,0,1,2,1
0,0,1,1,1,2,0,1,1,1,1,0,0,0,2,1,1,0,1,1
0,0,1,1,1,0,2,2,0,1,1,1,1,0,0,1,1,0,1,1
0,1,2,0,0,1,2,1,1,0,1,1,1,1,2,0,1,0,1,0
0,0,1,1,0,2,0,0,0,0,1,1,0,1,1,0,0,1,0,0
2,1,2,1,1,0,1,2,0,0,0,1,1,1,2,0,0,1,2,1
2,1,0,1,1,1,0,2,0,0,0,0,0,1,1,1,1,0,1,1
0,0,2,2,0,2,1,0,0,0,1,1,0,0,1,0,1,1,1,0
2,0,2,1,1,1,0,0,1,0,1,0,1,1,1,1,1,1,0,1
0,1,1,1,1,1,1,1,1,0,0,0,0,1,2,1,0,0,1,1
2,1,2,1,0,2,1,0,1,0,1,1,1,0,0,0,0,1,0,1
2,0,0,1,0,2,2,0,0,1,1,0,0,0,0,1,0,0,2,1
0,0,0,1,1,2,0,0,1,0,1,1,1,1,0,0,1,0,2,1
0,0,0,0,0,1,2,2,0,0,1,1,1,1,0,1,1,1,0,1
0,0,1,0,1,0,0,0,1,0,1,0,0,0,1,1,0,1,1,1
0,1,2,1,0,1,1,1,1,0,1,1,1,0,2,0,0,0,1,1
1,0,0,0,1,2,0,0,1,0,1,0,0,0,1,1,0,1,2,1
0,0,0,0,1,2,1,0,0,0,1,0,1,0,2,0,1,0,1,1
0,0,0,0,1,2,0,0,1,0,1,0,1,1,2,0,1,0,1,1
2,0,2,0,0,2,2,0,0,0,1,0,0,1,2,0,0,0,1,1
2,0,2,1,0,2,1,0,1,0,1,0,1,1,0,0,0,1,2,1
0,1,1,1,1,0,1,2,1,0,1,0,0,1,1,1,1,0,1,1
0,0,0,1,0,2,2,0,0,0,1,1,1,0,0,1,1,1,1,1
0,1,0,0,0,1,1,1,0,0,0,0,0,0,2,1,1,1,2,1
0,0,0,0,1,2,1,0,1,0,1,0,0,0,2,0,1,0,1,1
2,1,2,0,0,0,1,2,1,0,1,1,1,0,1,0,1,0,2,1
0,0,0,0,0,2,2,0,0,1,1,1,0,0,1,1,1,1,2,0
1,0,1,0,0,2,1,0,0,0,1,1,0,1,0,1,0,1,2,0
0,1,0,0,1,2,0,2,0,0,1,0,0,1,0,1,1,1,1,0
0,1,1,0,1,2,0,0,0,0,0,0,1,1,1,0,1,0,0,1
1,1,0,0,0,0,0,2,1,0,0,1,0,1,2,1,1,1,1,1
2,1,2,0,0,2,1,1,1,0,0,1,1,1,0,0,1,0,1,0
0,0,2,1,0,2,1,0,0,0,1,0,0,1,2,0,1,1,0,0
0,1,1,1,1,2,2,1,1,1,1,0,0,0,0,1,1,0,1,1
0,1,1,1,0,1,1,1,1,0,1,1,1,1,1,0,1,1,1,1
2,1,2,1,1,2,1,0,1,1,1,1,1,0,2,0,0,0,1,0
2,1,2,1,0,1,2,1,1,1,0,1,0,0,2,0,1,1,0,0
1,0,1,0,1,2,1,0,0,0,1,1,0,0,1,0,0,0,0,1
1,0,2,1,0,2,1,0,0,0,1,1,0,1,1,0,1,0,2,1
1,0,0,0,1,1,0,0,1,0,1,0,0,1,0,1,1,1,2,1
0,0,0,1,0,0,1,1,0,0,1,0,1,1,2,0,1,1,1,0
2,1,1,2,0,2,2,0,1,0,0,1,0,1,1,1,1,1,1,0
0,1,0,1,1,1,0,2,0,0,1,0,0,0,1,1,1,1,0,1
0,0,1,0,1,0,0,2,1,0,1,0,0,1,2,0,1,1,0,0
0,0,0,1,0,2,1,0,1,0,1,0,0,1,0,1,1,1,2,1
0,0,1,2,1,1,1,0,0,0,1,1,1,1,1,1,0,0,2,1
0,1,1,2,1,0,0,1,0,0,0,1,1,0,2,0,0,0,0,0
1,0,1,0,1,2,0,0,0,0,1,1,0,0,1,0,0,0,2,1
0,0,0,0,0,2,2,0,0,0,1,1,1,1,0,0,0,0,2,1
1,1,1,2,1,0,0,2,0,0,0,1,1,0,2,0,0,0,1,1
0,1,1,0,1,2,0,1,0,0,1,0,0,1,1,0,1,0,1,0
0,0,1,1,0,1,1,0,0,0,1,1,0,0,1,1,0,0,1,1
0,0,1,1,1,0,2,0,1,0,1,0,1,1,1,1,1,0,1,1
0,1,0,1,0,1,1,1,0,0,1,1,0,0,1,0,1,1,0,1
1,0,1,0,0,1,1,0,0,0,1,1,0,1,1,1,0,1,2,1
0,1,1,1,1,2,0,2,0,1,1,0,1,0,0,0,1,1,2,1
1,1,0,1,1,1,0,2,0,0,1,0,1,1,0,1,1,0,1,1
0,0,1,0,0,2,1,0,0,0,1,1,0,0,1,1,0,1,2,1
1,1,2,2,0,1,2,1,1,1,0,1,1,1,0,0,0,0,1,1
2,1,2,1,1,0,1,2,1,1,0,1,1,1,1,0,1,1,2,0
1,0,2,0,0,2,0,0,1,0,1,1,1,0,1,0,1,0,2,1
0,0,1,0,1,0,0,0,0,0,1,1,0,1,1,0,0,0,1,1
0,1,1,1,1,2,0,0,0,0,0,0,0,0,2,1,0,1,1,1
0,0,1,2,0,2,1,0,0,0,1,1,0,0,0,1,1,1,2,1
1,0,0,0,1,1,1,0,0,0,1,1,1,0,2,1,0,1,1,1
0,1,1,0,1,2,0,1,0,0,1,1,1,1,2,0,1,0,0,0
0,1,1,1,1,2,2,2,1,1,0,1,1,0,2,1,1,0,2,1
1,0,1,2,1,0,0,0,1,0,1,0,0,0,0,0,1,1,1,1
0,1,1,1,1,0,0,1,1,0,0,1,1,1,2,0,1,0,1,1
2,1,0,1,1,1,0,1,0,0,0,0,0,1,2,1,1,1,1,1
0,1,1,1,1,0,1,2,1,0,1,1,1,0,2,0,0,0,2,0
0,1,1,1,0,1,1,1,1,0,0,0,0,1,2,1,0,0,1,1
1,0,1,0,0,2,2,0,1,0,1,0,0,1,2,1,1,1,2,1
0,0,1,1,0,2,1,0,0,0,1,1,1,0,2,1,0,1,2,1
1,0,2,0,0,2,1,0,0,0,1,1,1,1,0,0,1,0,2,1
0,0,0,1,0,1,1,1,1,0,1,1,0,1,0,0,1,0,0,1
0,0,1,1,1,2,0,0,1,0,1,0,0,1,1,1,1,1,1,0
2,0,2,1,1,2,0,0,0,0,1,1,0,0,1,0,1,0,0,1
2,0,0,1,1,0,0,0,1,0,1,1,1,1,0,1,0,0,1,1
1,1,0,0,1,0,0,2,0,1,0,0,1,0,1,1,0,1,2,1
0,0,1,0,1,1,0,0,1,0,1,0,1,1,1,0,0,0,2,1
1,0,1,0,1,0,0,2,1,0,1,0,0,0,1,0,0,0,0,1
0,1,2,1,1,0,0,0,1,0,1,0,1,0,2,1,1,1,2,1
0,0,0,1,0,2,1,0,1,0,1,1,0,0,1,1,1,1,2,1
2,1,0,1,1,1,0,2,0,0,1,0,1,1,0,1,1,1,1,0
0,1,1,0,1,2,0,0,0,0,1,1,0,0,0,0,0,0,1,0
2,1,2,1,0,2,1,1,0,0,1,0,1,0,2,0,0,1,1,1
0,1,0,1,1,2,1,2,1,1,1,0,1,0,0,1,0,0,1,1
0,1,1,0,1,2,0,1,0,0,0,1,1,1,2,0,1,0,1,1
0,0,1,0,0,1,1,1,0,0,1,1,1,0,1,1,1,0,1,1
2,0,2,1,1,0,0,0,0,0,1,1,1,1,1,0,0,1,1,1
1,0,2,2,0,2,1,0,0,0,1,1,1,0,2,0,1,1,2,1
2,1,0,1,0,0,1,2,0,0,1,1,1,0,1,1,1,0,2,1
1,0,0,0,1,1,1,0,1,0,1,1,1,1,0,1,1,0,2,1
1,0,1,0,1,2,2,0,0,0,1,0,0,1,1,1,1,1,2,1
2,1,0,1,1,2,0,2,0,0,1,0,0,0,1,1,1,0,1,1
0,1,0,1,1,2,0,1,0,0,0,0,0,0,2,1,1,1,0,0
0,0,1,0,0,2,1,0,0,0,1,1,0,0,1,1,0,0,2,1
0,1,1,1,1,0,0,1,0,1,1,0,1,1,0,0,0,1,0,1
2,1,2,0,1,1,0,0,0,0,0,1,0,0,2,0,1,0,1,1
2,1,0,1,1,0,0,2,0,0,1,0,0,1,0,1,1,0,1,1
0,0,1,2,0,2,1,0,0,0,1,1,1,0,0,1,0,0,0,0
1,0,0,0,1,2,0,0,1,0,1,0,0,0,2,1,0,1,2,0
2,1,2,0,1,0,2,1,1,0,1,1,1,0,1,0,1,0,0,0
0,1,1,0,1,2,0,1,1,0,0,0,0,1,2,1,1,1,0,1
1,0,0,0,1,0,0,0,1,0,1,0,1,1,2,1,1,1,0,1
2,1,1,0,0,2,2,0,1,0,0,0,1,0,0,0,1,0,1,0
0,0,1,1,1,0,2,0,1,0,1,0,1,1,1,0,0,1,1,0
1,0,0,0,1,1,0,0,1,0,1,0,0,0,0,1,1,1,2,1
0,0,1,1,0,1,1,1,0,0,0,1,0,1,2,1,1,1,1,1
2,1,2,1,1,2,0,0,0,0,0,1,1,0,2,0,1,1,2,1
2,1,1,1,1,0,0,1,0,1,0,1,1,0,1,0,1,1,0,1
2,0,2,1,1,0,0,0,1,0,1,0,1,1,1,1,0,0,2,1
0,0,1,1,1,0,0,2,0,0,1,1,1,1,1,0,0,0,2,1
2,1,2,1,0,0,1,2,1,0,0,1,1,0,1,0,0,0,2,1
2,1,0,0,1,0,0,2,0,0,0,0,1,1,2,1,1,1,2,1
0,1,1,1,1,2,0,2,1,1,1,1,0,0,0,1,1,0,0,1
2,1,1,0,0,0,1,2,1,0,1,0,1,1,1,1,1,1,1,1
0,1,1,1,0,1,1,1,1,1,0,0,0,0,2,1,1,1,1,0
1,0,0,2,0,1,0,1,1,0,1,0,0,1,2,1,1,1,0,1
0,0,0,0,0,2,1,0,0,0,1,1,1,0,1,1,1,1,0,1
0,0,1,0,1,1,1,1,0,0,1,1,0,0,0,1,1,1,1,1
0,0,0,1,1,0,0,0,1,0,1,0,1,0,1,1,1,0,0,1
1,1,1,2,1,2,1,2,1,1,1,1,1,0,0,0,1,0,2,1
0,0,1,0,1,2,0,0,1,0,1,0,1,0,2,1,1,1,1,0
1,1,2,0,0,1,1,1,1,0,1,1,0,0,1,1,1,1,0,0
0,0,1,1,1,1,0,0,1,0,1,0,0,1,1,0,0,1,0,0
0,0,1,1,1,2,0,0,1,0,1,0,0,0,2,1,0,0,1,0
0,1,1,0,1,2,2,0,1,0,0,0,0,1,2,1,1,1,1,1
2,0,0,1,1,0,0,0,1,0,1,0,1,1,0,0,1,1,2,1
0,0,1,0,1,1,1,0,0,0,1,0,1,1,1,0,1,0,1,1
1,0,0,0,1,0,0,0,1,0,1,0,1,1,0,1,1,1,1,0
2,0,0,0,0,0,1,0,0,0,1,0,1,1,0,1,0,1,0,1
1,1,0,0,1,0,2,1,1,0,0,0,0,1,2,1,1,1,1,0
0,1,1,1,0,1,1,2,1,0,0,1,1,0,2,1,1,0,2,1
0,0,0,1,0,2,2,0,0,0,0,1,0,1,1,1,1,0,2,1
2,0,1,1,0,2,1,0,0,0,1,0,0,1,1,0,0,1,2,1
0,1,1,1,0,2,1,0,1,0,0,0,0,0,2,1,0,0,1,1
2,1,1,1,0,1,1,2,1,0,0,1,0,1,2,1,0,1,0,1
0,1,0,0,0,1,2,1,1,1,0,0,0,0,0,1,0,1,1,1
2,1,2,0,1,2,0,2,0,0,0,0,0,1,1,1,0,1,0,1
2,1,2,0,1,1,0,2,0,1,0,0,1,0,1,0,1,0,2,1
2,0,2,1,1,0,1,0,1,0,1,0,0,1,0,0,1,1,2,1
0,0,0,0,0,2,0,0,1,0,1,0,1,1,0,0,0,0,2,1
2,1,2,1,1,0,0,2,1,0,1,0,1,1,2,0,0,1,2,0
0,0,1,1,1,1,1,0,0,0,1,1,1,1,1,1,1,0,1,0
0,0,2,0,0,2,1,0,0,0,0,0,1,1,0,0,0,0,2,1
1,0,0,0,1,2,0,0,1,1,1,0,0,0,1,1,1,0,1,0
2,0,2,0,1,2,1,0,0,0,1,0,0,0,1,0,1,0,1,1
2,1,1,0,0,0,1,2,1,1,1,1,1,0,2,0,1,0,2,1
2,1,2,1,1,2,0,2,0,0,1,0,0,0,0,1,1,1,1,1
0,0,1,1,1,1,0,0,1,0,1,0,1,0,1,1,0,0,0,1
0,0,0,1,0,0,2,0,0,1,1,1,0,1,0,1,1,0,1,0
1,1,0,0,0,0,2,2,1,0,1,0,0,1,2,1,1,0,1,0
0,0,0,1,0,1,2,0,0,0,1,0,1,1,0,1,1,0,0,1
0,0,2,1,0,2,1,0,1,0,1,0,0,0,2,0,1,0,0,1
0,0,0,1,1,2,0,0,1,0,1,0,1,0,1,1,0,0,1,1
0,0,1,1,1,2,1,0,1,0,1,0,1,1,1,0,0,1,2,1
0,0,1,0,0,2,1,0,0,0,1,1,0,0,1,0,0,0,1,1
0,0,1,1,1,1,0,0,1,0,1,0,1,0,1,0,0,0,1,0
0,1,1,1,0,1,2,2,1,1,1,1,0,0,1,1,1,0,0,1
0,1,2,0,0,0,0,2,1,0,0,0,1,0,2,0,0,0,2,0
2,1,1,1,0,2,1,0,1,0,1,1,1,0,1,0,1,1,1,1
0,1,1,0,1,0,0,0,1,0,1,1,1,0,1,1,0,1,2,0
0,0,1,0,0,2,0,0,1,0,1,0,1,0,1,0,1,0,1,0
1,0,1,1,0,1,2,1,0,0,1,0,1,1,1,1,1,1,1,1
0,0,0,0,0,2,1,0,0,0,1,1,1,0,2,0,1,0,2,0
2,1,2,1,1,1,0,1,0,1,1,0,1,0,1,0,0,1,2,0
2,1,0,1,1,0,1,2,1,0,1,0,0,1,0,1,1,1,1,1
0,0,1,1,0,1,1,1,0,0,1,1,1,1,1,1,1,0,1,0
0,0,1,0,0,2,0,0,0,0,1,1,1,0,1,1,0,1,1,1
2,0,2,2,1,1,0,1,1,0,1,0,1,1,2,1,1,1,1,1
2,0,2,1,1,1,0,0,1,0,1,0,1,0,0,1,0,0,1,1
0,1,2,1,0,1,1,1,1,0,1,1,1,0,2,0,1,1,1,1
1,1,1,0,1,1,0,1,0,0,1,1,1,1,2,0,0,0,0,1
0,0,1,1,1,1,0,0,1,0,1,1,0,1,1,1,0,0,2,1
2,0,0,0,1,1,1,0,1,0,0,0,0,0,1,1,0,0,1,1
0,1,1,1,1,2,0,0,0,1,1,0,1,1,1,0,1,1,2,1
2,1,2,1,1,2,1,1,0,0,0,0,1,1,0,0,0,1,2,1
1,1,2,1,1,2,0,1,1,1,0,0,0,0,0,1,1,0,1,1
1,1,1,0,0,0,0,2,1,1,1,0,1,0,2,0,1,0,2,1
0,1,0,1,0,1,2,1,1,0,1,1,0,0,0,1,1,1,1,0
0,1,1,1,1,0,1,1,1,0,1,0,0,1,1,0,1,0,0,0
0,0,0,0,0,1,0,0,1,0,1,1,1,0,2,1,1,1,1,0
0,0,0,0,1,2,0,0,1,0,1,0,1,1,2,1,1,1,2,1
0,0,1,0,1,1,0,0,1,0,1,0,0,0,1,1,0,1,2,0
2,1,0,1,1,2,0,1,0,1,0,0,0,0,2,1,1,1,1,0
0,0,1,1,1,0,1,0,0,0,1,1,0,1,1,1,0,0,2,1
0,1,0,0,0,2,0,0,0,1,0,1,1,1,0,0,0,1,1,0
2,1,1,0,1,2,1,1,1,1,0,1,1,0,2,0,0,0,0,1
2,1,0,0,1,1,0,0,1,0,1,1,1,0,1,1,1,1,2,1
2,0,1,0,0,2,1,0,0,0,0,1,1,1,2,0,0,0,2,1
2,0,2,1,1,1,2,0,0,0,1,0,0,0,2,0,0,1,2,1
0,0,1,1,0,2,2,0,0,0,1,1,1,0,1,1,0,0,0,1
0,0,1,1,1,2,0,0,1,0,1,0,0,1,1,1,1,1,2,0
2,1,0,1,1,2,0,1,0,0,1,1,1,0,1,0,1,0,1,0
1,1,0,2,0,1,2,1,0,0,0,0,0,0,1,1,1,1,1,1
0,0,1,0,1,2,0,2,1,0,1,0,1,1,0,0,1,1,2,0
2,1,2,0,1,0,0,0,0,1,1,1,0,1,2,0,1,0,1,1
0,0,0,2,0,2,0,0,1,0,1,0,1,0,1,1,0,1,2,1
0,0,2,1,0,2,1,0,0,0,1,1,1,1,0,0,0,1,1,1
0,0,2,1,0,2,1,0,0,0,1,1,1,0,2,0,0,1,1,0
1,0,0,0,1,1,0,0,1,0,1,0,0,0,1,1,1,1,1,1
1,0,1,2,1,1,0,0,0,0,0,1,1,0,2,0,1,1,2,0
0,1,1,1,1,1,0,2,1,0,1,1,1,0,1,0,0,1,2,0
2,1,2,1,1,2,1,1,1,0,0,1,1,1,0,0,1,1,1,0
0,1,1,0,1,2,0,2,0,0,0,0,1,0,1,1,1,0,2,1
0,0,1,0,0,1,0,0,1,0,0,1,1,1,0,1,0,1,1,0
2,1,2,1,1,0,0,2,0,0,0,0,1,0,2,0,1,1,2,1
2,1,1,1,0,1,1,1,1,0,1,1,1,0,2,0,1,1,1,1
2,0,1,1,0,2,1,0,0,0,1,1,1,0,1,0,1,1,1,1
2,1,2,1,1,1,0,1,0,1,1,0,0,1,1,1,1,0,1,1
1,1,1,1,0,0,1,2,1,1,1,1,1,1,0,0,0,1,2,0
0,0,1,0,1,1,0,0,1,0,1,0,1,1,2,0,1,1,2,0
0,0,1,0,1,2,0,0,1,0,0,0,1,0,0,0,0,1,2,1
0,1,2,1,0,1,2,1,1,1,1,0,1,1,1,0,1,1,0,1
0,0,0,1,0,2,1,0,1,0,1,0,1,0,1,1,1,0,1,1
0,1,0,0,1,2,0,0,0,0,1,0,0,1,0,1,1,1,1,0
1,0,0,2,1,2,0,0,1,0,1,0,1,1,0,0,0,1,2,1
0,0,1,0,0,2,1,0,0,0,1,1,1,0,1,0,0,0,2,1
0,0,1,1,0,2,1,0,0,0,1,1,1,0,1,1,0,0,1,1
0,0,0,0,1,2,0,0,1,0,1,0,0,1,0,1,0,1,2,1
1,0,1,1,1,1,0,0,1,0,1,0,1,1,1,1,0,1,1,1
0,1,0,1,0,0,1,2,1,0,1,1,1,0,2,0,1,1,2,1
2,1,2,2,0,0,1,2,1,0,0,1,1,1,1,0,0,0,2,1
0,0,1,1,1,1,0,2,1,0,1,0,1,1,0,0,1,1,2,1
0,0,1,1,1,2,1,0,1,0,1,1,1,0,0,0,1,1,1,1
1,0,0,1,1,0,0,0,1,0,0,0,0,0,1,0,1,0,2,1
2,1,0,1,1,2,0,1,1,0,1,1,0,1,0,1,0,0,1,0
0,0,0,1,1,1,1,0,0,0,1,1,1,0,1,1,1,0,0,1
1,1,2,0,0,1,2,2,1,0,0,1,1,0,1,0,1,0,0,0
1,0,1,0,1,0,0,0,0,0,1,1,1,1,0,1,0,1,0,1
0,0,0,1,0,2,2,0,0,0,1,1,0,1,0,1,0,1,2,1
2,1,0,1,1,0,1,2,1,1,0,1,0,1,1,1,0,0,1,0
2,1,2,0,1,2,0,1,0,1,1,0,0,0,2,1,1,1,1,1
1,0,2,0,0,2,1,0,0,0,1,1,1,1,0,0,1,0,2,1
2,1,2,1,1,2,1,2,1,0,0,1,1,1,0,0,0,1,1,1
2,1,2,0,1,0,0,2,1,0,0,0,1,0,1,0,0,0,2,1
1,1,1,0,0,0,1,2,0,0,1,1,1,1,0,0,1,0,2,1
2,1,0,1,1,0,0,2,0,1,1,0,1,1,0,1,1,0,2,0
1,0,1,1,0,2,1,0,1,0,1,0,1,1,1,0,1,0,2,1
1,0,2,0,0,2,2,0,0,0,1,1,1,1,0,0,1,0,2,1
1,1,0,0,1,2,0,0,0,0,1,0,1,0,2,1,0,1,2,1
2,0,2,0,0,2,1,0,0,1,1,1,1,1,0,0,1,0,2,1
0,0,1,0,1,0,0,0,1,0,1,0,0,1,2,0,1,0,2,1
2,0,2,0,0,2,1,0,1,0,1,0,1,1,2,0,1,0,2,1
2,1,0,0,1,2,0,0,0,0,0,1,0,1,2,1,1,1,1,0
0,1,1,2,1,0,0,0,0,1,1,1,1,0,0,0,0,1,1,1
2,1,0,1,0,0,1,2,1,0,1,1,0,0,0,0,1,1,1,1
0,1,1,1,0,2,1,1,1,0,1,1,0,0,2,1,1,0,1,1
0,1,0,1,1,2,0,1,0,0,1,0,0,1,0,1,1,0,1,0
2,1,2,0,1,0,0,1,0,0,1,0,0,0,2,0,0,0,1,0
0,0,1,2,0,2,1,0,0,1,1,1,1,1,2,0,1,1,1,1
2,1,2,1,1,2,0,2,0,0,1,0,1,0,0,0,0,1,2,1
2,1,1,0,0,0,2,2,1,0,0,1,0,0,1,1,0,0,1,1
0,0,2,1,0,0,1,0,0,0,0,1,1,0,2,0,1,0,2,1
0,0,1,1,1,0,1,0,1,0,1,0,1,1,1,1,0,0,0,1
0,0,1,0,0,2,1,0,0,0,1,1,1,1,1,0,0,0,1,1
1,1,1,0,1,2,0,0,1,0,0,0,1,1,2,0,1,0,2,1
2,1,0,1,1,2,1,1,1,0,0,1,1,1,1,0,0,1,0,1
1,0,0,0,1,0,0,1,1,0,1,0,1,0,2,1,1,1,1,1
0,1,1,1,1,0,0,1,0,0,1,1,0,0,1,1,1,0,1,1
1,0,1,0,1,2,0,1,1,0,1,0,0,1,0,0,1,0,1,1
0,0,0,1,1,1,0,0,1,0,1,0,0,1,0,1,1,1,2,1
2,0,2,1,1,2,0,0,1,0,1,0,0,0,0,1,1,0,2,1
0,1,1,0,1,2,0,1,0,0,1,1,1,1,0,0,1,0,2,0
2,1,2,1,1,0,2,2,1,0,0,1,1,0,2,0,0,1,2,1
0,1,1,2,0,0,1,2,1,0,1,1,1,0,0,1,0,1,0,1
2,1,1,2,1,2,2,2,1,1,0,1,1,0,2,1,1,1,2,1
0,0,1,1,1,1,0,1,1,0,1,0,1,1,1,1,0,0,1,0
1,0,0,0,1,0,0,0,1,0,1,1,0,0,0,1,1,1,2,1
2,0,1,0,1,1,2,0,1,1,1,0,1,0,2,1,1,1,1,1
0,1,0,1,1,2,1,1,1,0,1,0,0,0,1,1,1,0,1,1
2,1,2,0,1,2,0,1,0,0,1,0,0,0,1,0,1,0,1,0
1,0,0,0,0,2,2,0,0,0,1,1,1,0,2,1,1,1,0,1
0,0,0,1,1,2,0,0,1,0,1,1,1,0,1,1,0,0,0,1
0,0,0,0,0,1,2,1,0,0,1,0,1,0,2,1,1,0,1,1
1,0,0,0,1,1,0,0,1,0,1,0,1,1,2,0,1,0,1,1
0,0,1,0,1,1,0,0,1,1,1,0,0,0,1,1,1,1,2,1
1,1,2,0,0,1,1,1,0,0,1,1,1,0,1,0,1,0,0,1
0,1,1,1,0,2,0,0,0,0,1,0,1,0,1,1,0,0,2,1
1,1,0,2,1,2,0,0,0,0,1,0,1,1,2,1,0,1,2,1
0,0,1,1,0,0,1,0,0,0,1,1,1,1,1,1,0,0,0,1
2,0,2,1,0,2,2,0,0,0,1,1,1,0,2,1,0,0,0,1
2,1,2,1,1,2,0,1,0,0,1,0,0,1,1,0,0,1,0,1
2,0,1,2,0,1,2,0,1,0,1,0,1,1,2,1,1,1,0,1
2,0,2,1,1,1,0,0,1,0,1,1,0,1,2,1,1,1,2,1
0,1,1,2,1,2,0,1,0,0,0,1,0,0,2,0,1,0,1,1
2,1,2,1,0,1,1,2,1,1,1,1,1,0,1,0,1,1,2,1
0,1,0,1,0,0,1,2,1,0,1,0,0,1,0,1,0,0,1,1
0,1,0,1,1,2,0,1,0,0,0,1,1,1,1,0,1,0,0,1
0,1,1,0,1,0,2,2,1,0,0,0,1,1,2,1,1,1,1,0
0,0,1,1,1,2,1,0,0,0,1,1,0,0,0,1,0,1,2,1
2,1,2,1,1,2,0,0,0,0,0,1,1,0,1,0,1,0,2,0
1,1,1,2,1,2,0,1,0,0,1,1,1,1,0,0,0,1,1,0
0,1,2,1,0,0,1,2,1,0,1,1,1,1,1,0,0,1,0,1
0,0,1,1,0,0,2,0,0,0,1,1,0,0,1,1,0,1,2,1
2,1,1,1,0,1,2,1,1,0,0,0,0,0,2,1,0,0,1,0
0,0,1,2,0,2,1,0,0,0,0,0,0,0,2,0,1,1,0,0
0,0,1,1,1,0,1,0,0,0,1,0,0,1,1,1,0,0,2,1
0,0,1,1,1,1,0,0,1,0,1,0,1,1,0,0,0,1,1,0
2,1,2,1,0,0,2,2,1,0,1,1,1,1,1,0,1,0,0,0
1,0,0,0,1,2,0,0,1,1,1,0,0,1,0,1,1,1,2,1
0,1,1,2,0,0,1,2,0,0,1,1,0,0,0,1,1,1,1,1
0,0,2,1,0,2,1,0,0,0,1,1,1,1,1,1,0,1,1,1
1,0,0,0,1,1,1,0,1,0,1,0,0,1,2,1,1,1,2,1
1,0,1,0,0,2,2,0,0,0,1,0,0,1,2,1,1,1,2,1
0,0,0,1,0,2,1,0,0,0,1,1,1,1,0,1,0,0,1,1
2,1,0,0,0,2,2,0,0,1,1,0,1,0,1,1,0,1,2,0
0,0,1,1,0,0,2,0,0,0,1,1,1,1,1,0,0,0,2,1
0,0,0,0,1,2,0,0,1,0,1,1,1,1,2,1,1,0,0,1
2,0,2,1,1,2,0,0,1,0,1,0,0,1,1,1,1,0,2,1
0,0,0,2,0,2,1,0,0,0,1,1,1,0,1,0,0,0,2,1
1,1,2,2,0,0,1,2,1,0,1,1,1,1,2,0,1,1,2,1
0,0,1,0,1,1,1,0,1,0,1,0,1,0,1,0,0,0,2,1
0,1,1,0,1,1,0,0,0,0,0,1,0,0,1,1,0,1,1,1
2,0,1,0,0,2,2,0,0,0,1,1,1,0,1,1,0,1,1,1
0,0,0,0,0,2,1,0,1,0,1,0,0,1,2,0,0,0,0,1
2,1,0,1,1,1,1,1,1,1,1,0,0,0,2,1,1,1,1,1
0,0,1,1,1,0,0,0,1,0,1,0,1,0,0,1,0,1,2,1
0,0,0,1,0,2,2,0,0,0,1,1,1,1,2,0,0,1,2,1
0,0,1,1,1,2,2,0,1,0,0,0,1,1,2,0,0,1,2,0
1,0,1,0,0,1,1,0,0,0,1,1,0,1,2,0,0,0,2,1
0,1,1,2,1,0,1,0,1,1,0,1,1,0,0,1,1,1,2,1
2,1,1,0,1,1,2,2,1,0,1,0,0,1,0,1,1,1,1,0
0,0,1,0,1,1,1,0,0,0,1,1,0,0,0,1,0,1,2,1
2,1,2,0,1,0,0,1,0,1,1,1,1,0,1,0,1,0,0,0
0,0,1,1,0,2,2,0,0,0,1,1,1,0,1,1,0,1,1,1
2,0,2,1,0,2,2,0,0,1,1,1,0,1,0,0,0,0,2,1
2,0,2,0,1,2,2,1,0,0,1,1,1,0,1,0,1,1,0,0
2,1,2,0,0,1,2,1,1,0,0,1,1,0,0,0,1,0,1,0
2,1,1,0,0,1,2,1,1,1,1,0,0,0,2,1,0,1,1,1
2,0,0,0,0,2,1,0,1,0,1,0,1,0,1,0,1,0,2,1
1,1,1,1,1,0,0,1,1,0,0,0,0,1,2,1,0,1,1,1
0,0,1,0,1,1,0,0,1,0,1,1,0,1,1,0,0,0,2,1
0,1,1,0,0,2,1,1,1,1,0,0,1,0,0,1,0,1,1,1
2,1,2,0,0,1,2,2,1,0,0,1,1,0,0,0,1,0,2,0
1,1,1,2,1,0,0,2,0,0,0,0,0,0,2,1,1,1,0,1
2,1,2,1,1,0,0,2,0,1,1,0,1,1,0,0,1,0,1,1
0,0,1,1,1,0,0,0,1,0,1,0,1,0,0,0,0,0,1,1
0,0,2,1,1,1,0,0,1,0,1,1,0,0,2,1,1,1,2,1
0,0,1,0,1,1,1,0,0,0,1,1,0,1,2,1,0,1,2,1
1,1,2,2,0,1,1,2,0,1,1,1,1,0,0,0,0,1,2,1
0,1,1,1,1,2,0,2,0,0,1,0,1,0,1,1,1,1,1,1
0,1,1,0,0,1,2,1,1,0,1,0,0,0,1,1,0,0,0,0
0,0,1,2,0,2,1,0,0,0,1,1,1,0,0,1,0,1,1,1
0,1,1,0,1,2,0,1,0,0,0,1,1,0,2,0,1,0,1,1
1,0,2,2,0,0,1,0,0,0,1,1,1,1,0,0,0,0,1,1
0,0,2,1,0,2,1,0,0,0,1,1,1,0,2,0,1,1,2,1
2,0,1,1,0,1,2,0,1,0,1,1,0,0,2,1,0,1,1,0
0,0,0,1,1,2,1,0,0,0,0,0,1,1,1,0,1,1,2,1
0,0,1,1,0,2,1,0,0,0,1,1,1,1,1,1,0,0,0,1
0,1,1,2,1,2,0,2,0,1,1,0,1,0,0,1,0,1,0,0
0,0,1,2,1,0,0,1,1,0,1,1,0,1,2,0,1,1,0,1
0,1,2,1,1,0,0,2,0,0,1,0,0,0,0,1,1,0,0,0
0,0,0,1,0,2,1,0,0,0,1,0,0,1,2,0,1,1,0,0
1,1,0,1,1,1,0,1,0,0,1,0,0,1,2,1,1,0,1,1
0,1,0,0,0,1,1,2,0,1,0,0,0,1,2,1,0,0,0,0
1,0,2,2,0,2,1,0,0,0,1,1,1,0,2,0,1,0,0,1
2,0,0,1,0,2,1,0,0,0,1,1,1,0,1,1,0,0,0,1
2,1,1,1,1,0,0,2,1,0,0,0,1,1,2,0,0,1,2,1
0,0,0,2,0,1,1,0,0,0,1,0,1,1,0,0,0,0,1,1
0,0,0,0,0,2,2,0,0,0,1,1,0,1,0,1,1,1,2,1
0,0,0,1,0,0,2,0,1,0,1,0,1,0,1,1,1,1,1,0
0,0,1,1,0,2,1,0,0,0,1,1,1,1,1,1,1,0,1,1
2,1,0,1,1,0,2,2,1,1,1,0,0,1,0,1,0,0,0,1
0,0,2,1,1,2,0,0,0,0,1,0,0,0,0,0,0,1,2,1
0,0,1,0,1,1,0,0,1,0,1,0,0,0,1,0,1,0,2,0
1,1,1,2,0,0,1,2,0,1,1,1,1,0,2,0,0,0,2,1
1,0,1,0,0,1,1,2,0,0,1,0,0,1,1,1,0,1,2,1
0,1,1,1,1,2,2,2,1,0,0,0,1,1,0,1,1,0,2,1
0,0,0,0,0,2,1,1,0,0,1,1,0,1,0,0,1,0,0,1
0,0,1,0,1,1,0,0,1,0,1,0,1,0,1,1,0,1,0,0
0,0,0,0,0,2,1,0,0,0,1,0,1,1,2,0,1,0,1,0
0,0,1,0,1,0,0,0,1,0,1,0,1,1,1,0,1,0,1,1
0,0,0,1,0,2,1,0,0,0,1,1,0,0,1,1,0,0,2,1
0,1,1,1,0,0,1,2,1,0,0,1,0,0,2,1,0,1,1,1
0,0,1,0,1,1,0,0,1,0,1,0,1,0,1,0,1,0,2,1
0,1,1,1,1,1,0,2,0,0,1,0,0,1,1,1,0,0,1,1
0,0,2,1,0,1,1,1,0,0,0,1,1,0,1,0,0,1,2,1
1,0,0,2,1,1,2,0,0,0,1,1,1,0,0,1,0,1,1,1
1,0,1,1,1,1,1,0,0,0,0,1,0,0,2,0,0,1,0,1
2,1,1,0,0,1,1,1,1,0,1,0,0,1,1,1,0,1,1,1
0,1,2,1,0,0,1,2,1,0,0,1,1,0,1,0,0,1,2,1
0,0,1,2,1,0,1,1,0,0,1,1,0,0,0,0,0,1,0,1
0,0,1,0,0,1,2,1,0,0,1,0,1,0,1,1,1,1,1,1
1,0,1,0,1,1,2,0,0,0,1,1,1,0,1,0,0,0,1,1
1,1,1,0,0,1,2,2,1,0,0,0,1,0,0,1,1,1,2,0
0,0,1,1,0,2,0,0,1,0,1,0,1,0,1,1,0,0,1,1
2,1,2,1,0,1,1,2,1,1,0,1,0,1,0,0,1,1,1,1
0,1,0,1,1,2,0,2,0,0,1,0,0,1,0,1,1,0,0,1
0,1,1,1,0,1,1,2,1,0,1,1,0,1,1,1,0,0,0,1
1,0,1,1,0,2,0,0,1,0,1,1,0,0,1,1,0,0,2,1
2,1,1,2,0,1,2,1,1,0,1,1,0,1,2,1,1,1,1,0
1,1,1,0,1,2,1,2,1,0,1,0,0,0,1,1,1,1,0,1
2,1,2,0,0,0,1,2,0,1,1,1,1,0,0,0,0,0,2,1
0,0,1,1,1,0,0,0,0,0,1,1,0,1,2,0,0,1,1,0
2,1,1,1,0,1,1,2,0,0,0,1,1,1,2,1,1,0,2,1
0,0,1,1,0,2,1,0,0,0,1,0,0,1,1,0,1,1,2,1
2,1,0,0,1,2,2,1,1,0,1,1,0,1,2,1,0,1,1,0
0,1,1,1,1,1,0,1,0,0,1,1,0,1,1,0,1,1,0,0
2,0,2,0,1,0,0,0,1,0,1,0,1,1,2,1,1,1,1,1
0,0,0,1,1,1,0,0,1,0,1,0,0,1,0,1,1,0,2,1
1,0,1,2,1,1,0,0,1,0,1,0,0,1,0,0,0,1,1,1
0,0,1,0,1,0,0,0,0,0,1,1,1,0,1,1,0,1,0,0
1,0,1,0,1,2,0,0,1,1,1,0,1,0,1,0,0,0,2,1
0,1,1,1,0,2,1,1,1,0,1,1,0,1,1,1,1,0,1,1
0,1,0,1,1,0,0,0,1,1,1,1,1,0,0,0,1,1,2,1
0,1,1,1,1,2,0,2,1,1,0,1,1,0,2,0,0,0,2,1
0,1,1,0,1,2,0,2,0,0,0,0,0,0,1,1,0,1,0,1
2,1,1,0,0,0,2,2,0,1,1,0,1,0,2,0,1,0,2,0
0,0,1,0,0,1,2,0,0,1,1,1,0,1,1,1,1,0,2,0
2,1,0,1,1,0,0,2,0,0,0,0,1,1,1,1,0,0,1,1
0,0,1,0,0,2,2,0,0,0,0,0,0,0,1,0,1,0,2,1
0,1,2,0,0,1,2,2,1,0,0,1,1,1,1,0,1,0,2,1
2,1,0,1,0,0,1,2,1,1,1,1,1,1,0,0,0,0,2,1
1,0,1,2,1,0,0,0,1,0,1,0,0,0,0,0,1,0,1,1
0,1,0,0,0,1,1,1,1,0,0,1,1,1,2,0,1,0,0,1
0,1,1,0,1,2,0,0,1,1,1,0,0,0,2,1,1,1,1,1
1,0,1,0,0,1,1,1,0,0,1,1,0,0,0,0,0,0,0,1
0,1,0,0,1,2,0,2,0,1,1,1,1,0,1,1,0,1,2,1
2,1,2,1,1,2,0,1,1,1,1,1,0,1,0,1,1,1,1,1
2,0,1,1,0,2,2,0,0,0,1,0,1,0,2,0,0,0,2,1
1,1,0,0,1,0,0,2,0,0,0,0,0,1,2,1,1,1,1,0
0,0,1,1,0,2,0,0,1,0,1,0,0,1,1,1,0,0,2,1
1,0,0,2,0,2,1,0,0,0,1,1,0,0,2,0,0,0,0,1
0,0,1,2,1,0,0,0,1,0,1,1,1,0,0,0,0,0,2,1
0,0,0,2,0,2,1,0,1,0,1,1,1,0,2,0,0,0,1,1
0,1,1,0,0,0,2,2,1,0,1,0,0,0,1,1,1,1,0,0
0,0,0,0,0,2,1,0,0,0,1,1,0,1,2,0,1,0,1,1
2,1,0,1,0,0,2,2,1,0,1,1,0,1,2,1,1,0,2,0
1,1,1,0,1,2,1,2,1,0,1,1,0,1,0,0,0,0,2,1
1,0,2,2,0,2,0,0,1,0,1,0,1,0,1,0,0,0,2,0
0,1,0,1,1,0,1,2,1,0,1,1,1,1,1,0,1,0,2,1
0,0,1,0,1,0,2,0,0,0,0,1,1,1,2,0,0,0,2,0
0,0,1,1,0,1,2,0,0,0,1,1,0,1,0,1,1,0,2,1
2,1,0,0,0,0,0,2,0,0,1,0,0,1,0,1,1,0,0,0
0,0,1,1,1,0,0,0,1,0,1,0,0,1,1,1,1,0,2,1
2,1,1,1,0,0,1,2,1,0,1,1,0,0,1,1,0,1,1,1
1,0,0,0,0,2,1,0,0,0,1,1,0,1,0,0,1,0,1,1
0,1,1,1,0,0,1,2,1,1,0,0,0,1,0,1,0,0,1,0
1,0,1,2,1,2,0,0,0,0,1,1,1,0,0,1,0,1,2,1
0,0,0,1,1,2,2,2,0,0,1,1,0,0,2,1,1,0,2,1
2,1,0,1,0,1,1,1,0,0,1,1,1,0,1,0,1,1,0,1
2,1,0,1,0,1,1,2,1,0,1,1,1,1,0,0,1,0,0,1
0,1,0,1,1,2,0,1,0,0,1,0,0,0,1,1,1,1,1,1
0,0,0,2,1,0,0,0,1,0,1,0,1,0,1,1,1,0,0,1
1,1,0,0,1,0,1,2,1,1,0,1,1,1,1,0,1,0,2,1
2,1,0,1,1,2,0,2,0,1,0,0,0,1,2,1,1,0,1,1
0,0,1,0,0,2,2,0,1,0,1,1,0,0,1,1,0,1,2,0
1,1,1,0,1,2,1,1,1,0,0,0,0,0,0,1,0,1,1,1
1,0,2,2,0,1,2,2,0,0,1,1,0,0,1,1,1,1,2,1
1,0,1,0,0,0,1,2,1,0,1,0,1,0,1,1,1,1,1,1
0,0,1,1,1,2,0,0,1,0,1,0,0,0,2,0,1,1,1,0
1,0,1,2,0,2,1,0,0,0,1,1,1,1,2,1,1,1,0,1
2,0,2,1,1,2,0,0,1,1,1,0,1,1,2,0,0,1,2,1
0,1,1,1,0,0,0,2,1,0,1,1,1,1,1,1,1,0,0,1
0,0,1,1,1,2,0,0,1,0,1,0,1,0,0,1,1,0,0,1
2,1,0,1,1,0,0,2,1,0,0,1,0,0,2,1,1,1,1,1
0,1,1,1,0,0,1,2,1,0,0,0,0,1,2,1,1,1,0,1
2,0,0,0,1,2,1,0,0,0,1,0,1,0,1,0,1,0,2,1
0,0,1,2,0,1,2,0,0,0,1,1,1,0,0,1,1,1,1,1
0,0,1,1,1,0,1,0,0,0,1,1,1,1,1,1,0,1,1,1
2,1,2,1,1,2,0,2,0,0,0,0,0,1,1,1,1,0,0,1
0,0,1,1,1,2,0,0,1,0,1,1,1,0,1,0,0,0,1,1
0,0,0,1,1,1,1,0,1,0,0,0,0,1,1,0,1,0,0,1
0,0,1,1,0,2,1,0,0,0,1,1,1,1,1,0,1,1,1,1
1,1,2,2,0,1,1,1,1,0,1,1,1,1,2,0,1,0,2,1
0,0,2,1,0,2,0,0,1,0,1,0,1,0,2,1,1,1,1,0
0,1,1,1,1,2,1,1,1,0,1,1,1,1,2,0,0,1,2,1
2,0,2,0,1,1,0,0,0,0,1,1,1,0,2,1,1,0,1,1
0,0,0,1,1,2,1,0,0,0,1,1,0,1,0,1,0,0,2,1
1,0,0,0,0,2,1,0,1,0,1,0,0,1,2,1,0,1,2,1
0,0,1,1,1,0,2,0,0,0,1,1,0,0,1,0,0,0,0,1
2,0,1,2,0,2,1,0,0,0,1,1,1,1,2,1,0,0,0,1
0,0,1,0,1,1,0,0,1,0,1,0,0,0,1,1,1,0,2,1
2,0,0,1,1,2,2,0,0,0,1,1,1,0,0,1,0,0,0,1
0,0,1,2,0,1,1,1,0,0,1,0,1,0,0,1,1,1,1,1
0,0,0,0,0,2,0,0,1,0,1,0,1,1,2,1,1,1,1,1
0,1,1,1,0,0,1,2,1,1,1,1,0,0,0,1,1,1,0,0
0,1,1,1,1,2,1,0,1,0,1,0,0,1,1,1,0,1,1,1
0,1,1,1,1,0,1,2,1,0,1,0,0,1,1,1,1,1,1,0
0,0,1,1,1,1,0,0,1,0,1,0,0,1,1,0,1,0,0,1
2,1,0,0,0,1,2,1,1,1,1,1,0,0,1,1,1,0,0,1
0,0,0,1,1,2,1,0,0,0,1,1,1,1,2,0,1,1,1,0
0,0,1,0,1,0,0,0,1,0,0,0,1,0,0,0,1,0,2,1
1,1,1,0,0,1,1,2,1,0,1,1,0,1,2,1,0,1,0,1
1,0,1,0,1,1,1,0,0,0,1,0,1,1,2,0,0,0,1,1
0,0,0,1,0,2,2,0,0,0,1,0,1,0,1,1,1,1,2,0
0,0,1,1,1,1,0,0,0,0,0,1,1,1,2,0,1,0,1,1
0,0,1,1,1,2,0,0,1,0,1,0,1,0,2,0,0,0,2,1
1,0,1,0,0,2,1,0,0,0,1,1,0,0,1,1,0,1,2,1
1,1,1,0,1,2,1,0,1,1,1,1,1,0,2,1,1,1,2,0
0,1,0,1,1,2,0,1,0,0,1,0,0,1,1,1,1,1,2,0
2,0,0,1,0,2,1,0,1,0,1,0,1,1,2,0,1,0,2,1
2,0,2,1,1,2,1,0,0,0,0,0,0,1,0,0,1,0,2,1
1,0,1,1,1,2,1,0,0,0,1,1,1,1,1,1,0,0,2,0
2,1,2,1,0,0,1,2,1,0,1,0,0,0,0,1,1,0,1,1
0,1,0,1,0,0,1,2,1,0,0,1,0,1,1,1,1,1,1,1
0,0,1,0,0,1,1,1,0,0,0,0,0,0,1,0,0,0,1,0
0,1,2,1,0,1,1,1,1,0,0,1,0,1,2,0,1,1,0,1
0,1,0,0,0,2,1,0,1,0,1,0,1,1,0,0,0,0,2,1
0,0,1,0,0,2,1,0,0,0,0,1,0,0,1,1,0,1,2,1
2,1,1,0,0,0,1,2,1,1,1,0,1,0,2,0,0,0,0,1
0,1,1,1,1,0,1,2,1,1,1,1,0,0,0,1,0,1,2,1
0,0,0,1,0,2,1,0,0,1,1,1,1,1,0,0,1,1,1,1
0,1,1,0,1,2,0,1,0,0,1,0,0,0,1,1,1,1,0,1
2,1,0,0,1,0,2,2,1,1,0,0,0,1,2,1,1,1,0,1
0,0,1,1,1,2,1,0,0,0,1,1,1,1,1,1,0,1,0,0
0,0,2,1,0,2,1,0,0,0,1,1,0,0,0,0,1,1,0,1
0,0,1,2,1,2,0,0,1,0,1,1,0,0,0,1,0,0,2,1
0,1,1,1,1,0,0,1,0,0,0,1,1,1,1,0,1,0,0,1
2,1,2,0,1,2,2,2,1,1,1,1,1,0,0,0,0,0,0,1
2,1,1,0,0,2,2,0,1,1,0,0,1,1,1,1,0,1,2,1
0,0,1,0,0,2,2,0,0,0,0,1,1,0,2,0,0,0,1,0
2,1,0,1,1,0,0,0,0,0,0,0,1,0,1,1,1,0,2,0
1,1,1,2,0,2,2,0,1,0,1,0,0,1,2,1,1,0,2,0
2,1,1,1,1,0,0,2,0,0,1,1,1,0,1,0,0,1,2,1
0,0,1,1,0,0,1,0,0,0,1,1,0,1,1,1,0,1,2,1
0,0,2,1,1,2,0,0,0,0,1,1,1,1,1,1,1,1,2,1
0,0,1,1,1,2,0,0,1,0,0,0,0,0,2,0,0,0,1,1
1,0,0,0,1,2,2,0,0,0,1,1,0,0,2,1,0,1,0,1
0,1,0,1,1,2,0,2,1,1,0,0,0,0,2,1,1,0,1,1
0,1,1,0,1,0,0,2,0,0,0,1,1,0,0,0,0,0,2,1
0,1,0,1,1,0,1,2,1,0,0,1,0,1,0,1,1,1,1,1
1,0,0,0,1,1,0,0,0,0,1,1,0,1,2,1,1,1,2,1
0,1,0,0,1,0,0,0,0,0,1,0,0,0,2,1,1,1,0,0
1,1,0,0,1,2,1,1,0,0,1,0,0,0,2,1,1,1,1,1
2,1,1,0,0,1,1,2,1,0,1,0,0,0,1,1,1,1,1,1
0,1,1,1,1,2,2,2,1,1,0,1,0,0,1,1,1,1,1,1
1,1,1,0,0,1,2,1,1,1,0,1,1,1,1,0,0,0,1,1
0,1,1,1,0,2,1,2,1,0,0,0,1,0,2,0,1,1,2,1
2,1,0,0,1,0,0,1,0,1,1,0,1,0,1,1,1,1,2,1
0,1,1,1,1,0,1,2,1,0,0,0,0,0,2,1,1,0,0,1
1,1,1,1,1,1,0,2,1,0,0,0,1,1,0,0,0,1,2,1
2,0,1,1,0,2,1,0,1,0,1,0,0,0,1,1,1,0,2,1
2,1,1,1,0,1,1,1,1,0,1,0,0,1,1,1,0,0,1,1
1,0,0,0,1,2,0,2,1,0,1,1,0,0,1,1,0,1,1,1
0,0,0,0,0,2,1,0,0,0,1,1,0,1,0,1,1,1,1,1
1,0,1,2,1,0,0,0,1,0,1,0,1,1,0,0,1,0,2,1
2,1,1,1,0,1,2,1,1,0,0,0,1,0,2,1,0,0,1,0
1,0,1,1,0,1,1,0,0,0,1,1,1,1,1,1,0,1,0,1
0,0,2,1,1,2,0,0,1,0,1,0,0,1,1,0,1,1,0,0
2,0,1,0,0,2,1,0,0,0,1,1,0,0,1,0,0,0,2,1
1,0,2,0,0,2,2,0,0,0,1,1,1,0,2,1,1,1,0,1
1,0,0,1,0,2,0,0,1,0,1,0,0,1,0,1,1,1,2,1
0,1,1,1,1,0,0,2,1,1,0,1,0,1,2,1,0,0,1,1
1,0,0,2,1,2,0,0,1,0,1,0,1,1,0,1,0,1,1,1
0,1,2,0,0,1,1,1,1,0,1,1,1,1,2,0,1,0,0,1
1,1,1,2,0,2,2,0,1,0,1,1,0,1,1,1,0,1,1,0
0,1,0,1,1,2,0,1,0,0,1,0,0,1,0,1,1,1,1,1
1,1,1,0,0,2,1,0,1,0,0,1,1,1,2,1,0,1,2,1
2,0,0,1,1,1,1,0,1,0,1,0,1,0,1,0,1,1,2,1
0,0,1,1,0,0,1,0,0,0,1,1,0,1,1,1,0,0,2,0
2,0,2,0,0,0,1,2,1,0,1,0,1,0,2,0,0,0,2,1
0,1,1,0,1,0,1,2,0,1,0,0,0,0,1,1,0,1,1,1
2,1,2,1,0,0,1,2,1,0,1,1,1,1,2,0,0,0,2,1
2,1,0,1,1,1,1,2,1,1,1,0,1,0,1,0,1,1,2,1
1,1,1,0,0,1,0,2,0,0,1,1,0,0,1,1,0,1,2,1
1,1,1,0,0,0,1,2,0,0,1,0,0,0,1,1,0,0,1,0
2,1,0,1,1,0,0,2,0,0,0,1,1,1,1,1,1,1,2,1
0,1,1,0,0,0,1,2,1,0,0,1,1,1,2,0,0,0,2,1
0,0,0,1,1,2,0,0,1,0,1,0,0,1,0,1,1,0,2,1
1,0,1,0,0,0,1,0,0,0,1,1,1,0,1,0,0,0,1,1
2,0,2,0,1,1,0,0,1,0,1,1,0,0,1,0,1,0,2,1
2,0,2,0,1,2,0,0,1,0,1,0,0,0,2,1,0,1,2,1
2,1,2,2,0,0,1,2,0,1,0,1,1,0,1,0,0,0,2,1
0,0,1,0,1,0,1,0,0,0,1,0,1,0,1,0,1,0,2,1
2,0,0,1,1,2,0,0,1,1,1,1,0,0,2,1,1,0,2,1
0,0,1,1,0,2,1,0,0,0,1,0,0,0,1,1,0,1,2,0
0,1,1,1,1,1,2,0,1,0,1,1,1,0,1,1,0,0,2,0
0,1,1,1,1,0,0,1,0,0,0,0,0,1,2,1,0,1,1,1
0,1,2,0,0,1,1,1,1,0,1,1,1,1,2,0,0,0,0,1
0,0,0,1,0,2,1,0,0,0,1,1,1,1,2,1,0,0,1,1
0,1,0,1,0,0,1,2,1,1,1,0,0,1,1,1,1,0,1,0
1,1,1,0,0,1,1,1,1,0,0,1,0,0,1,1,1,1,1,1
0,0,1,1,1,2,0,0,1,0,0,1,0,1,2,0,0,1,1,0
0,0,1,1,1,1,0,0,1,0,1,0,1,0,2,1,1,0,1,0
0,0,1,0,1,2,0,0,1,0,1,1,0,1,0,0,0,0,2,1
0,1,2,1,0,0,1,2,1,0,1,1,1,1,1,0,0,1,2,1
0,0,0,1,0,2,1,0,1,0,1,0,1,1,0,1,1,1,1,1
0,0,1,1,1,2,0,0,1,0,1,0,0,1,1,1,0,0,2,0
1,1,0,1,1,2,0,2,1,0,0,0,0,1,1,1,1,1,1,1
1,1,0,0,1,2,1,2,1,1,1,0,1,1,1,0,1,0,2,1
1,0,2,0,0,2,1,0,0,0,1,1,1,0,1,0,1,0,1,0
0,0,1,0,0,2,1,0,0,0,1,1,1,1,0,1,0,0,1,1
0,0,1,1,0,2,2,0,0,0,1,1,1,0,1,1,0,0,0,1
2,1,2,1,1,1,0,0,1,1,1,1,1,1,0,1,1,0,2,1
0,1,0,1,0,1,1,0,1,0,0,1,0,0,0,1,0,0,1,1
0,0,0,2,1,1,1,0,0,0,1,1,0,0,0,1,0,1,2,1
0,1,1,1,1,0,0,2,0,0,0,1,1,1,2,0,0,1,2,1
0,1,1,0,0,0,2,2,1,0,0,1,1,0,1,0,0,0,2,1
0,0,0,1,1,0,0,1,1,0,1,0,0,1,2,1,1,0,2,1
0,1,1,1,1,0,0,2,0,0,1,0,0,0,1,1,1,1,1,1
1,0,1,0,1,2,0,0,1,0,1,0,0,1,0,1,1,1,2,1
0,0,1,1,0,2,2,0,0,0,1,1,0,1,1,1,0,0,1,1
1,1,1,0,0,1,2,1,1,1,0,0,0,1,1,1,0,1,1,1
2,1,0,0,0,2,1,0,1,1,1,0,0,0,2,1,0,1,0,0
2,1,2,1,0,2,2,1,1,0,1,1,1,0,0,0,0,1,0,0
1,1,0,0,1,0,1,2,1,0,1,1,0,1,0,1,1,1,1,0
2,1,2,2,1,2,1,2,1,1,1,1,1,0,2,0,0,0,2,1
0,1,1,1,0,1,2,2,1,0,0,1,1,0,2,0,0,1,2,0
0,0,1,1,1,1,1,0,0,0,1,1,0,1,1,1,1,0,2,1
0,1,1,1,1,0,0,2,0,0,0,0,1,0,2,0,0,1,2,1
1,1,1,1,0,1,2,2,1,0,0,1,1,0,2,0,1,0,2,1
2,1,0,1,0,1,0,2,0,0,0,0,0,0,1,1,1,0,0,1
0,1,1,0,1,2,2,2,1,1,1,1,1,0,2,0,0,0,2,1
2,1,2,0,1,0,0,2,1,0,1,1,0,1,2,1,1,1,1,1
0,0,0,1,1,2,0,0,1,0,1,0,0,0,1,1,1,1,2,1
2,1,1,1,0,1,0,1,0,0,1,1,1,1,1,0,1,1,2,0
0,0,0,0,0,2,1,0,1,0,1,0,0,0,1,0,1,0,1,1
0,0,0,1,0,2,1,0,0,0,1,1,1,0,1,1,0,0,0,1
0,0,1,0,1,2,2,0,0,0,1,1,0,1,2,1,0,1,2,0
0,0,1,1,1,0,2,0,0,0,0,0,0,0,2,0,0,1,1,1
0,1,2,1,0,1,1,1,1,0,0,1,1,1,2,0,1,1,0,1
0,0,1,1,1,2,0,0,1,0,1,0,1,1,1,0,0,1,2,1
2,1,2,0,1,1,0,1,0,0,1,1,1,0,2,1,1,1,2,1
0,0,2,1,1,1,0,0,1,0,1,1,1,1,1,0,1,1,1,1
0,0,0,0,1,2,0,0,1,0,1,0,1,0,2,1,0,1,2,0
1,1,1,2,0,1,1,2,0,1,1,0,1,0,0,1,0,1,2,1
1,0,0,0,1,0,1,0,0,0,1,0,0,0,1,0,1,0,2,1
0,0,0,1,0,1,1,2,0,0,1,1,1,1,0,0,1,0,2,1
0,0,0,1,0,0,2,0,0,0,0,1,0,0,1,1,1,1,2,1
0,1,1,1,1,0,0,2,1,0,1,1,1,1,1,0,1,0,2,1
0,1,1,0,1,2,1,1,1,0,1,1,1,1,0,1,1,1,1,1
1,1,0,0,1,0,0,1,0,0,1,0,1,0,2,0,1,0,1,0
0,0,1,1,1,2,1,0,1,0,1,0,0,0,1,1,0,0,2,1
0,0,1,1,1,2,0,0,1,0,1,1,1,1,0,0,0,0,2,1
1,1,1,2,1,2,2,2,1,0,1,0,1,1,1,1,1,1,2,0
0,0,2,1,0,2,1,0,1,0,1,0,1,0,0,0,0,1,1,1
1,1,1,0,1,0,1,1,1,0,0,0,0,1,1,1,0,1,1,1
0,1,1,1,1,2,0,1,0,0,0,0,1,0,2,1,0,0,1,0
2,1,0,1,1,2,0,2,0,1,0,0,0,1,0,1,1,0,1,1
0,1,2,1,0,2,0,0,0,0,0,0,1,1,2,0,0,1,2,1
2,1,0,1,1,2,0,1,0,1,1,0,0,1,2,1,1,0,1,1
0,1,1,0,1,0,0,2,1,0,0,1,1,1,2,0,0,0,2,1
0,0,1,1,1,2,2,0,1,0,1,0,1,1,1,1,1,0,1,0
1,1,0,0,1,1,0,2,0,1,1,0,1,1,1,1,0,1,2,1
2,1,1,1,0,1,1,1,1,0,1,0,0,1,1,1,1,1,1,1
1,0,1,0,1,2,1,0,0,0,1,1,0,0,1,1,0,0,2,1
2,1,0,0,1,0,0,2,1,0,0,1,0,1,1,1,0,0,0,0
2,1,2,0,1,0,0,2,0,1,1,1,1,0,0,0,0,0,2,0
0,1,1,1,1,2,0,0,0,0,0,1,0,0,0,0,0,0,1,1
0,0,1,0,1,2,1,0,0,0,1,1,1,0,1,0,0,0,1,1
1,1,1,0,1,2,0,0,0,0,1,0,1,0,1,1,1,1,2,1
0,0,0,0,1,1,0,0,1,0,1,0,1,0,2,1,1,1,1,1
2,0,1,1,0,2,1,0,0,0,1,0,0,1,1,0,0,1,1,1
2,0,2,1,1,1,0,0,0,0,1,1,1,0,1,0,1,1,2,0
0,1,1,2,0,1,1,1,1,0,0,1,0,1,1,1,1,0,1,1
0,0,0,1,0,1,1,1,0,0,1,0,1,0,1,1,1,0,1,1
2,1,2,0,1,0,0,2,0,0,1,0,0,0,1,1,0,1,1,0
0,0,0,1,0,2,2,0,0,0,1,1,0,0,1,0,1,0,0,0
2,0,2,1,1,0,0,0,1,0,0,0,0,0,2,0,0,1,2,1
0,0,0,0,0,1,2,0,0,1,1,1,0,1,0,1,0,1,2,0
1,0,0,2,0,2,1,0,0,0,1,0,0,1,2,1,0,1,2,1
0,0,1,0,1,1,1,0,0,0,1,1,1,0,1,1,0,0,2,1
1,1,1,2,0,1,0,2,0,0,1,0,0,0,0,1,1,1,0,1
0,0,0,1,1,0,0,0,1,0,1,0,0,1,1,0,1,1,0,0
1,0,1,0,0,2,2,0,1,0,1,0,0,0,1,1,1,1,2,1
0,0,1,1,0,2,1,0,0,0,1,0,1,0,0,0,0,1,2,1
1,0,1,0,0,1,1,1,0,0,1,0,0,1,2,1,0,1,1,1
2,0,1,1,0,2,2,0,0,0,1,1,1,0,1,1,0,0,0,1
0,0,0,1,1,1,0,1,1,0,0,1,1,1,1,0,1,1,1,1
0,1,1,0,0,2,1,0,1,1,0,1,0,1,1,1,1,1,0,1
0,0,1,2,1,0,0,0,1,0,1,0,1,0,0,0,1,1,1,1
1,1,1,0,1,2,0,2,1,0,0,1,1,0,1,0,0,0,2,0
1,0,0,0,1,2,1,0,0,0,1,1,0,1,2,1,0,1,2,1
0,1,1,1,1,0,1,2,1,0,1,0,0,0,1,1,1,0,0,1
0,0,0,0,0,2,0,0,1,0,1,1,1,1,2,1,0,1,0,1
0,0,0,1,0,2,2,0,0,0,1,1,0,1,2,1,1,0,2,1
1,0,0,2,1,1,1,0,1,0,1,0,1,0,1,0,0,1,2,1
0,0,1,1,1,2,1,0,0,0,1,0,0,1,1,1,0,0,1,1
2,0,0,1,1,1,0,0,1,0,1,0,1,0,1,1,1,0,0,1
0,1,1,0,1,2,2,1,1,0,0,0,1,0,2,0,1,0,0,0
1,1,1,0,0,1,1,2,1,0,1,1,1,1,0,0,0,0,2,1
0,1,2,2,0,1,2,1,1,0,1,0,1,1,0,0,1,1,0,1
0,0,1,1,1,2,0,0,1,1,1,0,1,1,0,0,1,0,2,1
1,0,1,0,1,1,1,0,0,0,1,0,1,0,1,1,1,1,0,1
1,0,0,0,1,2,0,0,1,0,1,1,1,1,0,0,1,0,1,0
2,1,2,1,1,0,0,1,0,0,1,0,1,0,2,0,0,1,0,1
0,1,1,1,0,1,2,1,1,0,0,1,0,1,2,1,1,1,1,0
0,1,1,0,0,0,0,2,0,0,0,1,1,1,1,0,1,0,1,1
1,1,0,0,1,2,0,2,0,0,0,0,0,1,0,1,1,0,0,1
1,0,0,1,1,2,0,0,1,0,1,0,1,1,2,1,1,0,1,1
0,0,0,1,1,1,0,0,1,0,1,0,0,1,0,1,1,0,2,1
0,0,0,0,0,2,1,1,0,0,1,1,0,1,0,0,0,0,1,1
0,0,2,1,0,1,1,0,0,0,0,0,1,1,0,0,1,1,1,0
2,1,0,0,1,0,0,2,0,0,1,1,1,1,2,0,0,0,1,0
0,0,1,1,0,2,1,0,1,0,1,0,1,1,1,1,0,1,1,1
0,0,0,1,1,2,1,0,0,0,1,1,1,1,2,0,0,0,1,1
0,1,1,1,1,0,1,2,1,1,1,0,0,1,0,1,0,0,1,0
0,0,1,0,1,1,0,0,1,0,1,0,1,0,1,1,1,0,0,1
0,1,1,2,0,1,0,1,1,1,1,1,1,0,0,0,1,0,0,1
0,1,0,0,1,0,0,2,0,0,0,0,0,1,0,1,0,1,0,0
0,0,2,0,0,2,1,0,0,0,1,1,1,0,1,1,1,1,0,1
2,0,2,1,0,1,2,0,0,0,1,1,1,1,1,0,0,1,1,0
0,0,0,1,0,2,2,0,0,0,1,1,0,0,1,1,0,0,2,1
0,1,1,1,0,1,1,1,1,0,1,1,0,0,1,0,1,1,0,1
2,0,2,1,1,1,1,0,0,0,1,0,1,1,1,0,1,0,2,1
1,0,1,0,0,1,1,0,0,0,1,0,1,1,0,0,1,1,2,1
0,0,1,2,0,1,1,0,0,0,1,1,1,0,0,0,0,0,2,1
0,0,1,2,1,1,0,0,1,0,1,0,0,1,1,1,1,1,2,1
0,1,0,2,0,1,0,2,0,0,0,0,0,1,2,0,1,1,1,1
1,0,1,1,1,2,0,0,0,0,1,1,1,0,1,0,1,0,1,1
2,1,2,1,0,1,1,2,0,1,1,1,1,0,2,0,1,1,2,1
1,0,1,0,0,2,2,0,1,0,1,1,0,0,1,1,0,1,2,0
0,1,0,1,1,2,2,1,1,0,1,0,0,0,0,0,1,1,0,0
1,0,2,1,0,2,1,0,0,1,1,0,1,0,2,0,0,0,1,1
0,1,0,0,1,0,0,1,0,0,0,1,1,0,0,0,0,0,1,0
0,0,0,1,0,0,1,0,1,0,1,0,1,0,1,0,0,1,2,1
0,0,2,0,0,2,1,0,0,0,1,1,1,1,2,0,1,0,2,1
2,1,0,1,0,1,1,1,0,0,1,0,1,1,2,0,1,0,0,1
0,1,0,0,0,1,1,2,1,1,1,0,0,1,1,1,0,1,1,0
1,0,1,2,0,2,2,0,0,0,1,0,1,0,2,1,1,1,1,1
0,1,1,0,1,0,0,2,1,0,1,1,0,1,1,1,0,1,1,0
0,0,1,0,1,1,1,0,0,1,1,0,1,1,0,1,1,1,1,0
0,1,1,1,0,1,1,2,1,0,0,1,0,0,2,1,1,0,0,1
0,0,1,1,0,0,1,0,0,0,1,1,1,1,1,0,1,0,2,1
2,0,0,2,1,1,1,1,0,0,1,1,0,1,0,0,0,0,0,1
0,0,1,1,1,0,0,0,1,0,1,0,1,1,1,0,1,0,1,1
1,1,1,2,1,0,1,1,0,0,1,0,0,1,2,1,0,1,1,0
2,0,0,0,1,0,0,0,1,0,1,1,1,0,2,1,1,1,1,1
2,1,2,1,0,0,1,2,1,1,0,0,1,0,0,0,1,1,2,0
0,0,0,1,0,2,1,0,0,0,0,0,1,0,1,0,1,1,2,0
0,0,2,1,1,2,0,0,0,1,1,1,1,0,2,1,1,1,2,1
0,1,1,2,1,2,0,2,0,0,0,1,1,0,2,0,1,0,2,0
2,1,2,1,1,2,0,0,0,1,1,0,0,1,0,1,0,1,0,0
2,1,2,0,0,1,1,1,1,1,1,0,1,0,0,0,1,0,1,1
0,0,0,1,1,0,0,0,1,0,1,0,0,1,2,0,1,0,1,1
2,1,0,2,1,0,0,2,0,1,1,0,0,1,1,1,0,0,0,1
0,0,1,0,0,2,1,0,0,0,1,0,0,0,1,0,0,0,1,1
1,0,0,0,1,1,1,1,0,0,1,1,0,0,0,1,0,1,1,1
0,1,0,0,0,0,1,2,1,0,1,0,1,0,2,0,1,0,0,1
2,1,0,1,0,1,0,1,0,1,0,1,0,1,2,0,0,0,0,0
0,1,0,1,0,1,2,1,1,0,1,1,0,1,2,1,0,1,1,0
2,0,1,1,0,2,1,0,0,0,1,1,0,0,2,1,1,0,1,1
2,0,2,0,0,2,2,0,1,1,1,0,1,1,1,0,0,0,1,1
1,0,1,1,1,2,0,0,1,0,1,0,1,1,1,0,1,1,1,0
0,0,2,1,0,2,2,0,1,0,1,0,0,0,2,0,0,1,0,0
0,1,1,0,1,2,0,0,1,1,0,0,0,1,1,1,1,0,1,1
0,1,1,1,0,1,1,1,1,0,1,0,1,1,1,1,0,1,2,1
0,1,0,1,0,1,2,1,1,1,0,1,0,0,1,1,0,0,1,1
0,1,1,0,1,0,0,1,0,0,1,0,0,1,0,1,0,0,1,1
2,1,2,0,1,2,1,1,1,0,1,1,1,0,2,0,1,0,0,1
0,0,0,1,1,2,0,0,0,1,1,1,1,0,1,1,1,1,2,1
0,0,1,1,1,1,0,0,1,0,1,0,0,0,1,1,1,0,2,1
0,1,0,0,0,1,2,0,1,1,1,1,0,1,0,1,1,1,2,1
0,1,1,1,0,0,1,2,1,0,0,0,0,1,0,1,0,1,1,1
1,0,0,1,1,2,0,0,0,0,1,1,0,0,2,1,1,1,2,1
0,0,1,1,1,2,0,0,1,0,1,0,1,0,2,0,1,1,2,1
2,1,2,1,1,2,1,1,1,0,0,1,0,0,2,0,1,0,0,1
0,0,1,1,1,2,1,0,1,1,1,0,1,1,0,1,1,0,1,1
2,1,0,1,1,2,0,2,0,0,0,0,0,0,2,1,1,1,0,0
2,1,1,0,0,1,2,1,1,0,1,1,0,1,0,1,1,1,1,0
0,1,0,0,1,2,0,2,0,0,1,0,1,1,0,1,0,0,0,1
2,1,0,1,1,0,1,1,1,1,1,1,0,1,1,1,0,1,0,1
0,0,2,2,1,1,0,0,1,0,1,0,1,0,0,0,1,0,1,1
2,1,2,0,0,2,0,0,0,0,1,1,0,0,1,1,1,0,0,1
0,0,0,0,0,0,1,0,0,0,1,0,0,0,1,1,0,1,2,1
2,0,1,1,0,2,1,0,0,0,1,0,1,1,1,0,1,1,1,1
2,0,2,0,0,1,2,0,0,0,1,1,1,1,2,1,1,1,1,0
2,1,0,1,1,0,1,2,1,0,0,0,1,1,2,1,1,0,1,1
2,0,2,1,0,2,0,0,1,0,1,0,0,0,0,1,0,1,2,1
0,0,1,0,0,0,2,0,0,0,1,1,0,1,0,1,0,1,2,1
0,0,0,1,0,0,0,0,1,0,1,0,0,0,1,1,1,0,2,1
0,0,1,1,1,1,0,0,1,0,1,1,0,0,1,1,0,1,2,1
0,0,1,1,1,0,0,0,1,0,1,0,0,1,2,1,0,1,2,0
1,0,1,0,0,2,1,0,1,0,1,0,0,0,1,1,1,1,2,1
0,0,2,1,0,2,1,0,0,0,1,1,1,1,1,1,0,0,1,1
2,0,1,1,0,2,2,0,0,0,1,0,0,1,1,0,0,1,2,1
1,0,1,2,1,0,0,0,1,0,1,1,0,1,1,1,0,1,2,0
2,1,1,1,0,1,1,1,1,0,0,1,1,0,2,0,1,1,0,1
0,1,1,2,1,2,0,1,0,0,1,1,1,0,0,0,1,0,0,1
2,1,0,2,1,2,0,1,1,1,1,1,0,0,1,1,1,1,1,1
2,0,1,0,0,1,1,0,0,0,1,1,1,0,1,1,0,0,1,1
0,1,1,1,1,2,1,2,0,0,1,1,0,1,1,1,1,1,0,1
1,0,0,0,0,0,2,0,0,0,1,1,0,1,0,1,1,0,2,1
2,1,0,1,1,2,0,2,0,0,0,0,0,0,1,1,1,0,1,1
0,1,0,0,0,1,2,1,1,0,0,1,0,1,0,1,1,1,1,0
0,1,1,1,1,0,0,1,0,1,1,1,0,1,1,1,0,1,0,0
0,1,1,1,1,2,0,1,0,0,0,1,1,0,1,0,1,1,0,1
0,0,1,0,1,2,2,0,0,0,1,1,1,0,0,1,0,1,0,1
0,0,2,1,0,2,0,0,1,0,1,0,1,0,2,0,1,1,1,1
0,0,1,1,0,1,1,0,0,0,1,1,1,1,1,1,0,0,1,0
0,0,1,0,1,2,0,0,1,0,1,0,1,0,1,1,1,1,0,1
0,0,1,0,1,0,0,1,1,0,1,1,1,1,1,1,1,1,1,1
2,0,1,1,1,2,0,0,1,1,1,0,1,0,0,0,1,1,2,0
0,1,1,1,0,0,1,2,1,1,0,1,1,1,1,1,0,0,2,1
2,0,0,2,0,2,2,0,0,0,1,1,0,0,2,1,0,1,2,1
0,0,1,1,1,1,0,0,0,0,1,1,0,1,1,0,0,0,2,1
0,0,1,0,0,2,2,0,0,0,0,1,1,1,2,1,0,1,2,0
0,1,0,1,0,0,2,2,1,1,1,1,0,0,1,1,0,1,0,1
0,0,1,1,0,2,1,0,0,0,1,1,0,1,1,1,1,1,2,1
0,1,1,1,1,1,1,0,1,1,1,0,0,1,0,1,1,0,1,1
1,1,0,2,1,2,0,2,0,1,1,0,0,1,0,1,0,1,0,1
0,0,1,2,1,2,0,0,1,0,1,1,1,0,0,1,1,1,0,1
1,0,1,0,0,2,1,0,0,0,1,1,0,0,1,0,0,0,2,1
1,0,0,1,1,0,0,0,1,0,1,1,1,1,0,1,1,0,2,0
0,0,1,1,1,2,0,0,1,0,1,1,1,1,1,1,0,0,1,1
0,1,1,1,0,1,1,1,1,0,1,0,1,0,1,1,0,1,0,1
2,1,0,1,1,2,0,0,0,0,0,0,0,1,1,1,1,0,0,1
0,1,1,2,0,2,2,2,1,0,1,0,0,0,1,1,1,1,1,1
0,0,1,0,0,1,2,1,0,0,1,1,1,1,2,1,1,0,1,1
2,1,1,1,0,1,1,1,1,0,1,1,1,0,1,0,0,1,2,1
0,0,0,0,0,2,1,0,0,0,1,0,0,0,2,0,1,0,0,1
1,1,1,0,1,2,0,2,0,0,1,1,0,0,1,0,0,0,0,0
2,0,2,1,0,2,1,0,0,1,1,1,1,0,2,0,0,0,1,1
0,1,0,1,0,1,2,1,1,0,1,0,0,0,1,1,1,0,0,0
0,0,1,1,0,2,1,0,0,0,1,0,1,1,1,1,0,0,2,1
0,1,1,0,1,2,1,1,1,0,0,0,0,0,0,1,0,1,1,1
0,1,1,1,1,0,1,2,1,0,0,0,0,0,2,1,1,0,1,1
0,0,0,1,1,0,1,0,0,0,1,1,0,1,2,0,1,0,0,1
1,0,1,0,1,1,1,0,0,0,1,0,1,0,1,1,1,1,0,1
0,1,0,1,0,1,2,2,1,0,1,0,0,0,0,1,1,0,1,0
0,1,2,0,0,0,1,2,1,0,1,1,0,1,2,1,1,1,0,1
2,1,1,0,1,2,0,2,1,0,1,1,1,1,1,0,1,0,2,1
2,0,2,1,0,2,0,0,1,0,1,1,1,1,1,0,1,1,1,1
1,0,1,0,0,1,2,0,0,0,1,1,1,0,0,1,0,1,1,1
0,0,1,1,1,1,0,0,1,0,1,0,1,1,1,1,0,1,1,1
1,0,0,0,0,2,2,0,0,0,1,1,0,1,2,1,0,1,2,1
0,1,1,1,0,0,1,2,1,0,1,0,0,0,1,1,1,1,1,1
0,1,1,1,1,0,1,2,1,1,1,0,0,1,0,1,0,1,1,0
0,0,0,1,1,0,0,0,0,0,1,0,0,1,2,1,1,0,2,1
2,1,0,1,1,2,1,2,1,0,1,1,1,0,1,0,1,0,2,1
0,1,1,2,1,2,1,2,1,0,0,0,1,0,2,1,0,1,2,1
0,0,1,0,1,1,2,0,1,0,1,1,1,1,2,1,0,1,0,0
0,0,1,1,1,0,0,1,1,0,1,0,0,0,2,0,1,1,0,1
0,1,1,0,0,0,1,2,1,0,0,1,0,0,1,1,1,1,0,1
2,1,2,2,0,1,2,1,1,0,1,1,1,0,2,0,1,0,0,0
1,1,1,2,0,2,1,1,1,0,0,1,1,0,2,0,1,1,2,1
2,1,0,1,0,2,2,2,1,1,0,1,0,0,2,1,0,0,1,1
0,0,0,1,1,0,0,0,1,0,1,1,0,1,2,1,0,0,2,1
0,1,2,1,1,2,0,1,0,0,0,1,0,0,0,1,1,1,1,0
0,0,0,2,0,2,0,0,1,0,1,0,0,1,0,1,1,1,2,1
0,0,1,1,0,1,2,2,0,0,1,0,0,0,0,1,0,0,1,1
0,1,0,1,0,1,1,0,1,0,0,1,1,0,1,0,0,1,2,1
2,0,2,1,0,2,1,0,0,0,1,1,1,0,2,0,1,0,2,1
0,1,1,0,0,1,2,1,1,0,0,0,0,0,2,1,0,1,0,0
0,1,1,0,1,2,0,2,0,0,1,0,0,0,1,1,1,1,2,0
0,1,1,1,1,2,1,1,1,1,1,1,0,1,0,0,0,0,0,1
0,0,1,0,1,1,0,0,1,0,1,0,0,1,0,0,1,0,1,1
0,1,0,0,0,1,0,1,1,1,0,1,0,0,0,1,1,1,1,1
2,1,1,1,0,0,1,2,1,0,0,0,1,0,2,1,0,0,1,1
2,1,2,1,1,2,0,0,1,0,1,1,0,0,0,1,0,0,1,0
2,1,2,1,1,2,2,2,1,0,1,1,1,1,1,1,0,0,1,0
0,0,0,1,1,1,0,0,1,0,1,1,0,1,0,1,0,0,1,1
0,0,1,1,1,2,0,0,0,0,0,1,0,0,2,0,0,1,2,1
0,0,0,0,1,2,0,0,1,0,1,1,1,0,1,1,1,1,0,1
0,1,1,1,1,0,1,2,1,1,1,0,0,1,1,1,0,0,1,1
2,0,0,1,0,2,1,0,0,0,1,0,0,0,0,1,1,0,2,1
0,0,2,1,1,1,1,0,0,0,0,1,0,0,2,0,1,1,2,1
0,0,1,1,0,2,1,0,0,0,1,1,1,0,2,1,0,0,0,0
0,0,1,0,0,2,1,0,0,0,1,0,1,1,2,0,1,0,2,1
0,0,0,1,1,2,0,0,1,0,1,1,1,1,0,1,1,0,0,1
1,1,1,0,0,0,1,2,1,0,0,1,0,1,1,1,0,1,1,1
0,1,1,1,0,0,1,1,1,0,1,1,0,1,1,1,1,0,2,1
0,0,0,2,0,2,1,0,1,0,1,0,1,0,1,0,1,0,2,1
0,0,0,2,0,2,2,0,0,0,1,1,1,0,2,1,0,1,0,1
0,0,0,1,0,0,1,0,0,0,1,1,1,0,1,0,1,1,1,1
2,1,1,0,0,2,1,0,0,0,0,0,1,1,1,1,1,1,2,1
2,1,2,0,0,1,1,1,1,0,0,1,1,1,2,0,1,0,1,1
2,0,1,1,0,2,1,0,0,0,1,0,1,0,2,0,0,0,2,1
2,1,0,1,1,2,0,2,0,0,1,0,0,0,1,1,1,1,1,1
0,0,1,2,0,1,2,0,1,0,1,0,0,0,0,1,1,1,2,0
1,0,1,0,0,2,1,0,0,1,1,1,1,1,2,0,1,0,2,1
0,0,1,1,1,1,2,0,0,0,0,1,0,0,0,1,0,0,2,1
0,0,0,0,1,1,0,0,1,0,1,0,0,0,0,1,0,1,2,1
2,1,2,1,1,0,0,2,1,1,0,0,0,0,0,0,1,1,1,1
0,0,0,1,0,2,1,0,0,0,0,1,0,0,1,0,1,1,2,1
2,1,0,1,1,1,0,2,0,0,1,0,1,1,2,1,1,0,2,1
0,0,1,0,1,1,0,0,1,0,0,0,1,1,2,0,1,0,2,1
1,0,0,1,1,1,0,0,1,0,1,0,1,1,2,1,1,0,2,0
1,0,0,0,1,0,2,0,0,0,0,0,1,1,2,0,1,0,1,1
2,1,0,1,1,2,0,2,0,1,1,0,0,1,2,1,1,0,1,1
1,1,1,0,1,0,1,2,1,1,0,0,0,1,0,1,0,1,1,1
1,0,0,0,1,2,1,0,0,0,1,1,0,1,0,1,0,1,2,1
0,1,0,0,0,0,1,2,1,0,0,0,0,1,2,0,1,0,0,1
0,1,1,2,1,1,0,2,0,0,0,0,0,0,2,1,1,1,0,0
0,0,1,1,1,0,2,0,0,0,1,1,1,1,1,0,0,0,1,1
1,0,1,1,0,2,1,0,1,0,1,0,0,0,1,1,1,0,2,1
0,0,1,0,1,1,0,0,1,0,1,0,1,0,1,0,1,0,1,1
1,1,2,2,0,2,2,0,1,1,1,1,1,1,0,0,1,1,1,1
0,1,0,1,1,0,0,1,0,0,1,0,1,1,0,0,1,0,1,1
0,0,1,1,1,0,0,0,1,0,1,0,1,1,1,0,1,1,1,1
1,0,1,2,0,2,2,0,1,0,1,0,0,0,0,1,1,1,2,0
0,0,1,2,1,2,1,0,0,0,1,1,0,1,2,1,0,1,2,1
0,0,0,1,0,2,1,0,0,0,0,0,0,1,1,0,1,0,2,1
0,1,1,1,0,1,1,1,1,0,0,1,1,0,2,0,1,1,0,1
2,1,2,1,0,1,1,1,1,1,1,1,1,1,0,0,1,1,1,0
1,0,1,2,0,2,2,0,0,0,1,1,1,0,0,0,0,1,0,1
0,1,1,1,0,1,1,1,1,0,1,1,0,0,1,1,1,0,1,0
0,0,1,1,1,1,0,0,0,0,1,0,1,1,1,1,1,0,0,1
0,0,0,1,1,0,0,0,1,0,1,0,0,0,2,0,0,1,1,1
2,0,1,0,0,1,1,1,0,0,1,1,0,0,0,1,1,1,1,1
1,1,1,0,1,0,0,2,0,0,1,0,0,0,1,1,0,1,0,0
0,0,2,1,0,1,2,1,0,0,0,0,0,0,2,0,0,0,0,0
0,0,1,1,0,2,1,0,1,0,1,0,0,0,1,1,0,0,0,1
0,0,0,2,0,1,1,0,0,0,1,1,0,0,1,0,0,0,2,1
1,1,0,2,1,0,0,2,1,0,1,1,1,0,2,0,0,0,2,1
2,0,0,1,1,1,1,0,0,0,1,1,0,0,1,0,1,0,2,1
0,1,1,1,0,1,2,2,1,0,0,1,1,0,0,0,0,1,2,0
0,0,1,0,0,2,2,0,0,0,1,0,1,0,1,0,1,0,2,0
0,0,1,1,0,2,1,0,1,0,0,0,0,1,1,1,1,1,2,1
2,1,2,1,1,1,1,1,1,0,0,0,1,1,0,0,0,1,0,1
0,0,0,0,1,1,0,0,1,0,1,0,1,0,1,1,0,1,0,1
2,1,1,1,0,1,1,1,1,1,1,1,1,1,0,0,1,1,1,0
1,1,0,0,1,2,1,0,1,0,1,0,1,1,0,0,0,0,2,1
0,0,2,1,0,2,2,1,1,0,1,0,0,1,1,0,0,1,1,0
0,1,1,0,1,0,0,1,0,0,0,1,1,0,0,1,1,1,2,0
0,0,2,1,1,2,0,0,1,0,1,1,0,1,1,1,1,1,2,1
1,1,1,0,0,2,1,1,1,1,0,0,0,0,2,0,0,0,0,0
2,1,0,0,1,0,0,1,0,1,1,0,0,0,2,1,1,1,0,1
1,0,1,0,1,2,1,0,0,0,1,1,0,0,1,1,0,1,2,1
0,0,1,2,0,1,2,1,0,0,1,1,0,0,0,0,0,0,0,1
0,0,1,1,0,2,2,0,0,0,1,1,0,0,1,0,0,1,1,1
2,0,0,1,1,0,1,0,1,0,1,0,1,1,0,1,1,1,0,1
2,0,1,1,0,1,1,1,0,0,1,1,0,1,1,0,1,1,1,1
0,0,1,0,0,2,1,0,0,1,1,1,0,0,1,0,0,0,2,1
2,1,2,0,1,0,0,0,0,0,0,1,0,0,0,1,1,1,1,1
1,0,1,0,1,0,0,0,1,0,1,0,1,0,1,0,1,0,2,1
1,0,0,2,1,2,0,0,1,0,1,0,0,0,1,1,0,1,2,1
2,1,2,0,1,0,1,1,1,0,0,1,1,1,0,0,1,0,0,1
2,1,1,2,1,0,2,0,1,0,0,1,0,1,0,1,0,1,1,1
1,0,1,0,0,0,1,0,0,0,1,1,1,1,1,1,0,1,1,1
0,1,1,2,1,1,0,0,0,0,1,0,1,1,1,0,1,1,2,1
0,0,1,1,1,0,0,0,1,0,0,0,0,0,2,0,1,1,1,0
2,1,0,0,0,0,1,2,1,0,1,0,1,0,2,1,1,0,1,1
0,0,1,1,0,2,2,0,0,0,1,1,1,0,1,1,0,1,1,1
0,0,1,1,0,2,2,0,1,0,1,1,0,0,2,1,1,0,2,0
0,1,1,2,1,2,0,2,1,1,1,1,1,1,2,0,1,0,2,1
0,1,0,0,1,2,2,2,1,1,1,1,0,0,2,1,1,1,1,1
1,0,0,1,1,2,2,0,0,0,1,1,1,0,1,1,1,1,1,1
2,1,0,0,1,0,2,2,1,1,1,1,0,1,1,1,0,1,0,1
0,1,0,1,0,0,1,2,1,0,0,1,1,1,1,0,1,1,2,0
0,0,1,1,1,1,1,0,0,1,1,1,0,0,2,1,1,0,2,1
0,1,2,0,1,0,0,2,0,0,0,0,0,1,2,0,0,0,0,1
2,0,1,1,0,2,2,0,0,0,1,1,1,0,1,1,0,1,1,1
1,0,1,0,1,1,1,1,0,0,1,0,1,0,1,1,0,0,1,1
0,0,2,2,0,2,2,0,0,0,1,0,0,0,1,0,0,0,0,1
2,1,2,0,1,2,1,2,1,0,1,0,1,0,1,0,0,0,2,1
2,1,0,0,1,2,0,1,0,1,0,1,0,1,1,1,1,1,1,0
2,1,0,1,1,0,1,2,0,0,1,1,1,0,1,0,1,1,2,1
2,1,2,0,1,0,2,2,1,0,0,1,1,1,2,0,1,0,2,0
0,0,0,1,0,1,1,0,1,0,1,0,0,1,2,0,1,0,1,1
2,0,2,1,1,2,1,0,1,0,1,0,1,0,0,0,0,0,1,1
0,1,0,1,0,2,1,0,1,1,1,1,1,1,0,1,1,1,2,1
2,1,0,1,1,2,1,1,1,0,1,1,1,0,1,0,1,1,1,1
1,0,0,0,1,0,0,0,1,0,1,1,0,0,1,1,1,1,2,1
2,1,2,0,1,1,1,1,1,0,0,0,1,1,0,0,0,0,0,1
1,0,1,0,0,2,1,0,0,0,1,1,0,1,0,0,0,0,2,1
0,0,2,0,1,1,0,0,1,0,1,0,1,0,1,1,1,1,1,1
0,0,0,1,1,0,0,0,1,0,1,1,1,1,0,0,0,1,2,1
2,0,2,0,1,1,0,0,1,0,1,1,0,0,2,1,1,1,1,0
2,1,1,0,0,1,2,2,1,1,1,1,0,1,1,1,0,1,1,1
0,0,2,1,0,0,1,0,0,0,1,0,1,0,2,0,0,1,1,1
0,0,2,1,0,2,1,0,1,0,0,1,0,0,2,0,1,1,0,1
0,0,1,1,1,0,0,0,1,0,1,0,1,0,1,0,1,1,1,0
1,0,1,0,1,1,0,0,1,0,1,1,1,0,0,1,0,1,1,1
2,1,0,0,1,2,0,0,0,0,1,0,1,1,0,1,1,1,2,0
0,1,0,2,0,0,2,2,1,1,0,0,0,1,0,1,0,1,0,1
0,0,0,1,0,2,1,0,0,0,1,1,1,0,1,0,0,1,2,1
2,1,0,1,1,2,0,2,0,0,0,1,1,0,1,0,1,0,1,1
1,0,0,2,1,1,0,0,1,0,1,0,0,0,1,1,0,1,1,1
0,1,1,1,1,2,1,0,1,0,0,1,1,0,2,1,1,0,1,1
1,1,0,1,1,2,1,0,1,0,1,1,1,1,2,0,1,1,1,1
0,1,1,1,0,0,2,2,1,1,1,0,0,1,1,1,0,1,0,1
0,0,0,1,1,2,0,0,1,0,1,1,0,1,0,1,1,1,2,1
1,0,0,0,1,2,1,0,0,0,1,1,0,0,1,0,1,1,2,1
1,0,0,0,1,1,0,1,1,0,1,0,1,0,0,1,1,1,1,1
2,1,1,0,0,1,1,2,1,1,0,0,0,1,1,1,1,1,0,0
1,1,1,0,0,1,2,2,1,0,0,0,0,1,1,1,1,1,1,0
2,1,1,1,0,2,1,1,1,1,0,1,0,1,0,1,1,1,0,1
0,0,1,0,1,2,0,0,1,0,0,0,1,0,1,0,0,0,2,1
0,1,0,1,0,1,2,2,1,0,1,0,0,0,1,1,1,1,2,0
0,1,0,2,0,1,1,2,1,0,1,0,1,1,1,1,1,1,2,1
0,0,2,2,0,2,2,0,0,0,1,0,1,1,0,0,0,1,1,1
1,1,0,0,1,2,0,2,1,0,0,1,1,1,2,0,0,0,2,1
2,1,2,1,0,1,2,1,1,1,1,1,1,0,2,0,0,1,0,1
0,0,1,1,1,0,1,0,0,0,1,1,1,1,1,0,0,0,2,1
0,1,1,0,0,0,1,2,1,0,0,1,1,0,1,0,0,0,2,1
2,0,1,1,0,2,2,0,0,0,1,1,1,1,1,1,0,1,1,1
0,0,1,2,1,2,0,0,1,0,1,1,0,1,2,0,0,0,1,1
0,1,1,1,0,2,2,0,1,1,0,1,1,1,0,0,0,0,2,1
1,0,1,1,0,2,1,0,0,0,1,1,1,1,1,1,1,1,0,1
1,0,1,0,0,1,1,2,1,0,1,0,1,0,1,0,1,0,2,1
0,0,1,0,1,1,0,0,1,0,1,0,1,0,1,1,1,1,1,1
0,1,0,1,1,1,1,0,1,0,1,0,1,0,0,1,1,0,2,1
2,0,1,1,0,1,2,1,1,0,1,0,1,0,2,1,0,1,0,1
0,0,1,1,0,1,2,1,0,0,1,1,1,1,1,1,1,0,1,0
0,1,1,0,1,2,0,2,0,0,0,0,1,0,0,0,1,0,2,1
2,0,0,1,1,2,0,0,0,0,1,1,1,1,0,1,0,1,1,0
0,1,1,2,0,2,2,0,1,0,0,1,1,0,2,0,0,1,1,0
2,1,2,1,1,2,0,0,0,1,0,1,1,1,2,0,1,0,2,1
0,0,1,2,1,1,0,0,0,0,1,1,0,1,0,1,0,1,2,0
2,1,2,1,1,2,0,2,1,0,1,0,1,0,2,1,0,0,1,1
0,1,1,0,1,1,2,1,1,0,1,1,0,0,1,1,1,1,1,0
0,0,2,2,0,2,1,0,0,0,1,1,1,0,1,0,1,0,1,1
0,0,1,2,0,2,2,0,1,0,1,0,1,1,2,1,1,1,1,0
0,1,0,0,1,2,0,1,0,1,0,0,1,1,1,1,1,1,2,1
2,1,0,1,1,0,0,1,0,0,0,0,0,0,2,1,1,0,1,1
2,1,2,1,0,0,0,2,0,0,0,1,1,1,0,0,0,1,2,0
0,0,1,1,1,2,1,0,0,0,1,1,0,0,1,1,1,0,2,1
0,0,0,1,1,1,0,0,1,0,1,1,1,1,2,1,0,0,1,1
1,0,1,0,1,0,2,0,0,0,1,0,1,0,1,1,1,1,1,1
2,1,2,1,1,2,2,1,1,0,1,0,1,1,1,0,0,1,0,0
1,0,0,1,1,1,1,1,0,0,1,1,0,1,0,0,1,1,1,0
0,0,1,1,0,2,1,0,0,0,1,1,1,1,1,1,0,0,1,1
0,0,1,1,1,1,0,0,1,1,1,0,1,0,0,1,0,0,1,0
1,0,1,0,1,2,1,0,0,0,1,1,1,0,1,1,0,1,1,1
0,1,1,1,0,1,2,1,1,1,0,0,0,1,0,1,0,1,0,1
1,1,1,1,0,1,1,1,1,0,1,1,0,0,1,0,1,1,1,1
0,0,1,2,1,0,0,0,1,0,1,1,1,0,0,0,1,1,2,1
2,1,0,1,0,2,1,0,1,0,1,1,1,1,2,0,0,1,1,1
0,0,1,2,1,0,0,1,1,0,1,0,0,0,0,0,0,0,0,1
1,0,0,1,0,2,2,0,0,0,1,1,0,0,1,1,0,1,2,1
0,0,2,1,0,2,1,0,0,0,1,1,1,1,1,0,0,0,2,0
1,0,1,0,1,1,0,0,0,0,1,1,0,0,1,0,0,0,2,0
0,0,1,1,0,0,1,2,0,0,1,1,1,0,2,1,0,0,0,1
1,0,1,1,1,0,0,0,0,0,1,1,0,1,1,1,1,0,2,1
0,0,0,1,1,0,2,0,0,0,1,1,1,1,1,1,0,1,1,0
0,0,2,1,0,2,1,0,0,0,1,1,1,0,0,0,0,1,2,1
1,0,0,1,0,0,1,0,0,0,1,0,1,1,0,0,1,1,2,0
1,1,1,0,0,0,2,2,1,0,0,0,1,1,2,1,0,1,1,0
2,1,2,1,0,1,2,1,1,0,1,0,1,0,0,0,0,1,0,0
0,0,0,1,1,0,2,0,0,0,1,0,1,0,1,0,1,1,2,0
2,1,2,0,0,0,1,2,1,0,0,1,1,0,1,0,1,0,2,1
0,0,0,0,0,2,1,0,0,0,1,0,1,1,2,0,0,0,2,1
0,1,1,0,1,0,2,2,1,1,1,0,0,1,0,1,1,1,0,1
0,0,0,0,0,2,2,0,0,0,1,1,1,0,2,1,1,1,1,1
0,0,0,2,0,0,1,0,1,0,1,0,1,1,0,0,0,1,2,0
2,1,0,1,0,1,1,1,1,0,0,0,0,1,2,1,1,0,0,1
1,0,1,0,1,0,0,1,1,0,1,0,1,0,1,0,0,0,1,1
2,1,2,0,1,1,0,0,0,0,0,0,1,1,0,1,1,0,2,1
0,1,1,0,1,2,2,2,1,1,1,0,0,0,1,1,0,1,1,1
0,0,0,0,0,1,1,1,0,0,1,1,0,1,2,0,1,0,0,1
0,0,0,1,0,2,1,0,0,0,1,1,0,1,0,0,0,1,0,1
0,0,1,0,1,2,0,0,1,0,1,0,1,1,1,0,1,0,2,0
0,0,0,0,1,1,0,0,1,1,1,0,1,1,0,1,0,0,1,1
0,0,1,1,1,2,0,0,1,0,0,0,1,1,2,0,1,0,2,1
0,1,0,1,0,0,2,2,1,1,1,0,0,1,2,1,1,0,1,1
1,0,1,0,0,2,2,0,0,0,1,1,1,1,0,1,0,1,0,1
1,0,0,2,1,1,0,0,1,0,1,0,0,1,2,0,1,1,2,1
2,1,0,0,1,2,1,1,1,0,1,1,0,1,0,1,1,1,2,1
2,0,2,0,1,0,0,0,1,0,1,0,1,0,1,1,0,1,1,1
1,0,0,0,1,1,0,0,1,0,1,0,0,1,2,1,1,1,2,1
0,0,1,0,1,1,0,0,1,0,1,1,0,1,2,0,0,0,0,0
1,0,1,0,1,0,0,0,1,0,1,0,1,1,1,1,0,1,0,1
2,1,2,1,1,0,0,2,1,1,1,0,0,1,0,1,1,1,0,1
0,1,1,1,1,0,0,0,1,0,1,0,0,0,1,1,0,0,1,1
0,1,1,1,1,2,2,2,1,1,0,0,0,0,2,1,0,0,1,1
2,1,2,1,0,1,1,1,1,1,1,1,0,0,2,0,1,0,0,1
0,1,2,1,0,0,1,2,1,0,1,0,1,1,1,0,0,1,2,1
1,0,1,0,1,1,1,0,0,0,1,1,0,1,2,1,0,1,2,1
1,0,0,0,1,1,1,0,1,0,1,0,0,1,0,1,0,1,1,1
0,0,0,1,1,1,1,0,0,0,1,0,1,0,1,0,1,1,2,0
0,0,0,0,0,2,1,0,0,0,1,1,0,1,2,0,1,0,1,1
0,0,1,1,0,2,1,0,1,0,1,0,0,1,1,0,0,0,0,1
0,1,1,1,1,1,1,2,0,0,1,0,1,1,1,1,1,0,1,1
0,0,1,2,0,2,1,0,1,0,1,0,0,0,0,1,1,1,2,1
2,0,2,1,0,1,1,0,0,0,1,0,0,1,1,0,1,0,0,1
0,1,0,1,0,0,2,2,1,1,1,0,0,1,0,1,1,1,2,1
0,0,0,1,1,2,0,0,1,0,1,0,0,1,2,0,1,1,1,1
0,1,0,1,0,0,2,0,1,0,1,0,1,1,0,1,1,0,2,1
2,0,1,0,1,2,0,1,1,0,1,0,1,1,0,1,1,1,0,1
0,0,0,1,0,2,1,0,1,0,1,0,0,0,1,1,1,0,2,0
0,1,0,1,1,0,1,2,1,0,0,1,1,0,1,0,1,0,2,1
2,0,2,1,1,1,1,1,1,0,0,0,0,1,0,0,0,0,0,1
2,1,2,1,0,1,1,2,1,1,0,1,1,0,0,0,1,0,2,0
0,0,0,1,0,1,2,1,0,0,1,0,1,0,0,1,0,0,1,1
2,1,1,1,0,1,1,1,1,0,1,1,0,0,1,1,1,0,0,1
0,1,1,1,1,2,0,1,0,0,1,1,1,1,1,0,1,1,0,1
0,0,2,0,0,1,1,1,0,0,1,1,0,1,0,0,1,0,1,1
0,1,2,1,0,1,1,1,1,1,0,1,1,0,0,0,1,1,0,0
0,1,0,1,1,1,1,2,1,0,1,1,1,1,0,0,1,1,2,1
1,1,1,0,0,0,1,2,1,1,1,1,1,1,0,0,0,0,1,1
0,0,2,2,0,1,0,2,1,0,1,0,1,0,2,1,0,1,0,1
0,0,1,0,1,2,0,0,1,0,1,0,1,0,0,1,1,1,1,0
1,0,2,0,1,0,1,1,0,0,0,1,0,1,1,0,0,1,0,1
2,0,2,0,0,2,2,0,0,0,1,0,0,1,0,0,1,0,1,1
0,0,2,0,0,2,1,0,0,0,1,1,0,0,1,0,0,0,1,0
1,0,0,0,1,0,1,2,0,0,0,1,1,0,2,0,0,0,1,1
0,0,0,1,0,2,0,0,1,0,1,0,0,0,1,1,1,0,2,1
2,1,0,1,1,2,1,2,1,0,1,1,1,0,1,0,1,0,2,1
1,1,0,2,0,1,1,2,1,1,1,1,1,0,0,0,1,0,2,1
2,0,0,1,1,0,0,1,1,0,0,0,0,1,0,0,1,1,2,1
0,1,1,0,0,1,1,2,1,1,0,1,1,1,1,1,0,1,2,1
0,0,1,0,1,2,2,0,0,0,1,1,0,1,1,1,0,0,2,1
0,0,1,1,0,2,1,0,0,0,1,1,0,0,2,1,0,1,2,0
0,1,1,1,1,1,0,1,0,0,1,0,0,1,1,1,0,0,1,1
0,0,2,1,0,2,2,0,0,0,1,0,0,0,2,0,1,0,0,1
2,0,0,1,0,2,1,0,0,0,1,1,1,0,1,0,0,0,1,1
0,1,1,1,1,2,1,1,1,1,0,0,0,1,0,1,1,1,0,1
0,0,2,0,1,0,0,0,1,0,1,0,1,1,0,0,1,0,1,1
2,1,2,0,1,1,0,1,0,0,0,1,0,0,0,0,1,0,0,1
0,0,0,1,0,2,2,0,1,0,1,1,0,1,2,1,1,1,2,1
2,1,2,1,1,0,0,2,1,0,1,0,0,1,1,1,0,1,0,1
0,0,1,1,1,0,0,2,1,0,1,0,0,1,1,1,1,0,1,1
0,0,1,1,1,2,0,0,0,0,1,1,0,1,1,1,0,1,2,0
0,0,1,1,1,2,0,0,1,0,1,0,1,1,1,0,1,1,2,1
0,0,1,1,0,2,2,0,0,0,1,1,1,1,1,1,0,0,0,1
2,1,2,0,1,2,0,0,0,0,0,0,1,1,1,1,1,0,2,1
0,0,0,1,1,2,0,0,1,0,1,0,0,0,1,1,1,1,2,1
0,0,0,0,0,1,2,2,0,0,1,1,0,0,1,1,0,1,2,1
0,0,1,0,1,0,0,0,1,0,1,0,1,1,2,0,1,0,1,1
0,0,0,1,0,2,1,0,0,0,1,1,0,1,1,1,0,0,2,1
2,1,0,0,1,0,0,2,0,0,0,0,0,0,1,1,1,1,1,0
0,0,1,0,0,1,1,1,0,1,1,0,1,1,2,0,0,0,1,1
1,0,1,2,0,0,1,2,0,0,1,1,0,0,0,1,1,1,2,0
2,0,1,1,0,0,1,0,0,0,1,1,0,1,1,1,0,0,2,1
0,1,1,1,1,2,0,0,1,1,1,1,1,0,0,0,1,0,1,1
2,0,0,1,1,2,1,0,0,0,1,0,1,0,1,1,1,0,2,1
0,1,0,0,1,1,0,2,0,0,1,1,0,1,2,0,1,0,0,0
0,1,0,1,0,1,1,2,1,0,0,0,0,0,2,1,1,1,1,1
0,1,1,2,0,2,2,1,1,0,1,1,1,0,0,0,1,0,1,0
1,0,1,0,1,0,0,0,1,0,1,0,1,0,1,0,1,0,2,1
2,0,1,1,1,2,0,0,1,0,1,0,1,0,1,1,0,0,1,1
0,0,1,1,0,2,2,1,0,1,1,1,1,1,1,1,0,1,1,0
1,0,0,2,0,2,1,0,0,0,1,1,1,1,0,0,0,1,1,1
0,0,0,1,1,1,0,0,0,0,1,0,0,0,0,1,1,0,2,0
1,0,2,0,0,0,2,0,0,0,1,1,1,1,1,0,1,0,1,1
0,0,1,1,1,1,0,0,1,0,1,0,0,1,1,0,0,1,1,0
2,1,2,1,1,1,0,2,1,0,0,0,1,1,0,0,1,1,2,1
1,0,0,1,1,1,0,0,1,0,1,1,1,1,2,1,1,0,2,0
0,1,1,1,1,2,0,2,0,0,1,1,1,1,1,0,0,1,2,1
0,1,0,0,0,1,1,1,1,0,1,1,1,0,2,0,0,0,0,1
0,0,1,1,1,1,0,0,1,0,1,0,1,0,1,0,0,1,2,1
0,0,1,1,1,0,0,0,1,0,1,1,0,0,1,1,0,0,2,1
0,1,0,1,0,0,0,0,0,0,0,0,0,1,1,1,1,0,1,1
2,1,0,1,1,0,0,2,0,0,1,1,1,1,0,1,1,1,1,1
0,0,2,0,0,2,1,0,0,0,1,0,1,1,2,0,1,0,1,1
0,0,1,0,1,2,0,1,1,0,1,1,1,1,1,0,1,0,0,1
0,0,1,1,1,2,1,0,1,0,1,0,0,0,2,1,0,0,1,1
2,1,2,0,1,0,0,2,1,1,0,1,1,1,0,0,0,0,2,1
1,0,1,0,0,2,0,0,1,0,1,0,1,0,1,0,1,0,2,1
0,1,1,0,0,0,0,2,1,0,0,1,1,0,1,0,0,0,2,1
1,0,1,0,1,1,1,0,0,0,1,1,1,0,1,1,0,1,1,1
0,0,1,1,1,1,2,0,0,0,1,1,0,1,1,1,0,1,2,1
0,0,1,1,0,2,1,0,0,0,1,1,1,0,1,1,1,0,1,1
0,0,2,0,0,2,1,0,1,0,1,0,1,1,0,0,0,0,2,1
0,0,0,1,0,2,1,0,0,0,0,1,0,0,1,0,1,1,2,1
0,0,2,1,1,1,2,0,1,0,1,1,0,0,0,1,1,0,2,0
2,1,0,1,1,0,0,2,0,0,1,1,1,1,0,0,1,1,2,0
2,1,0,1,1,0,0,2,1,0,1,1,0,1,2,1,1,0,0,1
1,0,0,0,1,1,0,0,0,0,1,1,0,0,1,1,0,0,2,1
0,0,0,1,1,1,1,0,0,0,1,1,0,0,1,1,0,1,1,1
0,0,0,1,0,2,1,0,0,0,1,1,0,1,0,1,1,1,2,1
1,0,0,0,0,2,1,0,0,0,1,0,0,0,0,0,1,0,1,1
0,0,1,1,1,1,0,2,0,0,1,0,0,1,1,0,1,0,0,0
0,0,1,1,1,1,0,0,1,0,1,0,1,0,2,0,0,1,2,0
0,0,0,1,1,0,0,0,1,0,1,0,0,0,1,1,0,1,2,0
2,0,0,1,1,1,0,0,1,0,1,0,1,0,1,1,1,1,2,1
0,1,1,2,1,2,1,2,0,0,1,0,0,1,2,1,1,1,1,1
0,0,1,1,1,0,0,0,1,0,1,0,0,1,1,0,1,1,2,1
2,1,0,1,0,1,1,1,1,0,0,1,0,0,2,1,1,0,1,0
0,0,0,1,0,2,1,0,1,0,1,0,0,1,0,0,1,1,1,1
0,1,1,1,1,2,1,1,1,1,0,1,1,1,1,1,1,0,0,0
0,0,0,1,1,1,0,0,1,0,1,0,1,1,0,1,1,0,2,0
0,0,1,0,0,0,1,0,0,0,1,1,0,0,1,1,0,1,2,1
2,1,2,0,1,2,0,2,0,0,0,1,1,0,1,0,1,0,2,1
0,0,1,0,0,2,1,0,0,0,1,1,1,1,2,0,0,0,1,0
0,1,0,1,0,0,0,2,0,1,1,0,0,0,2,1,1,0,1,1
2,0,0,1,1,2,0,0,0,0,1,1,1,0,1,1,1,0,0,1
2,1,1,1,0,1,1,1,1,1,0,0,0,1,0,1,0,1,1,1
2,1,0,2,1,1,0,1,0,0,1,1,1,0,2,1,1,1,2,1
0,1,0,1,0,0,2,2,1,1,1,1,0,0,0,1,0,0,1,1
0,0,1,1,1,1,1,0,0,0,1,1,1,0,1,1,0,0,0,1
2,0,2,0,0,0,1,2,1,0,1,0,1,1,0,0,1,0,2,1
2,1,0,1,1,2,1,1,0,1,1,0,1,0,2,0,1,0,0,1
0,1,0,2,1,1,0,2,0,0,1,0,0,1,1,1,1,1,1,1
0,0,1,1,1,1,1,0,0,0,1,1,1,1,1,1,1,0,1,1
0,1,1,0,0,0,1,2,1,0,1,0,1,0,1,1,0,1,1,1
2,1,2,0,0,1,0,2,0,0,0,0,0,0,1,1,0,1,1,1
0,0,1,1,0,1,1,1,1,0,1,1,1,0,1,1,0,0,1,1
0,1,2,0,0,1,2,1,1,0,0,0,1,1,2,0,0,0,0,0
0,0,1,1,1,1,0,0,1,0,1,0,1,0,1,0,1,1,2,1
1,1,0,1,1,2,0,2,0,0,1,1,0,1,2,1,1,1,1,1
2,0,2,1,1,2,1,0,0,0,1,0,0,0,0,0,1,1,2,1
0,0,1,1,1,1,0,0,1,0,1,0,1,0,1,0,0,0,1,0
2,0,2,1,0,2,1,0,0,0,1,1,1,0,0,0,0,1,1,0
2,1,1,1,0,1,1,2,1,0,0,1,1,1,2,0,0,1,2,1
0,0,0,0,0,2,1,0,1,0,1,0,1,0,1,0,1,0,1,1
0,1,0,0,1,2,0,1,0,0,1,0,1,0,2,1,1,1,2,1
0,1,1,0,1,2,0,1,1,0,0,0,1,1,2,0,0,0,1,1
2,1,2,1,0,0,0,2,0,0,0,1,1,1,0,0,0,0,2,0
1,1,1,0,0,2,2,0,1,0,0,0,0,1,2,1,1,1,1,1
1,0,2,0,1,2,0,0,1,0,1,0,0,1,0,0,0,0,2,1
2,0,2,1,1,0,0,2,1,0,1,0,1,1,1,0,0,1,2,1
0,0,1,0,1,1,0,0,1,0,1,0,1,0,1,1,1,0,1,1
2,1,1,1,0,0,1,2,1,0,0,0,1,0,2,0,0,1,2,1
0,1,1,0,0,0,0,2,1,0,1,0,1,1,1,1,1,1,2,0
0,1,1,2,1,2,0,1,0,0,0,1,1,0,1,0,0,0,0,0
1,1,2,2,1,2,1,2,1,0,1,0,1,1,0,0,0,0,2,1
2,1,0,0,0,1,1,2,1,0,1,1,1,0,2,0,0,0,2,1
0,1,1,1,1,2,0,1,0,0,0,0,1,0,2,0,0,1,2,1
2,1,2,1,1,2,2,1,1,0,1,1,0,0,2,0,1,1,0,0
2,1,1,2,0,1,1,1,1,0,0,1,1,0,0,0,1,0,0,1
0,0,1,1,0,2,1,0,0,0,1,0,0,1,1,1,0,0,2,1
2,1,1,1,0,0,2,2,1,0,0,1,1,0,2,0,0,1,2,0
0,0,2,1,0,1,1,1,0,0,1,0,1,0,0,0,1,0,2,1
0,0,1,1,1,2,1,0,0,0,1,1,1,1,1,1,0,1,2,1
0,0,0,0,0,1,1,0,0,0,0,0,0,0,0,0,1,0,1,1
2,1,0,0,1,2,0,1,0,0,0,1,0,1,2,1,0,0,0,0
1,1,0,1,1,2,0,1,0,0,1,0,0,1,1,1,1,0,1,0
0,1,0,0,0,1,1,1,1,0,1,1,1,1,2,0,1,0,0,1
0,1,1,1,1,0,0,2,1,1,1,1,0,1,1,1,0,0,1,0
1,1,0,0,1,0,1,2,1,0,1,1,1,0,0,1,1,0,2,1
0,1,0,1,1,0,0,2,1,0,1,1,1,1,0,1,1,0,0,0
2,0,0,2,1,2,0,0,0,0,1,1,0,1,0,1,0,1,2,1
2,1,0,0,0,1,2,0,1,0,1,0,0,1,2,1,0,1,1,0
0,0,1,0,1,2,1,1,1,0,1,0,1,0,1,1,1,1,1,1
2,0,0,1,1,2,0,0,1,0,1,0,1,1,0,1,1,1,0,1
0,1,1,1,1,1,0,0,1,1,0,1,0,1,0,0,0,0,0,1
2,1,2,0,0,1,1,2,1,0,0,1,1,1,1,0,1,0,2,1
1,0,0,0,1,0,1,2,0,0,1,1,0,0,2,1,0,1,2,1
1,1,1,2,0,2,0,0,1,0,0,1,1,0,2,0,0,0,2,1
0,0,0,0,1,1,1,0,0,0,0,1,1,1,0,0,0,0,2,1
2,1,2,0,1,0,0,2,0,1,1,0,0,0,2,1,0,1,1,0
0,1,1,1,1,1,1,1,0,0,0,0,1,0,2,1,0,0,1,0
0,0,1,1,1,2,0,0,1,0,1,0,0,1,2,1,0,0,2,1
0,0,0,1,0,2,1,0,1,0,1,0,0,0,1,0,1,1,0,1
0,1,1,0,0,1,1,1,1,0,0,1,0,0,2,1,1,0,2,1
0,1,1,0,0,0,2,2,1,0,0,0,0,0,2,1,1,1,1,1
1,1,1,0,0,1,1,1,1,0,1,0,1,0,1,0,1,1,0,1
2,1,1,0,0,1,1,1,1,1,0,1,1,0,2,0,1,0,1,0
0,0,0,1,1,1,0,1,1,0,1,0,1,0,2,1,1,1,1,1
1,0,0,1,1,0,0,0,1,1,1,0,0,0,0,1,0,0,2,1
0,0,1,2,0,2,2,0,0,0,1,1,1,1,2,1,0,0,1,1
2,1,0,1,1,0,0,2,0,0,0,0,0,1,0,1,1,0,0,1
2,1,2,1,1,0,0,2,1,1,1,1,1,0,0,1,0,0,2,1
0,0,1,1,1,2,0,0,1,0,1,0,1,0,1,1,0,1,0,1
1,1,1,1,1,2,1,1,1,0,1,1,1,0,1,1,1,1,1,1
0,0,0,1,0,1,1,0,0,0,1,1,0,1,0,1,0,1,1,1
0,1,1,1,1,2,0,2,0,0,1,1,1,1,1,0,0,1,2,1
2,0,0,1,1,0,0,0,1,0,1,0,1,0,0,1,1,0,0,0
0,1,0,0,0,1,2,1,1,0,1,0,0,0,1,1,1,1,1,0
0,0,0,1,0,0,1,0,0,0,1,1,0,1,2,0,0,1,2,0
0,0,2,0,0,2,1,0,0,0,1,0,0,1,0,0,1,0,1,1
2,1,2,1,0,1,1,1,1,1,1,0,0,0,2,1,1,1,1,0
0,1,1,1,0,1,2,1,1,0,1,1,0,1,1,1,1,1,1,1
0,0,1,1,1,2,0,0,1,0,1,0,1,1,1,0,0,1,1,1
1,1,0,0,0,0,1,2,1,1,1,1,1,1,0,0,0,0,2,1
2,1,2,1,1,2,1,0,1,0,1,0,1,0,0,0,0,1,1,1
0,0,1,1,1,1,0,0,1,0,1,0,1,1,1,1,1,1,1,1
0,1,1,0,0,0,1,2,1,0,1,0,0,0,1,1,1,1,1,1
0,1,1,1,0,2,1,2,1,1,1,1,1,1,1,0,1,0,2,0
0,0,0,0,0,2,1,0,0,0,1,1,1,1,2,0,1,0,2,1
0,0,1,1,0,2,1,0,0,0,1,1,1,0,1,0,0,1,1,1
2,1,1,1,0,1,1,2,1,0,1,0,0,1,1,1,1,0,0,1
1,0,2,2,0,2,0,0,1,0,1,0,1,0,2,1,1,1,1,1
1,0,0,0,1,2,0,0,0,0,1,1,0,0,2,1,1,0,2,0
0,0,0,1,1,0,0,0,0,0,1,1,1,0,0,1,0,0,0,1
2,0,0,1,0,2,1,0,0,0,0,0,0,0,2,0,1,0,0,1
0,0,0,1,0,2,1,0,0,0,1,1,0,0,1,0,1,1,2,1
2,1,0,0,1,2,0,2,1,0,1,0,0,1,2,1,1,1,0,1
1,0,0,2,1,2,1,0,1,0,0,0,1,0,1,0,0,0,1,1
0,0,1,1,1,2,1,0,0,0,1,1,1,0,1,0,0,1,2,1
1,0,0,0,1,0,0,0,0,0,1,1,1,0,0,1,0,1,2,0
0,0,1,2,0,2,1,0,0,0,1,1,1,1,2,1,1,1,0,1
1,0,2,1,0,2,0,0,1,0,0,0,1,0,2,0,0,0,2,1
0,1,1,0,1,0,0,1,1,0,0,1,1,0,2,0,1,0,0,1
0,1,1,2,0,2,1,0,1,0,1,0,0,0,0,1,0,1,1,1
2,1,2,0,1,2,0,1,0,0,0,0,0,0,2,1,0,1,1,1
0,1,1,0,1,1,0,0,1,0,1,1,1,1,1,1,0,1,2,1
2,0,2,1,1,2,0,0,1,0,1,0,1,1,0,1,1,1,0,1
0,0,0,1,0,2,1,0,0,0,1,1,1,0,1,0,1,1,1,0
1,0,1,2,1,0,1,0,0,0,1,1,0,0,0,1,0,1,2,1
1,0,0,0,1,2,0,0,1,0,1,0,1,1,2,0,1,0,1,0
0,0,0,0,0,2,1,0,0,0,1,1,1,0,1,1,1,1,1,1
0,1,0,0,0,0,1,2,1,0,0,1,0,1,0,1,1,1,1,1
0,1,1,0,1,0,2,2,1,0,1,0,0,0,1,1,1,1,0,0
0,1,1,0,1,2,0,1,0,1,1,1,1,0,2,0,0,0,1,1
0,1,0,2,0,0,2,2,1,0,1,1,1,1,2,1,0,1,0,1
1,1,1,2,0,1,1,1,0,0,1,1,0,1,2,0,0,1,0,1
2,1,0,0,1,2,0,0,0,0,0,0,0,0,0,1,1,1,0,1
2,1,2,1,1,0,2,1,1,0,0,1,1,0,2,0,1,1,2,0
2,0,2,0,1,1,0,0,1,0,1,1,0,0,2,1,1,1,2,1
2,1,1,1,1,2,1,2,1,0,0,1,1,1,0,0,1,1,2,1
1,0,1,0,0,2,1,0,0,0,1,0,0,1,2,0,1,0,1,1
0,1,1,1,1,0,0,2,1,1,1,1,0,0,1,1,0,0,0,1
2,1,0,0,0,1,2,1,1,0,0,1,0,0,0,1,0,1,1,1
1,0,0,2,1,1,1,0,0,0,1,1,1,0,2,0,0,0,1,1
0,0,0,0,1,1,0,0,1,0,0,0,1,0,0,0,0,0,2,1
0,0,2,0,0,2,1,0,0,0,0,0,1,0,2,0,0,0,1,1
0,0,1,1,1,0,0,0,1,0,1,0,1,1,1,0,1,1,2,0
0,1,1,1,1,1,0,2,0,0,0,1,1,0,2,0,0,0,2,1
2,0,2,1,0,2,1,0,0,0,1,1,1,0,0,0,1,1,2,1
0,0,1,1,0,2,2,0,0,0,1,1,1,1,1,1,0,0,1,1
0,1,2,1,1,1,0,2,0,1,1,1,0,0,0,1,1,1,0,0
2,1,0,0,0,1,1,1,1,0,1,1,0,0,2,0,1,0,1,1
0,0,1,1,1,2,0,0,1,0,1,0,1,0,1,1,0,1,2,1
0,1,1,1,0,1,2,2,1,0,0,1,1,0,2,0,0,1,2,0
0,0,1,1,1,1,2,1,0,1,1,1,1,1,0,1,1,1,0,0
1,0,1,1,0,2,1,0,0,0,1,1,0,1,1,0,0,0,2,1
2,1,1,1,0,1,2,1,1,1,0,0,0,0,0,1,0,1,0,1
0,0,0,0,1,2,0,0,1,0,1,0,1,0,2,1,0,1,0,1
2,1,2,1,1,0,0,2,1,1,1,1,1,0,0,1,1,1,2,1
0,1,1,1,0,2,1,0,1,1,0,1,1,1,1,0,1,0,2,0
2,1,1,0,0,1,2,2,1,0,1,0,0,0,1,1,1,1,1,0
2,1,0,0,1,2,0,2,0,0,0,0,0,0,2,1,1,0,1,1
2,0,2,1,1,0,1,0,0,0,1,1,0,0,0,0,0,0,1,1
0,0,1,0,1,2,1,0,0,0,1,1,0,0,1,1,0,0,1,0
2,1,0,1,1,2,0,1,0,1,0,1,0,1,0,1,0,1,1,1
1,1,1,2,1,0,0,0,1,1,0,1,1,1,1,0,0,1,0,1
0,0,1,1,0,1,1,1,0,0,1,0,0,1,1,0,1,1,0,1
2,1,0,0,1,2,1,0,1,0,0,0,1,0,2,1,1,1,2,0
0,0,1,1,1,1,0,0,1,0,1,0,1,1,1,0,0,1,2,1
2,0,2,1,0,2,1,0,1,0,1,0,1,1,1,1,1,0,2,1
0,1,0,1,0,2,2,0,1,0,1,1,0,1,0,1,0,0,1,0
1,0,2,2,0,0,1,2,0,0,1,1,1,0,2,0,0,0,2,1
0,1,0,0,0,0,2,2,1,1,1,0,0,1,1,1,0,1,1,1
0,1,1,1,0,0,1,2,1,0,1,1,0,0,1,1,1,0,2,1
0,1,0,0,1,1,0,0,1,0,0,0,0,1,2,1,1,0,1,0
0,1,1,1,1,1,0,0,0,0,1,1,0,0,1,0,0,0,0,1
0,0,1,1,1,0,0,0,1,0,1,0,1,1,1,0,0,0,1,1
0,0,1,1,0,0,2,0,0,0,1,0,0,1,0,1,1,0,2,1
1,1,1,0,0,2,1,0,1,0,1,0,0,0,1,1,0,0,0,1
0,0,0,2,1,2,1,0,0,0,1,1,1,0,1,0,0,1,2,1
0,0,2,2,0,2,2,0,0,0,1,1,1,0,1,1,1,1,2,1
2,0,2,0,1,2,0,1,1,0,0,0,0,0,2,0,1,0,0,1
0,1,1,1,1,2,0,1,0,1,0,0,0,0,2,0,0,1,1,0
2,1,1,0,0,0,1,2,1,0,1,0,0,0,0,1,0,0,1,1
2,1,0,1,0,1,0,1,0,0,1,0,0,1,0,1,1,0,1,0
1,0,1,0,1,2,0,0,1,1,1,0,1,0,2,0,1,0,2,1
1,0,1,2,1,1,0,0,1,0,1,0,0,1,2,0,1,0,1,1
2,1,0,0,1,0,0,1,1,0,0,1,1,1,2,0,0,0,1,1
0,0,0,1,1,2,0,0,1,0,1,0,0,1,0,1,1,0,2,1
0,0,0,0,0,2,0,0,1,0,1,0,0,1,2,1,0,1,2,1
0,0,0,1,1,1,0,0,0,0,1,1,0,0,1,1,1,0,1,1
2,1,2,1,0,2,2,1,1,0,1,0,1,1,2,1,0,0,2,1
0,0,0,2,0,2,2,0,0,0,1,0,1,0,1,1,0,1,1,1
1,0,0,1,1,2,0,0,0,0,1,0,0,1,2,1,1,0,2,0
2,1,0,0,1,1,1,0,1,0,0,0,1,1,2,1,1,0,1,1
2,1,1,1,0,1,2,1,1,0,1,1,1,1,1,0,1,0,0,0
0,1,2,1,0,1,1,1,1,1,0,1,1,0,1,0,0,0,2,1
0,0,1,0,0,1,1,1,0,1,1,1,1,1,0,1,1,1,0,1
2,1,1,1,0,2,1,0,1,1,0,1,1,1,0,0,1,1,2,0
1,0,1,0,0,2,1,0,0,0,1,1,1,1,2,1,0,1,0,1
0,1,0,2,1,0,0,2,0,0,1,0,0,0,2,1,1,0,0,1
0,0,1,1,1,2,0,0,1,0,1,0,0,1,1,1,0,1,2,1
2,1,2,1,1,2,1,1,1,0,1,0,0,0,0,1,0,0,1,1
1,1,1,0,1,2,0,2,1,0,1,1,0,1,2,1,0,1,1,0
2,1,2,0,1,0,1,1,1,0,1,1,0,1,1,1,0,1,1,0
2,1,0,0,1,2,1,1,1,0,0,1,1,0,2,0,0,0,0,1
1,0,2,0,1,2,0,0,0,0,1,1,1,0,1,1,0,1,2,1
0,1,2,1,0,0,1,0,1,0,1,1,1,1,1,0,1,1,1,1
0,0,2,1,1,1,0,0,1,0,1,0,1,0,2,0,0,0,2,1
0,0,1,1,1,2,2,0,0,0,1,1,1,0,2,1,0,0,0,1
0,1,0,1,1,1,0,0,1,0,1,1,1,1,0,1,1,0,2,0
2,1,2,1,1,0,0,1,0,0,1,0,0,1,0,1,0,0,1,1
1,0,0,1,0,2,1,0,1,0,1,0,1,1,2,1,1,1,1,1
2,1,0,0,1,0,1,2,1,0,1,1,1,0,1,0,1,0,2,1
0,0,1,1,0,2,1,0,1,0,1,0,0,0,1,1,0,1,2,1
1,1,1,1,1,2,0,1,0,0,1,1,1,1,1,0,1,1,1,1
1,0,1,0,0,2,1,0,0,0,1,1,1,1,2,1,0,0,0,1
1,0,1,0,0,2,1,0,0,0,1,1,1,1,2,0,0,0,2,1
1,1,1,1,0,1,1,1,0,0,1,0,0,1,1,1,0,1,1,1
0,0,0,1,1,2,0,0,1,0,1,0,0,0,2,1,1,0,1,1
0,0,1,1,0,2,2,0,1,0,1,1,0,0,2,0,0,1,2,1
0,0,1,1,1,0,0,0,1,0,1,0,1,1,1,1,0,0,1,1
0,1,0,1,0,0,2,2,1,0,0,1,1,1,1,0,1,0,0,0
0,0,0,1,1,2,1,0,0,0,1,1,1,1,0,1,0,1,2,1
1,0,0,2,1,2,1,0,0,0,1,1,1,1,0,0,0,1,1,1
2,0,2,1,0,2,1,0,0,0,1,1,0,1,1,1,0,0,1,1
1,1,1,0,0,0,0,2,0,0,1,1,1,1,0,0,0,0,2,1
2,0,2,1,1,2,0,0,1,0,1,0,0,0,0,0,1,1,0,0
0,0,1,1,1,2,0,1,1,0,1,0,1,1,1,1,0,1,1,1
1,1,0,2,1,2,2,2,1,0,1,0,0,1,2,1,1,0,1,0
0,0,0,1,0,2,2,0,1,0,1,0,1,0,0,1,1,1,1,0
0,0,0,1,1,2,0,0,0,0,1,0,0,1,0,1,1,0,2,1
0,0,1,0,1,0,0,1,1,0,0,0,0,0,0,0,1,0,0,0
0,1,0,1,0,1,1,1,1,0,1,1,1,1,2,0,0,0,0,1
0,0,0,0,0,0,2,2,1,0,1,0,1,0,2,1,1,1,1,1
0,1,1,0,0,1,2,2,1,1,1,0,0,1,0,1,0,1,1,1
0,0,1,0,1,0,0,0,1,0,1,0,0,1,0,1,0,1,2,1
2,0,1,0,1,2,0,1,1,0,1,0,1,1,2,1,0,1,1,1
0,1,2,1,0,0,1,2,1,1,0,1,1,1,1,0,0,1,2,1
0,1,0,0,0,1,2,1,1,0,1,0,0,1,0,1,1,1,1,1
0,0,0,1,0,2,1,0,0,0,1,0,0,0,1,0,1,0,2,1
1,0,1,0,0,2,1,0,0,0,1,1,0,0,1,1,0,1,2,1
0,1,2,2,0,0,0,2,0,0,0,0,0,1,0,1,1,1,0,0
0,0,1,1,1,1,0,0,1,0,1,0,1,0,1,0,1,0,2,1
0,0,1,1,1,1,0,0,1,0,1,0,1,0,2,0,0,1,1,1
0,0,0,1,0,2,1,0,1,0,1,0,1,0,1,0,1,0,2,1
0,1,1,1,1,0,0,2,0,1,1,1,1,0,0,0,1,1,2,1
0,0,1,1,1,2,1,0,1,0,1,0,1,1,1,1,1,1,2,1
0,0,1,2,1,0,1,1,0,0,0,0,1,1,1,0,1,1,1,1
0,1,1,0,0,1,2,2,1,0,1,0,0,0,1,1,1,1,0,0
0,0,1,0,0,2,2,0,0,0,1,1,0,1,2,0,0,0,2,1
2,1,2,1,1,0,1,1,1,0,1,1,1,0,0,0,1,1,1,1
1,0,1,2,1,1,2,0,0,0,1,0,1,1,1,0,1,0,2,0
0,0,0,0,0,2,1,0,1,0,1,0,0,0,0,1,1,1,2,1
0,1,1,2,1,2,1,2,1,1,0,1,1,1,2,1,1,1,2,1
2,1,0,1,1,0,0,1,1,0,1,1,1,0,1,1,0,1,1,0
0,0,2,1,0,2,2,0,0,0,1,1,1,0,2,0,0,0,2,1
0,0,0,1,1,1,0,0,1,0,1,1,1,1,0,1,0,0,1,1
1,0,1,1,1,2,0,0,1,0,1,0,0,0,1,1,0,0,2,1
0,1,1,1,0,0,2,2,1,0,0,0,1,1,2,1,0,0,2,0
0,0,0,1,1,2,0,0,1,0,1,0,1,1,2,0,1,1,1,1
0,0,1,2,1,0,0,1,1,0,0,0,0,0,0,0,0,1,0,1
2,1,2,1,1,2,1,1,1,1,1,0,0,1,2,1,0,0,0,0
0,0,0,1,0,2,1,0,0,0,1,1,0,0,1,0,1,0,2,1
1,0,2,2,0,1,1,0,0,0,1,1,1,0,2,0,1,0,2,0
2,1,2,1,1,2,1,2,1,0,1,1,1,1,1,0,0,1,2,1
0,1,2,1,0,0,2,2,1,0,1,1,1,0,0,0,0,1,2,0
0,0,1,1,0,2,1,0,0,0,1,1,1,1,1,1,0,0,1,1
0,0,1,1,0,1,2,1,1,0,1,0,1,0,1,1,0,1,1,0
0,0,1,1,0,1,1,0,0,0,1,0,1,1,1,0,1,1,1,1
0,0,0,1,1,2,0,0,1,1,1,0,1,0,0,1,0,1,1,1
2,1,2,1,0,0,0,2,0,1,1,0,0,0,2,1,1,0,1,1
1,1,0,2,1,1,0,0,1,0,0,1,1,1,2,1,0,1,2,1
1,0,1,0,0,2,1,0,0,0,1,1,0,0,1,1,0,1,1,1
0,1,1,1,1,2,0,1,0,0,0,0,1,1,2,1,0,0,0,1
2,1,1,0,0,0,1,2,1,0,0,1,1,1,1,1,1,1,2,1
2,0,2,0,1,2,0,1,1,0,1,0,1,1,0,0,1,0,1,1
2,1,2,1,1,2,0,1,0,0,1,1,1,1,1,0,1,1,2,1
0,0,0,0,0,2,1,0,0,0,1,0,1,0,2,0,1,0,2,1
1,0,0,2,1,2,2,0,0,0,1,1,1,0,2,1,0,1,1,1
0,1,0,0,0,0,2,2,1,1,1,1,1,1,0,0,0,0,2,1
0,0,0,0,1,2,2,0,0,1,1,0,0,1,0,1,0,0,2,0
0,0,1,1,1,0,0,0,1,0,1,0,1,0,1,1,0,0,0,1
1,0,1,1,1,0,2,0,0,0,1,1,0,0,2,1,0,0,2,0
1,0,0,0,1,1,0,0,1,0,1,0,1,1,0,1,1,1,1,1
0,0,0,1,0,2,1,0,0,0,1,1,1,1,2,0,1,0,2,1
0,0,0,2,0,2,0,0,1,0,1,0,1,1,2,1,1,1,1,1
0,0,0,1,0,2,1,0,0,0,1,1,1,1,2,1,0,1,0,1
0,1,1,1,1,0,0,2,0,0,1,1,1,0,1,0,0,1,1,1
0,1,1,0,1,1,0,1,0,1,1,0,0,1,2,1,0,1,1,0
0,0,0,1,0,2,1,0,0,0,1,1,0,1,2,1,0,0,2,1
2,1,1,1,1,0,1,1,1,1,1,1,0,0,0,1,0,1,1,0
0,1,0,1,0,1,1,1,1,1,1,1,1,0,1,0,0,1,0,1
0,1,0,1,0,2,0,0,0,0,0,0,1,0,2,1,1,1,2,1
0,0,1,1,1,0,0,0,1,0,1,0,0,1,0,1,0,1,2,1
2,1,0,1,1,2,0,2,0,1,0,0,1,0,2,1,1,0,2,1
1,1,0,0,1,2,0,1,0,0,1,0,0,0,2,1,1,1,0,0
1,1,1,0,0,1,1,1,1,0,1,1,0,0,1,1,1,0,1,0
0,0,1,0,1,0,0,0,1,0,1,0,0,0,1,1,0,0,2,1
1,1,1,2,0,1,1,2,1,0,1,1,0,0,0,1,1,0,0,1
0,1,1,0,0,1,2,1,1,0,1,1,0,1,1,1,1,1,1,0
1,1,1,1,1,0,0,2,0,0,1,1,1,0,2,0,1,0,2,1
2,1,2,0,1,0,1,1,1,1,0,1,1,1,2,0,1,0,0,1
1,0,2,0,0,2,2,0,0,0,0,1,1,1,2,0,1,0,2,0
2,0,2,1,0,2,1,0,0,0,1,1,0,1,1,0,1,0,2,1
1,0,0,0,1,2,0,1,0,0,1,1,1,1,0,1,0,1,1,1
0,0,0,1,0,2,1,0,0,0,1,0,1,0,1,0,1,1,1,1
2,1,0,1,1,2,2,1,1,1,0,0,0,0,1,1,1,1,1,1
0,1,1,1,1,0,2,1,1,0,0,0,0,0,0,1,0,1,1,1
0,1,1,1,0,2,1,0,1,0,1,1,0,1,1,1,0,1,1,1
0,0,2,1,1,2,0,0,1,0,1,0,0,0,0,1,1,0,2,0
0,1,1,2,1,2,0,2,0,0,0,1,1,1,0,0,1,0,2,0
0,0,1,1,0,2,1,0,0,0,1,1,1,1,1,0,0,1,1,1
0,0,0,1,1,1,0,0,1,0,1,1,1,1,0,1,0,0,0,1
0,0,1,1,0,2,1,0,1,0,1,1,1,1,1,1,0,0,1,0
1,0,1,0,1,0,0,0,1,0,1,1,0,1,0,0,0,0,1,1
0,0,1,1,0,2,0,0,1,0,1,0,1,0,1,0,1,1,2,1
0,0,1,0,1,1,0,0,1,0,1,0,0,1,1,0,1,0,1,1
0,0,2,2,0,1,0,0,1,1,1,0,1,0,0,1,0,1,0,1
0,1,1,1,0,0,1,2,0,0,1,0,0,1,1,1,0,0,1,1
1,1,1,0,1,2,0,2,0,0,0,0,0,1,2,1,0,1,1,1
1,0,0,0,0,2,1,0,0,0,0,1,0,0,1,0,1,1,1,1
2,1,2,0,0,1,1,1,1,1,0,1,0,1,1,0,1,0,1,0
1,1,0,2,0,0,1,2,1,0,0,1,0,0,0,1,0,1,0,1
0,0,0,2,0,2,1,0,0,0,1,1,1,1,0,1,0,1,0,1
1,1,1,2,1,2,1,1,1,1,1,1,0,1,1,1,0,1,1,1
0,0,1,2,1,1,0,0,1,0,0,0,1,1,0,0,1,0,1,0
0,0,0,1,0,1,1,1,0,0,1,1,0,0,1,0,1,0,2,1
2,1,0,1,1,2,0,2,0,0,1,0,1,0,1,1,1,0,0,0
0,0,0,0,1,1,0,0,1,1,1,1,1,1,2,1,1,1,0,1
2,1,2,1,1,0,2,0,1,0,1,1,1,1,1,0,1,1,2,0
2,0,1,1,0,2,0,0,1,0,1,0,0,0,1,0,0,0,1,1
2,1,0,0,1,2,1,1,1,1,0,1,1,0,0,0,1,0,0,1
2,0,0,0,1,0,0,0,1,0,1,0,1,0,0,0,1,0,1,1
0,0,1,1,1,0,0,0,1,1,1,0,1,1,0,1,1,1,0,1
0,1,1,1,1,1,0,2,0,0,0,0,1,0,2,0,1,1,2,1
1,1,1,0,0,0,2,2,1,1,1,0,0,0,2,1,0,1,2,1
0,0,1,1,1,2,1,0,0,0,1,0,1,1,1,1,0,0,1,1
1,0,0,0,1,2,0,0,0,0,0,0,0,0,2,0,0,0,2,1
1,0,0,0,1,1,1,0,0,0,0,0,0,1,2,0,0,0,0,1
1,0,1,0,0,2,1,0,0,0,1,1,1,0,1,1,0,1,1,1
0,1,1,0,1,0,1,2,1,0,0,0,0,0,1,1,1,1,2,1
0,0,1,1,1,0,0,0,1,0,1,0,1,0,1,0,1,1,2,1
0,1,0,2,1,0,1,2,1,0,1,0,1,0,1,1,1,1,1,1
0,0,1,2,1,2,1,0,0,0,1,0,1,0,0,1,0,1,1,0
2,0,2,1,1,2,1,0,0,0,0,1,0,0,2,0,1,1,0,1
0,0,1,0,0,2,1,0,0,0,1,1,1,0,1,1,0,1,1,1
0,1,1,1,1,1,2,2,1,1,0,0,1,1,1,1,0,1,0,1
0,0,1,0,0,2,2,0,0,0,1,1,1,0,1,1,0,1,0,1
1,0,1,2,1,0,0,0,1,0,1,0,1,1,2,1,1,1,1,1
1,1,1,0,0,1,0,2,0,0,1,0,1,1,2,1,0,1,1,1
0,1,0,1,1,1,0,2,0,1,0,1,0,0,2,0,0,0,0,1
0,1,0,0,1,1,0,2,0,0,1,1,0,0,2,1,1,1,1,1
0,0,1,2,0,0,1,0,0,0,1,1,1,1,2,1,0,1,0,1
0,1,1,1,0,1,1,2,0,0,0,1,0,0,2,1,0,0,0,1
1,1,2,0,1,2,0,2,0,1,0,0,0,0,1,1,1,0,1,1
1,1,1,1,0,1,1,2,0,0,1,0,0,0,1,1,0,0,0,1
0,1,0,1,0,1,1,1,1,0,1,0,1,1,2,0,0,1,0,1
0,0,2,0,0,2,1,0,0,0,1,0,0,1,0,0,1,0,1,1
2,1,2,2,1,2,0,2,0,0,0,1,1,0,1,0,0,0,2,1
0,0,0,0,1,0,1,0,0,0,0,1,1,0,2,0,0,0,1,1
1,0,1,0,1,0,0,0,1,1,1,0,1,1,2,0,1,0,1,1
0,0,1,1,1,2,0,0,0,0,1,0,0,0,1,0,0,0,0,1
0,0,1,1,0,2,1,0,0,0,1,1,1,1,1,1,0,0,0,1
0,0,0,1,1,2,0,0,1,0,1,0,0,1,0,1,1,0,2,0
0,1,1,1,0,1,2,1,1,0,0,0,0,1,2,0,0,0,0,0
2,1,2,1,0,1,1,2,1,0,1,1,1,0,2,0,1,0,2,1
0,1,2,1,0,0,2,2,1,1,0,1,1,1,2,0,0,0,2,1
0,1,0,2,1,0,1,2,1,0,0,0,0,1,0,1,1,1,1,1
0,1,1,1,1,2,1,1,1,0,1,1,0,1,1,1,1,1,1,1
0,0,1,0,0,2,1,0,0,0,1,1,1,0,1,1,0,1,2,1
0,0,0,1,1,1,0,2,1,0,1,0,1,0,1,1,1,1,0,1
0,1,1,1,0,0,1,2,1,1,0,1,0,1,1,1,1,0,0,1
2,1,2,1,0,2,1,0,1,0,1,0,0,1,1,1,1,0,1,1
0,0,0,2,1,0,0,0,1,0,1,0,0,0,1,1,1,1,2,1
0,1,1,1,1,0,0,0,1,1,0,0,1,0,1,0,1,0,2,1
2,1,2,0,1,2,2,2,1,0,1,1,0,0,1,1,1,1,2,1
0,0,1,1,1,0,2,0,0,0,1,0,1,1,1,0,0,1,1,1
2,1,2,1,1,2,0,2,0,0,1,1,0,1,2,1,0,1,1,1
0,0,2,0,0,2,2,0,0,0,1,1,1,0,1,0,1,0,1,1
2,0,0,1,1,0,1,0,0,0,1,1,0,0,1,1,1,1,2,1
1,0,1,0,1,2,1,0,0,0,1,0,1,0,1,0,1,0,1,0
2,0,2,1,0,2,1,0,0,0,1,1,0,0,0,0,1,0,0,1
2,1,2,1,1,0,0,2,0,0,1,1,1,0,0,1,1,0,2,1
0,0,1,1,1,1,1,0,0,0,1,0,0,0,1,1,0,0,2,1
2,0,1,1,0,2,2,0,0,0,1,1,1,0,1,0,0,1,2,0
0,0,1,0,1,1,0,0,1,0,1,1,1,1,1,1,0,1,1,1
0,0,0,2,1,0,0,0,1,0,1,1,0,1,2,0,0,0,1,1
0,0,1,1,0,2,0,0,1,1,1,1,1,1,0,1,1,0,1,1
0,0,1,1,0,0,2,0,0,0,1,1,1,0,1,0,1,0,2,0
0,0,2,0,0,2,1,0,0,0,1,1,1,1,2,0,1,0,2,0
0,0,1,0,1,2,2,0,0,0,1,1,1,1,2,1,0,1,1,1
0,0,1,1,1,1,1,0,0,0,1,1,0,0,1,1,0,0,2,1
2,1,2,1,1,2,1,2,0,0,0,1,1,0,2,0,0,1,2,1
2,0,2,1,0,0,1,2,1,0,0,0,0,1,2,0,1,1,2,1
0,1,0,1,0,2,2,0,1,1,1,0,1,1,1,1,0,0,2,1
0,0,1,0,0,2,2,0,0,0,1,0,1,0,1,1,1,1,0,1
0,0,1,0,1,1,0,0,0,0,1,0,1,0,2,0,1,0,2,1
0,1,1,1,1,2,0,0,1,0,1,1,0,1,1,0,0,1,0,0
0,1,0,1,1,2,0,2,0,0,0,0,0,1,1,1,1,0,0,1
0,0,0,1,0,2,2,0,0,0,1,1,1,1,0,1,0,1,1,1
0,0,1,1,1,0,1,2,0,0,1,0,1,0,1,0,1,0,2,1
2,1,0,1,1,1,0,2,1,1,0,0,0,0,1,1,1,0,0,1
0,0,1,1,0,2,1,0,0,0,1,1,1,0,1,0,0,1,2,0
0,0,1,1,1,0,0,0,1,0,1,0,1,1,1,1,1,1,0,1
1,1,1,0,0,0,2,2,1,0,0,1,1,1,2,0,0,0,2,1
0,1,0,1,0,0,2,2,1,0,1,0,1,1,0,1,0,0,2,0
0,1,1,1,0,0,2,2,1,0,1,1,0,0,1,1,0,1,0,1
1,0,0,0,1,0,0,0,1,0,1,0,0,1,0,1,1,1,2,1
0,1,0,2,0,1,2,2,1,0,1,1,1,1,0,1,0,1,2,0
0,1,0,0,0,1,2,1,1,0,0,1,0,1,2,1,0,1,1,0
2,1,0,0,0,2,1,0,0,0,1,0,1,1,0,0,1,0,2,1
2,1,2,1,1,0,0,2,1,0,0,0,1,1,0,1,0,1,1,1
1,1,0,0,1,2,0,2,0,1,0,1,1,1,1,0,0,0,2,0
1,1,1,2,1,2,1,2,1,1,1,1,1,0,0,0,1,0,2,1
1,0,1,1,0,1,2,0,1,0,1,1,1,1,1,1,0,0,2,0
0,0,2,0,0,2,1,0,0,0,0,1,0,0,2,0,1,1,2,1
0,1,0,0,0,2,2,0,1,0,0,0,0,1,2,1,0,1,1,0
0,0,0,1,0,2,1,0,0,0,1,1,1,1,0,1,1,1,1,1
0,0,1,0,1,1,0,0,0,0,1,1,1,0,0,0,0,0,1,1
0,1,1,1,1,1,1,0,1,0,1,0,0,1,1,1,1,1,1,1
0,0,1,2,1,2,0,0,0,0,1,0,1,1,2,0,1,0,1,1
2,1,0,1,1,0,0,0,0,1,1,0,1,1,1,1,0,0,2,1
2,1,2,1,0,0,1,2,1,1,1,1,1,1,2,0,1,1,1,1
1,0,2,2,0,2,1,0,0,0,1,0,1,1,1,0,1,0,1,0
0,0,1,0,1,1,0,0,1,0,0,0,0,1,1,0,0,0,2,1
2,1,0,1,0,1,2,2,1,1,0,0,0,0,2,1,1,0,0,1
0,1,0,1,0,1,2,1,1,1,0,1,0,0,1,1,0,0,0,1
2,1,1,1,0,0,1,2,1,0,0,1,1,0,2,1,1,0,0,1
0,0,1,1,0,2,1,0,0,0,0,1,1,1,2,1,0,0,1,1
2,1,2,1,0,1,2,1,1,0,1,1,1,0,2,0,1,1,2,0
0,0,1,0,1,1,1,0,1,0,1,0,0,1,2,1,0,0,1,1
2,0,0,0,1,2,1,0,0,0,1,0,0,0,1,0,1,0,2,1
2,1,0,1,0,1,0,2,0,1,0,0,0,1,1,1,0,0,1,0
0,0,1,0,0,1,2,1,0,0,0,1,1,0,2,0,1,0,1,1
0,1,0,1,1,1,1,1,1,1,1,1,1,1,1,0,0,0,0,0
2,1,0,1,0,0,1,2,0,0,1,0,0,1,0,1,1,0,2,1
0,0,2,0,0,1,1,1,0,0,0,1,1,1,0,0,0,0,1,1
2,1,2,1,0,1,2,1,1,1,1,0,0,1,1,0,1,0,0,1
1,1,1,2,0,1,1,0,1,0,1,1,1,1,1,0,1,0,1,1
0,0,1,1,1,1,1,0,0,0,1,1,1,1,1,0,0,1,2,0
0,0,1,0,1,1,0,0,0,0,1,1,0,1,2,0,0,0,0,1
0,1,0,1,0,1,1,1,0,0,0,1,1,0,1,0,1,1,1,1
2,1,2,2,0,1,1,2,1,0,1,0,1,1,0,0,0,1,2,1
0,1,1,1,0,1,2,1,1,0,1,1,0,1,1,0,1,1,0,0
0,0,1,0,0,2,2,0,0,0,1,1,1,0,1,1,0,1,1,1
0,0,2,0,1,2,0,0,1,0,1,0,0,1,2,0,1,0,1,1
1,0,0,1,1,0,0,0,1,0,1,0,1,1,2,1,1,0,2,1
2,0,0,1,1,2,0,0,0,0,1,1,1,1,0,1,0,0,0,1
2,0,2,2,1,1,0,0,1,0,1,0,0,1,1,1,1,1,1,1
0,0,1,0,1,2,0,0,1,0,0,0,1,0,2,0,1,0,2,1
2,0,0,0,1,2,0,0,1,0,1,0,1,0,1,1,1,0,1,1
2,1,0,1,0,2,2,0,1,0,0,0,1,0,1,1,1,0,2,1
1,0,1,0,0,0,1,0,1,0,1,0,1,0,1,1,1,1,0,1
2,0,0,0,1,0,0,0,0,0,1,1,1,1,0,1,1,0,0,1
0,0,1,1,0,2,0,0,0,0,1,1,1,0,0,0,0,0,2,0
0,0,1,1,1,0,0,0,1,0,0,0,1,1,2,0,1,0,1,1
2,1,2,0,1,2,1,1,1,0,0,1,0,1,1,0,1,0,0,0
0,0,1,0,1,2,0,0,1,0,1,0,0,1,1,0,1,0,1,1
2,1,1,1,0,0,1,2,0,1,1,0,0,0,0,1,0,0,1,1
2,1,0,1,1,2,0,1,1,0,1,0,0,0,2,1,0,1,1,0
0,1,1,1,0,2,1,1,1,1,1,0,0,0,0,1,1,1,1,0
2,0,0,1,1,0,2,0,0,0,1,1,0,0,0,1,0,1,2,1
0,1,1,1,0,1,2,1,1,0,1,1,1,1,1,0,1,1,1,0
0,0,0,2,1,1,1,0,0,0,1,1,0,1,2,1,0,1,2,1
1,0,1,1,1,2,2,1,0,0,1,1,1,0,1,1,1,0,0,1
2,0,1,1,0,2,1,0,1,0,1,1,1,1,1,1,0,1,0,1
0,0,1,1,1,0,0,0,1,0,0,0,1,0,0,0,0,1,2,1
0,0,1,1,1,1,0,0,1,0,1,0,1,1,1,1,0,0,1,1
1,0,1,0,0,2,1,0,0,0,1,1,1,0,1,0,0,0,2,1
1,1,0,0,1,2,0,2,0,1,1,1,1,1,0,0,0,0,2,0
1,0,0,1,0,2,0,0,1,0,1,0,0,0,1,1,1,0,2,1
0,0,0,1,1,0,0,0,1,0,1,1,0,0,1,1,1,1,1,1
0,0,0,1,1,0,1,0,0,0,1,1,1,0,1,0,0,0,2,0
0,0,0,0,0,1,1,1,1,0,1,0,0,0,1,0,1,0,0,1
2,1,1,1,0,0,1,2,0,0,0,0,0,1,0,1,0,0,1,1
0,0,1,0,1,2,0,1,1,0,1,1,0,0,1,1,1,1,1,0
0,0,0,1,0,2,2,0,0,0,1,0,1,1,0,1,1,1,0,1
2,0,1,1,0,2,2,0,1,0,1,0,1,1,1,0,0,1,1,0
0,1,0,1,1,1,0,1,1,0,0,0,0,1,0,1,1,0,1,1
2,0,0,0,0,2,2,0,0,0,1,1,1,1,0,1,0,1,0,1
1,1,0,1,0,1,1,2,1,0,1,1,1,0,1,0,1,0,2,1
2,0,0,0,1,2,1,2,0,0,1,1,0,1,0,0,1,0,2,1
0,0,1,1,0,2,1,0,1,0,1,0,0,1,1,1,1,0,1,1
0,0,1,1,0,1,1,0,1,0,1,0,1,1,1,1,0,1,0,1
1,0,1,0,0,2,2,0,0,0,1,1,0,1,2,1,0,0,2,1
2,1,0,1,1,0,1,1,1,0,1,1,0,1,2,0,0,0,1,1
1,1,0,0,1,0,1,1,1,0,1,0,1,0,2,0,1,0,0,1
0,0,0,1,1,1,2,0,0,0,1,1,0,1,0,1,1,0,2,1
2,1,1,1,0,1,2,2,1,0,0,0,1,1,2,0,1,0,2,0
2,0,2,0,0,2,2,0,0,0,1,0,1,0,1,0,1,0,1,1
1,1,1,0,0,1,1,1,1,0,1,1,0,1,0,1,1,1,0,1
2,1,2,1,0,1,2,1,1,1,1,0,0,0,1,1,1,1,1,1
2,0,1,1,1,0,1,0,0,0,1,0,0,0,1,0,0,0,1,1
1,1,1,1,0,0,1,2,1,0,1,1,1,1,1,0,0,1,2,0
0,1,1,0,0,1,2,1,1,0,1,0,0,1,1,1,0,1,0,1
0,0,1,0,0,2,1,0,0,0,1,1,0,1,1,1,0,1,2,0
0,0,1,0,1,1,0,0,1,1,1,0,1,1,1,0,1,0,2,1
0,1,1,1,1,0,0,0,0,0,1,0,1,0,1,1,0,1,0,1
0,1,1,0,1,0,0,2,0,0,0,0,1,1,2,1,1,0,1,1
0,1,0,0,1,1,0,1,0,0,0,0,0,0,0,1,0,1,1,0
0,0,1,2,1,2,1,0,0,0,1,0,0,0,1,0,0,0,0,1
0,1,0,0,0,1,2,1,1,0,0,1,0,0,0,1,1,1,1,0
2,1,1,0,0,2,1,0,1,0,0,1,1,1,0,1,0,1,2,1
2,0,2,1,1,1,0,0,1,0,1,0,0,0,0,1,1,1,2,0
0,1,0,1,1,1,1,0,1,0,1,1,1,1,2,0,1,1,1,1
2,1,0,1,1,2,1,1,1,0,1,1,0,1,2,1,1,0,1,1
0,1,1,1,1,0,0,1,0,0,0,0,1,0,2,1,0,1,1,1
0,0,1,0,1,1,0,0,1,0,1,1,0,1,1,1,0,1,2,1
0,0,1,0,1,1,0,0,0,0,1,1,1,0,1,1,0,1,1,1
0,1,1,1,1,0,0,2,0,1,1,1,0,0,2,1,1,0,0,0
2,0,2,0,1,2,0,1,1,1,1,1,0,1,2,1,1,1,1,1
1,0,0,2,0,2,2,0,1,0,1,1,1,1,2,1,1,1,1,0
0,1,1,1,1,0,1,2,0,0,1,1,1,1,1,0,0,1,2,1
0,1,0,1,1,1,0,1,0,0,1,1,0,1,0,1,0,1,1,1
0,1,1,1,0,0,1,2,0,0,1,0,0,1,1,1,1,0,2,1
0,0,1,2,1,1,0,0,1,0,0,0,0,1,1,0,1,1,0,0
0,0,0,0,1,1,0,0,1,0,1,0,1,0,2,1,1,1,0,0
0,1,0,1,0,2,2,0,1,1,1,0,1,0,0,1,0,1,2,1
2,1,2,1,1,0,0,2,0,0,0,0,1,0,2,0,1,1,2,1
2,0,0,1,0,0,1,0,0,0,1,1,1,0,1,0,0,0,2,1
0,1,0,0,1,0,1,2,1,1,1,0,0,0,0,1,0,1,1,1
2,1,2,0,1,0,1,2,1,0,1,1,1,1,1,0,1,0,0,1
0,1,1,1,0,1,2,1,1,1,0,1,0,1,0,1,1,0,1,1
0,1,0,0,0,1,2,1,1,0,0,1,1,1,2,0,0,0,0,0
0,0,0,1,1,2,0,0,1,0,1,0,1,0,0,0,1,1,1,1
1,0,1,1,0,1,1,0,0,0,1,0,0,0,1,0,0,1,2,1
2,1,2,1,0,1,2,1,1,0,0,1,1,0,1,0,0,0,1,0
1,0,0,2,1,2,2,0,0,0,1,1,1,1,2,1,0,1,0,1
0,0,1,1,0,2,1,0,0,0,0,1,0,0,2,1,0,0,2,1
1,0,0,0,0,2,2,0,0,0,1,1,0,0,2,1,0,1,2,1
0,1,1,0,1,0,0,2,0,1,0,0,0,1,1,1,0,1,0,0
2,1,2,0,1,0,0,2,0,0,0,1,0,1,0,1,1,1,1,1
0,0,1,0,1,1,0,0,0,0,1,1,0,0,1,1,0,1,2,1
0,1,1,1,1,2,0,1,1,0,1,0,0,1,1,1,0,0,1,1
1,0,1,0,0,2,1,0,0,0,0,1,1,1,1,0,0,0,1,1
1,1,1,1,0,1,1,1,1,0,1,1,1,1,1,0,1,1,0,0
0,1,1,0,0,1,1,1,0,0,1,0,1,0,1,1,0,1,2,1
1,0,0,0,1,0,0,0,1,0,1,0,0,0,2,1,1,1,2,1
0,0,1,1,1,1,1,0,0,0,1,1,0,0,1,1,0,0,2,1
1,0,1,0,1,1,0,0,1,0,1,0,1,1,0,1,1,1,0,1
2,1,2,0,1,1,1,2,1,0,0,1,1,0,1,0,1,0,2,1
2,0,2,0,1,2,0,0,1,0,0,1,1,1,0,0,1,0,2,1
0,1,1,1,0,0,1,2,1,1,0,0,0,0,0,1,0,1,1,0
0,0,0,1,0,2,1,0,0,0,1,0,0,0,1,0,1,1,0,0
0,1,0,1,0,1,1,1,1,0,1,1,1,0,0,0,1,0,1,1
2,0,2,1,0,2,2,0,1,0,1,0,1,0,0,0,0,0,2,1
0,0,1,1,1,1,1,1,1,0,1,0,1,1,1,1,0,1,1,1
0,1,0,0,0,1,0,1,0,1,1,1,1,1,1,0,1,0,1,0
0,1,1,1,1,1,1,1,1,0,1,0,0,1,1,1,1,1,1,1
0,0,1,1,1,2,0,0,1,0,0,1,1,1,2,0,1,0,2,1
1,0,0,1,0,2,1,0,1,0,1,0,1,1,0,0,1,1,2,1
0,1,1,2,1,1,0,0,0,1,1,1,1,1,2,0,0,0,0,1
2,0,2,0,1,0,1,0,1,1,1,0,1,0,0,0,1,0,2,0
0,1,0,2,0,0,2,2,1,1,0,1,0,1,1,1,1,0,2,1
0,1,1,2,1,2,0,2,0,0,0,1,1,1,1,0,1,0,2,1
0,1,0,1,1,1,0,2,0,0,0,0,1,1,1,1,1,0,2,1
0,0,1,1,1,2,1,0,1,0,1,0,1,1,1,1,1,0,2,1
0,0,1,1,1,1,2,0,1,0,1,0,1,1,1,1,0,1,1,1
1,1,0,2,1,1,1,1,1,0,1,1,1,1,0,0,0,0,1,1
0,0,1,1,1,1,1,0,0,0,1,1,1,0,1,1,0,0,2,1
2,0,1,1,0,0,2,0,0,0,1,1,0,0,1,0,1,1,1,0
0,1,0,1,0,0,2,2,1,1,0,0,1,1,1,1,0,0,2,1
0,0,1,0,0,2,1,0,0,0,0,0,0,1,2,0,1,0,2,1
1,0,1,0,0,2,1,0,0,0,1,1,1,0,1,0,0,0,1,0
0,0,1,1,1,2,0,0,1,0,1,0,0,0,0,0,0,1,2,1
0,0,1,1,1,1,0,0,0,0,1,1,0,0,1,0,0,0,0,1
0,0,2,1,0,2,1,0,0,0,1,1,1,1,1,0,1,1,1,1
0,1,0,1,0,1,1,1,1,1,0,1,0,0,2,1,0,0,1,1
2,0,1,0,0,1,2,0,0,1,0,1,0,1,1,0,1,0,1,0
0,0,1,1,1,1,1,0,0,0,1,1,0,0,1,0,0,1,1,1
2,1,0,1,1,0,0,2,0,0,1,0,0,0,1,1,0,0,1,1
2,0,2,1,1,1,0,0,1,0,1,0,0,1,1,1,0,0,1,1
0,1,1,1,1,0,1,1,1,0,0,1,1,0,2,0,1,1,1,1
2,1,2,0,0,1,2,2,1,0,1,1,1,0,1,0,1,0,2,0
0,0,0,1,0,0,1,0,0,0,1,1,1,0,1,0,1,1,2,1
2,0,1,1,0,2,2,0,0,0,1,1,0,0,2,1,0,1,2,1
0,1,2,1,0,0,1,2,1,0,0,0,1,1,0,0,1,1,2,1
1,0,1,2,1,2,0,0,0,0,0,1,0,0,1,0,0,1,1,1
0,0,1,0,1,2,1,0,0,0,1,1,1,1,2,1,0,0,1,1
0,0,1,1,1,0,0,0,1,0,1,0,0,0,1,1,0,0,2,1
1,1,1,0,1,0,0,2,0,0,1,0,1,1,0,0,1,0,2,1
1,0,1,0,0,2,0,0,1,0,0,0,1,1,0,0,0,0,2,1
0,0,1,1,0,1,2,1,0,0,1,1,0,1,1,1,1,0,2,1
0,0,1,1,1,1,0,0,1,0,1,0,1,1,0,0,1,1,1,1
1,1,0,0,1,2,1,2,1,0,1,1,1,0,0,0,0,0,2,1
1,1,1,2,0,1,2,2,1,1,1,1,0,0,2,1,1,1,0,0
2,1,2,1,1,2,0,2,0,0,1,0,0,1,1,1,1,0,0,1
2,1,0,1,1,0,1,1,0,0,0,1,1,0,2,0,1,1,1,1
2,1,2,1,0,1,1,1,0,0,1,1,1,0,0,0,0,0,1,1
1,0,0,0,1,2,0,0,1,0,1,0,0,0,1,1,0,1,2,0
0,0,1,1,0,2,2,0,1,0,1,0,0,0,1,1,0,1,2,0
0,0,1,1,1,2,0,1,1,0,1,0,0,1,1,0,0,1,1,0
2,1,2,0,1,2,0,2,0,0,1,0,0,0,1,1,0,1,1,1
1,0,1,1,1,2,0,0,1,0,1,0,1,0,1,0,1,0,1,1
0,0,2,1,0,2,1,0,1,0,1,0,0,1,2,0,1,1,1,1
0,0,1,1,0,1,1,1,0,0,1,1,1,0,1,1,0,1,0,1
2,1,2,2,0,1,1,1,1,0,1,0,1,1,2,0,1,0,1,1
0,1,1,1,0,1,0,1,0,0,1,0,0,0,1,1,0,1,2,1
0,0,0,0,1,0,0,0,1,0,1,0,0,1,2,1,1,1,2,1
0,1,0,0,1,1,1,1,0,0,0,1,1,0,0,0,0,0,0,1
0,1,1,1,0,1,2,2,1,1,1,1,0,0,0,1,0,0,1,1
0,0,0,0,0,2,1,0,0,0,1,1,0,0,2,1,1,1,2,0
0,0,1,2,0,2,1,0,1,0,1,1,1,0,0,1,0,1,2,1
0,0,1,0,1,2,1,0,0,0,1,0,1,1,0,1,0,0,1,1
2,1,0,0,0,1,1,2,0,1,0,1,0,1,1,0,0,0,1,1
0,0,0,2,0,2,1,0,0,0,1,0,0,0,1,0,0,1,1,1
2,0,0,1,1,1,2,0,1,0,1,0,0,0,1,0,1,0,0,1
2,1,1,1,0,0,2,2,1,0,1,1,0,0,0,1,0,1,0,0
0,1,1,1,1,2,1,1,1,0,1,0,1,0,1,0,1,0,2,0
1,1,0,0,1,2,2,1,1,0,1,0,0,0,0,1,0,1,1,0
0,0,1,1,0,2,1,0,0,0,1,1,1,1,1,1,1,1,2,1
2,1,0,1,1,0,0,1,0,1,1,0,0,0,1,1,1,0,0,1
0,0,1,0,1,1,0,0,0,0,1,1,1,1,2,0,0,0,1,0
1,0,1,0,1,1,0,0,1,0,1,0,0,1,1,0,0,0,0,0
1,0,1,0,0,2,1,0,0,0,1,1,0,1,2,1,0,1,2,1
0,0,0,1,0,2,2,0,1,0,1,0,0,0,0,0,1,0,0,1
0,1,1,0,1,2,0,1,1,0,0,1,1,1,2,0,1,0,0,1
1,0,0,0,1,2,0,1,1,0,1,0,1,1,0,1,1,1,1,1
1,0,2,0,0,2,1,0,0,0,0,0,1,0,0,0,0,0,2,1
0,1,0,1,0,2,1,0,1,0,0,0,0,0,1,1,1,0,2,1
1,0,0,0,0,1,1,0,0,0,1,0,1,1,0,0,1,0,2,1
0,1,0,1,0,1,2,2,1,0,1,0,0,1,2,1,1,0,0,0
1,1,1,2,1,2,1,2,1,1,0,0,0,0,0,1,0,1,1,1
0,1,0,1,0,0,1,2,1,0,0,1,1,1,1,0,1,1,2,1
2,1,2,1,0,1,1,1,1,0,0,1,1,0,0,0,1,1,0,1
0,0,1,1,1,0,1,0,0,0,1,1,0,0,1,0,0,0,1,1
0,0,0,1,0,1,1,0,0,0,1,0,0,0,0,0,1,1,0,1
0,0,1,0,1,2,0,0,1,0,1,0,0,0,1,0,1,0,0,1
0,0,1,1,1,2,1,1,0,0,1,1,1,1,1,1,1,0,1,1
0,0,1,1,0,1,0,0,1,0,1,0,1,1,1,1,0,0,0,1
0,0,0,0,1,2,0,1,1,0,1,0,1,1,2,1,1,1,1,1
2,1,0,1,1,1,0,1,1,0,0,0,0,0,1,1,1,0,1,1
0,0,1,1,0,2,2,0,0,0,1,1,1,1,1,1,0,0,1,1
0,0,1,0,0,2,1,0,0,0,1,1,1,0,1,1,0,1,1,0
0,1,1,0,1,2,0,2,0,1,1,0,0,0,1,1,0,1,2,1
0,1,1,1,1,2,0,1,0,0,1,0,1,1,1,0,0,1,0,0
0,0,1,1,1,0,0,0,1,0,1,1,1,0,0,1,1,0,0,0
0,0,1,1,0,0,1,0,0,0,1,1,0,0,1,1,0,0,2,1
0,0,1,1,1,0,1,0,0,0,1,1,0,0,2,1,0,0,2,1
0,1,0,0,0,0,1,2,0,1,0,1,1,0,1,0,1,0,1,0
0,1,1,0,1,0,1,2,1,0,1,0,0,1,0,1,1,1,0,1
1,1,0,2,1,2,0,1,1,0,0,1,1,1,0,1,1,1,1,1
0,0,1,1,1,2,0,0,0,0,1,0,0,1,1,0,0,0,2,0
0,0,1,1,1,2,0,0,1,0,1,0,1,1,0,0,0,0,1,1
2,1,0,1,1,2,1,2,1,0,1,1,1,1,0,0,1,0,2,1
0,0,1,0,1,2,0,0,0,0,1,0,1,1,2,0,1,0,1,1
1,0,1,0,0,2,1,0,0,0,1,0,0,0,1,1,1,1,2,1
0,0,1,1,1,1,0,0,1,0,1,1,0,1,1,1,0,0,2,0
2,1,2,0,1,0,1,2,1,1,1,1,1,0,2,0,0,0,2,1
2,0,1,0,0,2,1,0,0,0,1,1,0,1,0,1,0,1,2,0
0,1,1,1,1,2,1,1,1,0,1,1,1,0,1,0,1,0,0,1
2,1,1,0,0,0,1,2,1,1,1,0,1,1,0,0,0,0,2,0
0,0,1,0,1,1,1,0,0,0,1,1,0,1,1,0,0,0,0,0
0,1,1,1,1,0,0,2,0,0,0,0,1,1,2,0,1,1,2,1
2,1,0,0,0,0,0,2,0,1,1,0,0,1,0,1,0,1,0,1
2,1,2,0,1,0,1,2,1,0,1,0,0,0,2,0,0,0,1,1
0,0,1,1,0,2,2,0,1,0,1,0,1,1,1,1,0,0,2,1
0,1,0,0,1,0,0,2,0,0,1,1,0,0,2,1,0,1,1,0
0,0,0,1,1,0,0,0,1,0,1,0,1,0,1,1,1,0,2,0
0,0,1,1,0,1,0,1,1,0,1,0,0,0,0,0,0,0,0,1
2,0,2,1,0,2,2,0,1,0,1,0,1,0,0,0,1,0,2,0
0,1,1,2,0,0,2,2,1,0,0,0,0,1,1,1,0,0,1,1
0,1,0,1,1,0,0,1,1,1,0,1,0,1,0,1,0,1,1,1
0,1,0,1,1,2,1,2,1,1,1,1,1,1,0,0,0,1,2,0
0,1,2,0,0,1,2,1,1,0,0,1,1,0,0,0,1,0,0,0
0,1,1,1,0,1,2,1,0,0,1,1,1,0,1,0,1,1,0,1
1,0,2,0,0,2,2,0,1,0,1,1,0,0,2,0,1,0,1,0
2,1,0,1,1,2,0,2,0,0,0,0,0,0,1,1,0,0,0,1
2,1,0,2,1,0,1,2,1,0,1,1,0,0,1,1,0,1,2,1
0,0,1,1,0,2,2,0,0,0,1,0,0,0,1,0,1,0,1,1
2,0,2,1,1,1,1,0,0,0,1,0,1,1,2,0,0,1,1,1
2,1,2,0,0,1,0,1,1,0,0,0,1,1,1,0,0,0,1,1
2,0,0,1,1,0,1,0,0,0,1,0,0,1,0,1,1,0,2,1
0,1,1,0,1,1,1,1,1,0,1,1,1,0,0,0,1,0,2,1
0,1,0,0,1,2,0,1,1,0,0,1,0,1,2,0,1,0,0,1
0,0,1,1,1,1,1,0,1,0,1,1,1,1,0,1,1,0,1,1
0,0,2,1,1,1,0,0,0,0,1,1,1,0,1,0,0,0,2,0
0,1,1,0,1,0,1,1,1,1,1,0,1,0,2,1,1,1,0,1
0,1,1,1,1,0,1,1,1,0,0,0,1,0,2,1,0,1,0,1
0,0,1,0,0,2,1,0,0,0,1,0,0,0,1,1,0,0,2,1
2,0,1,1,0,1,0,0,0,0,0,1,1,0,2,0,0,0,2,0
0,1,0,0,0,1,1,1,1,1,0,1,1,0,0,0,1,0,1,0
0,1,1,1,1,1,0,2,0,0,1,0,1,0,1,1,1,0,2,1
2,1,2,1,0,1,1,2,1,1,1,1,1,0,2,0,0,1,2,1
2,1,0,0,0,1,2,1,1,0,1,1,1,1,0,1,0,1,1,0
2,1,2,1,1,0,2,2,1,0,0,1,1,0,2,0,1,1,0,0
2,1,1,0,0,0,2,2,1,0,0,0,0,1,2,1,1,0,1,0
0,0,1,1,1,0,0,0,1,0,1,0,0,0,1,1,1,1,2,1
2,0,2,0,1,2,0,0,1,0,1,0,1,0,1,1,1,1,1,0
0,1,1,1,1,0,0,2,0,0,1,1,1,1,1,0,1,1,2,1
0,0,1,1,1,1,0,0,1,0,1,0,0,1,1,1,0,0,2,1
0,0,1,1,1,0,0,0,0,0,1,0,1,0,0,0,0,1,1,1
0,0,1,1,1,1,0,0,1,0,1,0,0,1,1,0,1,1,0,1
0,1,1,0,0,1,1,1,1,1,1,1,0,1,2,1,0,1,1,1
1,0,0,0,1,1,0,0,1,0,1,0,0,0,1,1,0,1,2,0
2,1,1,1,0,1,1,2,1,1,0,1,1,0,1,1,0,0,2,1
1,1,1,0,0,1,1,1,1,1,1,1,0,1,0,1,0,1,1,1
0,0,1,1,1,1,1,0,0,0,1,1,1,0,1,1,0,0,0,1
2,1,2,1,0,0,1,2,1,0,1,0,1,0,0,0,1,0,2,1
1,0,1,1,0,2,1,0,0,0,1,1,0,0,1,1,0,0,2,1
0,1,0,1,0,2,2,0,1,0,1,1,1,1,0,0,0,1,2,0
1,0,0,0,0,1,2,0,0,0,1,1,1,1,0,1,0,0,0,1
0,0,0,0,0,2,1,0,0,0,1,0,1,1,0,0,0,0,1,1
0,1,0,0,0,2,1,0,1,0,1,1,1,1,2,1,1,0,2,1
2,0,2,0,1,0,0,2,1,0,1,0,0,1,1,1,0,1,1,1
0,1,1,1,1,0,0,2,0,1,0,1,1,1,2,1,0,1,0,1
0,1,1,1,0,0,2,2,1,0,1,0,0,1,2,1,1,0,1,1
2,1,0,1,1,2,0,1,0,1,0,0,0,1,0,1,0,1,1,1
1,1,2,2,0,0,2,2,1,0,1,1,1,0,2,0,1,0,2,0
0,1,2,0,0,1,1,2,0,0,1,1,1,1,0,0,1,0,2,1
0,1,0,1,0,2,2,0,1,1,0,0,0,1,1,1,0,1,2,1
0,0,1,1,1,1,1,0,0,0,1,1,0,1,0,0,0,1,1,0
1,0,1,2,0,2,1,0,0,0,1,1,0,1,0,0,0,0,2,1
0,0,1,1,1,2,2,0,0,0,1,1,0,1,1,1,0,0,2,1
0,0,1,1,1,0,0,0,1,0,1,0,1,1,1,0,0,1,2,1
2,1,2,1,1,2,1,0,1,1,0,1,1,1,0,0,1,1,1,0
0,1,1,1,1,1,0,2,0,0,1,0,1,0,2,0,1,1,2,0
0,0,1,1,1,1,0,0,1,0,0,0,1,0,2,0,0,0,2,1
0,0,1,0,0,2,1,0,0,0,1,1,0,1,2,1,0,1,2,1
1,0,2,0,0,2,2,0,0,0,1,1,1,0,2,1,1,1,0,1
0,1,1,1,1,2,0,2,0,1,0,0,0,0,1,1,0,0,0,1
0,1,1,1,1,2,1,2,1,1,0,1,1,0,0,0,1,0,2,0
2,1,1,1,0,0,2,2,1,1,1,1,1,1,0,0,0,1,2,1
0,1,0,1,0,1,1,1,1,1,1,1,0,0,0,1,0,1,1,1
0,0,0,1,1,1,0,0,1,0,1,1,1,1,2,1,0,0,1,1
0,0,0,1,0,1,1,0,0,0,1,0,1,1,0,0,1,0,1,1
0,0,2,0,0,2,1,0,0,0,0,1,1,0,0,0,0,0,2,1
0,0,0,1,1,2,2,0,0,0,1,1,1,0,0,1,0,0,2,1
0,0,1,1,1,2,2,0,1,0,1,0,0,1,1,1,1,1,1,0
0,0,0,1,1,0,0,0,1,0,1,0,1,1,2,1,1,0,0,1
0,0,1,2,1,2,0,0,1,0,1,0,1,0,1,1,0,1,1,1
2,1,0,0,1,1,0,1,0,0,1,0,1,0,2,1,1,1,1,0
2,0,1,0,0,2,1,0,0,0,1,1,0,0,1,1,0,1,2,1
2,1,1,1,0,1,1,1,1,0,0,1,1,0,2,0,1,0,0,1
2,0,0,1,1,0,1,0,0,0,1,1,0,0,1,0,1,1,0,1
0,0,1,1,1,1,1,0,0,0,1,1,0,0,0,1,0,0,2,1
2,1,0,0,0,0,1,2,1,1,0,1,0,1,2,1,0,0,0,0
0,0,1,1,1,2,0,2,1,0,1,0,1,1,1,1,1,1,2,1
2,1,2,1,1,0,1,1,1,0,0,1,1,1,0,0,1,0,0,1
2,0,2,0,0,2,2,0,1,0,1,0,1,1,2,0,1,0,2,1
1,0,2,1,0,2,0,0,0,0,1,1,1,1,0,0,1,0,2,1
2,1,0,0,0,1,1,2,1,0,1,0,1,1,0,0,1,0,2,1
1,0,2,0,1,1,0,0,1,0,0,0,0,0,2,0,1,0,2,0
0,0,1,1,1,2,2,0,0,1,1,1,0,0,0,1,0,0,2,0
0,1,0,2,0,1,1,1,1,1,1,1,0,1,1,1,1,1,1,1
1,1,0,0,1,0,0,1,0,0,1,0,0,1,0,1,0,1,1,1
0,1,1,1,1,2,0,0,0,0,0,1,1,0,2,0,0,1,1,1
1,1,0,2,1,2,0,1,1,0,0,0,1,0,1,0,0,1,1,1
2,1,2,1,1,0,0,2,0,0,0,0,0,1,1,1,1,1,0,1
0,1,0,1,0,1,2,2,0,0,1,0,0,0,1,1,1,1,0,1
2,1,0,0,1,1,0,1,0,1,1,0,1,0,1,1,0,1,2,1
2,1,1,1,0,1,2,1,1,1,1,1,1,1,0,1,0,1,1,1
2,0,2,1,1,2,0,0,1,0,1,1,0,0,0,1,0,1,2,1
2,1,1,0,0,1,2,1,1,0,1,1,1,1,1,1,1,1,2,1
0,0,0,1,1,1,0,0,1,0,1,0,1,1,0,1,1,0,0,1
2,1,2,1,1,0,0,2,0,0,0,0,1,1,0,1,1,0,0,0
2,1,1,1,0,0,2,2,1,1,1,0,1,0,0,1,1,1,2,1
0,1,0,0,0,1,0,1,0,1,1,0,0,0,1,1,0,1,1,0
0,1,1,1,1,1,0,1,0,0,1,0,0,0,0,1,0,0,1,1
1,0,0,1,1,0,0,0,1,0,1,0,1,1,2,1,1,0,2,1
0,0,0,1,0,2,1,0,0,0,1,1,0,0,0,1,0,1,2,1
1,0,1,0,1,2,1,0,0,1,1,1,1,0,2,0,1,0,2,1
1,1,1,1,0,1,2,2,1,0,1,1,1,0,1,0,0,1,0,0
0,0,0,1,0,0,1,0,0,1,1,1,1,0,2,1,1,0,1,0
1,1,1,2,0,0,1,2,1,0,0,0,0,0,2,1,0,1,1,1
2,0,1,1,0,2,1,0,0,0,1,1,0,1,1,1,0,0,2,1
0,0,1,1,1,1,1,1,0,0,1,1,1,0,0,1,1,0,1,0
0,1,1,0,1,2,0,2,0,0,1,0,0,0,1,1,0,1,0,1
0,0,0,0,0,2,0,0,1,0,1,0,0,0,0,1,0,1,1,1
0,1,1,1,1,2,0,1,0,0,1,0,1,1,1,0,0,0,0,1
2,1,1,1,0,0,1,2,0,1,1,0,0,0,0,1,0,1,0,1
0,0,1,1,1,2,2,0,0,0,1,1,1,1,1,1,1,0,1,1
1,0,1,2,0,2,2,0,1,0,1,0,1,1,1,1,1,1,1,1
0,1,0,1,1,1,0,1,0,0,0,0,0,1,0,1,1,0,0,1
0,1,1,2,1,1,0,1,0,0,1,1,1,0,0,0,1,1,0,0
2,0,0,1,0,0,0,0,1,0,1,0,0,1,2,1,1,0,1,1
1,0,0,0,1,2,2,0,0,0,1,1,1,1,0,1,1,1,1,0
0,1,1,1,0,2,1,0,1,0,1,1,1,1,1,0,0,1,1,1
0,0,1,1,0,2,1,0,0,0,1,1,0,0,1,1,0,0,2,0
0,0,1,0,0,2,2,0,1,0,1,0,0,1,1,1,1,0,2,0
0,1,2,1,0,0,0,2,0,1,0,0,0,1,1,1,1,0,0,0
1,1,1,2,0,0,1,2,1,0,1,1,1,0,0,0,0,0,2,1
0,1,0,1,0,1,1,1,1,0,1,1,0,0,1,0,1,1,1,1
0,0,1,1,0,2,2,0,0,0,1,1,0,1,1,1,0,1,0,1
0,1,0,0,0,1,1,2,1,0,0,0,1,0,0,0,1,0,2,1
2,0,2,1,1,1,0,0,1,0,1,0,0,1,1,1,1,0,1,1
2,1,2,0,1,0,1,2,1,0,1,1,1,0,1,0,1,1,2,1
0,0,0,0,0,2,1,0,1,0,0,0,1,0,2,0,1,0,1,1
2,0,0,1,0,2,1,0,0,0,1,1,0,1,2,0,0,1,0,1
0,0,1,0,0,1,2,1,0,0,1,0,0,0,1,1,0,1,1,1
0,0,1,1,1,1,0,0,1,1,1,0,1,1,2,1,1,1,0,1
2,0,2,1,1,0,1,2,0,0,1,1,1,1,2,0,1,1,2,1
2,1,2,0,1,1,0,1,0,0,1,0,1,1,0,0,0,0,2,1
2,1,0,1,0,0,1,2,1,1,0,1,0,1,0,1,0,0,1,0
1,0,0,2,1,2,2,0,1,0,1,0,1,1,2,1,0,1,0,0
0,1,1,1,0,1,1,1,0,0,1,1,0,0,1,1,0,0,1,0
2,1,2,1,1,0,1,0,1,0,0,1,1,1,1,0,1,0,1,1
0,0,1,1,1,2,0,0,1,0,1,0,1,0,1,0,0,0,2,0
0,1,0,1,0,1,2,2,1,0,0,0,0,0,2,1,1,1,0,1
0,0,0,1,1,0,1,0,0,0,1,1,1,1,2,0,1,1,1,1
1,0,1,0,0,1,2,1,0,0,0,1,1,1,2,0,1,0,1,1
0,1,0,2,0,1,1,2,0,0,0,1,0,0,1,1,0,1,0,1
0,1,0,1,1,0,2,0,1,0,1,0,1,0,1,1,1,1,2,0
2,1,2,1,1,0,0,2,0,0,1,0,0,1,1,1,0,1,0,1
0,0,0,1,0,2,1,0,0,0,1,1,1,0,2,1,0,0,2,1
0,0,1,2,0,2,1,0,0,0,1,0,1,1,0,0,1,0,2,1
0,1,1,1,1,2,2,2,1,0,1,0,0,1,1,1,0,1,1,0
0,1,1,0,1,0,0,2,1,1,1,1,1,0,2,0,1,0,2,1
0,0,1,2,1,1,0,0,1,0,1,0,0,0,0,0,1,1,2,0
0,0,1,1,0,2,1,0,0,1,1,1,1,1,0,1,1,0,1,1
2,1,1,0,0,1,1,0,1,1,0,1,1,0,2,0,1,0,1,1
0,0,1,1,1,0,0,0,1,0,1,0,1,0,1,0,0,1,2,0
2,0,0,1,1,0,1,0,0,0,0,1,1,0,1,0,0,1,1,1
1,0,0,0,0,1,1,1,0,0,0,1,1,0,0,1,0,0,1,1
0,0,1,1,1,2,2,0,0,0,1,1,0,0,1,0,0,1,2,1
1,1,0,0,1,0,1,2,1,1,1,1,1,1,1,0,1,0,2,0
0,0,0,1,0,0,2,0,0,0,1,1,1,1,0,1,1,0,1,1
2,0,2,1,0,2,1,0,0,0,0,1,0,1,1,0,1,0,0,1
0,1,0,1,1,0,0,1,1,0,1,1,0,1,2,1,1,1,1,1
0,0,1,1,1,2,2,0,1,0,1,0,0,0,1,1,1,0,2,0
2,1,2,1,1,2,0,1,0,0,1,0,0,0,0,1,1,0,1,1
2,0,2,1,1,2,0,0,1,0,1,0,0,1,1,1,0,1,2,0
2,1,0,1,0,1,1,1,1,0,0,1,1,1,1,0,0,1,1,1
0,0,0,0,0,2,1,0,0,0,1,1,1,1,0,1,0,1,2,1
2,1,0,0,1,0,0,1,0,1,1,0,1,1,0,1,0,1,0,0
0,1,0,0,0,2,2,0,1,1,1,1,1,1,0,1,1,1,2,1
0,0,0,1,1,2,2,0,0,0,1,1,0,0,0,1,0,1,2,1
0,1,1,0,1,2,0,1,1,0,1,1,1,1,1,0,1,0,2,1
1,0,0,0,1,0,0,0,1,0,1,0,1,1,0,1,0,1,0,1
0,1,1,1,0,2,2,0,1,1,1,0,0,1,1,1,1,1,1,0
0,0,1,0,1,1,0,1,1,0,0,0,0,1,2,0,0,0,1,0
2,0,2,1,1,2,0,1,1,0,1,0,0,1,1,0,0,1,0,1
0,0,1,1,1,1,0,0,1,0,1,0,0,0,1,1,0,0,2,1
0,0,1,1,1,2,0,0,1,0,1,0,1,1,1,1,1,0,1,0
0,0,1,1,0,2,2,0,1,0,1,0,1,1,1,1,0,1,1,1
2,1,2,0,0,1,0,2,0,0,1,1,1,1,2,0,1,0,1,1
0,0,0,1,0,2,2,0,0,1,0,1,1,1,1,0,1,0,1,1
0,1,0,2,0,2,1,1,1,0,1,1,1,0,1,0,0,0,0,1
2,1,2,1,1,0,0,2,0,0,1,1,0,1,2,1,0,1,1,0
2,0,2,0,1,2,0,0,1,0,1,0,0,1,2,1,0,1,2,1
0,0,1,0,1,2,1,0,0,0,1,1,0,1,1,1,0,0,2,1
1,0,1,0,1,0,0,0,1,0,1,0,1,0,1,0,1,0,1,1
2,0,2,1,0,2,2,0,0,0,1,1,0,1,1,1,0,1,2,1
1,1,0,2,1,1,0,1,0,1,1,1,0,0,0,1,1,1,1,1
0,1,0,1,0,1,1,1,1,0,1,1,1,1,0,0,0,1,2,1
2,1,1,0,0,2,1,0,1,0,0,1,1,0,0,0,0,0,1,1
0,0,1,0,1,2,1,1,0,0,1,1,1,1,0,1,1,1,0,1
0,1,1,1,1,0,0,2,0,0,0,0,1,0,2,0,1,1,2,0
0,1,1,0,1,0,0,2,0,0,0,0,1,0,0,0,1,0,2,0
0,1,0,0,0,2,1,0,1,1,0,1,1,1,1,0,1,0,2,0
0,0,1,0,1,1,0,0,1,0,0,0,0,0,2,0,0,0,2,1
2,0,2,0,0,1,1,1,0,0,1,1,0,1,2,0,1,0,0,1
0,0,1,1,0,1,2,0,0,0,1,0,0,1,2,0,0,0,2,0
0,0,1,1,1,1,0,0,1,0,1,1,1,1,0,0,1,0,1,1
0,1,1,1,1,0,0,2,1,0,1,0,1,0,2,0,1,0,2,0
0,1,0,1,1,0,0,2,1,1,1,0,0,1,0,1,1,1,0,1
2,0,0,1,1,2,0,0,1,0,1,0,0,0,0,1,1,0,2,1
0,0,0,0,1,2,0,0,1,0,1,1,0,1,0,1,1,1,2,1
0,1,1,1,1,2,1,1,0,0,1,1,1,1,1,0,1,1,0,1
0,1,1,1,1,0,0,2,0,0,0,0,0,0,2,1,1,0,2,1
0,0,0,0,1,2,0,0,1,1,1,0,1,0,2,1,1,1,1,1
0,0,1,0,1,0,1,0,0,0,1,0,1,0,1,1,1,0,1,1
1,0,0,2,1,2,1,0,0,0,1,1,1,1,0,1,0,1,2,1
2,1,2,1,0,0,1,2,0,1,0,1,1,0,0,0,0,1,2,1
0,1,0,1,1,2,0,2,0,1,1,0,0,1,0,1,1,0,1,1
1,0,0,0,1,2,1,0,0,0,1,1,0,1,0,1,0,1,2,1
1,0,1,1,0,2,1,0,0,0,0,0,0,1,1,0,0,0,2,1
2,1,2,1,1,0,1,2,1,0,1,0,1,1,1,0,0,1,2,1
0,0,0,1,0,2,1,0,1,1,1,0,0,0,2,1,0,0,2,1
0,1,1,1,1,0,0,0,0,0,1,1,1,1,1,0,0,1,1,1
0,1,1,1,1,2,1,2,1,0,0,0,0,1,2,1,1,1,0,1
1,0,0,1,0,2,2,0,1,0,1,0,1,1,0,1,1,0,2,0
2,1,2,0,0,2,2,0,1,1,1,1,1,0,0,1,0,1,2,1
0,0,1,1,1,0,0,1,1,0,1,0,0,0,0,0,0,1,0,1
0,1,2,1,0,0,0,2,0,1,0,1,1,0,0,0,0,1,2,0
2,1,2,1,0,1,0,1,0,0,1,1,0,0,0,0,1,1,0,1
2,1,1,1,0,2,2,0,1,0,1,0,0,0,1,1,0,0,2,0
2,1,1,1,1,0,0,2,0,1,1,0,0,0,1,1,1,0,0,1
2,1,0,1,1,1,1,0,1,0,0,1,1,1,1,0,0,1,0,1
0,0,0,1,1,1,1,0,0,0,1,0,0,0,1,1,1,0,2,1
1,1,1,0,1,2,0,2,0,0,0,0,0,1,2,1,0,1,0,1
1,0,0,0,1,2,0,0,1,0,1,0,0,0,1,1,1,1,2,1
0,1,1,1,1,2,0,1,0,0,1,0,1,1,1,0,0,1,0,0
0,0,1,0,0,2,1,0,0,0,1,1,1,1,2,1,0,1,1,1
1,0,1,0,1,0,0,0,1,0,1,0,1,1,0,0,1,0,2,1
0,0,0,0,1,0,0,0,1,0,1,0,1,1,0,1,0,1,0,0
2,1,0,0,1,0,1,2,1,0,0,0,1,0,0,0,1,0,2,1
1,1,2,0,0,1,1,1,1,0,1,1,0,1,2,0,1,0,0,1
2,0,0,1,0,1,1,0,0,0,1,0,1,0,1,0,1,1,2,1
0,1,0,0,0,1,1,2,1,0,0,1,1,0,2,0,1,0,2,1
0,0,1,1,0,2,1,0,1,0,1,0,0,0,0,1,1,0,2,1
1,0,1,0,1,1,0,0,0,0,1,1,1,1,0,0,0,0,1,1
0,1,0,0,0,0,1,2,1,0,0,0,1,0,2,0,0,0,1,1
1,0,0,0,1,0,0,0,1,1,1,0,0,1,0,1,1,1,2,1
2,1,1,1,0,0,2,2,1,0,1,1,1,0,1,0,1,1,2,0
0,0,0,1,0,2,2,0,0,0,1,1,1,1,0,1,1,0,2,1
0,0,1,1,1,0,0,0,0,0,1,0,0,1,1,0,0,1,1,1
0,1,2,1,0,1,2,1,1,0,0,1,1,0,1,0,0,1,1,0
0,0,1,1,1,0,0,0,1,0,1,0,0,0,2,0,1,1,0,1
2,0,0,1,0,1,1,0,0,1,1,1,0,1,1,1,1,1,2,1
2,1,1,0,0,1,1,1,0,0,1,0,0,0,1,1,0,1,1,1
1,0,0,1,1,2,0,0,1,0,1,0,0,1,0,1,1,0,2,0
1,1,0,0,1,0,0,1,0,0,1,0,0,1,0,1,0,1,1,0
0,1,1,1,0,1,0,2,0,0,0,1,0,0,2,0,1,1,0,1
2,0,2,0,0,1,2,1,1,0,1,0,0,0,2,0,0,0,0,0
1,0,1,0,1,2,2,0,0,0,1,1,0,0,1,1,0,1,1,0
1,0,1,2,1,1,0,0,1,0,0,0,0,0,2,0,0,0,1,0
2,1,0,1,1,0,0,2,0,1,0,0,0,0,2,1,1,1,0,1
0,0,0,1,0,0,2,0,0,0,1,0,0,0,1,1,1,1,2,1
2,1,0,0,1,0,0,2,0,0,0,0,0,0,2,1,1,1,0,1
0,0,0,1,0,0,0,0,1,0,0,0,1,0,1,0,1,1,1,1
0,0,0,1,0,0,1,0,0,0,1,0,0,1,0,1,1,1,2,1
0,1,1,1,1,1,0,1,1,1,1,1,1,1,0,0,1,1,0,1
2,1,1,1,0,1,1,1,0,0,1,0,1,1,0,1,0,1,2,1
2,0,1,1,0,0,1,0,1,0,1,0,0,0,2,1,1,0,2,1
1,0,1,2,0,2,1,0,0,0,1,0,1,0,0,1,1,1,1,0
1,1,0,1,0,1,0,2,1,0,1,1,0,1,0,1,1,1,0,1
0,0,1,1,1,2,0,0,1,0,1,0,1,1,1,0,1,0,1,1
2,0,0,2,1,0,1,0,0,0,1,1,1,0,0,0,0,1,1,0
0,0,0,1,0,2,1,0,0,0,1,1,0,0,1,0,0,1,0,1
0,1,0,1,1,2,1,0,0,1,0,1,1,1,0,1,1,0,2,1
0,0,0,1,1,1,0,0,1,0,1,1,1,1,0,1,0,1,0,0
2,1,2,0,1,2,1,1,1,0,1,0,0,0,1,0,0,0,1,1
1,1,1,0,0,1,1,1,1,0,1,1,0,1,0,1,1,1,2,1
0,0,0,1,1,1,1,0,1,0,1,0,1,1,0,1,1,0,0,1
0,0,1,1,1,2,0,0,1,0,1,1,0,1,1,1,0,1,2,0
2,0,1,0,0,2,2,0,0,0,1,0,0,1,2,1,0,1,2,0
0,0,0,1,0,2,1,0,0,0,1,1,1,0,1,0,0,1,2,1
1,0,2,1,0,2,1,0,0,0,1,0,0,1,2,0,1,1,1,1
2,1,0,1,1,2,0,2,0,0,1,0,0,1,0,1,1,1,0,1
0,0,0,0,0,2,1,0,0,1,1,1,0,1,0,0,1,0,1,1
0,0,0,1,1,0,0,0,1,0,1,1,0,1,0,1,0,0,2,1
1,1,1,0,0,1,0,2,0,1,1,0,0,1,0,1,0,0,0,1
2,1,2,0,1,0,0,1,0,0,1,0,1,0,1,1,0,1,2,1
0,0,1,1,0,2,1,0,0,0,0,1,1,0,2,0,0,0,2,1
2,1,2,0,1,1,0,0,0,0,0,1,1,1,2,0,1,0,2,0
0,0,1,1,1,1,1,0,0,0,1,1,1,0,2,1,1,0,1,1
0,0,1,1,0,2,1,0,0,0,1,1,0,0,1,1,0,0,2,1
1,1,1,1,1,0,0,1,0,1,1,1,0,0,0,0,1,1,1,0
2,1,0,1,0,2,1,0,1,0,1,0,1,1,2,1,1,1,2,1
0,1,0,1,1,2,0,2,0,1,1,1,1,0,1,0,0,1,1,0
2,1,1,1,1,2,0,1,1,1,0,1,0,1,0,0,0,1,0,1
0,1,0,1,0,1,1,1,1,0,1,1,1,0,1,0,1,1,0,0
0,0,1,1,0,2,1,0,0,0,1,0,0,0,1,0,1,1,1,1
0,1,0,0,0,1,2,2,1,0,1,0,0,0,2,1,0,1,0,0
2,0,0,1,1,2,0,0,1,0,1,0,1,0,1,1,0,1,0,0
0,1,0,0,1,0,1,2,1,0,1,1,0,1,0,1,0,1,1,1
0,1,1,1,1,1,1,1,1,0,1,0,0,1,1,1,1,1,0,1
0,0,0,1,0,2,1,0,0,0,0,0,1,1,1,0,1,0,2,0
2,1,0,2,0,1,1,1,1,0,0,1,0,0,0,1,0,1,1,1
1,1,0,0,1,2,1,1,1,1,1,1,1,0,1,0,1,0,0,1
2,1,2,1,0,1,1,1,0,0,0,1,1,0,2,0,0,0,1,1
0,1,1,0,1,2,1,2,1,0,0,0,0,0,1,1,0,1,0,1
1,1,2,0,0,0,1,2,1,0,0,0,0,0,2,1,0,1,0,1
1,0,1,2,0,2,1,0,0,0,1,0,1,1,2,0,1,0,2,1
2,0,2,0,1,2,0,1,1,0,1,0,1,0,1,1,0,1,1,1
2,0,0,1,1,1,1,1,0,0,1,1,1,0,1,1,1,0,1,1
0,0,0,1,1,2,0,0,1,0,1,1,1,1,0,1,1,0,0,1
1,1,1,0,0,0,1,1,1,0,1,1,0,0,1,1,1,1,1,1
0,1,1,0,0,1,2,0,1,0,0,0,1,1,2,1,1,0,2,0
0,0,1,2,1,2,0,0,1,0,1,1,1,1,0,0,0,0,1,1
0,0,1,0,1,2,0,0,0,0,1,1,0,0,1,1,0,0,2,1
0,0,0,0,1,1,0,1,1,0,1,0,1,0,2,1,1,1,0,1
0,0,2,0,0,2,0,0,0,0,1,1,0,1,1,1,0,1,2,1
1,1,2,0,1,2,0,1,0,1,1,0,0,0,0,1,0,1,1,1
0,0,1,1,1,2,1,0,0,0,1,1,0,0,2,1,0,0,2,1
1,0,0,0,1,0,1,0,0,0,1,1,0,1,2,0,1,0,2,1
0,0,1,1,1,1,0,0,1,0,1,0,0,0,2,0,1,1,0,1
0,0,0,1,0,2,2,0,0,0,1,1,0,0,1,1,0,0,2,0
2,1,0,1,1,1,0,0,0,0,1,0,1,1,0,1,1,1,2,1
0,1,1,0,1,2,0,2,0,1,1,0,0,1,0,0,0,0,1,0
0,1,1,1,1,2,0,0,0,1,0,0,1,0,2,1,1,1,2,1
1,0,1,0,1,1,1,0,0,0,1,1,1,0,1,1,0,1,1,0
0,0,1,0,1,0,0,0,1,0,1,0,1,0,1,0,1,0,1,1
0,0,1,0,1,0,1,0,0,0,1,0,1,0,1,0,1,0,2,1
0,0,1,1,0,2,1,0,1,0,1,0,1,1,1,0,1,1,2,1
2,0,2,1,0,1,0,2,0,0,1,1,1,1,2,0,1,0,2,0
1,0,2,0,0,2,2,0,1,0,1,0,1,1,1,1,1,1,2,1
1,1,0,2,0,1,2,2,1,0,1,0,0,0,1,1,0,1,0,0
1,1,1,0,0,0,1,0,1,0,1,0,1,0,0,1,1,1,2,1
0,0,2,1,0,2,0,0,1,0,1,0,1,0,2,1,1,1,1,1
0,0,1,2,0,1,1,0,0,0,1,1,1,0,2,0,1,0,2,1
2,0,1,1,0,2,1,0,1,1,0,0,0,0,2,0,1,1,1,1
0,0,0,1,0,0,2,0,0,0,1,1,1,0,1,0,1,1,2,1
0,1,0,1,0,0,1,2,1,0,0,0,0,0,2,1,1,0,0,1
0,0,1,1,1,2,0,0,1,1,0,0,0,1,0,0,0,1,2,1
0,0,1,0,1,2,0,0,0,0,1,1,0,1,2,1,0,0,1,1
2,1,0,1,0,0,2,2,1,0,0,1,0,1,0,1,1,0,1,0
0,0,1,0,1,1,1,0,1,0,1,0,1,0,1,1,1,1,2,1
0,0,0,0,1,2,0,2,1,0,1,0,1,1,0,1,1,1,1,1
0,1,2,2,0,1,1,1,0,0,1,0,1,1,0,0,1,0,0,1
2,0,2,1,1,2,0,1,1,0,1,1,1,0,0,0,1,0,2,0
0,0,1,1,1,2,1,0,0,0,1,1,0,1,0,0,1,0,1,1
0,0,1,0,1,2,0,0,0,0,1,0,0,1,2,0,0,0,1,0
1,0,2,0,0,2,1,0,1,0,1,0,1,1,2,0,1,0,1,1
1,1,0,1,1,0,0,1,0,0,1,1,1,0,0,0,1,1,1,0
0,1,0,0,0,0,1,2,1,0,0,1,1,0,0,0,0,0,2,1
0,0,0,1,1,2,1,0,0,0,1,1,1,0,0,0,0,1,2,1
0,0,1,1,1,1,0,0,1,0,1,0,0,0,1,1,0,0,2,1
0,0,1,1,1,0,2,0,0,0,1,1,0,1,1,1,0,0,2,1
0,0,1,0,1,0,0,0,1,0,1,0,0,1,0,1,0,1,2,1
0,0,1,1,0,2,2,0,0,0,1,0,0,0,1,0,1,0,1,1
0,1,1,1,1,1,1,1,1,0,1,0,0,1,1,1,0,1,1,1
0,0,0,2,1,0,0,0,1,0,1,0,1,1,0,1,0,1,1,1
1,1,1,1,0,1,0,2,0,0,1,0,1,0,1,1,1,1,2,0
2,0,0,0,1,2,0,0,1,0,1,0,0,0,2,1,1,0,2,1
1,1,1,2,0,1,2,1,1,0,1,1,0,1,1,1,0,1,1,0
0,0,0,0,0,2,1,0,0,0,1,1,0,1,0,1,1,1,2,0
0,1,1,1,1,2,1,2,1,1,1,0,1,0,2,1,0,0,2,0
2,1,2,1,0,1,1,2,0,0,0,1,1,0,2,0,1,1,2,1
0,0,0,0,1,1,0,0,1,0,1,1,0,0,2,0,1,0,0,1
0,1,1,1,0,2,1,1,1,0,0,0,0,1,2,1,0,1,0,1
1,0,1,0,0,2,2,0,0,0,1,1,0,0,0,1,0,1,2,0
1,0,0,0,1,2,1,0,1,0,1,1,1,1,0,1,1,1,1,1
1,1,1,0,0,1,1,1,1,1,1,0,0,0,2,1,1,1,2,1
0,0,1,0,1,2,0,0,1,0,1,0,1,0,1,0,1,0,2,1
0,1,1,1,1,0,0,1,0,0,1,1,1,1,1,0,0,1,1,0
2,0,2,1,1,1,0,0,1,0,1,0,0,0,2,0,0,1,1,0
0,1,1,0,1,2,1,2,1,0,1,1,1,1,0,0,1,0,2,1
1,0,0,2,1,0,0,0,1,0,1,0,0,0,1,1,0,1,2,1
1,0,1,0,0,0,1,0,0,0,1,0,1,1,0,0,1,0,1,1
1,0,0,2,1,1,0,0,1,0,1,0,1,0,1,0,1,0,1,1
0,1,0,1,0,0,1,2,1,1,1,1,1,0,1,1,0,1,2,0
0,0,1,1,1,0,1,0,0,0,1,1,0,1,1,1,0,0,2,1
1,1,0,2,1,2,0,2,0,1,0,0,0,0,2,1,1,1,0,1
2,1,2,0,1,2,0,0,1,0,1,1,0,1,1,0,1,0,0,1
2,0,2,0,1,2,0,1,1,0,1,0,0,0,2,1,0,1,1,1
0,0,0,1,1,0,0,1,1,0,1,1,1,1,0,1,1,0,1,0
0,0,0,1,1,2,0,0,1,0,1,0,0,1,0,1,1,0,2,1
2,1,0,0,1,2,0,2,0,0,0,0,1,1,2,0,1,0,2,1
1,0,1,0,0,0,1,0,0,0,1,1,0,1,1,1,0,1,2,1
2,1,2,0,0,1,1,1,1,0,1,0,1,1,1,0,0,0,0,1
0,1,1,0,1,2,1,0,1,1,1,0,0,1,0,1,1,1,1,1
1,0,0,0,1,2,1,0,0,0,1,1,1,0,1,0,1,0,1,0
1,0,1,0,0,2,2,0,0,0,1,1,1,1,2,1,0,1,1,1
1,0,0,0,0,0,2,0,1,0,1,0,1,0,0,1,0,1,1,0
0,0,1,0,0,2,1,0,1,0,1,0,1,0,0,1,1,1,0,1
0,1,1,1,1,0,1,1,1,0,0,1,0,0,0,1,0,0,1,1
1,1,0,2,1,2,0,1,0,0,1,0,0,1,2,1,1,1,1,0
0,0,0,1,0,1,2,0,0,0,1,1,1,0,1,1,0,0,2,0
0,0,1,0,0,2,2,0,0,0,1,1,0,1,1,1,0,1,2,1
2,0,2,1,0,2,1,0,0,0,1,1,1,0,0,0,1,1,1,1
0,0,0,1,0,1,1,1,0,0,0,0,1,0,1,0,1,0,0,1
2,1,1,0,0,1,2,2,1,0,1,1,1,1,0,0,0,0,2,0
0,0,1,0,1,2,1,0,0,0,1,1,1,0,1,1,0,1,0,1
1,0,0,0,1,1,0,1,0,0,1,1,1,0,2,1,1,1,0,1
2,1,1,1,0,1,1,2,1,0,1,1,0,0,0,1,0,0,0,1
0,1,0,2,0,2,1,0,1,0,1,0,1,1,0,0,0,0,2,1
0,0,1,0,0,1,1,0,0,0,1,1,1,0,1,1,0,1,1,1
0,1,1,0,1,0,1,1,1,0,1,1,0,0,1,0,1,0,0,0
0,0,2,1,0,2,1,0,1,0,1,0,1,1,1,0,0,0,1,1
2,0,1,1,0,2,1,0,1,0,1,0,0,0,2,0,0,1,2,1
2,1,0,1,0,1,2,1,1,0,1,1,0,1,2,1,1,0,2,0
0,1,1,1,1,1,0,2,1,0,1,0,0,0,1,1,0,1,1,1
0,1,1,0,1,2,0,2,0,1,1,1,1,0,2,0,1,0,2,0
0,0,0,1,1,1,2,0,0,0,1,1,0,1,0,1,0,0,1,1
1,0,2,0,0,2,0,0,1,0,1,0,1,1,2,0,1,0,2,1
0,0,1,1,1,1,0,0,0,0,1,1,1,1,1,0,1,1,1,1
1,0,0,0,1,0,1,0,1,0,1,0,1,1,0,1,1,1,0,1
1,0,1,0,0,2,2,0,0,1,1,1,1,0,0,1,1,1,1,1
1,1,1,0,0,0,1,2,1,0,1,0,1,0,1,1,1,1,2,1
0,0,1,0,1,2,0,0,1,0,1,0,1,0,1,1,0,1,0,1
1,1,1,0,0,0,1,2,1,0,1,0,0,1,0,1,1,1,1,1
0,0,2,1,0,1,1,2,1,0,1,0,1,1,1,1,0,0,0,1
0,1,0,2,1,1,1,1,1,1,1,1,0,1,0,0,1,0,0,1
2,1,0,1,1,2,0,2,0,0,0,1,1,0,2,0,1,1,2,1
1,0,1,0,0,2,2,0,0,0,1,1,1,1,1,1,0,1,0,0
0,1,2,1,1,0,0,2,0,0,0,0,1,1,2,0,1,1,2,1
0,1,1,1,1,0,0,2,0,0,1,1,1,1,2,0,0,0,2,1
0,1,0,0,0,1,2,1,1,0,1,0,0,1,2,1,1,1,1,0
0,0,1,0,1,2,1,0,0,0,1,0,0,1,1,0,0,0,1,1
0,0,1,1,0,1,2,1,0,0,1,1,0,0,2,0,1,0,0,1
0,1,1,2,0,1,1,1,1,0,1,1,1,0,0,0,0,0,0,1
0,0,1,1,1,2,0,0,1,0,1,0,1,0,1,1,0,0,0,1
1,0,1,1,0,2,1,0,1,0,1,0,0,0,1,0,0,1,1,1
1,0,2,1,0,2,1,0,1,0,1,0,0,0,0,0,1,1,0,1
1,0,0,2,0,1,0,0,1,0,1,0,0,0,1,1,0,1,2,1
0,1,1,0,1,2,0,2,0,1,0,0,0,0,0,1,0,1,0,1
2,1,2,1,1,0,0,2,0,0,0,1,1,1,0,0,0,1,2,1
2,1,2,0,0,0,1,2,1,0,1,1,1,1,2,0,1,0,2,1
2,0,2,0,1,2,0,0,0,0,1,1,0,1,2,0,0,0,0,0
2,0,2,1,0,2,1,0,0,0,1,1,0,0,0,0,0,0,2,1
2,1,2,1,1,2,1,2,1,0,1,1,1,0,2,0,0,1,2,1
0,1,1,1,0,1,1,2,1,0,0,1,1,0,2,0,0,1,2,1
0,0,0,0,1,2,0,0,1,0,1,0,1,1,0,1,1,0,2,0
1,1,0,2,1,2,0,2,0,0,0,0,1,1,2,0,1,1,2,1
2,1,2,1,1,0,0,2,0,0,0,0,0,0,2,1,0,1,1,1
1,0,2,0,0,2,0,0,0,0,1,1,0,1,0,0,1,0,1,1
0,0,1,0,1,2,1,0,0,0,1,1,1,0,1,1,0,1,2,0
0,1,1,1,0,0,0,2,0,1,1,0,1,1,1,0,1,1,2,1
0,0,0,1,1,2,0,0,1,0,1,0,0,0,1,0,1,1,1,1
2,1,2,1,0,1,1,2,0,0,1,1,1,0,0,0,0,1,2,0
1,1,0,2,0,0,0,2,1,0,1,0,0,0,1,1,1,0,1,0
0,1,2,0,0,1,1,2,1,1,0,0,1,1,1,0,1,0,2,1
0,0,0,0,0,2,1,0,0,0,1,0,1,1,2,1,1,1,0,1
0,0,1,1,1,1,1,0,0,0,1,0,0,1,1,0,0,0,1,1
2,1,2,1,1,0,1,2,1,0,1,0,1,0,2,0,1,0,0,1
1,1,1,0,1,2,2,2,1,0,1,0,0,0,1,1,1,1,0,0
2,0,2,1,1,0,1,0,0,0,1,1,1,1,1,0,0,0,2,1
0,0,0,1,1,2,2,0,0,0,1,1,0,1,0,1,0,1,2,1
1,0,1,0,0,2,1,0,0,0,1,1,0,1,0,1,0,0,2,1
0,1,1,1,0,2,0,1,0,0,0,1,0,0,2,0,1,1,0,0
1,1,1,0,0,0,1,2,1,1,0,0,0,0,1,1,1,1,1,1
0,0,0,1,0,1,1,0,0,0,1,1,0,0,1,1,1,0,2,1
0,0,2,0,0,2,2,0,1,0,0,0,1,1,0,0,0,0,2,0
1,1,1,0,0,1,1,0,1,1,1,0,0,1,0,1,1,1,0,1
2,1,1,1,0,1,1,1,1,0,1,1,0,0,1,1,1,0,1,1
0,0,1,0,0,2,1,0,1,0,0,0,0,0,1,0,0,0,1,1
2,1,0,0,1,2,0,0,0,1,1,0,1,0,2,1,0,1,1,0
0,0,1,1,0,2,1,0,1,0,1,0,0,0,1,0,0,1,0,1
0,0,0,1,1,2,0,0,1,0,1,0,1,1,0,1,1,0,1,1
0,0,1,1,1,0,0,0,1,0,1,0,0,0,0,0,0,1,1,1
0,0,1,2,1,2,1,0,1,0,1,0,1,1,2,1,1,1,1,1
0,0,1,1,0,2,1,0,1,0,1,0,0,1,1,0,0,0,0,1
0,0,1,0,0,2,1,0,0,0,1,1,1,1,0,1,0,1,0,1
0,0,1,2,0,2,1,0,0,1,1,0,1,1,2,0,0,0,1,1
2,1,2,1,0,2,2,2,1,0,0,1,1,1,1,0,0,0,2,0
0,0,2,0,0,2,2,0,0,0,1,1,1,1,2,1,1,1,1,1
2,1,2,1,1,0,1,2,1,1,1,1,1,0,1,0,0,1,2,1
0,0,0,1,1,1,1,0,1,0,1,0,0,1,0,0,1,1,2,1
1,0,0,1,1,1,0,0,1,0,1,0,1,1,2,1,1,1,2,1
0,0,0,1,0,2,1,0,0,0,0,0,0,0,2,1,1,0,2,0
0,1,2,1,0,1,1,1,0,1,1,0,1,1,1,0,1,1,1,1
0,0,1,1,1,1,0,0,1,0,1,0,0,1,1,1,0,0,2,1
0,1,0,1,0,1,1,1,0,0,1,0,0,1,2,1,1,0,1,1
0,0,0,1,1,0,1,0,0,1,1,0,0,0,2,1,0,0,2,1
1,1,0,0,1,0,0,2,0,1,1,1,1,1,0,1,1,0,2,0
2,0,2,0,0,2,1,0,0,1,1,1,1,0,0,0,0,0,0,1
2,0,0,0,0,2,2,0,0,0,1,1,1,1,2,1,1,1,2,0
1,1,0,0,1,0,0,2,0,0,1,0,0,0,2,1,1,0,1,0
0,1,1,2,0,0,2,2,1,0,1,1,1,1,2,0,1,1,2,0
0,1,0,0,0,0,1,2,1,0,0,1,0,0,2,1,0,1,1,0
0,0,0,1,0,2,2,0,0,0,1,0,1,0,1,0,1,1,1,1
0,1,1,0,0,1,1,1,1,0,0,0,0,0,1,1,0,1,1,1
0,0,0,0,1,1,0,1,1,0,1,1,0,0,2,1,1,1,1,1
0,0,0,2,1,2,0,0,1,0,1,0,0,1,0,1,0,1,2,1
0,0,0,1,0,2,1,0,0,0,1,0,0,1,0,0,1,0,1,1
0,0,1,0,1,0,2,0,0,0,1,1,0,0,0,1,0,1,2,1
2,1,2,0,1,2,0,1,0,1,1,0,0,0,0,1,1,1,1,0
2,0,0,0,1,2,1,0,0,0,0,0,1,0,1,0,1,0,2,0
0,0,1,1,1,1,0,0,1,0,1,0,1,1,1,1,0,0,2,1
2,1,2,0,0,0,1,2,1,1,0,1,0,0,1,1,0,0,0,0
2,1,1,1,0,0,0,2,0,0,0,0,0,0,2,1,1,0,0,1
0,0,0,0,1,0,0,1,1,0,1,0,0,0,1,1,0,1,2,1
0,0,0,1,1,1,1,0,0,0,1,1,0,0,1,1,0,1,2,0
0,1,1,1,1,2,1,0,1,0,0,0,1,0,2,1,1,0,2,1
2,1,2,1,1,0,1,1,1,0,1,1,1,0,2,0,1,0,0,1
2,0,2,1,1,2,0,0,1,0,1,0,0,1,1,1,0,1,2,0
0,0,2,1,0,2,1,0,0,0,0,1,1,1,0,0,0,0,2,0
0,0,0,0,0,1,1,0,1,1,1,1,0,0,1,1,0,1,2,0
0,0,0,0,0,2,2,0,1,0,1,1,1,1,0,1,0,1,2,0
0,0,1,0,1,2,1,0,0,0,1,1,0,0,1,1,0,1,2,1
0,0,1,0,1,0,2,0,1,0,1,0,1,1,2,0,0,0,2,1
2,0,0,1,1,1,0,0,1,1,1,0,0,0,2,1,0,0,2,1
1,0,1,0,1,0,0,0,1,0,1,0,0,1,1,0,0,0,0,1
2,1,2,0,1,0,0,2,1,0,1,0,0,1,0,1,0,1,2,1
2,0,0,0,1,2,1,0,0,0,1,1,1,0,1,1,0,1,1,1
2,1,0,0,1,1,0,1,0,0,0,1,1,1,2,1,0,1,1,1
0,0,2,2,0,2,2,0,0,0,1,0,0,0,2,0,0,0,1,1
1,1,0,2,1,1,0,1,0,0,0,0,0,1,1,1,0,1,0,1
0,0,1,2,1,0,0,0,1,0,1,1,0,0,0,1,0,0,2,1
1,0,1,0,0,1,1,1,1,0,1,0,1,0,1,1,0,1,1,1
0,0,1,1,0,2,2,0,0,0,1,0,1,1,1,1,0,1,1,1
1,0,0,0,1,2,0,0,1,0,1,0,1,0,1,0,0,0,2,1
0,1,1,1,0,1,1,1,1,0,0,0,0,0,2,1,0,0,0,1
0,0,1,1,1,0,1,0,0,0,1,0,1,0,2,0,1,0,2,1
0,0,0,0,0,2,1,0,0,0,1,0,1,1,0,1,0,1,1,1
0,0,1,0,1,2,1,0,0,0,1,1,1,0,1,1,0,1,1,1
1,0,1,2,1,1,1,0,1,0,1,0,1,0,0,1,1,1,1,1
1,1,1,0,0,2,1,1,1,0,0,0,0,1,2,1,1,1,1,1
0,1,1,1,0,1,1,2,1,0,1,0,0,0,1,1,1,1,1,1
0,1,1,1,1,0,1,2,1,0,1,1,1,0,1,0,0,1,2,1
0,0,1,1,1,2,0,0,1,0,1,1,1,0,1,0,0,1,2,1
0,0,0,1,1,1,1,0,0,0,1,1,0,0,1,1,0,1,2,0
0,0,0,0,0,0,2,0,0,0,1,1,0,0,2,1,1,1,2,1
2,1,2,1,0,2,1,1,1,0,0,1,1,1,2,0,0,1,0,1
0,0,2,1,0,2,1,0,0,0,1,0,1,0,0,0,1,1,2,1
0,1,1,1,1,1,0,0,0,0,1,0,0,0,0,0,0,1,0,1
0,0,1,1,0,0,1,2,1,0,1,0,0,0,1,1,1,1,0,1
0,0,1,1,0,1,1,1,0,0,1,1,1,0,1,1,1,1,1,1
0,0,1,1,0,2,1,0,0,0,1,1,0,1,1,1,0,1,2,1
1,0,1,2,0,2,1,0,0,0,1,0,0,0,0,1,0,0,2,0
0,1,1,1,1,2,1,0,1,0,1,0,1,0,1,1,0,1,2,1
0,0,1,1,0,0,1,0,0,0,0,1,0,0,0,0,0,0,2,1
0,1,0,1,1,0,0,2,0,1,1,0,0,1,0,1,1,1,1,1
0,0,1,1,1,1,0,0,1,1,1,0,1,0,0,0,1,1,1,1
0,1,1,0,0,1,1,2,1,0,1,0,0,0,1,1,1,1,1,1
2,1,2,0,1,1,0,1,0,0,0,0,0,1,1,1,0,1,0,1
1,0,0,2,1,0,2,0,0,0,1,1,1,0,1,1,1,1,2,1
0,0,1,1,1,2,0,0,1,0,1,0,0,1,1,0,0,0,1,1
0,0,1,2,0,2,1,0,0,0,1,1,1,1,1,1,0,1,1,0
0,1,0,1,0,0,1,2,1,0,1,0,0,0,1,1,1,0,1,1
0,1,0,0,0,1,0,2,0,1,1,0,1,0,2,0,0,0,2,0
1,0,0,0,1,2,0,0,1,0,1,0,1,1,0,1,0,1,1,1
1,0,0,1,1,0,0,0,1,0,1,1,1,1,0,1,1,0,1,0
0,0,0,1,1,1,0,1,1,0,1,1,1,1,2,1,1,0,0,1
0,1,0,1,0,1,2,1,1,0,1,1,1,0,1,1,0,0,2,1
0,1,1,0,0,1,1,2,1,0,1,0,1,0,1,0,1,0,0,1
2,0,1,1,1,2,1,0,0,0,1,0,0,1,1,1,1,1,2,1
1,1,0,2,1,1,0,1,0,1,1,0,0,0,0,1,1,1,0,0
0,0,0,0,1,0,0,0,1,0,1,0,1,1,0,1,1,1,0,1
0,1,1,1,0,1,1,1,1,0,1,1,0,0,2,1,1,1,1,1
1,0,0,0,0,0,1,0,0,0,1,1,1,1,0,0,1,0,2,0
0,0,1,1,0,2,1,0,0,0,1,1,0,0,2,1,0,0,1,1
0,1,2,1,0,0,2,2,1,0,0,1,1,0,2,0,0,1,2,0
0,0,1,1,0,1,1,0,0,0,1,1,0,1,1,0,0,1,2,1
1,0,1,0,0,2,1,0,0,0,1,1,0,0,1,1,0,1,1,1
0,0,0,1,0,1,1,1,0,0,1,0,1,0,1,0,1,1,2,1
0,1,0,1,0,0,1,2,1,0,1,1,1,0,1,0,1,1,2,0
2,1,1,0,0,1,1,2,1,0,1,1,1,1,0,1,0,1,2,1
0,0,0,1,1,2,0,0,1,0,1,0,0,1,0,1,1,0,1,1
0,0,0,1,0,0,2,2,0,0,1,0,1,0,1,0,1,1,1,0
0,1,1,2,1,2,0,2,0,0,1,0,1,0,0,0,1,1,2,1
0,1,1,1,1,2,0,2,0,0,0,1,1,0,2,0,1,0,0,0
2,1,2,0,1,0,0,2,0,0,1,0,1,1,1,1,0,1,2,1
0,0,1,1,1,0,1,0,1,0,1,0,0,0,1,1,1,0,2,1
0,0,0,1,0,2,1,0,0,0,1,0,1,0,1,0,1,0,2,1
0,1,0,1,1,1,2,1,1,0,1,0,1,0,1,1,1,0,1,0
1,1,0,2,1,2,0,2,0,0,0,0,1,1,2,1,1,1,2,1
1,1,0,0,1,2,1,1,1,0,0,1,0,1,1,1,0,1,1,0
0,0,0,1,0,2,1,0,0,0,1,0,0,0,0,0,1,1,2,1
0,0,1,1,0,2,2,0,0,0,1,1,1,0,1,0,0,0,1,1
1,1,1,0,0,0,2,2,1,1,1,1,1,1,0,0,0,0,0,1
0,0,1,0,1,1,0,0,1,0,1,0,0,1,1,0,1,0,2,1
2,1,0,0,1,1,0,1,0,0,0,0,0,0,1,1,0,1,1,0
2,1,2,1,0,1,1,2,1,1,1,0,1,0,2,0,0,1,2,1
2,1,2,0,1,1,0,1,0,1,0,1,0,0,2,0,1,0,0,0
0,0,0,1,1,1,0,0,1,0,1,0,0,1,2,1,1,0,2,1
0,0,0,2,0,0,1,1,1,0,1,0,0,1,2,1,0,1,1,1
2,1,2,0,1,0,1,1,1,0,1,1,1,1,0,0,1,0,2,1
0,1,0,1,1,2,0,2,1,1,1,1,1,0,2,0,0,1,1,0
0,1,0,1,0,1,2,1,1,0,1,1,1,0,0,0,1,1,0,0
2,0,2,1,1,1,0,0,1,0,1,0,1,1,1,0,0,1,1,1
2,1,1,1,0,0,2,2,1,0,1,1,1,0,1,0,1,0,2,0
0,0,1,0,1,1,0,0,1,0,1,0,0,1,0,1,1,1,1,1
0,0,1,2,1,1,1,0,1,1,1,0,1,1,2,1,1,1,0,1
0,0,1,1,1,0,0,0,1,0,1,1,0,0,1,0,0,1,2,1
2,1,2,1,0,0,1,2,1,0,0,1,1,0,1,0,0,1,2,0
2,1,2,1,0,1,1,0,1,1,0,1,1,1,2,0,1,1,0,0
0,0,2,1,0,1,2,1,0,0,1,1,0,0,2,0,0,1,1,1
0,0,0,1,1,2,1,0,0,0,1,1,0,1,0,1,0,0,2,1
2,1,2,1,0,1,1,1,1,0,1,1,1,0,0,0,1,0,0,1
0,1,1,1,1,1,2,2,1,1,1,1,0,1,1,1,0,1,0,1
0,0,2,1,0,0,2,0,0,0,1,1,1,1,2,0,1,1,1,1
2,0,2,0,0,2,0,0,1,0,1,1,0,1,1,1,1,0,2,1
0,1,1,2,0,0,2,2,1,0,1,0,1,0,0,1,1,1,2,0
1,0,1,2,1,2,0,0,1,0,1,0,1,1,0,0,1,0,2,0
0,1,1,0,1,2,1,2,1,0,1,1,0,0,1,1,0,1,1,1
0,0,0,0,0,2,1,0,0,0,1,0,1,0,0,0,1,1,2,1
2,1,0,1,0,0,1,2,1,0,0,0,1,0,1,0,1,0,2,1
0,0,1,1,1,0,1,0,0,0,1,1,1,0,1,0,0,1,2,1
2,1,2,1,0,1,1,1,1,0,0,1,1,0,2,0,1,1,0,1
0,1,1,2,1,0,0,1,0,0,1,0,1,0,0,0,1,0,1,1
0,1,1,1,1,2,0,1,0,0,1,1,1,1,1,0,1,0,1,1
0,1,1,0,1,2,1,1,0,1,1,0,0,1,0,1,0,1,1,1
0,0,1,1,1,2,0,0,1,0,1,0,1,0,2,0,1,1,2,1
0,1,2,1,1,2,0,0,0,0,1,1,1,1,0,0,1,0,1,0
0,0,1,1,1,2,1,0,0,0,1,1,1,0,1,0,0,0,2,0
0,0,1,0,1,1,2,0,0,0,1,1,0,0,1,1,0,0,2,1
0,0,1,0,1,2,0,0,1,0,1,1,1,1,1,0,0,0,2,1
1,0,2,0,0,0,0,2,0,0,1,1,0,0,1,0,1,0,2,1
1,1,0,1,1,0,0,2,1,0,1,1,0,1,2,1,1,1,0,1
1,0,1,0,0,2,2,0,1,0,0,1,1,0,1,0,0,0,2,1
0,0,0,1,1,2,1,0,0,0,1,0,1,0,1,0,1,1,2,1
0,1,0,0,1,2,1,2,1,0,1,0,0,0,2,1,0,1,2,1
1,1,2,1,0,2,2,0,1,0,1,1,1,1,0,0,0,1,1,1
0,0,1,1,0,1,1,0,1,0,1,0,1,1,1,1,1,1,0,1
0,1,1,1,1,0,1,2,1,0,1,0,0,1,1,1,1,0,1,1
2,0,2,1,1,1,0,2,0,0,0,0,1,1,0,0,1,1,2,0
2,1,2,1,1,1,0,1,0,1,1,0,0,0,2,1,1,0,1,0
0,0,2,1,1,1,0,0,1,0,0,1,1,1,0,1,1,1,0,1
0,1,1,0,0,2,1,0,1,1,0,1,1,0,2,1,1,1,0,1
2,0,1,1,1,2,0,0,1,0,1,1,1,0,2,0,1,1,2,1
1,0,1,0,0,1,1,0,0,0,1,1,1,1,0,1,0,1,2,1
2,1,2,1,1,2,1,1,1,1,0,0,0,0,2,0,1,0,1,0
2,0,2,0,0,2,0,0,1,0,1,1,0,0,1,1,1,1,2,1
2,1,2,1,1,2,0,2,0,0,1,1,1,1,1,0,0,0,1,1
0,0,0,1,0,2,1,0,0,0,1,1,1,1,0,0,1,0,2,1
0,1,1,1,0,0,1,2,1,0,0,1,1,1,2,1,1,0,2,1
1,0,0,0,1,1,0,1,1,0,1,0,1,0,2,1,0,0,0,0
1,0,1,0,0,2,1,0,0,0,1,1,1,0,1,1,0,1,1,1
1,0,2,0,0,2,2,0,0,0,1,0,1,1,2,0,1,0,2,0
0,0,1,1,1,2,0,0,0,0,1,1,1,1,1,0,0,0,2,0
0,0,1,1,1,2,0,0,1,0,1,0,1,0,1,1,1,0,0,1
2,0,0,1,0,2,1,0,1,0,1,0,0,1,2,1,1,1,2,1
2,0,0,1,1,2,0,0,0,0,1,1,0,1,0,1,1,1,2,0
2,1,2,2,1,2,0,1,0,0,1,0,0,0,1,1,1,1,0,0
2,1,1,1,0,0,1,2,1,0,0,0,0,1,0,1,1,1,1,0
1,0,1,0,0,2,2,0,1,0,1,1,1,1,1,1,0,1,2,1
1,0,1,0,0,1,1,1,0,0,1,1,1,0,1,1,1,0,1,1
2,0,0,1,1,2,0,0,1,0,1,0,1,0,1,1,0,1,0,1
1,1,1,2,0,2,1,0,1,1,0,0,1,1,2,1,1,1,2,1
1,0,1,0,0,2,1,0,0,1,0,1,1,1,1,1,0,0,0,1
0,1,1,0,1,2,0,1,0,0,0,0,1,1,2,1,0,1,1,1
0,0,0,1,1,1,0,0,1,0,1,0,0,1,0,1,1,1,2,1
1,0,1,0,0,2,1,0,0,0,1,1,1,0,1,1,0,1,0,0
0,0,1,0,1,2,0,0,1,0,1,1,0,0,1,1,0,1,1,1
0,1,0,2,0,1,1,1,1,0,1,0,0,0,1,0,1,0,0,1
0,0,2,0,0,1,1,0,0,0,1,1,0,0,1,0,0,0,0,0
0,0,0,1,1,1,0,0,0,0,1,1,0,1,0,1,0,1,2,1
0,0,0,0,1,1,2,0,0,0,0,1,0,0,2,1,0,1,2,1
0,0,1,1,0,2,0,0,1,0,1,0,1,1,1,1,0,0,0,1
2,1,0,1,1,1,0,0,0,1,0,0,0,0,2,1,0,1,0,1
0,1,0,1,1,0,0,1,0,0,1,0,0,0,1,1,1,0,1,1
0,0,0,1,0,2,1,0,0,0,1,1,1,0,1,0,0,1,2,1
0,0,1,0,1,1,0,0,1,0,1,1,0,1,0,0,0,0,1,1
1,0,1,0,0,0,2,0,0,0,1,0,1,0,0,0,1,0,1,1
0,0,1,1,1,2,2,0,1,0,1,1,1,0,2,1,1,0,1,1
2,0,2,0,1,0,0,1,1,0,1,0,0,1,1,0,0,0,0,1
1,0,1,2,0,1,0,1,1,0,0,0,0,1,1,0,1,0,0,1
2,1,1,1,0,0,0,2,0,0,0,1,1,1,1,0,0,1,2,1
0,1,1,1,0,2,1,0,1,1,1,1,1,0,0,1,1,0,2,0
1,0,1,1,0,1,2,0,0,1,1,1,0,0,0,1,1,0,2,0
0,1,0,1,0,2,2,0,1,1,0,0,0,1,1,1,0,1,1,1
2,1,0,0,0,0,0,2,1,0,1,1,0,1,2,1,0,1,0,1
1,1,0,1,1,2,0,1,0,0,1,1,0,1,0,1,1,0,1,1
0,0,2,1,0,1,2,1,0,0,0,0,0,0,1,0,0,0,2,0
0,0,0,1,1,1,1,0,0,0,1,1,0,0,1,0,1,0,1,1
0,0,1,0,1,1,1,0,0,0,1,1,1,0,1,1,0,0,1,1
1,0,0,0,1,1,1,0,1,0,1,0,1,1,2,0,0,0,2,1
0,0,1,2,1,1,1,0,0,0,1,1,1,0,0,1,0,1,1,1
1,0,2,0,0,2,1,0,0,0,1,1,0,1,2,1,1,1,0,1
0,0,0,0,0,2,1,0,0,0,1,0,0,0,1,0,0,0,2,1
1,0,0,0,1,0,0,0,1,0,1,0,0,1,0,1,0,1,1,1
2,1,1,0,1,1,0,2,0,0,0,0,1,0,2,0,0,0,2,0
2,0,0,1,1,0,0,0,1,0,1,0,0,1,0,1,0,1,2,1
2,1,0,1,1,1,1,2,1,0,1,0,1,0,1,0,1,1,2,1
0,1,1,1,1,1,0,1,1,1,1,0,0,1,0,1,0,1,0,1
0,1,1,1,1,0,1,1,1,1,0,0,0,1,0,1,1,1,1,1
1,1,1,1,1,0,0,1,0,1,1,0,0,0,0,1,0,1,1,1
0,0,0,1,0,2,1,0,0,0,1,0,0,1,0,0,1,0,2,1
0,0,0,1,0,2,1,0,1,1,1,0,0,1,2,0,0,0,0,1
0,0,0,1,1,1,0,1,1,1,1,0,1,1,0,1,1,0,1,1
0,1,0,1,0,0,2,2,1,1,1,0,0,1,0,1,0,0,1,1
0,1,2,1,0,1,2,1,1,0,0,1,1,1,1,0,0,1,0,1
2,1,0,1,0,1,1,2,1,1,1,0,1,0,0,0,0,1,2,1
0,0,0,0,1,0,0,1,1,1,1,1,0,0,1,1,1,1,2,1
0,1,2,1,0,0,1,2,1,1,0,1,1,1,1,0,1,1,2,0
0,0,0,1,1,2,2,1,1,0,1,0,0,0,1,1,1,1,1,0
1,0,1,0,0,2,1,0,0,0,1,1,0,0,1,1,0,0,1,0
0,0,0,1,0,2,2,0,0,0,1,1,0,1,0,1,0,0,2,1
2,0,1,1,0,1,2,0,1,0,1,0,0,0,2,1,0,0,2,0
2,0,2,0,0,2,1,0,0,0,1,1,0,1,2,0,1,0,2,0
0,0,1,1,1,2,0,0,1,0,1,0,0,1,1,0,1,0,2,1
2,0,0,1,0,2,2,0,0,0,1,1,1,1,0,1,0,1,1,1
2,0,2,1,0,2,1,0,0,0,1,1,0,0,0,1,1,1,2,1
2,0,2,1,1,2,1,0,1,0,0,0,0,0,0,0,1,1,2,1
2,0,2,1,1,1,0,0,1,0,1,1,0,0,0,0,1,0,2,1
0,0,0,1,0,2,1,0,0,0,1,1,1,0,1,0,0,0,1,1
1,0,2,1,0,2,2,0,0,0,1,1,1,0,0,0,1,1,2,0
0,0,1,1,1,2,0,1,0,0,1,1,1,0,1,1,1,1,1,0
0,0,0,1,1,1,0,0,0,0,1,1,0,0,0,1,1,1,1,0
2,1,2,0,0,0,1,2,1,0,0,0,1,0,2,1,1,1,2,1
0,0,1,0,1,0,1,0,0,0,0,1,1,1,2,0,0,0,1,1
2,1,2,1,0,1,1,2,1,0,0,1,1,0,2,0,0,1,2,1
2,1,1,1,0,0,1,2,1,0,0,1,0,0,0,1,1,0,1,1
2,0,0,1,1,2,1,2,0,1,1,0,1,1,0,0,1,0,1,1
2,1,2,1,1,1,0,1,0,0,0,1,0,1,2,1,1,0,1,1
0,0,1,1,0,2,1,0,0,0,1,1,1,0,1,1,1,0,2,1
0,1,1,1,1,0,1,2,1,0,1,1,1,1,1,0,1,1,2,1
0,0,1,1,0,2,1,0,0,0,1,1,1,0,1,1,0,1,2,1
0,1,0,2,0,0,1,2,1,0,0,1,1,0,2,0,0,1,2,1
0,0,1,0,0,1,1,1,0,0,1,1,0,1,0,0,1,0,0,1
0,0,0,0,0,2,1,0,0,0,1,0,1,1,0,0,1,0,2,1
2,1,2,1,1,2,0,1,0,0,1,0,0,1,2,1,0,0,1,1
1,0,0,0,1,2,0,0,0,0,1,0,0,1,0,1,1,1,2,0
0,0,0,1,0,2,1,0,0,0,1,1,0,1,0,1,0,0,1,1
1,0,1,0,1,2,0,0,1,0,1,0,1,1,1,1,0,1,1,1
0,0,1,0,1,1,1,0,0,0,1,1,0,0,0,1,0,1,1,1
0,0,1,1,1,2,0,0,0,0,0,0,1,1,0,0,1,0,2,1
2,1,2,0,1,2,0,2,0,0,1,0,0,0,1,1,1,1,2,0
1,0,1,0,0,2,2,0,0,0,1,1,0,0,1,0,0,0,0,0
2,1,0,1,1,1,2,0,1,0,0,1,1,0,1,1,0,1,2,0
0,0,1,1,1,1,2,0,0,0,1,1,1,1,1,1,0,0,1,0
2,1,0,1,1,2,1,2,1,1,1,1,1,1,1,0,0,1,0,1
1,0,1,0,1,2,0,0,0,0,1,1,1,1,1,0,0,0,1,1
0,1,1,0,0,1,1,2,1,0,1,0,1,0,1,1,1,0,2,1
1,0,0,0,1,1,0,0,1,0,1,0,1,0,2,0,1,0,1,1
2,0,1,1,0,2,1,0,0,0,1,1,1,0,1,0,0,1,1,1
1,0,1,0,0,1,2,1,0,0,1,0,1,0,1,1,0,0,1,1
1,0,1,0,0,2,1,0,0,0,1,0,0,1,2,1,1,1,1,1
2,1,2,1,1,2,0,1,0,1,1,1,1,0,2,0,0,1,1,1
2,0,1,1,0,2,2,0,0,0,1,1,1,1,1,1,0,0,0,1
0,1,1,0,1,0,0,2,0,1,1,0,1,0,2,0,0,0,2,1
1,0,1,1,0,2,1,0,0,0,1,0,0,0,1,1,0,0,2,0
0,1,1,0,1,2,2,0,1,1,1,0,1,1,0,1,1,1,2,1
0,0,1,0,0,2,2,0,0,0,1,1,1,0,1,0,0,0,2,1
1,0,1,0,1,0,0,0,1,0,1,0,0,0,1,0,0,0,1,1
2,1,0,0,1,1,0,1,1,0,1,0,0,0,2,1,1,1,1,0
2,1,2,0,0,0,1,2,1,1,1,1,1,1,2,0,0,0,2,1
0,0,1,0,0,0,2,0,0,1,0,1,0,1,1,0,1,0,2,1
0,0,0,1,1,2,2,0,0,1,1,1,0,1,0,0,1,1,1,0
0,1,1,1,1,2,1,2,1,1,1,1,1,1,0,0,0,1,2,1
2,1,1,0,1,0,0,1,0,0,1,0,1,1,0,0,1,0,2,1
2,1,1,1,0,0,1,2,0,1,1,0,0,1,1,1,0,1,1,1
1,0,1,0,1,2,0,0,1,0,1,1,1,1,0,0,0,0,2,1
2,1,0,1,0,1,2,1,1,0,0,1,0,0,2,1,0,1,1,0
1,0,0,0,1,1,0,0,1,0,1,0,0,0,2,1,1,1,2,1
1,1,0,0,1,2,1,0,1,0,0,0,0,1,1,1,0,1,1,1
0,1,1,0,0,2,2,0,1,1,1,0,1,0,2,1,1,1,2,1
0,1,0,1,1,2,2,2,1,0,1,0,0,0,0,1,1,1,0,0
1,0,0,0,1,1,0,0,1,0,1,0,1,1,2,0,1,0,2,1
1,0,0,0,1,2,0,0,0,0,1,1,1,0,0,1,1,1,0,1
0,0,1,0,0,2,2,0,0,0,1,1,0,1,0,1,0,1,2,0
2,1,1,1,0,2,0,0,0,0,1,1,0,1,1,1,0,0,1,1
0,0,1,1,1,0,0,0,1,0,1,0,0,0,1,1,1,1,2,0
0,0,0,0,0,2,1,0,0,0,1,1,0,1,0,0,1,0,1,1
1,1,2,0,0,2,1,0,1,0,1,1,1,1,1,0,1,0,2,1
1,0,1,0,1,2,0,0,1,0,1,0,0,0,1,1,0,1,2,1
1,0,1,1,0,2,1,0,0,0,1,1,0,1,1,1,0,1,2,1
0,0,1,0,1,1,0,0,1,0,1,1,1,1,2,1,0,1,1,1
0,0,1,1,0,2,2,0,0,0,1,1,0,0,1,0,0,0,0,1
1,0,2,0,0,2,0,0,1,0,0,1,1,0,1,0,0,0,2,1
1,0,0,0,1,0,2,0,0,1,1,1,1,0,1,1,0,1,1,1
0,0,0,1,1,2,0,0,1,0,1,0,1,0,1,1,1,1,1,1
1,0,1,0,1,2,1,1,0,0,1,1,1,0,1,1,1,1,1,0
0,0,0,1,1,2,0,0,1,0,1,0,0,1,0,1,1,0,2,1
1,0,0,0,1,0,1,0,0,0,1,0,1,0,2,0,1,0,1,1
2,0,1,1,0,0,2,2,0,0,1,1,0,1,1,0,0,0,2,1
0,0,2,1,0,1,1,1,0,0,1,1,0,0,0,0,1,1,1,1
0,0,1,0,0,2,1,0,0,0,1,1,0,0,0,1,0,1,2,0
2,1,0,0,1,2,1,2,1,0,1,1,1,1,0,1,0,1,2,1
1,0,1,0,0,0,1,0,0,0,1,1,1,1,1,0,0,0,1,1
1,1,2,0,0,1,0,1,1,0,1,1,0,0,1,1,1,1,1,1
2,1,0,1,1,0,0,1,1,1,0,1,1,0,2,0,0,1,2,0
2,1,2,1,0,0,1,2,1,0,0,1,1,1,2,0,1,0,2,1
2,1,1,1,0,2,1,0,1,0,0,1,1,0,2,0,0,1,0,0
0,1,0,1,1,0,0,1,0,0,1,0,0,0,1,1,1,0,1,1
0,0,1,1,0,2,1,0,0,0,1,0,0,0,1,1,0,1,2,1
0,0,1,0,1,2,0,0,1,0,1,1,0,1,2,1,0,1,2,1
0,1,1,1,1,2,1,2,0,0,1,0,1,0,1,1,0,1,2,1
1,1,1,0,0,1,2,2,1,0,1,1,1,1,0,1,0,0,1,1
0,0,2,1,1,1,0,0,1,0,1,0,0,1,1,1,0,1,2,1
2,1,2,0,0,0,1,2,1,0,0,1,1,1,1,0,1,0,2,1
1,1,1,1,1,0,0,1,0,1,1,0,0,0,0,1,1,1,1,1
1,0,0,0,1,0,0,2,1,0,1,0,1,0,1,1,1,1,2,1
0,0,0,1,1,0,0,0,1,0,1,1,1,0,1,1,0,1,1,1
0,1,0,1,1,0,0,2,1,0,0,0,0,0,1,1,1,0,1,0
0,0,0,1,0,2,2,0,0,0,1,1,1,1,2,1,1,0,2,1
0,0,0,2,0,0,2,0,0,0,1,0,0,1,2,1,1,1,1,1
0,0,1,1,1,1,1,0,0,0,0,0,1,1,2,0,0,1,2,1
1,1,1,1,0,1,0,2,0,0,0,1,0,1,2,1,1,1,1,1
2,1,0,1,0,0,2,2,1,1,1,0,0,1,0,0,0,0,0,1
2,1,2,0,0,2,2,0,1,1,0,0,0,0,1,0,0,0,1,1
1,1,0,1,1,2,0,2,0,0,0,0,0,1,1,1,1,1,1,0
0,0,0,1,0,1,1,0,0,0,1,1,0,0,1,0,0,1,1,1
2,1,2,0,1,2,0,2,0,0,1,0,1,1,2,1,1,1,2,1
2,1,1,1,0,1,1,2,1,1,1,1,1,0,0,0,1,0,2,1
0,0,1,1,0,1,2,0,0,0,1,1,1,1,1,1,1,1,1,1
1,1,0,1,1,2,1,2,1,1,1,1,1,0,2,0,0,1,2,1
0,0,0,1,0,2,1,0,1,0,1,1,0,1,2,0,1,0,1,1
2,1,1,1,1,0,0,2,0,0,1,1,1,1,1,0,0,1,2,1
2,1,2,1,0,1,2,2,1,0,1,1,1,1,1,0,1,0,2,0
0,0,2,1,0,2,0,0,1,0,1,0,0,1,1,0,1,0,2,1
2,1,1,1,0,0,1,2,1,0,1,1,0,0,2,0,0,1,1,1
1,0,1,2,1,1,1,0,0,0,1,1,1,0,0,0,0,1,1,1
2,0,0,1,1,0,1,0,0,0,1,0,1,1,2,0,0,1,1,1
0,1,0,1,1,1,1,1,1,1,1,0,0,1,0,1,1,0,1,1
2,0,2,1,0,1,0,0,1,0,1,1,0,1,1,1,1,0,2,1
0,0,0,1,1,1,1,0,0,0,1,1,1,0,1,1,1,0,1,0
0,1,1,1,1,1,1,0,1,1,1,1,1,0,0,1,1,0,2,1
0,0,1,0,1,2,1,2,0,0,1,1,0,0,1,0,0,0,2,1
2,1,0,0,1,1,1,2,1,0,1,1,0,0,2,1,1,1,0,1
2,1,0,1,1,2,0,2,0,0,1,0,1,0,1,0,0,1,2,1
2,1,1,0,0,1,1,1,1,1,0,0,1,0,1,0,0,0,0,1
2,1,1,1,1,1,0,2,1,0,0,0,1,0,0,0,0,0,2,1
0,0,1,1,1,1,0,0,0,0,1,0,1,1,1,0,0,0,2,1
0,0,0,1,1,0,0,0,1,0,1,0,1,0,0,1,1,0,0,1
0,1,1,1,0,1,2,1,1,0,1,0,1,1,1,0,0,1,1,0
0,1,1,1,0,2,1,0,1,0,0,1,0,1,2,1,1,0,2,1
0,0,1,1,0,2,1,0,0,0,1,1,1,0,2,1,0,0,0,1
0,0,1,0,0,2,1,0,0,0,1,1,0,1,1,1,0,0,2,1
0,1,1,1,0,0,0,2,0,0,1,1,0,1,1,1,0,0,0,1
0,1,0,0,1,2,1,2,1,0,0,1,1,0,1,0,0,0,1,1
0,0,1,1,1,2,2,0,1,0,1,0,0,0,1,1,0,0,2,1
0,0,1,1,1,1,1,0,0,0,1,1,1,0,1,1,0,0,1,1
2,1,2,0,1,0,1,2,1,0,0,1,1,1,2,0,1,0,2,0
2,1,0,1,0,0,2,0,1,0,1,1,0,0,0,1,0,1,0,0
2,1,0,0,1,0,0,0,0,0,0,1,1,0,1,0,1,0,2,1
0,1,1,1,0,1,1,2,1,0,0,1,1,1,1,0,1,0,2,1
0,0,1,1,1,1,1,0,0,0,1,1,1,0,2,1,0,0,0,1
2,0,1,0,0,0,2,0,0,0,1,1,1,1,2,1,0,1,0,1
0,1,0,1,0,0,1,2,1,1,1,0,0,0,2,1,1,0,0,1
0,0,0,1,0,1,1,0,0,0,1,1,0,1,0,1,0,1,2,1
0,1,1,1,1,1,0,1,0,0,0,0,1,0,2,0,1,1,1,1
0,0,2,1,0,2,2,0,0,0,0,1,1,0,1,0,0,1,2,1
0,0,1,1,0,2,1,0,0,0,1,1,0,0,1,0,0,1,2,1
0,0,0,0,1,2,1,0,0,0,1,1,0,1,0,1,1,1,2,0
1,1,0,0,1,1,1,1,1,1,0,1,0,0,2,0,1,0,0,1
0,1,1,0,0,0,1,2,1,0,1,0,1,1,1,0,1,0,2,1
0,1,1,0,1,0,2,1,1,1,1,0,0,1,2,1,0,1,0,1
2,1,1,1,1,2,1,0,0,1,1,0,1,1,1,0,1,1,2,1
0,1,1,2,0,1,1,2,1,0,1,0,1,0,0,1,0,1,2,1
0,1,1,0,1,2,0,2,0,1,0,1,1,1,1,0,0,0,2,1
2,0,0,1,0,1,1,0,0,0,1,1,1,1,2,1,1,1,0,1
0,0,1,1,1,2,0,0,1,0,1,0,1,0,1,0,0,1,2,1
0,0,1,0,1,2,1,0,0,0,1,1,1,1,2,0,0,0,2,1
0,1,1,2,1,1,0,1,0,0,1,0,1,1,2,0,0,0,0,0
0,1,1,1,1,0,1,0,1,0,1,1,1,1,1,0,1,1,2,1
0,0,1,1,0,2,1,0,0,0,1,1,0,0,1,1,0,0,2,1
2,1,1,1,0,2,1,1,1,1,1,1,0,1,0,1,0,0,1,0
0,0,0,1,1,1,0,0,1,0,1,0,1,0,1,1,1,0,2,0
1,0,0,0,1,1,0,2,1,0,1,0,1,0,1,1,1,1,0,1
0,0,1,1,0,2,2,0,0,0,1,1,0,0,1,1,0,1,2,1
0,0,1,0,1,1,0,0,1,0,1,0,1,0,1,1,1,1,2,0
1,0,2,1,0,1,2,0,0,0,1,1,1,1,0,1,1,1,1,0
0,1,2,1,0,0,1,2,1,0,1,1,1,0,2,0,0,0,2,1
0,1,1,1,1,2,1,2,1,1,1,1,0,0,0,0,0,1,1,1
0,0,1,0,0,1,1,1,1,0,1,0,0,0,1,0,0,0,0,1
0,1,0,0,1,0,0,2,1,0,1,0,0,0,1,1,1,0,0,1
0,0,2,1,0,0,2,0,0,0,1,1,1,1,1,0,0,1,2,0
2,0,2,0,0,1,1,0,0,0,0,0,0,1,2,0,0,0,0,1
0,0,0,0,1,1,1,0,0,0,1,1,1,0,1,1,1,1,0,1
0,1,1,1,1,0,0,2,0,1,1,0,1,1,1,0,0,1,2,1
0,0,1,0,0,2,1,0,1,0,1,1,1,0,1,1,0,1,0,1
1,0,1,0,0,2,1,0,0,0,1,1,1,1,2,0,0,0,1,1
1,1,1,2,0,1,1,1,1,0,0,1,1,1,0,1,1,0,1,1
1,0,0,0,1,0,0,0,1,1,1,0,0,0,2,1,0,1,2,1
2,1,0,0,1,0,1,2,1,0,1,0,1,1,2,0,1,0,2,1
2,1,0,1,1,2,0,0,0,0,1,0,1,0,1,1,1,0,2,0
0,0,2,1,0,2,1,0,0,0,0,1,1,0,2,0,1,1,2,1
0,1,1,1,0,1,1,1,1,1,1,1,0,1,0,1,0,1,0,1
2,1,2,1,1,2,0,2,1,1,1,1,1,1,0,0,0,1,2,1
2,1,2,1,1,1,1,1,1,0,0,1,1,0,2,0,1,1,2,1
2,0,2,1,1,0,2,2,0,0,1,1,0,1,0,0,0,1,0,1
0,1,1,1,1,2,0,1,0,0,0,0,0,1,1,1,0,0,1,1
0,1,1,1,0,2,1,0,1,0,1,0,1,0,2,1,1,0,2,1
0,1,1,1,1,2,0,1,0,1,0,1,1,0,1,0,1,1,0,0
1,0,0,0,1,1,2,0,0,0,1,1,0,1,0,1,1,1,2,1
0,0,1,1,1,1,1,1,0,0,0,1,0,0,2,0,1,1,0,1
0,0,0,1,0,2,2,0,0,0,1,1,0,0,0,1,1,1,2,0
2,1,0,1,0,2,1,0,1,1,0,1,0,1,0,1,0,1,1,1
0,1,1,1,0,1,2,2,1,0,1,1,0,1,1,1,0,0,1,0
2,1,0,1,1,2,1,2,1,0,1,0,0,0,0,1,0,0,2,0
0,1,0,1,0,1,1,2,1,1,0,1,1,1,0,0,0,0,2,1
0,0,1,2,0,2,2,0,0,0,1,1,1,0,0,1,0,1,1,1
0,0,1,1,1,1,2,0,0,0,1,0,0,0,0,1,1,0,1,1
2,1,1,1,0,2,2,0,1,0,1,1,1,1,1,1,1,0,2,0
0,1,1,0,0,1,1,1,0,1,0,0,0,1,1,1,1,1,1,1
0,0,0,0,0,2,1,0,0,0,1,0,0,0,2,0,1,0,2,1
2,1,1,1,0,1,1,1,1,0,0,1,0,0,1,1,1,1,1,1
0,1,1,2,0,2,2,0,1,1,1,0,1,1,2,1,1,1,2,1
1,1,0,0,1,1,2,0,1,0,0,0,1,0,2,1,1,1,2,1
1,0,0,0,1,1,1,0,0,0,1,1,0,0,2,1,1,0,1,1
0,0,1,0,1,2,0,1,1,0,1,0,0,0,1,1,0,1,2,1
1,1,1,0,0,1,2,2,1,0,1,0,0,1,0,1,1,1,1,1
0,0,1,2,1,2,0,0,1,0,1,0,1,0,0,1,1,1,1,1
0,1,1,1,0,1,1,1,1,0,1,0,0,0,1,1,0,0,1,1
0,0,1,0,0,2,1,0,0,0,1,1,0,0,1,1,0,0,1,1
1,1,0,2,1,1,0,1,0,1,1,0,0,0,0,1,0,0,1,0
0,0,1,1,0,1,1,0,0,0,1,1,1,1,1,1,0,1,1,1
1,0,2,0,0,1,1,2,0,0,1,0,0,0,1,0,0,0,2,0
0,1,0,1,1,2,0,1,0,0,1,0,0,0,1,1,1,1,1,1
0,1,0,1,1,0,0,2,0,0,1,0,1,1,1,1,1,0,2,1
0,0,1,1,0,2,1,0,1,0,0,0,1,0,0,0,0,0,2,1
0,0,1,1,0,2,1,0,0,0,1,1,1,0,1,1,1,0,0,1
2,1,1,0,0,1,1,2,1,1,0,1,1,1,0,0,1,0,2,0
0,0,1,2,1,2,0,0,0,0,1,1,1,1,1,0,0,0,2,1
2,1,0,1,0,1,2,2,1,0,0,0,0,1,1,1,1,0,0,1
2,1,1,1,0,1,1,1,1,1,0,1,1,0,2,0,1,1,1,1
1,0,1,0,1,2,0,0,1,0,1,0,0,0,0,1,1,1,2,1
0,0,1,0,1,2,0,0,1,0,1,0,0,1,1,1,0,1,1,1
0,0,1,1,0,2,1,0,0,0,1,1,1,1,1,1,0,1,1,1
2,1,1,1,0,1,1,1,1,0,1,0,0,0,2,1,1,1,1,1
0,0,1,1,1,1,0,0,0,0,1,1,0,0,1,1,0,1,2,1
0,0,1,0,1,0,0,0,1,0,1,1,1,1,1,0,0,0,2,1
0,0,2,0,0,2,2,0,0,0,1,1,0,0,1,0,1,0,1,1
2,1,1,1,0,1,2,1,1,0,0,0,0,0,0,1,0,0,1,1
2,1,1,0,0,1,1,1,1,0,1,1,0,0,1,0,1,0,0,1
0,0,0,1,0,1,2,1,0,1,1,1,1,1,0,1,0,0,0,0
1,0,0,0,1,0,0,0,1,0,1,0,0,1,0,1,0,0,2,1
0,0,1,0,0,1,2,1,0,0,1,1,0,1,1,1,1,1,1,1
0,1,1,1,1,0,1,2,1,0,0,1,0,0,0,1,0,1,0,1
2,1,0,0,1,0,1,1,1,0,1,0,0,0,2,0,1,0,0,1
0,1,1,1,1,0,2,2,1,0,0,1,0,0,2,1,1,1,1,0
0,0,0,1,0,2,2,0,1,0,1,0,1,1,2,1,1,0,2,0
0,1,1,1,1,0,1,1,1,1,1,1,0,1,1,0,1,1,0,0
2,1,0,0,0,0,2,2,1,0,1,1,1,1,0,0,0,0,2,0
2,1,1,1,1,0,0,2,0,0,0,0,0,0,1,1,1,0,0,1
1,1,0,0,1,2,1,2,1,1,0,1,1,1,2,0,0,0,2,1
2,1,2,1,0,0,0,2,0,0,0,1,1,1,2,0,0,0,2,0
0,1,1,1,0,1,1,1,0,0,0,0,0,0,0,1,0,0,0,0
0,0,1,0,0,2,2,0,0,0,1,1,0,0,1,1,0,1,2,1
0,0,0,0,1,0,1,0,0,0,1,1,1,1,2,1,1,1,0,0
0,0,1,1,1,2,0,0,1,0,1,0,1,1,1,0,0,0,2,1
0,0,0,2,1,1,1,0,0,0,0,1,1,0,0,0,0,0,2,0
2,1,2,0,1,2,0,2,0,1,1,0,1,1,2,1,1,1,2,1
0,0,0,0,1,2,0,0,0,0,1,1,0,1,0,1,1,1,2,1
0,1,1,1,1,1,0,1,1,0,1,1,1,0,2,0,1,1,0,0
0,1,0,1,1,1,1,0,0,1,1,0,0,0,1,0,0,0,1,0
0,1,1,1,1,2,0,2,0,1,0,0,0,0,0,1,0,0,1,1
2,1,2,0,1,1,0,1,1,0,0,0,0,0,2,1,0,1,1,0
0,1,1,2,1,0,0,2,1,0,1,1,0,0,0,1,1,1,1,0
0,1,1,0,1,2,2,2,1,0,1,1,1,0,1,0,1,0,2,0
2,1,2,0,1,2,0,0,0,0,0,0,0,1,1,1,0,1,1,1
0,0,0,0,1,2,1,0,1,0,0,0,0,1,0,1,1,0,2,1
0,0,0,1,1,2,0,0,1,0,1,0,1,1,0,1,1,1,1,1
0,0,1,0,1,1,0,0,0,0,0,0,0,0,0,0,1,0,1,0
1,1,1,0,1,2,0,2,0,0,0,1,1,0,2,0,0,0,1,1
2,0,0,0,1,1,0,0,1,0,1,0,1,0,0,1,0,1,0,0
2,1,1,1,1,0,1,2,0,0,1,0,0,1,1,1,1,0,0,1
0,1,1,1,0,0,2,2,1,0,1,0,0,0,1,1,1,0,1,1
2,1,2,0,0,1,0,1,0,0,0,1,1,0,2,0,1,0,1,1
0,0,1,1,1,1,0,0,1,0,1,0,1,1,1,0,1,0,2,1
0,1,1,1,1,1,0,1,0,0,1,0,0,0,1,1,1,0,1,1
0,1,0,0,1,2,0,2,0,0,0,0,0,1,2,1,1,1,1,1
0,0,0,0,0,2,1,0,0,0,1,1,1,0,2,0,0,0,2,1
0,0,2,2,0,2,1,0,1,0,1,0,0,0,2,0,1,1,2,1
1,0,1,0,0,2,1,0,1,0,1,0,1,1,0,0,1,0,2,1
2,0,2,1,0,1,1,0,0,0,1,1,0,0,2,0,0,1,1,0
0,1,1,1,1,0,0,1,0,1,0,1,1,0,1,1,1,0,1,1
0,0,2,2,0,2,1,0,0,0,0,1,1,0,1,0,1,1,2,1
0,0,0,1,1,1,1,0,0,0,1,1,1,1,0,0,1,1,2,1
0,1,1,2,1,2,0,1,0,0,0,1,1,1,2,1,1,1,1,1
0,1,1,1,1,2,0,1,0,0,1,0,1,1,1,0,1,0,0,1
0,0,1,1,1,1,1,0,0,0,1,0,0,1,1,0,0,0,0,1
2,1,1,1,0,1,2,1,1,0,1,1,1,0,1,0,1,0,0,0
0,1,0,1,0,1,2,2,1,0,1,0,0,0,2,1,0,0,0,1
0,0,1,1,1,2,2,0,1,0,1,0,0,0,1,1,0,0,2,0
0,1,0,0,1,0,0,1,0,1,1,0,0,1,0,1,1,1,0,1
0,1,1,0,0,2,2,1,1,0,0,1,0,0,0,1,1,1,1,0
0,0,2,1,0,2,1,0,0,0,0,1,0,1,2,0,1,1,1,1
1,0,1,0,0,2,2,0,0,0,1,1,0,1,0,1,0,1,2,1
0,0,1,0,0,1,0,1,1,0,1,0,1,1,0,1,0,1,0,1
1,0,0,2,1,2,0,0,1,0,1,1,1,0,1,1,0,1,1,1
0,1,1,0,1,0,0,0,0,1,1,0,0,0,1,1,1,1,1,1
0,0,1,1,0,2,1,0,0,0,0,0,1,0,2,0,1,1,1,0
0,0,1,2,1,2,0,0,1,0,0,0,1,0,2,0,1,0,2,1
2,0,2,0,1,0,1,0,0,0,0,0,1,1,2,0,1,0,2,0
0,0,1,1,0,2,2,0,0,0,1,1,0,0,1,1,1,0,2,1
2,0,2,1,1,1,0,0,1,0,1,0,0,1,2,1,1,0,2,1
0,0,0,1,1,2,0,0,1,0,1,0,0,1,2,1,1,1,1,1
2,1,0,1,1,0,1,0,1,0,0,1,1,1,1,1,1,0,2,1
0,1,0,0,1,0,0,2,0,0,0,0,0,0,0,1,1,1,1,1
1,1,0,1,1,0,1,2,1,1,0,1,1,0,2,0,0,1,2,0
1,0,0,1,0,2,1,0,1,0,1,0,0,0,0,0,1,1,1,1
2,0,0,0,1,2,0,0,1,0,1,0,0,0,2,1,1,1,0,1
0,0,0,0,1,0,0,0,1,0,1,0,1,0,2,1,1,1,0,0
0,1,1,1,0,0,1,2,1,1,0,0,0,0,2,1,0,0,0,1
0,0,0,1,1,0,0,0,1,0,1,0,1,1,0,1,1,1,1,1
2,1,2,1,1,1,0,1,0,0,1,0,0,0,0,1,0,0,1,1
0,1,1,1,0,0,2,2,1,1,0,0,0,0,0,1,0,0,1,1
2,1,0,0,1,2,0,2,0,1,1,0,0,1,1,1,0,1,0,1
0,0,1,1,0,2,2,0,0,0,1,1,1,1,1,1,0,0,2,1
0,0,1,1,1,1,1,0,0,0,1,1,1,1,2,0,0,1,2,1
0,1,1,0,0,1,2,1,1,1,1,1,0,0,2,0,0,0,0,1
2,1,2,0,1,2,0,2,0,0,1,0,0,1,0,1,0,1,0,1
1,0,1,0,0,2,1,0,0,0,1,1,1,1,0,1,0,1,1,0
2,1,1,0,0,0,1,2,1,0,0,0,0,1,2,1,1,0,0,1
0,0,2,1,0,2,1,0,0,0,1,0,1,0,2,0,1,1,2,1
1,1,1,0,1,0,0,1,1,0,1,0,1,1,0,0,1,0,1,1
1,0,0,1,1,2,0,0,1,0,1,0,0,0,1,1,1,0,2,1
0,0,1,1,1,0,1,0,1,0,1,0,1,1,0,1,1,0,0,1
2,0,2,1,1,0,0,0,0,0,1,0,1,0,0,0,1,1,2,1
2,0,0,1,1,1,1,0,0,0,1,1,0,1,0,0,1,1,1,1
2,0,1,1,0,2,1,0,0,0,1,0,0,1,1,1,1,1,2,0
1,0,0,1,1,1,2,0,0,1,1,1,0,0,0,1,1,0,2,1
0,1,2,1,0,0,2,2,1,1,1,1,1,1,2,0,1,1,2,1
0,1,1,0,1,0,2,2,1,1,0,0,0,0,2,1,0,1,0,1
2,0,0,1,1,2,1,0,0,0,0,1,1,0,2,0,1,1,1,1
0,1,1,0,0,1,2,1,1,0,1,1,1,0,0,0,1,0,0,0
1,1,1,0,0,0,2,2,1,1,1,1,0,1,0,1,0,1,1,1
1,0,1,0,1,0,1,0,0,0,1,0,1,0,1,1,1,1,0,0
1,0,1,0,0,1,0,0,1,0,1,1,0,1,1,0,0,0,0,1
2,1,1,0,0,1,2,1,1,1,1,0,0,1,1,1,0,1,1,0
0,0,1,1,0,2,2,0,0,0,1,1,1,1,0,1,1,0,1,1
0,0,1,0,1,1,0,0,1,0,1,1,1,1,0,0,0,0,1,0
0,0,1,1,1,0,0,0,1,0,1,1,0,0,1,1,1,0,2,0
0,1,1,0,0,1,1,2,1,0,0,1,1,0,0,1,0,1,2,1
0,1,0,0,0,2,1,0,1,0,0,1,1,0,1,0,1,0,1,1
0,0,0,0,1,1,1,0,0,0,1,1,0,1,0,1,1,1,2,1
2,1,2,1,1,2,0,2,0,0,1,0,1,0,0,0,1,1,1,1
2,1,1,1,0,0,2,2,1,1,0,0,1,0,2,1,0,0,0,1
0,0,1,2,0,2,0,0,1,0,1,0,0,1,0,0,1,0,2,0
0,0,0,1,1,2,0,0,1,0,1,0,1,0,0,0,1,0,2,1
2,0,0,1,1,2,0,1,1,0,1,0,0,1,1,0,1,1,0,1
0,0,0,1,1,2,2,0,0,0,1,1,1,0,1,1,1,1,0,1
0,0,1,1,1,2,0,1,1,0,0,0,0,0,2,0,0,1,0,1
0,1,1,1,0,0,2,2,1,0,1,0,0,0,1,1,1,0,0,1
1,1,1,0,0,1,1,1,0,1,0,1,1,0,1,0,0,0,0,1
0,1,0,1,0,2,1,0,0,0,1,1,1,1,2,0,0,1,1,1
2,1,0,1,0,1,2,1,1,1,0,0,1,0,2,1,1,0,2,1
0,1,1,1,1,0,0,2,0,0,0,0,1,0,2,1,1,0,1,0
0,1,1,2,1,2,1,1,1,0,1,1,1,1,2,1,1,1,1,1
0,1,1,1,1,0,0,1,0,1,0,0,0,1,0,1,1,0,1,1
0,1,1,2,0,0,2,2,1,0,0,0,1,1,0,1,1,1,0,1
1,0,2,1,1,2,1,0,1,0,1,0,1,1,1,0,1,0,0,1
2,1,0,1,1,1,1,0,0,0,1,1,1,1,0,0,1,0,0,0
2,0,0,1,0,2,2,0,0,0,1,1,0,0,0,1,1,1,2,1
1,1,0,0,1,2,0,2,0,1,1,0,0,1,0,1,1,1,1,1
2,1,2,1,0,1,2,2,1,0,0,1,1,0,2,0,1,1,2,0
2,1,2,0,0,1,2,1,1,0,1,1,1,0,2,1,1,1,1,1
2,1,0,0,1,2,1,2,1,0,0,1,1,0,2,0,1,0,2,1
0,0,1,1,1,2,0,0,1,0,1,0,1,0,1,0,0,0,1,1
0,0,1,1,0,2,2,0,1,1,1,0,1,0,0,1,1,0,2,1
0,0,2,2,0,2,1,0,0,0,1,0,0,0,2,0,0,1,1,1
1,1,1,0,1,2,1,1,1,1,1,0,0,0,2,1,0,1,0,1
0,1,1,1,1,0,0,2,1,1,0,1,0,1,0,1,0,0,2,1
0,1,1,1,1,2,0,2,0,0,1,0,0,1,1,1,1,0,1,1
2,1,1,0,0,1,2,1,1,1,0,0,0,1,1,1,0,1,0,1
2,1,0,0,0,1,1,2,1,0,1,0,0,1,0,1,1,0,0,1
2,1,0,1,0,0,1,0,1,0,0,0,1,0,0,0,1,1,2,1
0,0,0,0,0,1,2,0,0,0,1,1,0,1,2,1,0,1,1,1
1,0,1,1,0,2,2,0,1,0,1,0,0,0,1,1,0,0,2,0
0,1,1,1,0,1,2,2,1,1,0,1,1,0,1,0,0,1,2,1
0,0,1,1,1,2,0,0,1,0,1,0,0,0,0,1,0,1,2,1
0,1,1,1,0,1,0,1,0,0,1,0,0,0,1,0,0,1,0,1
0,1,1,1,1,2,1,1,1,0,0,0,1,0,0,1,0,0,2,1
0,1,1,1,0,2,1,0,1,0,1,1,1,0,1,0,1,1,2,1
2,0,0,0,1,1,1,0,0,0,1,0,0,0,2,0,0,0,2,1
0,1,2,1,0,1,1,2,1,1,1,1,1,0,2,0,0,1,2,0
1,1,0,0,1,2,1,2,1,1,0,1,1,0,0,0,0,0,0,1
0,0,1,0,0,2,1,0,1,0,1,1,1,1,1,1,0,0,0,1
0,0,1,0,1,1,1,0,0,0,1,1,0,0,0,1,0,1,2,1
0,0,1,1,1,2,1,0,1,0,1,0,1,0,1,1,0,1,2,1
0,0,1,1,1,1,0,0,1,0,1,0,1,1,1,1,0,1,0,1
1,0,1,1,0,2,1,0,1,0,0,1,0,1,1,1,0,0,1,1
0,1,1,0,1,2,1,2,1,0,1,1,0,0,0,1,0,1,0,1
0,0,1,0,1,1,0,0,1,0,1,0,0,1,1,0,1,0,2,0
0,0,1,1,0,2,2,0,0,0,1,0,1,0,2,0,1,0,2,1
0,1,1,1,1,2,1,2,0,0,1,0,0,0,2,1,1,0,2,0
2,0,2,1,1,1,1,0,0,0,1,1,0,0,0,0,1,1,2,0
0,0,1,1,1,2,1,0,0,0,1,0,1,1,1,1,1,0,1,1
1,0,0,2,1,2,1,0,0,0,1,0,0,0,1,0,0,0,1,1
1,0,1,0,1,1,0,0,1,0,1,0,1,1,0,0,1,0,1,1
2,1,2,1,1,0,0,1,1,0,1,0,0,0,0,1,0,0,0,1
2,0,1,1,0,2,0,0,1,0,1,0,0,1,1,0,1,1,2,1
1,0,1,0,1,1,1,0,1,0,1,1,1,0,1,0,0,0,2,1
1,1,0,0,1,0,0,2,1,0,0,1,0,0,2,1,0,1,0,1
2,1,0,0,1,2,0,1,1,1,1,0,0,1,0,1,1,1,1,1
0,0,0,0,1,2,0,0,1,0,1,1,1,1,2,1,1,0,1,1
0,0,1,1,0,2,1,0,0,0,1,1,1,0,1,1,0,1,1,1
0,0,0,0,0,2,2,0,0,1,1,1,0,1,0,1,1,1,2,1
2,0,0,0,0,1,2,0,0,0,1,1,0,1,2,1,0,1,2,1
2,0,1,0,0,1,0,1,1,0,1,0,0,0,1,0,1,0,1,1
0,0,1,1,0,2,1,0,0,0,1,1,1,1,1,1,1,0,0,1
1,0,0,0,1,1,0,0,1,0,1,0,0,1,2,1,0,0,2,0
0,0,1,0,0,1,0,2,0,0,1,1,1,0,1,1,0,1,1,1
0,0,1,2,1,2,0,2,1,0,1,0,1,0,0,0,1,1,2,1
2,1,2,1,1,2,1,1,1,1,0,1,0,0,1,0,1,0,1,1
0,1,1,0,0,2,2,0,0,1,0,0,1,0,2,1,1,1,2,0
0,1,0,1,0,1,2,1,1,0,0,0,1,0,2,1,1,1,1,0
1,0,1,1,1,1,0,0,1,0,1,0,1,0,2,0,1,1,2,1
1,1,0,1,1,2,0,1,0,0,0,0,0,1,1,1,1,1,1,1
0,1,1,1,1,1,0,1,1,0,0,1,1,0,0,1,1,0,2,1
1,0,0,1,1,2,0,0,1,0,0,0,1,1,1,1,0,1,1,1
0,0,1,0,1,0,1,0,1,0,1,1,1,0,1,1,0,1,0,1
0,1,1,0,1,0,0,1,0,0,0,0,1,0,0,0,0,0,1,0
0,1,2,1,1,1,0,2,1,1,0,1,1,1,0,1,1,0,1,1
1,1,1,2,1,0,0,1,0,0,1,1,1,1,2,1,1,0,2,1
0,1,1,1,1,0,1,2,1,0,1,1,1,0,0,0,0,0,2,1
2,0,0,1,0,2,1,0,0,0,1,0,0,0,1,0,1,1,2,1
2,1,2,2,1,2,0,0,0,0,0,0,1,0,1,1,1,1,2,1
2,0,1,1,1,0,2,0,0,0,1,1,0,1,1,1,0,1,2,0
0,0,2,0,1,1,1,0,0,0,1,0,1,0,1,0,1,0,2,1
2,1,2,1,0,1,2,2,1,0,1,0,1,1,0,0,1,1,1,1
0,1,0,1,0,2,1,0,1,0,0,1,1,1,1,0,0,0,0,1
0,1,1,1,0,0,1,2,1,0,1,1,1,0,2,0,1,1,2,1
0,0,0,0,0,2,2,0,0,0,1,1,1,0,2,1,1,1,1,0
0,0,2,0,0,1,2,0,0,0,1,1,0,0,1,1,1,1,1,1
1,0,0,0,1,1,1,0,0,1,1,1,1,0,2,1,0,1,1,0
0,1,1,2,0,0,2,2,1,0,1,0,0,0,0,1,0,1,1,0
0,0,0,1,0,1,2,1,0,0,1,1,1,0,0,1,0,0,1,1
1,0,1,1,0,1,2,0,0,0,1,1,0,1,1,0,0,1,2,1
0,0,0,0,1,1,0,0,1,0,1,1,1,0,2,1,1,1,0,1
1,0,1,1,0,2,0,0,1,0,1,0,1,1,1,0,0,0,1,1
0,0,1,1,0,2,0,0,0,0,1,0,1,0,1,0,1,0,2,1
2,1,0,0,1,2,0,2,0,0,1,0,0,0,1,1,1,1,1,1
2,1,2,1,1,2,0,1,0,1,0,0,0,1,1,1,0,1,1,1
0,1,1,0,0,1,2,1,1,0,0,1,1,1,2,0,0,0,0,1
0,1,0,1,0,0,0,2,0,0,1,1,0,0,1,1,1,1,0,1
0,0,0,0,0,2,1,0,0,0,1,0,1,1,2,0,1,0,2,1
2,1,0,2,1,2,0,1,0,1,1,1,0,1,2,1,0,1,1,0
0,1,0,2,0,1,1,1,1,0,0,0,1,1,0,0,1,0,0,1
0,0,2,1,1,2,2,0,0,0,0,1,1,0,1,0,1,1,2,1
0,1,0,2,0,1,2,2,1,0,1,0,0,1,1,1,1,1,0,0
0,0,0,1,1,1,0,0,1,0,1,1,1,1,0,0,0,1,1,1
0,1,1,1,0,1,1,1,1,0,1,0,0,1,1,1,1,0,1,1
2,0,2,0,0,1,0,1,1,0,0,0,0,1,0,0,0,0,0,1
0,0,1,2,1,2,0,1,0,0,1,0,0,1,1,0,1,0,0,0
0,0,1,1,0,2,2,0,1,0,1,0,0,0,1,1,0,0,2,0
2,1,2,1,0,2,1,0,1,0,0,1,1,0,1,0,0,1,1,1
2,1,0,1,1,2,1,2,1,0,1,1,1,0,1,0,0,1,2,1
0,0,1,1,1,2,0,0,1,0,0,0,0,0,1,0,1,1,1,1
0,1,0,0,0,0,0,2,0,1,0,0,0,0,0,1,0,1,0,1
0,1,1,2,1,2,0,2,0,0,1,0,0,1,1,1,0,1,1,1
2,1,0,1,1,2,2,2,1,0,0,0,0,0,1,1,1,0,1,0
0,0,1,0,1,1,0,0,1,0,1,0,1,1,1,0,0,0,2,1
2,0,0,1,1,2,1,0,0,0,1,1,0,1,0,0,0,1,2,1
1,0,1,0,1,2,0,0,1,0,1,0,0,0,0,1,1,1,2,1
0,0,1,1,0,2,2,0,0,0,1,1,0,1,1,1,0,0,2,1
0,1,1,1,1,2,0,1,0,0,0,0,0,0,0,1,0,0,0,1
0,1,2,0,0,1,1,2,1,1,1,1,1,1,2,0,0,0,2,1
0,0,1,0,0,2,2,0,0,0,1,1,1,1,1,1,0,1,0,0
0,0,1,2,0,2,1,0,0,0,1,1,0,0,0,0,0,0,1,1
1,0,1,2,0,2,1,0,0,0,1,1,1,0,0,1,0,1,1,1
2,0,2,1,1,2,0,0,1,0,1,0,0,0,2,0,1,1,1,0
0,0,0,1,1,1,1,1,0,0,1,0,0,1,0,0,1,1,0,1
1,0,0,0,1,2,0,0,0,0,1,1,1,1,0,1,1,1,1,0
0,0,0,1,0,2,2,0,0,0,1,1,1,0,1,1,0,0,1,1
0,0,0,1,0,2,1,0,1,0,1,0,1,1,0,0,1,1,2,1
0,0,1,0,1,1,0,0,1,1,1,0,0,0,0,0,1,0,2,1
1,0,0,1,1,0,0,0,1,0,1,0,0,0,1,1,1,0,1,0
2,0,2,1,0,2,1,0,0,0,1,1,0,1,2,0,0,1,2,1
1,1,0,1,0,1,2,1,1,0,0,1,0,0,1,1,1,1,1,0
0,0,1,1,1,2,0,0,1,0,1,0,0,1,1,0,0,1,0,1
0,1,0,1,0,0,1,2,1,0,1,1,1,1,2,0,1,1,2,1
0,1,1,1,1,1,1,1,0,0,1,0,1,1,1,1,0,1,2,1
0,1,0,1,1,0,1,2,1,0,0,1,1,0,1,0,1,1,2,1
2,0,0,1,0,2,1,0,0,0,1,1,1,0,1,0,1,0,2,1
2,0,2,1,0,2,2,0,0,0,1,0,0,0,0,0,1,1,1,1
1,0,2,0,0,0,1,0,0,0,1,1,1,1,2,0,0,0,1,1
0,1,1,2,0,2,1,0,1,0,1,1,1,1,2,0,0,1,2,1
0,1,0,0,1,0,0,2,0,0,1,1,1,0,2,0,1,0,2,1
0,0,1,0,1,1,0,0,0,0,1,0,0,1,0,0,0,0,0,1
0,1,1,2,1,0,2,1,1,0,1,0,0,0,0,1,1,1,1,1
0,0,1,1,1,2,0,2,1,0,1,1,1,0,1,0,1,0,2,0
1,1,1,0,0,0,1,2,1,1,1,1,1,0,2,1,0,1,2,1
1,1,0,0,1,2,0,2,0,0,1,0,1,0,1,1,1,1,2,1
0,1,0,1,1,0,1,2,0,0,0,1,0,0,1,1,1,1,1,1
0,1,1,1,1,0,0,2,0,0,0,0,1,0,2,1,0,1,2,0
0,1,1,1,0,0,1,2,1,0,1,0,0,1,0,1,0,0,0,1
0,0,1,0,1,1,0,0,1,0,1,0,0,1,0,0,0,0,2,0
2,1,0,1,1,2,0,2,0,1,1,0,0,0,1,1,0,1,1,0
0,1,2,1,0,2,1,0,0,1,1,1,1,1,2,0,0,0,2,1
0,1,1,0,0,0,1,2,1,1,0,1,1,1,1,0,1,0,2,0
0,0,0,0,1,0,2,0,0,0,1,1,0,0,0,0,1,0,1,1
2,1,0,2,0,1,1,0,1,1,1,1,0,1,2,0,1,0,1,0
0,1,1,0,1,0,0,2,0,0,0,1,1,1,2,0,0,0,2,1
0,0,1,1,1,2,1,0,0,0,1,1,1,1,1,1,0,1,2,1
0,1,1,0,1,2,0,2,0,1,1,0,0,1,2,1,0,1,0,1
1,0,0,0,1,1,0,2,1,0,0,0,0,1,0,0,1,0,2,1
2,1,2,2,1,2,0,1,0,1,1,0,0,0,2,1,0,1,0,0
0,0,1,1,0,2,1,0,0,0,1,1,0,1,1,1,0,0,2,1
2,0,1,1,0,1,1,0,0,0,1,1,0,0,2,0,1,0,1,1
2,1,0,1,1,1,0,2,0,0,1,0,0,1,0,1,1,1,0,1
2,1,2,0,1,2,1,1,1,0,0,1,0,0,2,0,0,0,0,1
1,0,0,0,0,2,1,0,0,0,1,0,1,0,1,0,0,0,2,1
1,0,1,0,0,1,2,1,0,0,1,1,1,1,2,1,1,1,1,1
0,0,1,1,1,1,1,0,0,0,1,1,1,0,1,1,0,0,0,1
2,1,0,0,1,2,1,2,0,0,1,1,1,1,2,0,0,1,2,1
0,1,1,1,1,0,0,1,0,0,0,0,0,0,0,1,1,0,1,1
1,1,0,0,0,1,1,1,0,0,1,0,0,1,0,1,1,0,0,1
0,0,1,1,1,0,0,2,1,0,1,0,1,0,1,1,1,0,0,1
1,1,0,0,1,0,0,2,0,0,0,0,1,0,2,1,1,1,2,0
2,1,2,0,1,2,1,2,1,0,0,1,1,0,2,0,1,0,2,1
0,0,0,1,1,1,1,0,0,0,1,1,0,1,0,1,1,1,2,1
2,1,0,1,0,1,2,1,1,0,1,0,0,1,2,1,1,0,1,0
0,0,0,1,1,0,0,0,1,0,1,0,0,1,0,1,1,0,2,0
2,1,0,0,0,0,1,2,1,0,1,0,0,1,0,1,1,1,1,1
0,1,1,0,0,2,2,0,1,1,0,1,1,1,1,0,1,0,1,1
0,0,1,0,1,2,1,0,0,0,1,1,1,1,2,1,0,1,1,1
2,1,0,0,1,2,0,1,1,1,0,0,0,0,2,1,1,1,1,1
0,1,0,1,1,0,0,2,0,1,0,1,1,0,2,0,0,1,1,0
2,1,0,0,1,2,0,1,1,1,0,0,0,0,2,1,1,0,1,1
0,1,0,0,0,1,2,2,1,1,1,1,0,0,2,0,0,0,1,1
0,0,1,0,1,2,0,0,1,0,0,0,0,0,1,0,0,0,2,1
0,1,1,1,0,1,2,2,1,0,1,1,1,0,2,1,1,1,2,1
1,0,1,0,1,1,0,0,1,0,1,1,1,1,2,1,0,1,0,1
0,0,0,0,0,2,1,0,0,1,1,1,1,1,0,0,1,0,1,1
0,0,1,2,1,2,0,1,1,0,1,0,0,1,2,1,0,1,2,1
0,0,0,1,0,2,2,0,0,0,1,1,1,1,2,1,1,0,0,0
0,0,1,1,1,1,0,1,0,0,1,1,1,0,1,1,1,0,1,0
2,1,0,1,1,0,0,2,0,0,0,0,0,0,1,1,1,0,1,1
2,1,2,0,1,0,0,1,0,0,1,0,0,0,2,1,0,0,1,1
0,0,1,1,1,2,0,0,1,0,1,0,0,0,1,1,0,0,2,1
1,0,1,0,1,0,1,0,0,0,1,1,1,1,0,0,0,0,2,0
0,0,0,1,1,1,0,0,1,0,1,0,0,1,2,0,1,0,2,1
1,1,1,1,1,2,0,2,0,0,0,1,1,0,0,0,0,1,2,1
2,0,1,1,0,2,2,0,0,0,1,0,1,1,1,1,0,1,1,1
2,1,0,1,0,2,1,1,1,0,0,0,0,1,0,1,1,0,1,1
0,1,0,1,0,0,1,1,1,0,1,1,0,0,1,1,0,0,1,1
2,1,1,1,0,1,0,1,1,0,1,0,1,0,1,0,1,0,1,1
0,0,2,1,0,2,0,0,1,0,1,0,1,1,1,1,1,0,2,0
2,1,0,1,1,0,0,2,0,0,1,0,1,0,1,0,0,1,2,1
0,1,1,0,0,1,1,1,1,0,0,0,1,0,0,0,0,0,0,1
1,1,1,1,0,1,1,1,1,1,1,0,0,0,0,1,1,0,1,1
1,0,1,0,0,2,1,0,0,0,1,1,1,0,1,1,0,0,1,1
1,0,1,0,1,1,0,0,1,0,1,0,0,0,1,1,0,1,2,1
0,0,0,2,1,1,1,0,0,0,1,1,1,1,2,1,0,1,0,1
2,0,1,0,0,2,0,0,0,0,0,1,1,0,2,1,0,1,0,0
0,0,2,1,1,0,2,0,0,1,1,0,1,0,2,0,0,1,1,0
1,0,1,2,0,2,2,0,0,0,1,0,0,0,0,1,1,1,1,0
0,0,1,2,1,0,0,0,1,0,1,0,1,1,2,0,1,0,2,1
0,0,0,1,1,2,0,0,1,0,1,0,1,0,0,1,1,0,1,1
0,1,0,1,0,1,1,1,1,0,0,0,0,0,2,1,1,0,2,1
0,0,0,0,1,1,0,0,1,0,1,1,1,1,2,1,1,1,0,1
0,0,1,0,1,2,1,0,1,0,1,1,0,0,1,0,0,0,0,1
0,0,0,0,0,2,1,0,0,0,0,0,1,0,2,0,0,0,2,1
0,0,1,0,1,2,0,0,1,0,1,0,1,0,1,0,1,0,2,1
2,1,2,2,0,1,1,1,1,0,0,1,0,1,0,0,1,0,0,1
2,0,1,1,0,1,1,0,1,1,0,0,0,1,0,1,0,0,2,1
0,0,0,1,0,2,1,0,0,0,1,0,1,0,1,0,1,0,2,1
0,0,0,1,0,2,1,0,0,0,1,1,0,0,1,1,0,1,2,1
0,0,0,1,0,2,1,0,0,0,1,1,1,0,1,0,0,1,2,1
0,0,0,1,1,1,2,0,0,0,1,0,0,1,0,1,1,1,2,1
1,1,0,0,0,0,2,2,1,0,0,1,0,1,2,1,1,1,0,0
1,1,2,1,0,1,1,2,0,0,0,0,1,1,0,0,1,0,2,1
0,0,1,1,1,1,0,0,1,0,1,0,1,1,1,1,0,0,1,1
0,1,1,1,1,0,0,2,0,0,1,0,0,1,1,1,1,0,1,0
0,0,2,2,1,1,0,0,1,0,1,0,0,1,0,1,1,1,2,1
2,1,2,0,1,0,2,2,1,0,0,1,0,1,0,1,1,1,0,0
2,0,0,1,1,2,1,0,0,0,1,1,1,0,1,1,0,0,0,0
0,0,1,1,1,2,0,0,1,0,1,0,1,0,0,1,1,0,2,1
0,0,1,0,1,1,0,0,1,0,1,0,0,0,1,0,1,0,1,1
2,1,2,1,1,0,0,1,0,1,1,1,0,0,0,0,1,1,1,1
2,0,1,1,0,0,1,0,0,0,1,0,1,1,1,0,0,1,2,1
0,0,1,1,0,2,1,0,0,0,1,1,1,0,0,1,0,1,0,1
0,0,0,1,1,1,1,0,0,0,1,1,1,1,0,1,0,1,1,1
0,0,1,1,0,2,2,0,1,0,1,0,1,0,1,1,0,0,1,1
1,0,1,0,0,2,2,0,0,0,1,1,1,1,0,1,0,1,1,1
0,0,1,2,1,2,0,0,1,0,1,0,0,0,0,0,1,1,2,1
0,0,0,0,1,1,1,0,1,0,1,0,1,0,1,0,1,0,2,1
1,0,1,0,0,2,1,0,0,0,1,1,1,0,0,1,0,1,0,1
0,1,1,1,1,0,0,2,0,1,1,1,1,1,0,1,1,1,2,1
2,0,0,0,1,1,2,0,0,0,1,0,0,0,1,1,1,1,2,1
0,1,1,0,1,0,0,2,0,0,1,1,1,0,1,1,0,1,2,0
0,0,1,1,1,1,0,1,0,0,1,1,1,0,1,1,1,1,1,1
1,1,0,1,1,0,0,2,0,1,0,1,0,1,0,1,1,1,0,1
0,0,2,1,1,0,0,0,1,0,1,0,1,0,0,1,1,1,1,1
2,0,2,1,0,2,1,0,1,0,1,0,0,1,1,0,1,1,0,1
0,1,0,0,1,2,2,1,1,0,1,0,1,0,2,1,0,1,1,0
0,1,1,0,1,0,0,1,0,1,1,1,0,0,0,0,1,0,1,0
1,1,1,2,1,1,0,1,0,1,1,0,1,1,2,0,1,0,1,0
0,1,1,1,1,0,2,2,0,0,0,1,1,0,2,0,0,0,2,1
2,1,0,1,0,2,1,0,0,0,1,1,0,1,0,1,1,0,2,1
0,0,1,2,1,1,1,0,0,0,0,0,1,0,2,0,1,1,2,1
0,0,2,1,0,1,2,0,0,0,1,0,1,1,0,0,0,0,1,0
0,1,0,0,0,0,1,2,1,0,1,1,1,1,2,1,0,1,2,1
0,1,2,1,0,1,2,1,1,1,0,1,0,1,2,0,1,0,0,1
2,1,2,1,0,1,2,1,1,0,0,1,1,0,2,0,1,0,0,0
2,0,0,1,1,2,0,0,1,1,1,0,1,0,0,1,0,0,1,1
0,0,0,1,0,2,2,0,0,0,1,0,0,1,2,1,1,1,1,1
0,1,0,1,0,1,2,1,1,0,1,0,0,1,0,1,1,0,1,1
2,1,0,1,1,2,0,2,0,0,1,0,0,0,1,1,1,1,0,1
2,0,2,0,0,2,1,0,0,0,1,1,1,0,2,0,1,0,1,1
0,0,0,1,0,2,1,0,0,0,1,1,1,0,1,0,0,1,2,0
0,0,2,1,0,2,0,0,1,0,1,0,1,1,0,0,1,1,1,0
0,0,2,2,0,2,1,0,0,0,1,1,0,0,2,0,1,0,1,1
2,1,2,1,0,0,0,2,1,0,1,1,1,0,0,0,0,0,1,1
0,0,2,0,0,2,1,0,0,0,1,1,0,0,1,0,1,0,2,0
0,1,1,1,1,2,1,2,1,1,1,0,0,0,0,1,0,0,1,1
2,0,1,1,0,1,1,1,1,0,0,0,0,0,2,0,0,0,0,0
0,1,0,2,0,2,2,0,1,1,0,1,0,1,0,1,0,0,1,1
0,1,1,1,1,0,0,1,0,0,1,1,1,0,1,0,1,1,2,1
0,0,2,0,0,2,1,0,0,0,1,0,1,1,2,0,1,0,2,0
0,0,1,1,1,1,0,0,1,0,1,1,0,0,2,1,0,0,1,0
0,0,1,1,1,2,0,0,1,0,1,0,0,0,1,1,0,0,2,1
0,0,1,0,0,2,1,0,0,0,1,0,0,0,1,0,1,0,1,0
0,1,1,1,1,0,0,2,0,0,1,1,1,1,1,0,0,1,2,0
1,0,1,2,0,2,1,0,0,0,1,1,0,1,1,0,0,1,2,1
2,1,1,0,0,0,2,2,1,0,0,1,1,0,1,0,0,0,2,0
2,1,0,0,1,2,0,1,0,0,1,0,0,0,1,1,0,1,1,1
0,0,1,1,1,2,1,1,0,0,1,1,1,1,1,1,1,1,1,1
0,0,1,0,1,2,1,0,0,0,1,1,1,1,1,0,0,0,1,0
0,0,1,1,1,2,1,0,1,1,1,0,1,0,2,1,1,1,1,1
0,0,0,1,0,1,2,1,0,0,1,1,1,1,0,1,0,0,1,1
0,1,1,1,1,0,1,2,1,0,1,1,0,0,1,0,0,1,1,1
1,0,0,1,1,2,1,0,0,0,1,0,0,0,1,0,1,0,2,1
0,0,1,1,1,2,1,0,0,0,0,1,1,0,2,0,0,1,2,1
0,1,1,1,1,1,1,0,1,1,0,0,1,0,1,1,1,0,2,1
0,1,1,1,1,1,0,2,0,0,0,1,1,1,2,0,1,0,2,0
1,0,0,0,0,2,1,0,0,0,1,1,0,0,2,0,1,0,2,1
0,0,1,0,1,2,0,0,1,0,1,0,0,1,2,1,1,1,2,1
1,0,1,0,0,2,0,0,1,0,1,1,1,1,2,1,0,1,0,1
0,0,0,1,0,2,1,0,0,0,1,1,0,0,1,0,0,1,0,1
2,1,2,0,1,1,1,1,1,0,1,1,0,0,1,0,1,0,1,1
2,1,2,0,0,1,2,2,1,1,0,1,1,1,0,0,0,0,1,1
0,1,0,1,1,0,0,1,1,1,1,1,1,0,2,1,0,0,2,1
0,0,1,1,0,2,1,0,0,0,1,0,1,0,1,1,0,0,1,1
0,1,1,1,1,0,1,2,0,0,0,1,0,0,1,0,1,0,1,0
0,0,1,1,0,2,2,0,0,0,1,0,1,0,1,0,1,1,2,1
1,0,1,0,0,1,2,2,0,0,0,0,1,1,1,0,0,0,2,1
2,1,0,0,0,1,2,1,1,0,0,1,0,1,0,1,1,1,1,1
1,0,0,0,1,2,2,0,0,0,1,1,0,0,2,1,1,1,1,1
2,0,0,1,0,1,2,0,0,1,1,1,1,1,1,1,1,0,1,0
0,0,1,0,1,0,0,0,1,0,1,0,1,1,0,0,1,0,2,1
0,1,2,2,0,0,2,2,1,0,1,1,1,0,2,0,1,0,2,1
1,1,2,2,0,0,1,1,1,0,0,1,1,0,1,0,1,0,2,1
0,0,1,1,0,0,0,0,1,0,0,0,1,1,2,0,1,0,2,1
1,1,1,0,0,1,1,2,1,1,1,0,0,1,0,1,0,1,1,1
0,0,1,2,1,0,0,0,1,0,1,0,1,0,0,1,1,1,0,1
0,0,0,1,1,0,0,0,1,0,1,0,1,0,1,1,1,1,1,1
2,1,1,1,0,1,1,2,1,1,1,1,0,0,0,1,0,0,1,1
0,0,1,0,1,2,1,0,0,0,1,0,0,0,1,1,1,1,1,1
2,1,0,0,1,0,0,2,0,0,0,1,1,1,2,1,0,1,1,0
2,1,2,1,0,1,2,2,1,0,1,1,1,0,2,0,0,1,2,0
2,1,0,1,0,0,1,2,1,0,1,0,0,0,0,1,0,0,0,1
1,0,1,0,1,0,1,0,0,0,1,1,0,0,1,0,0,0,1,1
1,1,1,0,0,0,1,2,1,0,1,1,0,1,0,1,0,1,0,1
2,1,1,0,0,1,1,2,1,0,1,1,0,0,1,1,0,1,1,1
0,0,1,1,0,2,0,0,1,0,1,0,0,0,1,1,0,0,2,1
0,0,1,1,1,1,0,0,1,0,1,0,1,1,0,1,0,1,0,0
1,1,0,0,0,1,1,1,1,1,1,1,0,0,1,1,1,1,1,0
0,0,1,1,0,2,1,0,0,0,1,1,0,0,1,0,1,1,2,1
0,1,1,0,0,2,0,0,1,0,1,1,1,0,1,0,0,0,0,0
0,0,0,1,0,2,1,0,0,0,1,1,1,0,2,1,1,0,1,1
0,0,1,1,0,2,1,0,0,0,1,0,1,0,1,0,0,1,2,1
2,1,2,0,1,1,1,2,1,1,0,1,1,0,1,0,1,0,0,0
0,0,0,1,0,2,2,0,0,0,1,1,0,0,0,1,0,1,2,1
2,1,0,0,1,2,0,1,1,1,0,0,0,0,2,1,1,1,1,1
1,0,1,0,0,2,2,0,0,0,1,1,0,0,1,1,0,1,2,1
2,1,2,1,1,0,1,2,1,1,1,1,1,0,2,0,0,1,2,1
0,0,1,2,1,2,0,0,0,0,1,1,1,0,2,1,0,1,1,0
2,1,1,1,0,1,1,1,1,1,0,1,0,0,1,0,1,0,1,0
0,0,1,1,1,2,1,0,0,0,1,1,1,1,1,1,1,0,1,1
2,1,2,0,1,2,0,0,1,0,0,1,1,1,2,0,1,0,1,1
0,0,1,0,1,2,1,0,1,0,1,1,0,0,1,1,0,1,1,1
2,1,2,0,0,1,0,2,1,1,1,0,0,1,2,1,1,1,0,0
2,1,2,1,1,1,1,0,1,0,0,1,1,0,1,0,0,1,0,1
0,1,1,1,1,1,0,1,1,1,1,0,1,1,1,0,1,1,0,1
0,0,2,1,1,2,0,0,1,0,1,0,1,1,1,1,0,1,0,1
2,1,0,1,1,2,0,1,0,1,0,0,0,1,0,1,1,1,0,1
0,0,1,1,1,2,2,0,0,0,1,1,1,1,1,1,0,0,1,1
2,1,2,1,1,1,1,0,1,1,1,0,1,0,2,1,0,1,2,0
0,1,0,0,1,0,1,2,1,1,1,1,1,1,0,0,0,0,2,1
0,0,1,1,1,1,2,0,0,0,1,1,0,0,2,1,0,1,2,1
2,0,1,1,0,2,1,0,0,0,1,1,0,0,0,1,0,1,2,1
1,1,0,0,1,0,0,2,0,0,1,1,1,1,0,1,0,1,0,1
2,1,0,0,0,0,1,2,1,1,1,0,0,0,2,1,1,1,0,1
0,1,2,1,1,0,0,2,1,0,0,0,0,1,2,1,1,0,1,1
1,0,1,0,0,2,1,0,0,0,1,1,0,0,1,1,0,0,2,1
1,1,1,1,0,0,1,2,1,0,1,1,0,0,2,1,0,0,2,1
1,0,0,0,1,2,1,0,0,0,1,1,1,0,2,1,0,1,0,0
1,0,1,0,0,2,0,0,1,0,1,0,0,1,2,1,1,1,2,1
1,0,1,1,1,1,2,0,0,0,1,1,1,0,2,1,1,1,1,0
0,0,1,0,1,1,0,0,0,0,1,1,0,0,1,1,0,1,2,1
0,1,0,0,0,0,1,2,1,1,1,0,1,0,2,0,0,0,2,0
2,1,0,1,0,2,1,0,1,0,1,1,1,1,2,0,0,1,1,1
0,1,1,1,1,2,0,0,1,0,1,1,1,0,1,0,0,1,2,1
1,0,2,1,0,2,1,0,0,0,1,1,0,1,2,0,1,1,1,1
0,1,0,1,1,0,0,2,1,1,1,0,1,0,2,0,1,0,2,1
1,0,0,0,1,0,0,0,1,0,1,0,1,0,2,1,0,1,1,1
2,0,0,0,0,2,1,0,0,0,1,1,1,0,1,1,0,1,1,1
0,0,0,1,0,0,1,0,0,0,1,1,0,1,2,0,1,0,1,1
0,1,1,1,1,1,0,1,0,0,0,1,1,0,1,1,1,0,1,1
0,0,0,1,1,0,0,1,1,0,1,1,1,0,1,1,1,0,0,1
1,1,2,0,0,2,1,0,1,0,0,1,1,1,0,0,1,0,2,1
2,1,0,1,0,1,1,1,0,0,0,1,1,0,1,1,1,1,2,1
0,1,0,1,1,2,0,1,1,1,0,1,1,1,2,0,0,0,1,1
1,0,1,2,1,1,2,0,1,0,1,0,0,0,0,0,1,0,1,0
0,0,1,0,0,0,0,2,1,0,1,0,1,0,1,0,1,0,2,1
0,0,0,0,0,2,1,0,0,0,0,1,1,0,0,0,1,0,2,1
2,0,0,1,1,2,2,0,0,0,1,1,1,0,2,1,1,1,1,1
0,0,1,1,1,0,0,0,1,0,1,0,1,1,1,0,0,1,2,1
0,0,1,1,1,1,1,0,0,0,1,1,0,1,1,1,0,1,2,0
0,0,1,1,1,0,1,0,1,0,1,0,0,0,0,1,0,0,2,1
0,1,2,1,1,2,0,2,0,1,0,0,1,1,1,0,1,0,2,1
0,0,0,1,1,2,0,0,1,0,1,1,0,0,1,1,0,1,2,1
0,1,0,0,1,2,0,2,0,0,0,0,0,0,0,1,1,1,0,1
1,0,1,0,1,2,0,1,1,0,0,1,0,1,2,0,0,0,0,1
0,0,1,1,1,0,1,0,1,0,1,0,1,1,1,0,0,1,1,0
0,0,2,1,0,2,0,0,1,0,1,0,1,0,2,1,1,0,1,0
0,0,1,1,0,2,1,0,0,0,1,0,1,1,2,0,0,1,2,1
0,0,1,1,1,2,0,0,1,0,1,0,1,0,0,0,0,1,2,1
1,0,1,0,0,2,2,0,0,0,1,1,0,1,0,1,0,1,2,1
2,0,0,1,1,1,1,0,0,0,1,0,0,1,0,0,1,1,2,1
0,0,2,1,0,2,1,0,0,0,1,1,1,1,0,0,0,1,2,1
2,1,2,0,1,1,0,0,1,0,1,0,0,0,1,1,1,1,2,1
1,1,1,0,0,1,0,1,1,1,1,1,0,1,0,1,0,1,1,1
0,1,1,1,1,2,0,2,1,0,0,0,0,1,0,1,1,0,0,1
0,0,1,1,1,1,0,0,0,0,1,0,0,0,2,1,0,0,2,1
0,1,0,1,0,1,1,0,1,0,0,0,0,0,1,1,1,1,0,1
0,0,1,1,1,0,0,0,1,0,1,0,1,1,1,1,0,0,1,1
1,0,1,1,0,2,2,0,0,0,1,1,0,0,1,1,0,1,2,1
0,1,1,1,0,0,1,2,1,0,1,0,0,0,1,1,0,0,0,1
2,1,1,0,0,0,1,2,1,1,0,0,1,0,2,1,0,1,0,1
0,0,2,0,0,2,1,0,0,0,1,1,1,1,0,0,1,0,1,1
0,1,0,2,1,0,1,1,0,0,0,1,0,1,2,0,0,0,0,1
1,0,1,1,0,1,0,0,1,0,1,0,0,1,1,0,1,0,2,1
0,0,0,1,1,2,1,1,0,0,1,1,0,0,0,0,1,1,0,1
0,0,0,0,0,1,1,1,1,0,1,0,0,1,2,0,1,0,0,1
1,1,1,2,1,2,0,2,1,1,0,1,0,1,2,1,1,1,0,1
2,0,2,1,0,2,2,0,1,0,0,0,1,1,2,0,1,1,1,0
2,1,1,1,1,0,0,1,0,0,1,1,1,0,1,0,0,1,1,1
1,1,0,0,1,1,1,1,1,0,0,0,1,1,2,0,0,0,0,1
1,1,0,0,1,2,0,1,0,0,1,0,0,0,2,1,0,0,1,0
2,1,2,0,0,0,2,2,1,0,1,1,1,0,1,0,1,0,2,0
0,0,1,1,1,2,1,0,0,0,1,1,1,1,1,1,0,0,1,1
0,0,0,1,0,0,1,2,0,0,1,1,0,1,0,1,1,1,2,0
0,0,1,1,0,2,2,0,0,0,1,1,0,0,2,1,0,1,2,0
0,0,0,1,0,1,2,2,0,0,1,1,0,1,0,1,1,0,1,1
1,0,0,1,0,2,1,0,0,0,1,0,1,0,1,0,1,1,2,1
1,0,1,0,1,2,0,1,1,0,1,0,1,1,0,1,0,1,1,1
1,1,0,0,1,0,1,1,1,1,0,1,0,0,2,0,1,0,1,0
0,1,0,0,0,1,1,1,1,1,1,1,0,0,1,1,1,1,2,0
1,1,1,0,0,2,2,0,1,0,0,1,1,1,2,0,0,0,2,0
0,0,2,1,0,0,2,0,0,0,1,1,1,1,1,0,1,1,2,1
1,1,0,0,1,2,0,0,0,0,0,1,1,1,2,1,1,1,2,1
0,0,1,0,1,1,2,0,0,0,1,1,0,1,1,1,0,1,2,1
0,0,1,1,0,2,1,0,1,0,1,0,0,1,1,1,0,0,2,1
0,1,1,1,1,0,0,1,0,0,0,1,1,1,0,0,0,1,1,0
0,0,1,1,1,0,0,0,1,0,1,0,0,0,1,1,0,1,1,1
2,0,2,1,1,1,0,0,1,0,1,0,1,0,2,0,1,0,2,1
2,0,2,1,1,1,2,0,0,1,1,1,1,0,2,0,0,1,2,0
1,0,0,2,1,1,0,0,1,0,1,0,1,0,2,1,1,1,0,1
0,0,1,1,1,2,1,1,0,0,0,0,1,1,2,0,0,1,1,0
0,0,1,1,0,2,2,0,1,0,1,1,0,0,1,1,0,0,2,1
1,1,0,0,0,1,1,1,1,0,1,1,1,0,1,0,0,0,2,1
2,1,2,0,0,1,1,1,1,0,1,1,1,0,2,0,1,0,0,1
0,0,1,1,1,2,0,0,1,0,1,0,1,1,2,0,1,1,2,1
0,0,1,0,1,2,0,0,1,0,1,0,0,0,1,0,0,0,2,1
1,0,1,0,0,2,0,0,1,0,1,1,0,0,1,1,0,1,2,1
0,1,0,0,0,1,0,1,1,0,0,1,1,1,2,0,1,0,1,1
0,0,1,0,1,2,1,0,0,0,1,1,0,1,0,0,0,0,1,1
0,0,0,1,1,0,1,0,0,0,0,0,1,0,2,0,1,1,2,1
0,1,1,1,1,0,1,2,1,0,0,0,0,1,1,1,0,0,0,1
2,0,2,1,1,1,0,0,1,0,1,0,0,0,0,1,1,1,2,1
2,1,0,0,1,2,1,1,1,0,0,1,1,1,0,0,1,0,0,1
1,0,0,0,0,2,0,0,0,0,1,0,0,0,2,1,0,1,2,0
0,0,0,1,0,2,1,0,0,0,1,0,0,1,0,0,0,1,0,1
0,1,0,1,0,0,1,2,1,1,0,1,1,1,1,0,0,1,2,0
0,1,1,1,1,2,0,1,1,1,0,1,1,1,0,0,0,0,0,1
0,1,1,1,0,1,0,1,0,1,0,1,0,0,0,0,0,1,0,1
1,0,0,1,1,1,0,0,1,1,1,0,0,1,0,0,0,1,2,1
0,0,1,1,1,2,0,0,1,0,1,0,1,0,1,1,0,0,0,0
0,0,1,0,0,2,1,0,0,0,0,1,0,1,2,1,0,1,1,1
0,1,1,2,1,0,0,2,0,1,0,0,1,1,2,0,0,0,2,0
0,0,0,0,0,2,1,0,0,0,1,0,1,1,2,1,0,1,0,1
0,0,2,1,0,1,1,1,0,0,1,1,1,1,0,0,0,0,1,1
0,0,1,1,1,0,0,1,1,0,1,0,0,0,2,0,0,0,0,0
2,0,2,1,0,0,0,0,1,0,1,0,0,0,0,0,0,1,2,1
0,0,1,1,1,0,0,0,1,0,1,0,0,0,2,0,0,1,1,1
0,1,1,2,1,1,2,1,1,0,0,1,0,0,2,1,1,1,1,1
2,1,2,1,1,2,0,1,0,0,1,0,0,1,1,1,0,0,0,1
2,1,0,1,1,0,0,2,0,0,0,1,0,1,1,1,0,1,1,1
1,1,2,2,0,0,1,2,1,0,0,1,1,1,2,0,1,1,2,0
2,1,1,0,1,0,1,2,1,0,0,0,0,1,2,1,1,0,0,1
0,1,1,2,0,0,1,2,1,1,0,0,0,1,2,1,0,1,1,1
0,0,0,1,0,2,1,0,0,0,1,0,1,0,0,0,1,1,1,1
0,1,1,1,0,1,1,2,1,0,1,1,1,0,2,0,0,1,2,0
1,0,1,2,0,2,1,0,0,0,1,1,0,1,2,0,1,0,2,1
1,0,1,0,1,2,0,0,0,0,1,1,0,0,1,1,0,1,2,1
0,0,0,0,0,1,2,0,0,0,1,1,1,0,0,1,1,1,0,1
0,1,1,1,1,1,0,0,0,1,0,0,1,0,1,1,1,0,2,1
1,1,0,2,0,1,1,2,1,0,1,1,1,1,0,0,0,0,2,0
0,0,1,1,1,1,0,0,1,0,1,0,1,0,2,0,0,1,2,1
1,0,1,0,1,2,0,0,1,0,1,0,1,1,0,1,1,1,1,1
1,0,2,0,0,2,2,0,0,0,1,1,1,1,1,0,1,0,1,1
1,1,0,0,1,0,0,2,0,0,1,0,0,1,0,1,1,1,2,0
2,1,1,1,0,0,1,2,0,0,1,0,0,1,1,1,1,0,1,1
2,1,0,0,0,0,1,2,1,0,1,0,1,1,2,1,0,1,1,1
0,0,1,1,1,2,1,1,0,0,1,1,1,0,1,1,1,0,1,0
1,1,0,0,1,2,0,1,0,1,1,1,1,0,2,0,0,0,1,1
1,0,1,2,0,2,1,0,0,0,1,1,1,1,1,1,0,1,1,1
0,0,1,0,0,2,2,0,0,0,1,1,0,0,1,1,0,1,1,1
0,0,1,0,0,1,1,1,1,0,0,0,1,1,2,0,0,0,2,1
0,0,1,1,1,0,1,0,0,0,1,1,0,0,2,1,0,1,2,1
0,0,1,0,1,0,1,1,0,0,1,1,1,0,1,0,1,0,1,1
1,1,0,1,1,1,0,0,0,0,1,0,0,1,0,1,1,0,1,1
2,1,2,1,1,0,1,2,1,1,0,0,1,1,2,0,1,1,2,1
0,1,0,1,1,2,0,2,0,0,1,0,0,0,1,1,1,1,1,1
0,1,1,1,1,0,0,2,0,1,1,0,1,1,1,0,0,0,2,1
2,1,2,1,1,2,1,0,1,1,0,1,1,1,1,0,0,0,1,0
0,1,1,1,1,0,0,2,0,0,1,0,0,0,1,1,0,1,0,0
0,1,1,0,1,2,0,0,1,1,0,1,1,1,1,1,1,0,2,1
1,0,0,1,1,1,0,0,1,0,1,1,1,0,1,1,0,0,1,1
0,1,1,1,1,0,1,2,0,0,1,0,1,1,1,0,1,1,2,1
0,1,1,1,1,0,0,2,0,0,1,1,1,0,1,0,1,1,2,1
0,0,2,1,0,2,1,0,0,0,1,0,0,1,2,0,1,1,0,1
0,1,0,1,0,1,1,2,1,0,0,1,1,1,1,0,1,0,0,1
1,1,0,2,1,2,0,2,0,0,1,0,0,1,0,1,1,1,0,1
0,0,0,1,0,2,2,0,0,0,1,1,0,1,0,0,1,1,2,0
0,0,0,1,1,2,1,0,1,0,1,0,0,0,1,0,0,0,2,1
1,1,1,0,0,1,1,2,1,0,0,0,0,1,1,1,0,1,0,1
2,0,2,1,0,2,1,0,1,1,1,0,0,1,1,0,0,0,1,1
0,0,0,2,0,2,1,0,1,0,1,0,1,1,2,0,0,1,2,1
0,0,0,0,0,1,1,0,0,0,1,1,1,0,2,1,0,1,1,1
1,0,1,0,0,2,1,0,0,0,1,1,0,1,1,1,1,1,2,1
0,1,1,0,1,1,0,0,0,0,1,0,0,1,0,1,0,1,1,1
0,1,1,1,1,2,0,2,1,0,1,0,1,1,1,1,1,0,0,1
1,1,1,1,1,0,0,1,1,0,1,1,1,1,1,0,1,1,0,1
2,1,2,1,0,1,2,1,1,0,1,1,1,0,0,0,1,1,1,0
2,1,2,1,1,2,0,1,0,0,0,0,0,1,2,1,0,1,0,1
1,0,1,2,1,1,0,0,1,0,0,0,1,0,2,0,1,0,2,1
1,0,1,2,1,2,0,1,1,0,1,1,1,0,0,1,0,1,1,1
0,1,1,0,1,0,0,2,0,0,0,1,1,1,2,0,0,0,2,0
1,1,1,0,0,1,1,1,1,0,0,1,1,1,1,0,1,0,0,1
0,1,1,2,0,1,1,1,1,0,0,0,1,0,2,0,1,1,0,1
0,0,1,1,0,2,2,0,0,1,1,0,1,0,2,0,0,0,2,0
1,0,0,2,0,2,1,0,1,0,1,0,0,0,1,0,0,0,2,1
0,1,0,1,1,1,0,2,0,0,1,0,0,0,0,1,1,0,0,0
0,0,2,1,0,1,2,1,0,0,1,1,0,0,0,0,1,1,1,1
2,1,0,0,1,1,0,1,0,0,0,0,0,0,0,1,0,1,1,0
0,0,1,1,1,1,1,0,0,0,1,1,0,0,1,1,1,0,2,1
0,1,0,0,1,2,1,1,1,1,1,1,1,1,1,0,1,0,1,0
0,1,1,1,1,2,1,2,0,0,1,0,0,1,1,1,1,0,0,1
2,1,2,1,0,2,1,0,1,0,0,1,1,0,1,0,1,1,2,1
1,0,0,2,1,2,0,0,1,0,1,0,0,1,1,1,1,1,2,0
0,1,0,0,0,1,1,2,1,0,1,0,1,1,2,0,1,0,2,1
1,0,1,0,1,2,0,0,1,0,1,0,1,0,1,0,1,0,2,1
0,0,1,2,1,0,0,0,1,0,1,0,1,0,0,1,1,0,1,1
2,1,2,0,1,0,1,2,1,1,1,1,1,0,0,0,0,0,2,0
0,1,1,0,0,1,0,1,0,0,1,0,0,0,1,1,1,1,0,1
0,0,0,1,1,0,0,0,1,0,1,1,0,0,1,1,0,1,2,0
2,0,2,0,0,2,2,0,0,0,1,0,0,0,1,0,0,0,2,1
0,0,0,0,0,2,2,0,0,0,1,1,0,0,1,1,1,1,2,1
0,0,1,1,1,2,1,0,0,0,1,1,1,1,1,1,0,0,0,1
1,0,1,1,0,2,1,0,0,0,1,0,0,0,1,1,0,0,2,1
2,1,2,1,1,1,0,1,0,0,0,0,0,1,0,1,0,1,1,0
0,0,2,1,0,2,2,0,0,0,0,0,0,1,0,0,1,1,1,0
0,0,1,0,1,0,0,0,1,0,1,0,1,1,2,0,0,0,1,1
0,0,1,1,1,2,2,0,0,0,1,1,1,0,1,1,0,0,0,1
0,1,1,1,1,2,0,0,1,0,1,0,1,1,1,1,1,0,2,1
0,0,2,1,1,2,0,0,1,0,0,0,1,1,2,0,1,0,2,0
1,1,0,0,1,0,0,2,1,0,1,1,1,1,0,1,0,1,1,1
2,1,2,1,0,0,1,2,1,1,0,0,1,1,0,0,1,1,2,1
0,0,1,1,1,2,0,0,1,0,1,0,1,0,1,1,1,0,1,1
0,0,0,1,0,1,1,0,1,0,1,0,1,1,0,0,1,1,2,1
0,1,1,0,0,1,2,1,1,1,1,1,0,0,2,1,1,1,1,1
0,1,0,0,0,1,0,1,0,1,0,0,0,1,2,1,1,0,1,1
2,0,0,0,1,1,0,1,1,0,1,1,1,0,1,1,0,1,1,1
0,0,0,1,1,1,2,0,1,0,1,0,0,0,1,1,1,1,2,0
0,0,1,1,1,0,1,0,0,0,1,1,1,1,1,1,1,0,2,1
1,1,1,0,1,0,0,2,0,0,1,1,1,1,1,0,0,0,2,1
0,0,0,1,0,2,1,0,0,0,1,0,0,0,1,0,1,1,2,0
1,0,1,2,1,0,1,0,1,0,1,0,0,1,1,1,1,1,2,1
0,0,1,1,0,1,2,0,0,1,1,1,0,1,0,1,1,0,2,0
2,1,0,1,1,0,0,2,0,0,1,0,0,0,1,1,1,1,0,1
2,1,2,1,0,0,1,2,1,0,0,1,1,0,2,0,0,0,2,1
1,0,0,2,1,2,0,0,1,0,1,0,0,1,2,1,0,0,2,1
2,1,2,1,0,2,1,0,1,0,0,0,1,0,1,0,0,0,2,1
0,0,2,1,0,1,2,1,0,0,1,0,1,0,2,0,0,1,1,1
0,0,1,1,0,2,1,0,0,0,1,1,0,0,1,1,0,1,2,1
1,0,1,0,0,2,1,0,0,0,1,1,0,0,1,1,0,1,2,1
1,0,1,2,0,2,2,0,0,1,0,0,0,1,2,0,1,0,2,0
0,0,0,0,0,1,1,1,1,0,1,0,0,0,2,0,0,0,0,1
0,1,1,0,1,2,0,2,0,0,0,0,1,0,0,0,1,0,2,1
0,0,1,1,1,1,0,0,1,0,1,0,0,0,1,1,1,1,2,1
0,0,0,0,1,0,1,0,1,0,1,0,1,0,2,1,1,1,2,1
0,1,1,1,1,0,0,1,0,0,1,0,1,0,2,0,0,1,0,0
1,0,0,0,1,2,0,1,1,0,1,0,1,1,0,1,1,1,1,0
0,1,1,1,1,2,1,1,1,0,1,0,1,1,1,1,0,1,1,1
0,1,0,1,1,0,0,2,0,0,1,1,1,0,2,1,1,0,2,1
0,0,1,0,1,1,0,0,1,0,1,0,1,0,1,1,1,1,0,1
1,0,0,0,1,2,1,0,0,0,1,1,1,0,2,1,1,1,1,1
2,1,1,1,0,1,1,0,1,1,0,1,0,0,2,0,1,1,1,1
1,0,0,0,1,1,1,0,0,0,1,1,0,1,0,1,1,1,2,1
0,0,0,1,1,2,0,0,1,0,0,0,0,0,1,0,1,0,1,1
2,1,1,2,0,1,1,1,1,0,1,0,1,0,0,1,1,1,1,1
0,0,0,1,1,1,0,0,1,0,1,0,0,1,1,1,1,0,2,1
0,0,0,1,0,2,2,0,0,0,1,1,1,0,0,1,0,1,0,1
1,0,1,1,0,2,2,0,0,0,1,1,0,1,1,1,0,1,2,1
2,1,2,1,0,1,1,1,1,1,1,1,1,0,2,0,1,1,0,1
0,0,1,2,1,0,1,0,0,0,1,1,1,0,0,0,0,0,1,0
0,1,1,0,1,0,0,1,0,0,1,0,0,1,1,1,1,1,1,1
0,1,1,1,1,0,1,2,1,0,0,0,1,1,2,1,1,0,2,1
0,1,0,1,0,2,1,1,1,1,0,0,1,0,1,0,1,0,0,1
0,1,1,1,1,2,0,2,0,0,0,0,0,1,1,1,1,0,1,0
1,1,1,2,1,0,0,2,1,0,1,0,1,1,2,0,1,0,2,1
0,0,1,0,0,2,2,0,0,0,1,0,1,1,1,0,1,0,1,1
2,0,1,1,1,2,1,0,0,0,1,1,1,1,1,1,1,0,1,1
2,1,2,0,0,1,2,2,1,0,1,1,1,1,0,0,1,0,2,0
1,1,1,0,0,1,1,1,1,0,0,0,0,0,2,0,0,0,0,1
2,0,0,1,1,0,0,0,1,0,1,0,1,0,2,1,1,1,1,1
0,1,0,1,1,0,0,1,0,0,1,0,0,0,1,1,1,0,1,1
0,1,0,2,0,0,1,2,1,0,0,0,1,0,1,1,1,0,2,1
1,1,1,2,0,2,1,0,1,0,1,0,1,0,0,1,0,1,2,1
2,1,1,1,0,0,2,2,1,0,1,1,0,1,1,1,1,1,1,0
2,1,1,1,0,0,2,2,1,0,0,0,0,0,2,1,0,0,1,0
0,0,2,1,0,0,1,0,1,0,1,0,0,1,1,0,1,1,2,1
2,1,1,1,0,0,1,2,1,1,1,1,0,0,0,0,0,1,1,1
0,0,1,1,1,2,0,0,1,0,1,0,0,0,1,0,0,0,2,1
2,1,0,0,0,1,0,2,0,1,1,0,0,0,1,1,1,1,1,1
2,1,0,1,1,2,0,1,0,1,0,0,1,0,2,1,1,1,1,0
0,0,1,1,1,2,0,0,1,0,1,0,1,0,1,0,1,1,1,1
1,0,1,1,0,0,2,0,0,0,1,1,1,1,1,1,0,0,0,0
0,0,1,0,0,2,1,0,0,1,1,1,0,0,2,1,1,1,2,1
0,0,2,1,1,0,0,0,1,0,1,0,0,0,2,1,0,0,2,1
0,1,1,1,0,1,2,0,1,0,1,0,1,1,1,1,0,1,2,0
1,1,1,0,0,1,1,2,1,1,1,1,0,1,2,1,0,0,0,1
2,0,0,0,0,2,2,0,0,0,1,1,1,0,2,1,0,1,0,1
1,1,0,1,1,0,0,1,0,0,0,0,0,0,2,1,1,0,2,0
0,1,1,1,1,0,2,1,1,1,1,1,1,0,0,0,0,1,1,1
2,1,2,1,1,1,1,2,0,1,1,0,1,1,0,0,1,1,0,0
2,1,0,1,1,2,2,2,1,0,0,1,0,1,1,1,1,1,1,1
0,1,1,0,0,1,1,1,0,0,0,1,1,1,2,0,1,0,2,0
2,0,0,1,0,2,1,0,0,0,1,1,1,0,1,0,0,0,2,1
0,0,1,1,0,2,2,0,0,0,1,0,0,1,1,1,0,1,2,1
2,1,2,1,0,2,1,0,1,0,1,1,0,0,2,0,1,1,1,1
0,0,0,1,0,1,0,0,1,0,1,0,1,0,1,0,1,1,1,1
0,0,0,1,0,2,1,0,1,0,1,0,1,0,1,1,1,1,0,1
0,1,0,1,0,2,1,0,0,0,0,0,0,1,1,1,1,1,0,1
1,1,2,2,0,1,2,1,1,1,0,0,1,1,0,0,1,0,1,1
0,0,1,1,0,0,1,0,0,0,1,1,1,1,1,1,0,0,1,1
0,1,0,1,1,2,0,2,1,0,1,0,1,1,0,1,1,0,2,1
1,0,0,0,1,2,0,0,1,0,1,0,1,0,2,0,0,0,2,0
2,0,2,1,1,2,0,0,1,0,1,1,0,0,2,1,1,1,2,0
0,1,0,2,0,1,2,1,1,0,0,0,0,1,2,1,1,1,1,0
0,1,1,2,1,1,0,1,1,0,0,1,0,1,1,1,1,1,1,1
0,1,1,0,0,1,0,1,0,0,1,0,1,1,0,0,1,0,0,0
0,1,0,0,0,1,1,1,1,0,1,0,1,0,2,0,1,0,0,1
2,1,1,0,0,0,2,2,1,0,1,0,0,1,2,1,1,1,1,0
2,1,2,0,1,2,0,2,0,1,1,1,1,0,1,0,0,0,2,1
1,0,0,0,1,0,1,2,0,0,1,0,1,1,2,1,1,1,0,1
0,0,2,1,0,2,2,0,0,0,0,1,0,0,1,0,1,1,1,1
2,1,1,1,0,0,1,2,1,0,0,0,1,1,2,1,0,0,2,1
0,1,1,0,0,0,1,2,1,0,1,0,0,0,1,1,1,1,1,1
2,0,2,1,0,2,1,0,0,0,1,1,0,1,1,0,1,0,0,1
1,1,1,0,0,1,0,1,0,0,1,1,1,1,1,0,0,0,0,1
2,1,0,1,0,1,2,1,1,0,1,1,0,0,1,1,1,0,0,1
1,0,1,2,1,2,0,0,1,0,1,0,1,0,0,1,1,1,0,1
0,0,2,1,0,2,1,0,0,1,1,1,1,1,0,0,1,0,2,1
2,1,0,0,0,1,1,2,0,1,0,0,1,0,2,0,0,0,2,1
0,0,0,1,0,2,0,0,1,0,1,0,0,0,1,1,1,1,1,0
1,1,1,2,0,0,0,2,0,0,1,1,0,1,0,1,1,1,1,0
0,0,0,0,1,1,0,1,0,0,1,1,0,1,0,0,1,0,0,0
1,0,1,0,0,2,1,0,0,0,1,1,0,0,1,1,0,1,2,1
1,0,0,2,1,2,0,0,1,0,1,0,0,1,0,1,0,1,1,1
0,1,2,0,1,2,0,2,0,0,0,0,1,0,2,0,1,0,2,1
0,0,0,0,1,2,0,1,1,0,1,0,1,1,2,1,0,1,1,1
1,0,0,0,1,2,0,0,1,0,1,0,0,1,2,1,0,1,1,1
2,1,1,1,1,2,0,2,0,0,1,0,1,1,1,1,1,0,2,1
0,1,0,0,1,2,0,1,1,1,0,0,0,0,1,1,1,1,1,1
0,1,1,1,0,1,1,2,1,0,1,1,1,1,1,0,0,1,0,1
1,0,0,0,1,2,0,0,1,0,1,0,1,0,1,1,1,1,1,1
0,1,1,1,1,2,0,2,0,0,0,1,1,0,2,0,1,1,2,1
0,0,0,2,1,1,0,0,1,0,1,0,0,1,2,1,0,1,2,1
0,1,1,0,1,0,0,2,0,0,1,0,1,0,1,0,1,0,2,1
0,0,1,2,1,0,1,0,0,0,1,0,1,1,2,1,1,0,0,1
0,0,1,0,1,0,0,1,1,0,1,0,1,1,2,0,0,0,1,1
0,1,1,1,1,1,1,1,1,1,1,0,0,0,0,1,0,1,0,1
0,0,1,0,1,1,0,0,1,1,1,0,0,0,0,1,1,1,1,1
0,0,1,1,1,2,1,0,0,0,1,1,0,1,0,0,0,0,1,1
0,1,1,0,1,1,1,0,1,0,0,1,1,1,1,0,0,0,2,1
0,0,0,2,1,1,1,0,0,0,1,1,0,1,0,1,0,1,2,1
0,0,1,0,1,0,0,0,1,0,1,0,1,1,2,0,1,0,1,1
2,1,0,1,1,0,0,2,1,0,1,0,1,0,1,1,0,0,2,0
0,1,2,0,0,1,1,1,1,0,1,0,1,0,1,0,0,0,1,1
0,0,0,1,0,2,2,0,0,0,1,1,1,1,0,1,0,0,1,0
0,0,1,1,1,2,0,0,1,0,1,0,1,0,1,0,1,0,1,1
0,1,1,2,1,0,0,1,0,1,0,1,1,1,1,0,1,1,1,0
1,1,2,2,0,2,0,0,0,0,1,0,1,0,2,1,1,1,2,0
1,0,2,0,0,2,1,0,0,0,1,0,0,0,1,0,0,0,2,1
2,1,2,0,1,0,1,0,1,0,0,1,1,1,1,0,1,0,1,1
0,1,1,1,1,0,1,2,1,0,0,0,0,1,2,1,1,0,0,1
2,1,2,1,1,0,1,0,1,0,0,1,1,1,2,0,1,0,2,1
0,1,1,1,1,1,0,2,0,0,0,0,1,1,2,0,0,0,2,1
0,1,2,1,0,1,2,1,1,0,1,1,1,1,1,0,1,0,1,0
0,0,0,1,0,2,1,0,0,1,1,1,0,1,1,0,1,1,1,1
0,1,0,1,0,1,2,2,1,1,1,1,1,1,0,0,0,1,1,1
0,1,1,0,1,0,0,2,0,0,1,0,0,1,2,1,1,0,1,1
1,0,1,0,0,2,0,0,0,0,1,0,0,1,2,0,1,0,2,0
0,0,1,1,1,2,0,0,1,0,1,0,1,0,1,0,1,1,2,0
2,1,2,1,1,0,1,2,1,0,1,1,1,0,1,0,0,0,2,0
2,1,0,1,1,2,0,2,0,0,0,0,1,0,0,1,0,1,2,1
0,1,1,1,1,0,0,1,0,0,1,0,0,0,1,1,0,1,1,0
0,1,1,1,0,0,1,2,1,0,1,0,1,0,1,1,1,0,2,1
0,0,0,1,1,2,1,0,0,0,1,1,0,0,1,1,1,1,2,1
0,1,0,1,0,1,1,1,1,1,0,1,1,1,1,0,0,1,0,1
0,1,2,1,0,0,2,2,1,0,1,1,1,1,1,0,1,0,2,0
0,0,0,0,0,0,1,0,0,0,1,1,1,0,0,0,1,0,2,1
0,1,1,0,0,1,1,1,1,0,1,0,0,0,1,1,0,1,0,1
0,1,1,0,1,1,1,0,0,1,0,1,0,1,1,1,1,1,1,1
2,1,2,1,1,2,0,2,0,0,0,1,1,1,0,0,0,0,1,1
1,0,1,0,0,2,2,0,0,0,1,0,1,1,0,0,0,0,2,1
2,1,2,1,0,1,2,2,1,0,0,0,1,1,0,0,0,0,2,0
0,1,0,2,1,2,0,1,0,0,1,1,0,1,0,1,0,1,1,1
0,0,0,0,1,1,0,0,1,0,1,0,0,0,2,0,1,0,1,0
0,0,1,1,0,2,2,0,0,0,1,1,0,0,2,1,0,0,2,1
0,0,0,0,1,2,0,0,1,0,1,0,0,1,0,1,1,1,1,1
0,1,1,0,1,0,0,2,0,0,1,0,1,0,1,0,1,0,2,1
1,0,0,0,1,0,1,1,0,0,1,0,0,1,0,0,1,1,0,1
1,1,0,1,0,2,1,0,1,0,0,0,1,0,2,1,1,0,2,1
0,1,0,0,1,1,1,0,1,0,1,0,1,1,0,1,0,1,0,1
0,0,1,0,1,1,2,0,0,0,1,1,1,0,1,1,0,1,0,1
0,0,0,1,1,2,0,0,1,0,1,1,1,0,0,1,0,0,0,1
0,0,1,2,1,0,2,1,0,0,0,1,0,1,1,0,1,0,0,0
0,1,1,1,1,0,0,2,0,0,0,0,1,1,2,0,0,1,2,1
0,1,1,1,0,1,1,1,1,1,0,0,0,0,2,1,1,0,1,0
0,0,1,1,1,2,1,0,0,0,1,1,1,1,1,1,0,0,0,0
2,0,2,1,1,1,2,1,0,0,1,0,0,1,1,0,1,0,1,1
1,1,0,0,1,1,0,0,1,0,1,1,1,1,0,0,0,0,1,1
1,0,0,1,0,2,1,0,0,0,1,1,0,1,0,1,0,0,1,0
0,0,0,1,0,2,1,0,1,0,1,1,1,1,0,1,1,1,1,1
0,0,1,2,1,1,0,0,1,0,1,0,0,0,0,0,0,0,1,1
0,0,1,2,1,0,0,0,1,0,1,0,0,0,0,1,1,1,2,0
0,1,1,0,0,0,1,2,0,0,1,1,1,1,1,0,0,0,2,1
0,0,1,1,1,2,1,0,0,0,1,1,1,1,1,1,0,0,1,1
2,1,2,0,0,0,2,2,1,0,1,1,1,0,1,0,1,0,2,1
1,1,2,1,1,2,2,1,1,1,1,1,1,1,0,0,1,1,0,1
0,0,0,0,1,2,0,0,1,0,1,0,0,0,2,1,0,1,0,1
0,1,0,1,0,0,1,2,0,0,0,0,1,0,1,0,1,0,2,1
2,1,0,1,1,0,1,2,1,1,1,0,1,0,2,0,1,0,2,0
0,1,1,1,1,2,2,2,1,0,1,0,1,0,2,1,0,0,2,0
0,1,1,1,0,0,2,2,1,0,1,1,1,0,1,1,1,0,2,0
0,1,2,1,1,2,0,2,0,0,0,1,1,0,2,0,1,1,2,1
2,1,0,1,0,1,1,1,1,0,1,0,0,1,0,1,1,1,1,1
2,0,0,1,1,0,0,0,1,0,1,0,1,0,1,1,0,0,0,1
0,1,2,0,0,1,1,1,1,1,1,1,1,0,0,1,1,1,1,0
2,1,2,0,0,0,1,2,1,1,1,1,1,0,0,0,0,0,2,0
2,0,2,0,0,1,1,0,0,0,1,1,1,0,1,0,1,0,2,1
0,1,0,1,0,1,0,2,0,0,0,1,0,0,1,0,1,1,0,1
0,1,1,1,1,2,2,1,1,0,0,1,0,0,2,1,0,1,1,0
0,1,0,0,0,0,1,2,1,0,1,0,1,0,2,1,1,0,2,1
2,1,2,0,0,2,2,0,1,0,1,1,1,1,2,0,1,0,2,0
0,1,1,1,1,2,0,0,0,0,0,0,1,0,0,1,0,1,2,1
2,1,2,1,1,1,0,1,1,0,1,1,0,0,2,1,1,0,1,1
0,0,0,1,1,2,1,0,1,0,1,0,1,0,0,0,1,0,1,1
1,0,0,0,1,0,0,0,1,0,1,0,1,0,2,1,1,1,1,1
0,0,1,0,1,0,1,1,0,0,1,1,0,1,0,1,0,1,1,1
1,1,1,1,0,2,2,2,1,0,1,1,1,0,1,0,0,0,2,0
2,0,0,1,1,1,0,0,1,0,1,0,1,0,1,1,0,0,1,1
2,1,2,0,1,1,0,0,0,0,0,1,1,0,2,0,1,0,1,1
2,1,1,0,0,0,1,2,1,0,1,1,0,1,2,1,0,1,0,1
0,0,1,0,0,1,1,1,0,0,1,1,0,0,1,0,1,0,0,1
1,1,0,2,0,1,1,2,1,0,1,0,0,1,0,1,1,0,0,1
0,1,0,2,0,2,1,0,1,0,1,1,0,0,1,0,0,1,0,1
0,1,1,1,1,1,1,1,1,0,1,0,1,0,2,1,0,1,1,1
0,1,2,0,1,2,0,1,0,0,0,0,0,1,1,1,0,1,1,1
0,0,0,1,1,2,0,0,1,0,1,0,1,1,0,1,1,0,1,1
0,0,1,1,1,0,0,0,1,0,1,0,1,1,1,1,1,1,1,1
2,1,1,2,0,1,1,1,1,0,1,0,0,0,2,1,0,0,0,1
0,1,0,1,0,1,2,2,0,0,1,0,1,0,1,0,1,1,0,1
1,1,0,0,1,2,0,2,0,0,1,0,0,0,1,1,1,1,0,0
0,0,0,1,0,1,2,2,0,1,1,1,0,1,0,1,0,0,2,0
0,0,1,0,0,2,0,0,1,0,1,1,0,1,1,1,0,1,2,1
0,1,1,1,1,0,0,0,0,1,1,0,1,0,2,0,1,1,2,1
2,1,2,1,1,2,0,2,0,0,1,1,1,1,0,0,0,1,2,1
2,1,2,1,0,1,1,2,1,1,0,1,1,1,0,0,1,1,1,1
2,1,2,0,1,2,1,2,1,1,1,1,1,0,1,0,0,0,2,0
2,1,2,1,1,0,0,1,0,1,1,0,0,1,0,1,1,1,1,1
0,0,0,0,0,2,0,0,1,0,1,0,1,1,0,1,0,1,2,1
0,0,1,1,1,1,0,0,1,0,0,0,0,0,2,0,0,1,0,0
1,0,1,0,0,2,1,0,0,0,0,0,1,1,2,0,1,0,2,1
0,0,1,2,1,2,1,0,0,1,1,0,1,0,0,0,1,0,1,1
0,0,2,2,1,2,0,0,1,0,1,0,0,1,0,1,1,1,2,1
0,0,1,2,1,1,0,0,1,0,1,0,1,1,2,0,1,1,2,1
1,0,1,2,0,2,2,0,0,0,1,1,1,0,0,1,0,1,1,1
1,1,1,0,0,1,1,2,0,1,0,1,0,0,0,0,1,0,1,1
0,0,1,2,0,2,1,0,0,0,1,1,0,1,2,1,0,1,2,0
0,0,1,0,1,0,1,0,0,0,1,1,1,0,1,1,1,0,0,1
0,0,1,1,0,2,2,0,1,0,1,1,0,0,2,1,0,0,2,0
1,1,1,0,0,2,2,0,1,0,1,1,1,0,1,0,0,0,2,0
0,1,1,0,0,0,1,2,1,1,1,0,0,1,0,1,0,1,1,1
1,0,0,0,0,0,1,0,0,0,1,1,0,1,0,1,0,1,2,1
0,0,2,1,0,1,2,1,0,0,1,0,1,0,0,0,0,1,1,1
0,0,0,1,1,2,0,0,1,0,0,0,0,1,1,0,1,1,1,1
2,0,1,1,0,2,0,0,1,0,1,0,1,0,1,0,1,0,1,0
0,0,1,1,0,2,0,0,1,0,1,0,1,1,1,1,1,1,1,1
0,0,0,1,1,0,0,0,1,0,1,0,1,1,0,1,1,0,1,1
1,0,0,0,1,1,0,0,1,0,1,0,0,0,2,1,0,1,2,1
1,0,0,0,0,1,2,1,0,0,1,1,0,0,2,0,0,0,0,1
2,0,0,0,0,2,0,0,1,0,1,1,0,0,2,0,1,0,2,1
1,1,1,0,1,2,2,2,0,1,1,1,0,0,2,1,0,0,0,0
1,0,0,0,0,2,2,0,0,0,0,1,1,1,2,1,1,1,2,1
0,0,1,0,1,2,1,0,0,0,1,1,0,0,1,1,0,1,2,1
0,0,0,1,0,0,1,0,1,0,1,0,0,1,2,0,1,1,2,1
0,1,0,2,0,1,2,1,1,0,1,0,0,1,1,1,1,1,1,1
0,1,0,1,1,0,0,1,0,1,1,0,0,1,0,1,1,1,1,0
1,1,0,0,1,2,0,1,0,0,0,0,0,0,0,0,1,0,1,1
0,1,1,0,1,0,1,2,1,0,1,0,1,1,1,0,0,0,2,1
0,0,1,0,0,2,2,0,0,0,1,1,1,1,2,0,0,0,2,1
0,1,1,0,1,2,0,2,0,1,0,0,0,1,0,1,0,1,1,1
0,0,2,2,0,1,2,1,0,0,1,1,1,1,0,0,1,0,1,1
0,1,1,2,1,1,0,1,1,1,0,1,1,0,0,0,1,0,1,1
1,1,1,1,1,2,0,1,0,0,1,1,0,0,1,1,1,1,1,1
0,0,1,1,0,2,0,0,1,0,1,1,1,1,1,1,0,1,1,1
1,0,1,1,1,1,1,1,0,0,1,1,1,1,1,1,1,1,1,1
2,1,0,0,1,2,1,2,1,0,1,1,1,1,2,0,0,0,0,1
0,1,1,1,1,0,0,2,0,0,1,1,0,0,1,1,1,0,0,0
0,1,1,1,1,2,0,2,0,0,1,0,0,1,1,1,0,0,0,1
0,0,0,0,0,2,1,0,0,0,1,1,1,0,2,1,1,1,0,1
1,0,0,0,0,2,1,0,0,0,1,1,1,0,2,0,1,0,1,1
0,0,2,2,0,1,2,1,0,0,1,1,1,0,2,0,0,0,1,0
0,0,1,1,0,2,1,0,0,0,1,0,1,0,1,0,1,1,2,1
0,0,1,0,1,0,0,0,1,0,1,1,1,0,0,1,0,1,1,1
2,1,2,0,1,0,0,2,0,0,0,0,0,1,1,1,0,1,1,1
0,1,0,1,1,1,0,0,0,1,0,1,1,1,1,0,1,1,2,1
0,0,0,1,0,2,0,0,1,0,1,1,1,1,0,1,1,0,0,1
2,1,1,0,1,1,0,0,1,0,1,1,1,1,1,0,0,0,1,0
1,1,1,0,1,2,0,1,0,0,0,0,0,0,0,1,1,1,1,1
2,0,2,2,1,2,0,0,1,0,1,0,0,1,2,1,1,1,2,0
1,0,2,1,0,1,1,1,0,0,1,1,0,1,1,0,0,1,0,1
2,1,2,1,1,0,0,2,1,1,0,1,1,1,2,1,0,0,0,1
0,0,1,1,0,1,1,1,0,0,1,1,1,1,1,1,1,0,1,1
2,1,0,1,0,1,2,2,1,0,0,1,0,0,2,1,1,0,0,0
2,1,1,1,0,0,2,2,1,1,1,1,1,0,2,0,0,1,2,1
1,0,0,0,1,1,1,0,0,0,1,1,1,0,2,1,0,1,1,1
0,1,1,1,1,2,0,0,0,1,0,0,1,1,0,1,1,0,2,0
0,0,1,1,1,0,1,0,0,0,1,1,0,0,1,1,0,1,2,1
0,0,1,1,1,1,0,0,0,0,1,1,0,1,1,1,0,0,2,1
0,0,0,1,0,2,0,0,1,0,1,1,0,0,0,1,0,0,2,1
0,1,0,1,1,0,0,2,0,0,1,0,0,1,0,1,1,1,0,1
0,0,1,0,1,2,0,0,0,0,1,0,0,0,1,1,1,0,2,1
1,0,0,2,0,2,2,0,0,0,1,1,1,0,1,1,1,1,2,1
0,1,0,1,1,1,1,1,0,1,0,1,0,0,2,0,0,0,0,1
1,0,1,0,0,2,1,0,0,0,1,0,1,1,1,1,0,1,1,1
0,0,1,1,1,0,0,0,1,0,1,0,0,0,1,1,0,0,2,1
0,0,1,2,0,2,1,0,0,0,1,1,0,1,2,1,0,1,1,0
0,0,0,2,0,0,1,2,0,0,1,0,1,0,1,1,1,1,0,1
0,1,1,0,1,2,0,2,0,0,1,1,1,1,1,0,0,0,2,0
0,0,0,1,0,2,2,0,0,0,1,0,0,0,1,1,1,0,2,1
0,0,1,1,0,2,1,0,0,0,1,1,0,1,1,0,0,0,0,0
0,1,1,2,0,1,2,1,1,0,0,1,0,0,2,1,0,0,1,0
2,1,1,1,0,0,1,2,1,0,0,1,0,1,1,1,0,1,1,1
0,1,0,1,1,2,0,1,1,1,1,1,0,0,2,1,0,1,1,1
1,0,0,0,1,2,2,0,0,0,1,1,0,1,2,1,1,0,2,1
1,1,1,0,1,1,2,1,1,0,1,0,1,1,2,1,1,0,2,0
2,1,0,1,1,2,1,1,1,0,1,1,1,0,0,0,1,1,0,1
2,1,0,0,0,1,2,1,1,0,1,1,0,0,1,1,0,1,2,0
0,1,0,1,0,1,2,1,1,1,0,0,0,1,1,1,1,1,1,1
0,0,1,1,1,2,0,0,1,0,0,0,1,1,2,0,0,1,1,1
2,1,2,1,1,0,1,2,1,0,1,1,1,0,0,0,0,1,2,1
0,0,0,0,0,2,1,0,0,0,1,1,0,0,2,0,1,0,2,1
0,0,1,0,0,2,0,0,1,0,1,0,0,0,1,0,1,0,1,1
1,1,1,2,1,2,0,0,0,0,0,0,1,0,2,0,1,1,2,1
1,1,1,0,1,2,1,1,1,1,1,0,0,0,2,1,0,1,0,1
2,0,2,2,1,1,1,0,0,0,0,1,1,1,1,0,1,0,1,0
2,1,2,0,0,0,2,2,1,0,0,1,1,0,2,0,1,0,2,0
1,0,0,1,1,2,0,0,1,0,1,0,1,1,0,1,1,1,0,1
0,1,1,0,0,1,1,1,1,0,1,1,0,1,0,0,1,0,0,1
2,1,0,1,1,2,2,2,1,0,1,0,0,0,1,1,1,0,0,0
0,0,1,1,1,1,1,0,0,0,1,1,0,1,1,0,0,1,2,1
0,0,0,0,1,0,0,0,1,0,1,0,1,1,0,0,1,0,2,0
2,0,1,1,0,2,2,0,0,0,1,1,0,0,1,1,0,0,2,1
0,0,1,1,1,1,1,0,0,0,1,1,0,0,1,1,0,1,1,1
0,0,1,1,1,1,0,0,1,0,1,0,1,1,1,0,0,1,2,1
0,1,2,2,1,1,1,0,1,0,0,1,1,1,2,0,1,1,2,1
2,1,1,1,0,0,2,2,1,1,0,1,0,0,1,1,0,1,1,1
0,1,0,1,0,0,1,2,1,0,0,1,0,0,1,1,1,0,0,1
1,0,0,0,1,0,0,0,1,0,1,0,0,0,1,1,1,1,1,1
0,1,1,2,1,2,0,2,1,0,1,1,1,0,0,1,1,1,2,1
2,0,0,1,1,0,0,0,0,0,1,0,1,0,1,1,1,0,1,1
2,1,2,1,0,0,2,2,1,0,0,0,0,1,2,1,1,1,0,0
0,0,1,1,0,2,1,0,0,1,1,1,1,1,1,1,1,0,1,1
0,1,0,1,1,2,1,2,1,0,0,1,1,0,1,0,1,1,2,1
0,0,0,1,1,2,2,0,0,1,1,1,1,1,0,1,1,1,1,0
2,1,1,0,0,1,1,1,1,0,1,1,1,0,1,0,1,0,1,1
1,0,2,0,0,0,2,2,0,0,1,0,1,0,2,0,0,0,2,1
2,1,2,1,1,2,0,0,0,1,0,1,1,0,0,0,0,0,0,1
0,0,2,1,0,2,1,0,0,0,1,0,0,0,2,0,1,0,1,0
2,0,2,1,1,1,0,0,0,0,1,1,0,0,0,1,1,0,2,1
2,1,2,0,0,2,1,1,1,1,1,1,0,1,2,1,1,1,1,1
1,0,1,0,1,0,1,0,0,0,1,1,0,0,1,1,0,1,1,1
2,0,0,1,0,0,1,0,0,0,1,1,1,1,0,0,1,1,2,1
0,0,1,0,1,1,0,0,0,0,1,1,1,0,1,1,0,1,1,0
0,0,1,1,0,1,1,1,0,0,1,0,0,0,1,0,0,1,1,1
1,0,1,0,1,2,2,0,0,0,1,1,1,1,1,1,0,1,1,1
1,0,1,0,0,2,0,0,1,0,1,0,1,1,0,1,1,1,1,1
1,0,0,0,1,2,1,1,0,0,1,1,1,0,2,1,1,1,0,1
0,0,1,1,1,0,2,0,1,0,1,0,0,1,1,1,1,0,2,1
0,0,1,2,1,2,1,0,0,0,1,0,0,1,1,1,1,1,2,1
0,1,1,2,1,0,1,1,1,0,0,0,1,1,1,1,0,1,2,1
0,1,1,1,1,2,0,2,0,1,0,1,1,0,1,0,1,0,2,1
1,0,0,0,1,0,0,1,1,0,1,0,0,1,2,0,1,0,1,1
2,1,0,1,1,0,0,2,0,0,0,0,1,0,1,1,1,0,2,1
0,0,1,1,1,0,1,0,0,0,1,1,0,1,0,0,0,1,0,1
0,0,0,2,0,2,1,0,0,0,1,0,0,0,1,0,1,0,2,1
0,0,1,2,1,1,1,0,0,0,1,0,0,0,0,1,1,0,2,1
0,0,0,1,0,1,0,0,1,0,1,0,0,1,0,1,1,0,2,1
2,0,0,0,0,2,0,0,1,0,1,1,1,0,2,1,1,1,1,0
2,1,1,1,0,1,2,2,1,0,1,1,0,0,2,1,0,1,0,1
0,0,0,1,0,2,0,0,1,0,1,0,0,1,1,1,1,0,2,0
2,0,2,1,1,2,0,0,1,1,1,0,1,1,2,0,0,0,2,1
2,0,0,1,1,0,0,0,1,0,1,1,0,0,1,1,1,1,2,1
2,0,2,1,1,0,0,0,1,0,1,0,0,0,0,1,0,0,2,1
0,0,1,0,1,2,1,0,0,0,0,0,1,0,1,0,1,0,1,1
2,1,0,1,1,2,0,2,0,0,0,0,0,0,2,1,1,0,0,1
0,1,1,1,1,2,0,2,1,1,1,1,1,1,1,0,0,0,2,1
0,0,0,0,0,2,1,0,0,0,1,1,0,1,2,0,1,0,0,1
0,0,1,1,1,2,0,0,1,1,1,0,0,0,0,1,1,0,2,0
0,1,1,1,1,1,0,1,0,0,1,0,1,0,1,1,0,1,2,1
0,1,1,1,1,1,0,2,0,0,1,1,1,1,1,0,0,1,2,1
0,0,1,1,1,2,0,0,1,0,1,0,0,1,0,0,0,0,2,0
0,0,1,1,1,2,2,0,0,0,1,0,1,1,1,0,0,0,1,0
2,1,2,0,0,1,1,2,0,1,0,1,1,0,1,0,0,0,2,1
2,0,1,0,0,2,2,0,0,0,1,1,0,0,1,0,0,0,2,1
0,1,1,1,1,0,0,2,0,1,0,1,0,0,1,1,1,0,0,0
2,1,0,2,1,0,0,2,1,0,0,0,0,0,1,1,0,1,0,0
2,1,0,1,1,1,0,1,1,0,1,0,0,0,1,1,1,0,0,0
2,0,2,0,0,2,1,0,1,0,0,0,1,1,2,0,0,0,1,1
0,1,1,1,0,1,2,1,1,0,0,0,0,0,2,1,0,0,1,0
1,0,0,0,1,1,1,0,0,0,1,1,1,1,0,1,1,1,2,0
2,1,2,1,1,2,0,1,0,0,1,1,1,0,0,0,1,0,1,1
1,0,0,1,1,2,0,0,1,0,1,0,1,0,2,1,1,1,0,0
0,0,0,1,0,0,1,0,0,0,1,1,1,0,1,1,0,0,1,1
0,1,0,2,0,0,0,2,0,0,1,0,1,0,1,1,1,1,0,1
1,0,0,1,1,0,0,0,1,0,1,0,0,1,0,1,1,1,2,0
0,0,1,1,0,1,0,0,1,0,1,1,0,0,1,1,1,1,2,1
0,1,2,1,1,2,0,1,1,0,1,1,1,0,0,0,0,1,0,1
0,0,1,1,1,1,0,0,1,0,1,0,1,1,1,1,0,1,0,1
2,1,0,1,0,2,1,1,0,0,1,0,1,0,1,0,1,0,1,1
2,0,2,1,1,2,0,0,1,0,1,0,0,0,2,0,1,1,1,0
0,0,1,2,1,1,0,0,1,0,0,0,1,0,1,0,0,0,2,1
2,1,1,1,0,1,0,2,0,0,1,1,1,0,0,1,0,1,2,1
0,1,2,1,0,1,1,1,1,1,0,1,1,0,1,0,1,0,1,1
1,1,0,0,0,0,1,1,1,1,1,1,0,0,1,1,1,1,1,1
2,1,1,1,1,0,0,2,0,0,0,1,0,1,0,1,1,0,1,0
2,1,0,0,1,2,0,2,0,0,0,0,0,1,0,1,1,1,0,0
2,0,2,1,1,0,1,0,0,0,1,1,1,0,2,0,1,1,1,1
0,1,0,2,1,2,0,0,0,1,1,0,1,0,1,1,1,0,2,1
2,1,0,0,1,0,0,2,0,0,0,0,1,0,0,1,1,1,2,1
0,0,0,1,1,2,0,0,1,1,1,0,1,1,1,0,0,1,2,1
1,0,0,0,1,2,0,0,1,0,1,0,0,0,2,1,0,1,2,1
1,0,1,0,0,2,2,0,1,0,1,0,1,1,2,1,0,1,1,0
1,0,1,0,1,2,0,0,1,0,1,0,0,1,2,0,1,0,0,1
0,0,1,0,1,2,0,0,1,0,1,0,1,0,1,0,1,0,2,1
2,1,0,1,1,2,2,0,1,0,1,1,1,1,2,1,1,0,2,1
0,0,1,0,1,1,1,0,0,0,1,1,0,0,1,1,0,1,2,1
0,0,0,1,0,1,1,0,0,0,1,1,0,0,1,1,1,0,2,1
1,0,0,0,1,2,2,0,0,0,1,1,1,0,1,1,1,1,1,1
0,0,1,1,0,1,1,0,0,0,1,1,0,0,1,1,0,0,2,1
2,1,2,1,1,2,0,1,0,0,0,0,0,1,2,1,0,0,0,1
0,1,0,1,1,1,1,1,1,0,1,1,0,1,2,0,1,1,0,0
0,0,1,1,1,1,1,0,0,1,1,0,0,0,0,1,1,0,1,0
2,0,2,1,1,1,1,0,0,0,1,1,0,1,0,0,1,0,1,1
0,1,1,1,1,2,0,2,0,1,0,1,0,0,1,0,0,0,1,1
0,1,1,1,0,1,1,2,1,0,1,1,1,0,1,1,1,0,2,1
1,1,1,0,1,1,1,0,1,1,1,1,0,0,2,1,1,1,0,1
0,0,1,1,1,2,0,0,0,0,1,0,1,1,1,0,1,1,2,0
1,0,0,2,1,1,0,0,1,0,0,0,1,1,1,1,0,1,0,0
0,1,1,1,0,1,2,2,1,1,0,1,0,1,0,1,0,0,2,1
2,0,0,1,1,1,0,0,1,0,1,0,1,1,0,0,0,0,2,0
2,1,0,0,0,1,1,1,1,0,0,1,0,0,0,1,0,1,1,1
1,1,0,2,1,2,1,2,1,1,1,1,0,0,0,1,1,1,0,1
0,1,2,2,0,1,1,1,1,1,1,1,0,0,0,0,1,0,0,0
2,1,2,1,1,0,2,2,1,1,0,1,1,1,2,0,1,1,2,1
1,0,0,0,1,2,1,0,0,0,1,1,1,0,1,0,1,0,1,1
1,0,2,1,0,2,2,0,0,0,1,0,0,1,2,0,1,1,1,1
0,0,1,1,1,1,1,1,0,0,1,1,1,0,2,1,0,1,1,1
2,1,2,1,1,2,0,1,1,0,1,1,1,0,0,0,0,1,2,0
1,1,1,0,0,1,1,2,0,0,1,0,1,0,1,1,0,1,1,1
0,1,1,0,1,2,1,0,1,0,1,1,1,1,0,1,0,1,1,1
0,1,0,1,0,1,1,1,1,0,1,0,0,0,1,1,1,0,1,1
2,1,2,0,0,0,2,2,1,1,1,1,0,0,0,1,1,1,1,1
0,0,1,1,0,2,1,0,0,0,1,1,0,0,1,1,1,1,0,0
2,0,2,1,1,2,0,0,1,0,1,0,1,1,1,1,1,0,0,1
1,1,1,0,0,1,2,2,1,1,0,0,1,1,1,0,1,0,2,1
1,0,0,2,1,1,0,0,1,0,1,1,1,1,0,1,0,1,2,0
0,0,0,1,1,0,1,0,0,0,1,0,0,0,1,0,1,1,0,1
0,1,1,2,0,0,1,2,1,1,0,1,1,1,1,0,1,0,2,1
2,1,2,2,1,2,2,1,1,1,1,0,1,1,2,0,1,1,1,1
0,0,2,1,0,2,1,0,1,0,0,0,0,0,2,0,1,0,1,1
2,0,2,1,1,2,1,1,0,0,1,1,0,0,0,0,0,1,0,1
0,1,0,0,0,1,1,1,1,0,1,0,1,0,1,1,0,1,1,1
0,1,0,1,0,0,1,2,1,0,1,0,1,0,1,1,1,1,2,1
0,0,0,1,1,2,1,0,0,0,1,1,1,1,0,1,0,1,1,1
0,0,0,2,1,2,0,0,1,0,1,0,0,1,0,1,1,0,1,0
2,1,1,1,0,2,2,0,1,0,0,0,1,1,2,1,1,0,2,0
0,0,1,0,1,1,0,0,1,0,1,1,0,0,1,1,0,1,2,1
0,0,0,1,0,2,1,0,1,0,1,0,1,1,0,1,1,1,1,1
0,1,1,2,1,2,1,2,1,0,0,0,1,0,2,0,1,1,2,1
0,0,1,2,1,1,0,1,0,0,1,1,0,0,0,1,1,1,1,0
0,0,1,1,0,1,0,1,0,0,1,1,0,1,1,0,0,1,1,1
2,1,0,1,0,1,1,1,1,1,0,0,0,0,2,1,1,0,1,1
0,0,2,0,0,2,2,0,1,0,1,0,1,1,1,0,1,0,1,0
0,1,1,1,0,1,2,2,1,0,0,1,1,1,2,0,0,0,2,0
0,0,0,1,0,2,1,0,0,0,1,1,1,1,0,1,0,0,1,1
2,1,2,1,1,2,0,2,0,0,1,0,0,0,0,1,0,1,1,1
0,1,1,1,1,2,0,2,1,0,0,0,0,1,2,1,0,1,1,1
0,1,0,2,0,0,1,2,1,0,1,1,1,1,0,1,0,0,2,1
1,1,1,0,1,0,0,2,0,0,1,1,1,1,0,0,0,0,2,0
1,0,1,1,1,2,0,0,1,0,1,0,0,1,0,0,0,0,2,1
0,1,2,1,1,1,0,2,0,0,1,1,1,1,1,0,0,1,2,1
0,0,0,1,1,0,2,0,0,0,1,0,1,0,0,0,1,1,2,1
2,1,2,1,1,0,1,2,1,0,0,1,1,1,2,0,0,0,2,1
0,0,0,1,1,2,0,0,1,0,1,0,0,1,2,1,1,1,2,0
2,1,2,1,0,0,1,2,0,1,1,0,1,1,0,0,1,1,1,1
1,0,1,0,0,2,2,0,0,0,1,1,1,1,0,1,0,1,1,1
0,0,1,1,0,2,1,0,0,0,1,1,1,0,1,1,0,1,1,1
0,0,2,1,0,2,1,0,0,0,1,1,0,0,0,0,0,1,1,1
0,1,1,1,1,0,1,2,1,1,0,1,0,1,1,1,0,1,1,0
2,1,0,0,0,0,1,2,1,1,0,1,1,0,0,0,0,0,2,1
0,0,1,1,1,1,0,0,1,0,1,0,0,0,1,0,1,1,0,1
0,0,2,0,0,1,2,2,0,0,1,1,1,0,1,0,1,0,2,1
1,1,0,1,1,2,1,2,1,1,1,1,1,0,2,0,0,1,2,1
2,0,2,0,1,1,0,0,1,0,1,0,0,1,1,0,1,0,1,1
0,1,1,1,0,1,1,1,1,0,1,1,1,1,1,0,1,0,0,1
2,1,0,1,0,1,1,2,1,1,0,1,1,0,1,0,0,1,2,0
0,0,1,1,1,1,1,0,0,0,1,0,0,0,0,1,0,0,1,1
0,0,1,1,0,2,0,0,1,0,1,0,0,0,2,0,0,1,2,1
0,0,2,2,0,1,0,1,1,0,1,0,1,0,1,1,1,1,1,1
0,1,1,1,0,0,2,2,1,1,1,1,0,0,0,0,0,1,1,1
0,0,1,1,1,1,1,0,0,0,1,1,1,1,1,1,0,0,1,1
0,1,0,1,1,2,0,1,1,0,1,0,0,0,0,1,1,0,1,1
2,0,2,1,1,2,1,1,1,0,1,0,0,1,2,0,0,1,0,1
2,1,0,1,1,2,0,2,0,0,0,0,0,1,1,1,1,1,0,0
1,1,1,0,1,2,1,1,1,1,1,1,0,1,0,1,1,1,1,1
0,0,1,1,1,2,0,1,1,0,1,1,0,0,1,0,1,1,0,0
0,0,0,0,1,2,0,0,1,0,1,0,0,0,2,1,0,1,2,1
0,1,0,1,0,1,2,1,1,0,1,0,0,0,1,1,1,1,0,1
1,0,1,1,0,2,2,0,0,0,0,1,0,0,2,1,1,0,2,1
2,1,0,0,1,1,0,1,0,1,0,0,0,0,0,1,0,1,2,0
0,1,1,0,1,0,1,2,1,0,0,0,0,1,2,1,1,1,1,0
0,0,1,1,0,2,1,0,0,0,1,0,0,0,1,0,0,1,0,1
0,1,1,1,0,1,2,1,1,1,1,1,1,0,0,0,1,1,0,1
0,0,0,0,1,0,2,0,0,0,1,1,1,0,2,0,0,0,2,1
0,1,1,0,1,2,0,1,1,0,0,0,0,1,2,1,1,0,0,1
1,1,1,0,0,1,1,1,0,1,1,1,1,1,0,0,1,0,2,1
1,0,0,0,1,2,1,0,0,0,1,1,1,0,0,1,1,1,1,1
0,1,1,0,1,1,0,1,1,1,1,1,1,0,2,0,0,0,2,1
0,0,1,0,1,1,1,0,0,0,1,1,1,0,1,1,0,0,2,1
2,1,0,1,0,0,1,2,0,0,1,0,0,1,0,1,1,0,1,1
0,1,1,1,0,1,2,1,1,0,0,0,0,1,2,1,0,1,1,0
0,0,2,1,0,2,0,0,1,0,1,0,1,1,1,1,1,1,1,0
0,1,1,0,1,2,0,2,0,0,0,0,0,0,0,1,1,1,1,0
0,1,1,1,1,2,0,1,0,0,1,1,1,1,2,1,1,0,1,1
0,0,0,1,0,2,1,0,0,0,1,1,0,1,0,0,0,1,1,1
2,1,2,1,1,2,0,2,0,0,0,1,1,1,1,0,1,1,2,1
0,0,1,0,0,0,0,0,1,0,0,0,0,1,2,1,1,0,2,0
0,1,1,2,0,1,1,1,0,0,0,0,1,0,2,1,0,1,1,1
1,0,0,2,1,2,1,0,0,0,1,0,1,0,1,0,0,1,2,1
0,0,1,0,1,0,0,0,1,0,1,1,1,0,1,0,0,0,2,0
2,1,2,0,0,0,2,2,1,0,0,1,1,1,1,0,1,0,2,0
2,1,2,1,1,1,0,1,0,0,1,1,0,1,2,0,0,0,0,1
0,1,0,1,1,0,0,2,0,1,0,0,0,0,2,1,1,1,0,1
2,0,2,0,1,1,0,0,1,0,0,0,0,0,2,1,1,1,2,0
0,0,1,1,1,2,0,0,0,0,1,1,1,0,0,1,0,0,0,0
2,1,0,0,0,0,1,2,1,0,1,1,1,1,0,0,1,0,2,1
0,1,1,0,1,0,0,1,1,0,0,0,0,0,0,1,0,1,0,1
2,1,0,1,1,1,1,0,1,1,0,0,0,0,2,1,0,1,2,0
2,0,2,1,0,2,2,0,0,0,1,1,0,0,2,0,1,0,2,0
0,0,2,0,0,0,2,0,0,0,1,0,1,0,2,0,0,0,1,1
0,0,1,1,1,1,0,0,0,1,1,1,0,1,0,1,1,1,2,1
2,1,0,1,0,1,2,1,1,1,0,1,1,1,2,1,0,1,1,1
2,1,0,1,1,0,1,2,0,0,1,0,1,0,0,0,1,1,2,1
0,1,0,1,1,2,0,1,0,0,1,0,1,1,0,1,1,0,1,1
1,1,1,1,0,1,2,1,1,0,1,1,0,0,1,1,0,1,1,0
0,1,0,1,0,0,1,2,0,1,1,0,1,1,0,0,0,1,2,1
0,0,0,0,1,2,0,0,1,0,1,0,0,0,2,1,1,1,2,1
0,0,1,1,1,0,0,0,1,0,1,1,1,0,1,0,0,1,2,1
0,1,0,1,1,2,0,2,0,0,0,0,1,0,2,1,1,0,2,1
2,1,0,0,1,0,0,2,0,0,0,0,1,0,2,0,1,0,2,0
0,1,1,1,1,1,0,1,1,0,1,0,1,0,1,1,0,1,2,1
2,1,2,1,1,1,0,0,0,0,0,1,1,1,2,0,0,1,2,1
0,1,1,0,0,1,1,1,0,0,0,0,0,1,2,1,1,1,0,1
0,1,0,1,0,1,1,1,1,0,0,1,1,0,1,0,0,1,0,1
0,0,1,1,1,2,0,0,1,0,1,0,0,1,1,1,1,0,2,1
0,1,1,2,1,2,0,1,0,0,1,1,0,1,1,1,1,0,1,1
0,1,0,1,1,2,0,2,0,0,0,1,1,1,1,0,1,1,2,1
0,0,1,0,1,2,2,0,0,0,1,1,0,1,0,1,0,1,2,1
0,0,2,0,1,1,0,0,1,0,1,0,0,1,2,0,1,0,2,1
0,0,0,0,1,2,1,0,0,0,1,0,0,0,1,0,0,0,1,1
0,1,0,0,0,1,1,2,1,1,1,0,0,0,2,1,0,1,0,1
0,1,1,0,1,1,0,2,1,0,1,1,1,0,1,0,0,0,2,1
2,0,0,1,1,1,0,0,1,0,1,0,1,0,0,1,1,1,0,1
2,1,2,0,1,0,0,1,1,0,0,1,1,1,1,0,1,0,0,1
0,1,0,0,0,1,0,1,1,1,1,0,0,0,2,1,0,0,1,1
0,0,0,0,1,2,1,0,0,0,1,1,0,0,1,0,1,0,2,1
0,1,1,0,1,2,0,0,0,0,0,0,1,0,0,1,1,1,2,0
2,0,0,1,0,2,2,0,1,0,1,0,1,0,1,1,1,1,1,0
0,1,1,1,1,2,0,2,0,0,0,0,1,1,0,0,1,1,2,1
0,0,2,0,1,0,0,0,0,0,1,0,1,0,2,0,1,0,1,1
0,0,1,0,0,1,1,1,0,0,1,0,1,1,0,1,1,1,1,1
0,1,1,1,1,0,2,2,1,1,1,0,1,0,0,1,0,1,0,1
0,1,2,0,0,2,2,0,1,0,1,1,1,1,2,0,1,0,2,1
2,1,2,0,0,1,2,1,1,1,0,1,1,1,0,0,0,0,2,1
0,0,0,0,0,2,2,0,0,0,1,1,1,1,2,1,1,1,1,1
1,0,0,2,1,0,0,0,1,1,0,0,1,1,1,1,1,1,0,0
0,0,1,0,1,0,0,0,0,0,1,1,1,0,1,0,0,0,1,0
0,0,1,1,1,1,0,0,1,0,1,0,1,1,0,0,0,0,1,1
2,1,2,0,1,2,0,0,1,1,0,0,0,1,2,1,1,1,0,1
0,0,0,1,0,1,2,0,0,0,1,1,1,1,0,0,1,0,1,0
2,0,1,1,0,2,0,0,0,0,1,1,0,1,1,1,0,0,2,1
0,0,0,0,1,1,0,0,1,0,1,1,0,1,2,0,0,0,1,0
0,0,0,1,0,2,2,0,0,0,1,1,1,1,0,1,0,0,1,1
2,1,2,1,1,2,1,2,1,0,0,1,1,0,1,0,0,0,2,1
0,1,0,1,1,2,0,1,0,0,0,0,0,0,1,1,1,0,1,0
2,0,2,1,1,0,0,0,1,0,1,0,0,1,0,1,1,1,2,0
0,1,1,1,0,1,1,2,1,0,1,1,1,0,0,0,0,1,2,1
2,0,2,1,1,2,0,1,1,0,1,0,0,1,2,0,0,1,0,0
0,0,1,1,1,1,0,0,0,0,1,1,1,0,1,1,0,1,1,0
0,1,0,1,0,1,2,1,1,1,0,0,0,0,2,1,1,1,1,1
2,1,2,0,1,2,0,1,1,0,0,0,1,1,2,1,0,1,1,1
2,1,1,1,0,1,2,2,1,1,1,0,0,1,0,1,0,1,0,1
2,1,1,1,0,1,0,1,0,1,1,0,0,1,1,1,0,1,1,1
2,0,0,1,0,1,2,0,1,0,1,1,0,0,1,1,1,0,2,0
2,1,1,1,0,1,1,1,1,0,1,1,1,0,1,1,1,0,2,0
0,1,1,0,1,2,0,1,0,0,1,1,1,0,1,0,1,0,1,0
0,0,2,1,0,2,1,0,1,0,1,0,1,0,0,0,1,1,1,1
0,0,1,1,0,0,1,0,0,0,1,1,1,0,1,1,0,0,1,1
0,1,1,2,0,1,2,1,1,0,1,1,0,1,2,0,1,1,0,0
0,1,1,1,0,0,2,2,1,0,0,0,0,0,0,1,1,1,0,0
0,0,1,0,0,1,1,1,1,0,1,0,1,1,2,1,0,1,1,1
0,0,2,0,0,1,1,0,0,1,1,1,1,0,0,0,1,0,2,1
1,0,1,0,1,2,0,0,1,0,1,1,1,0,0,1,0,1,1,1
0,1,0,1,1,0,0,1,0,0,0,0,1,0,1,0,1,1,0,1
0,0,1,1,1,0,2,0,0,0,1,1,1,1,1,1,0,1,2,0
0,1,1,1,1,0,1,2,1,0,1,0,1,0,1,1,1,0,2,1
2,0,0,0,1,0,0,2,1,0,0,0,0,0,0,1,1,1,2,1
1,0,0,0,1,0,1,0,0,0,1,0,1,1,0,0,1,0,2,1
1,1,0,0,1,0,0,2,0,0,0,0,0,1,1,1,1,1,0,0
0,1,2,1,0,1,1,0,1,0,1,1,1,1,1,0,1,1,2,1
0,0,1,0,1,0,0,1,1,0,1,0,1,1,0,1,1,1,1,1
0,0,0,1,0,2,1,0,0,0,1,1,1,0,0,0,0,1,1,1
0,0,2,1,0,2,1,0,0,0,0,1,1,1,1,0,1,1,1,1
0,0,1,1,1,1,1,0,0,0,1,0,0,1,1,1,0,0,2,1
0,0,1,1,0,2,1,0,0,0,1,1,0,1,1,1,0,1,2,1
0,1,0,1,0,1,1,2,1,1,0,1,0,1,2,1,0,0,0,1
2,1,1,1,0,2,2,2,1,0,1,0,0,0,1,1,1,0,1,0
2,1,0,1,0,0,0,0,0,0,1,1,1,0,1,0,1,1,1,0
0,0,1,0,0,1,1,1,0,0,1,0,1,1,2,1,0,1,0,1
0,0,1,0,1,2,0,0,1,0,1,0,0,1,0,1,1,1,2,1
0,1,1,0,1,0,1,0,1,0,0,0,1,0,0,1,0,1,2,1
0,1,0,2,1,0,0,1,0,0,1,1,1,0,1,0,1,1,0,1
2,0,2,1,0,2,1,0,0,0,1,0,1,1,0,0,1,0,2,1
0,1,2,1,1,2,1,1,1,0,0,1,1,0,0,0,1,0,1,1
2,1,2,1,1,2,0,1,0,0,1,0,0,0,0,1,0,1,1,1
0,0,0,0,0,2,1,0,0,0,1,1,0,0,0,0,0,0,1,1
2,0,0,1,1,0,1,0,0,0,1,1,1,1,0,0,1,1,2,1
0,0,0,1,1,2,0,0,1,0,0,0,1,1,0,0,1,0,1,1
2,1,0,0,1,0,0,2,0,0,0,0,0,0,1,1,1,1,1,1
0,0,1,0,0,2,1,0,0,1,1,1,1,1,2,1,0,1,1,1
1,0,2,0,1,1,1,0,1,0,0,0,1,0,2,0,0,0,2,1
0,0,1,0,1,0,1,0,0,0,1,1,0,0,1,1,0,1,2,0
0,1,1,1,1,2,1,0,1,1,0,0,0,1,0,1,1,0,1,1
2,1,2,1,1,2,0,2,1,0,0,1,0,0,1,0,0,1,0,0
2,1,0,0,1,2,1,2,1,0,1,0,0,0,2,1,1,1,0,1
2,1,2,1,1,1,1,0,1,1,0,1,1,1,2,0,0,1,2,1
1,0,1,1,0,1,1,1,0,0,1,0,0,0,1,0,0,1,0,0
2,1,1,1,1,2,0,1,1,0,0,1,0,0,2,1,1,0,1,0
0,0,1,1,0,1,1,0,1,0,1,0,0,1,1,1,1,0,1,1
0,1,0,1,1,2,0,1,1,0,1,1,0,1,2,1,0,0,0,1
0,0,1,1,1,1,0,0,1,0,1,0,0,0,1,0,0,1,0,1
1,0,1,2,0,2,2,0,0,0,1,1,1,0,0,1,0,1,0,1
0,0,1,1,1,2,0,0,1,0,1,0,0,1,1,1,1,0,1,1
0,1,0,1,0,1,1,1,1,0,0,1,1,1,1,0,0,1,0,1
1,1,1,2,0,0,1,2,1,0,0,1,1,0,1,1,1,1,2,1
2,1,1,1,0,1,1,1,0,0,1,1,1,1,1,0,1,0,1,0
0,0,0,1,0,2,1,0,0,1,1,1,1,1,0,1,1,0,1,1
0,0,2,1,0,2,0,0,0,0,1,1,0,1,1,1,1,0,2,1
0,0,1,1,0,2,1,0,0,0,1,1,1,0,2,1,0,1,0,0
0,1,1,1,1,2,1,0,1,0,0,0,1,0,2,0,0,0,2,1
0,0,1,1,1,2,0,0,1,0,1,0,1,0,2,1,1,0,0,1
1,1,0,0,1,0,0,2,0,0,1,0,0,0,2,1,0,0,0,1
1,1,0,0,0,0,1,2,1,0,1,1,1,1,0,0,1,0,2,1
1,1,0,2,1,1,0,1,0,1,1,0,1,0,0,1,1,1,2,1
0,0,1,0,1,1,1,0,0,0,1,1,0,1,0,0,0,0,1,1
2,0,0,0,0,2,1,1,0,0,1,1,1,0,0,0,1,0,1,1
0,1,1,0,1,1,0,2,0,0,0,0,1,1,2,0,1,0,2,0
0,1,0,1,0,1,1,1,1,0,0,0,0,0,2,1,1,0,1,1
2,1,2,1,1,2,0,1,0,0,1,0,0,0,0,1,1,1,0,0
0,1,1,1,1,2,1,1,1,0,0,0,0,0,2,1,0,0,1,1
0,0,2,1,0,0,1,0,0,0,1,1,0,1,1,1,0,1,2,1
2,1,2,0,1,0,1,2,1,1,0,1,1,0,1,0,0,0,2,0
0,1,2,2,0,0,1,2,1,1,0,0,1,0,1,0,0,1,0,1
1,0,1,1,0,2,2,0,1,0,1,0,1,0,1,1,1,0,1,0
0,1,1,1,1,0,0,2,0,0,0,0,1,1,2,1,0,0,2,1
1,0,1,2,1,2,2,0,0,0,1,1,1,1,2,1,0,1,1,1
0,0,2,1,1,1,1,0,0,0,1,0,1,1,2,0,1,1,1,1
0,0,2,1,1,2,1,0,0,0,1,1,0,1,0,0,1,1,0,1
1,0,1,1,0,2,1,0,0,0,1,1,0,0,0,0,0,0,2,0
0,1,1,0,1,2,1,2,1,0,1,1,0,1,2,1,0,1,1,1
0,1,0,2,0,1,1,2,1,1,1,1,1,0,0,0,1,0,0,1
0,1,0,1,0,1,1,1,1,1,1,0,0,0,1,0,1,1,1,1
0,1,0,1,1,0,0,1,0,0,1,0,1,1,0,1,1,0,1,1
0,0,2,0,0,0,2,0,0,0,1,1,0,1,0,1,1,1,2,1
0,0,0,0,0,2,1,0,0,0,1,1,0,0,2,1,1,1,1,1
2,0,1,1,0,2,1,0,0,0,1,1,1,0,1,1,0,0,0,1
0,0,1,1,0,2,2,0,0,0,1,1,1,1,0,1,1,0,0,1
0,0,0,0,0,1,1,1,0,0,1,1,0,1,0,0,0,0,1,0
0,0,1,1,0,2,2,0,1,0,1,1,0,0,1,0,1,1,2,0
0,0,0,1,0,2,1,0,0,0,1,1,1,0,0,1,0,1,2,1
2,0,2,1,1,1,0,0,1,0,1,0,0,1,0,1,0,1,2,0
0,1,1,0,1,2,1,2,1,0,1,0,1,1,0,1,0,1,2,1
2,1,0,1,1,2,0,2,0,0,0,0,0,1,2,1,1,1,1,1
0,0,1,1,1,2,1,0,1,0,1,0,1,0,1,1,1,0,1,0
1,0,1,2,0,2,1,0,0,0,1,1,1,0,0,0,0,0,2,1
0,0,1,1,0,2,1,0,0,0,1,1,1,0,1,1,0,0,1,1
2,0,2,1,0,0,2,0,0,0,1,1,1,1,1,0,0,0,2,1
0,1,1,1,1,0,0,2,0,0,0,1,1,0,0,0,1,1,2,1
0,1,1,1,1,0,0,0,0,0,1,1,1,0,1,0,0,0,1,0
0,0,1,1,1,0,0,0,1,0,1,0,0,0,1,1,0,1,2,1
0,1,0,1,0,1,0,2,0,0,1,0,0,1,0,1,1,0,0,1
2,1,1,0,0,0,1,2,0,0,1,0,1,0,0,1,1,1,1,0
0,1,1,1,1,2,0,2,0,1,1,0,1,1,1,1,0,1,2,1
0,0,0,1,0,2,0,0,0,0,1,0,1,1,2,1,1,0,0,1
2,1,0,1,1,0,1,0,1,0,1,1,0,1,2,0,1,1,0,1
0,0,1,0,1,2,0,1,1,0,1,0,0,0,1,0,0,0,0,0
2,1,2,1,1,2,0,1,0,1,1,0,0,1,0,1,1,0,1,1
1,0,0,0,1,1,0,0,0,0,1,1,0,0,2,1,0,0,2,1
1,1,0,1,1,2,1,1,1,0,1,1,0,0,1,1,1,0,1,1
2,0,2,1,1,2,0,0,0,0,1,1,0,1,1,1,0,0,2,0
0,0,0,2,1,2,0,0,1,0,1,0,0,0,1,1,0,1,2,1
0,1,0,1,0,0,1,2,1,1,0,0,1,1,0,0,1,0,2,1
0,0,0,1,1,0,0,0,1,1,1,1,0,0,0,1,1,1,2,1
0,0,1,1,1,2,0,0,1,0,1,0,0,0,1,1,1,0,2,1
2,1,1,2,0,0,1,2,0,0,1,0,1,1,2,1,1,1,1,1
2,0,2,1,0,2,2,0,1,1,1,0,1,0,1,0,0,1,2,1
0,1,0,1,0,1,0,1,0,0,0,0,1,1,1,1,1,0,1,0
0,0,1,0,1,2,2,0,0,0,1,1,1,1,0,1,0,1,1,0
2,1,0,0,1,2,0,2,0,0,1,1,1,0,1,1,0,0,2,1
0,0,2,1,0,2,1,0,1,0,1,1,1,0,0,0,1,1,2,1
0,0,2,0,0,1,2,0,0,0,1,1,1,0,1,1,0,1,1,0
0,0,1,1,1,2,0,0,1,0,1,1,0,1,1,1,1,1,2,1
2,1,2,1,1,0,1,0,1,1,1,1,1,1,0,0,0,0,1,0
1,0,0,0,1,2,0,0,1,0,1,0,0,1,0,1,0,1,2,1
2,0,2,1,0,2,2,0,0,0,0,1,0,0,2,0,1,1,0,0
2,0,0,0,1,1,2,0,0,0,1,1,1,0,2,1,1,1,0,1
0,1,1,1,1,2,0,0,0,0,0,0,1,0,0,1,0,0,2,0
0,1,1,1,0,0,2,0,1,0,1,1,1,0,1,0,0,1,1,0
2,0,2,0,0,2,2,0,0,0,1,1,1,0,1,1,1,1,0,1
0,0,1,1,0,1,1,0,0,0,1,0,1,1,1,0,0,1,1,0
2,0,0,1,0,2,1,0,0,0,1,1,1,0,1,0,0,0,2,1
2,0,0,1,1,1,0,0,0,0,1,1,1,1,0,1,0,0,0,0
1,0,0,1,0,2,1,0,0,0,1,1,0,0,1,1,1,1,1,1
1,0,1,1,0,1,1,0,1,0,1,1,0,1,1,1,0,1,2,1
2,1,2,1,1,1,0,2,0,0,1,0,1,0,0,0,1,0,1,1
2,1,2,0,0,1,1,1,1,0,0,1,1,1,2,0,1,0,2,1
0,0,1,1,1,2,0,0,1,0,1,0,1,0,1,0,0,1,1,1
0,0,0,1,0,2,2,0,0,0,1,0,1,1,0,1,1,1,0,1
0,1,1,1,1,0,1,2,1,0,0,1,1,0,0,0,0,0,2,1
1,0,1,0,0,2,0,0,0,0,1,1,0,0,1,0,0,0,1,1
0,1,0,2,1,2,1,1,1,0,0,1,1,0,1,1,1,1,2,1
2,1,0,1,1,0,1,2,1,1,0,0,0,0,2,1,1,0,2,1
0,0,1,1,1,1,0,0,1,0,1,0,1,1,2,0,0,1,2,0
1,0,1,1,1,0,0,0,0,0,0,0,1,1,1,0,1,1,2,1
0,0,1,1,1,1,0,1,1,0,1,0,1,1,1,1,0,1,1,0
2,0,1,1,0,2,0,0,1,1,1,0,1,1,0,1,1,0,1,1
0,0,1,2,1,2,0,0,1,0,1,0,1,0,1,0,1,0,1,1
0,0,1,0,1,2,1,1,0,0,1,1,1,1,0,1,1,1,1,1
0,1,1,0,1,2,0,2,0,0,1,0,0,0,1,1,0,1,0,1
2,1,2,1,0,0,2,2,1,0,1,1,1,1,1,0,0,1,2,0
0,1,0,2,0,0,2,2,1,0,1,0,0,0,2,1,0,0,1,0
0,1,2,2,1,2,0,2,0,0,1,0,0,1,0,1,0,0,0,1
2,0,0,0,0,2,2,0,0,0,1,1,0,0,1,0,1,0,0,0
1,1,1,0,0,0,0,2,0,0,0,0,1,0,2,1,1,1,2,1
2,1,1,1,0,1,2,1,1,0,0,0,0,0,0,1,0,1,1,0
0,0,1,1,1,2,0,0,1,0,1,0,0,0,1,1,1,0,2,1
0,0,1,1,1,2,1,0,0,0,1,1,0,0,1,1,1,0,2,1
2,0,0,1,1,2,1,1,0,0,1,1,1,0,1,0,1,1,1,1
0,0,0,1,0,2,1,0,0,0,1,0,1,1,0,0,1,1,2,1
1,0,1,0,0,2,2,0,1,1,1,0,1,0,2,0,1,0,2,1
0,0,1,0,0,2,1,0,0,0,1,1,0,1,2,1,0,1,1,1
0,0,1,1,1,2,0,0,1,0,0,0,1,0,2,0,1,0,1,1
0,0,1,1,1,0,0,0,1,0,1,0,1,0,2,1,0,1,1,1
0,0,0,0,0,1,1,1,0,0,0,0,0,1,2,0,1,0,0,1
0,0,0,1,1,2,2,0,1,0,1,1,0,0,1,1,0,0,2,1
0,1,0,1,1,2,0,1,0,0,1,0,0,0,1,1,1,1,1,1
2,0,0,1,0,2,1,0,1,0,1,0,0,1,0,1,1,1,1,1
0,1,2,1,0,0,2,2,1,1,1,0,1,0,1,0,1,1,2,1
1,0,0,0,1,1,0,0,0,0,1,0,0,1,0,1,1,1,2,0
2,1,1,0,0,0,1,2,1,0,1,1,1,0,1,1,1,1,1,1
0,0,0,1,1,1,0,0,1,0,1,0,0,0,1,1,1,0,1,1
0,0,1,1,1,2,2,0,0,0,0,0,1,1,2,0,0,1,0,0
1,1,0,0,1,2,0,1,0,1,0,0,0,1,1,1,1,1,1,1
1,0,0,0,1,2,0,0,1,0,1,0,1,0,1,1,1,1,2,1
1,1,0,0,1,1,1,1,1,0,0,1,1,1,2,0,1,0,0,1
2,1,2,1,1,1,1,1,1,1,0,1,1,1,0,0,1,0,0,1
2,1,2,0,1,2,0,1,0,0,1,0,1,1,2,1,0,1,2,1
1,0,1,0,1,0,0,0,0,0,1,1,1,0,1,0,0,0,2,1
0,0,1,1,0,0,2,0,0,0,1,1,0,1,1,1,0,1,2,0
1,1,0,0,0,1,1,2,1,0,1,0,1,0,1,0,1,0,2,1
0,1,1,1,1,0,1,1,1,1,1,1,1,0,0,1,1,0,2,0
2,1,2,1,1,0,1,1,1,0,1,1,0,0,0,0,1,1,1,1
0,1,2,1,0,1,0,1,0,0,0,1,0,1,0,1,0,1,1,0
0,1,1,0,0,0,1,2,0,1,1,1,1,1,0,0,1,0,2,0
2,1,1,1,1,2,0,2,0,0,1,1,1,1,1,0,1,0,0,1
1,0,1,0,0,2,1,0,0,0,1,1,0,1,2,0,0,0,2,0
0,1,1,1,1,2,0,1,0,0,0,0,0,0,0,1,0,0,1,1
0,0,1,1,1,1,0,0,1,0,1,1,1,0,1,1,0,1,2,1
2,1,2,1,1,2,0,2,0,1,1,1,1,1,2,0,0,1,1,0
0,0,1,1,0,2,2,0,0,0,1,1,0,1,1,1,0,0,1,1
2,1,0,0,0,0,1,2,1,0,0,1,1,0,2,0,0,0,2,1
0,0,0,2,0,2,2,0,1,0,1,0,0,0,0,0,0,0,1,0
2,0,2,0,0,2,1,0,0,0,1,0,0,0,1,0,1,0,2,1
2,0,2,1,1,2,0,0,1,0,1,0,0,0,2,1,1,1,2,1
0,1,1,1,1,0,0,2,0,0,1,1,1,0,1,0,0,1,2,1
0,0,1,0,0,1,0,2,1,0,1,0,1,0,1,0,0,0,2,1
0,1,2,1,0,1,2,1,1,0,0,1,1,1,0,0,1,0,2,0
1,0,1,1,0,0,2,2,0,0,1,0,1,0,1,1,0,1,1,1
0,1,1,1,1,0,1,2,1,0,0,1,1,1,2,0,0,1,2,1
1,0,0,1,1,0,0,0,1,0,1,1,0,0,1,1,0,0,2,1
0,0,1,1,1,2,0,0,1,0,1,0,0,0,1,1,0,1,2,1
0,1,1,1,1,2,0,0,0,1,0,0,1,1,0,0,1,1,2,0
0,0,1,1,1,2,0,0,1,0,1,0,1,1,2,1,0,0,1,1
0,1,1,0,1,1,1,1,1,0,0,1,1,0,1,0,1,0,1,1
0,1,0,0,0,0,2,2,1,0,0,1,0,1,2,1,0,1,0,0
2,1,2,1,1,2,0,2,0,1,1,0,0,1,1,1,0,1,1,1
1,0,1,2,0,2,1,0,0,0,1,1,0,0,0,1,1,1,2,1
0,0,1,1,1,2,1,1,0,0,1,1,1,0,2,1,1,0,0,1
2,1,2,0,0,0,1,2,1,0,0,1,1,1,0,0,1,0,2,1
1,1,0,0,1,2,0,1,0,1,0,0,0,0,2,1,1,1,1,1
2,1,2,0,0,1,1,1,0,0,0,1,1,0,2,0,1,0,1,1
0,0,0,0,1,1,0,0,1,0,1,0,1,0,1,0,0,0,2,1
0,0,0,1,0,2,1,0,0,0,1,1,1,0,1,1,0,1,0,1
0,1,0,1,1,2,0,2,0,0,1,0,0,1,0,1,1,0,1,1
1,0,0,2,1,1,0,0,1,0,1,0,0,0,2,1,1,1,2,0
0,0,0,1,0,2,1,0,0,0,1,0,1,0,1,0,1,1,2,0
0,1,1,1,1,2,1,0,1,0,1,0,1,1,1,1,1,1,2,1
0,0,1,1,1,1,0,0,1,0,1,0,1,1,1,0,0,0,1,1
0,1,2,0,0,1,0,1,0,0,1,0,1,1,0,0,1,0,0,1
1,0,2,0,1,1,1,0,0,0,0,1,1,1,0,0,0,0,2,1
0,1,1,1,1,0,0,1,0,1,0,1,1,1,0,0,0,0,0,0
0,1,1,1,1,1,0,1,0,1,1,0,1,1,0,1,0,0,1,1
1,0,1,0,0,2,1,0,0,1,1,1,0,0,2,1,1,1,2,1
2,0,0,1,1,1,1,0,0,0,1,0,1,0,1,0,1,0,1,0
1,0,0,0,1,0,2,0,0,0,1,1,0,1,2,1,1,1,2,0
2,1,0,0,0,1,1,1,0,0,1,0,1,1,0,0,1,0,0,1
2,1,0,1,1,2,0,1,1,0,0,0,0,1,2,1,0,0,1,1
1,0,1,0,0,1,1,1,1,0,1,0,1,1,2,1,1,1,0,1
0,0,0,1,0,2,1,0,0,0,1,1,1,0,1,0,1,1,1,0
1,0,0,0,1,1,0,0,1,0,1,0,0,0,2,1,1,1,1,1
1,0,1,2,1,1,1,0,0,0,1,1,0,0,2,0,0,1,2,1
1,0,1,2,1,0,2,0,1,1,1,1,1,0,0,1,0,1,0,1
0,0,1,0,0,1,2,1,0,0,0,0,1,0,2,0,1,0,0,1
0,0,0,1,0,2,2,0,1,0,1,0,1,0,1,1,1,1,1,0
0,0,2,1,0,2,2,0,1,0,1,1,0,0,2,0,0,1,0,0
0,0,0,0,1,0,1,0,1,0,1,0,1,1,0,0,0,0,2,1
0,0,2,2,1,1,0,0,1,0,1,0,0,1,1,0,1,1,0,1
2,1,2,1,1,2,0,2,1,0,1,0,0,1,0,1,1,0,1,0
0,1,1,1,0,1,1,2,0,0,1,1,1,0,1,0,1,1,2,0
0,0,1,1,1,1,1,0,1,0,1,0,1,0,1,0,0,1,2,1
0,1,1,1,1,2,0,2,0,1,1,0,0,1,0,0,0,1,1,1
1,1,1,2,1,1,0,0,1,0,0,1,1,0,2,0,0,1,1,0
0,0,0,2,0,2,0,0,1,0,1,0,1,1,0,1,1,1,1,1
0,0,2,1,1,1,0,0,1,0,1,0,1,0,2,1,0,1,0,1
0,0,1,1,0,2,1,0,0,0,1,1,0,0,2,1,0,1,2,0
0,0,2,1,0,1,2,1,0,0,0,1,1,0,2,0,1,0,1,1
2,1,1,1,0,1,1,1,0,1,1,0,1,0,0,0,0,1,1,1
2,1,2,0,0,2,1,0,1,0,0,1,1,0,1,0,1,0,1,1
0,0,1,0,0,2,1,0,0,0,1,1,1,1,0,1,0,0,2,1
0,1,1,0,0,2,0,0,0,0,0,1,1,0,1,0,0,0,2,0
1,0,1,1,0,1,2,0,0,0,1,1,0,1,1,1,0,0,2,1
0,1,0,0,1,2,1,1,1,0,0,0,1,0,1,1,1,1,1,1
0,0,0,1,0,2,0,0,1,0,1,1,1,0,1,1,0,0,1,1
0,0,1,1,1,2,1,0,0,0,1,1,0,1,1,1,1,1,2,1
2,1,0,1,0,1,0,1,0,1,1,0,0,1,1,1,1,0,1,0
0,0,0,0,1,2,0,0,1,0,1,1,0,0,0,1,1,1,2,0
0,1,1,1,1,2,0,2,1,0,1,1,0,0,1,1,1,0,1,0
1,0,1,1,0,2,1,1,0,0,1,1,0,0,0,0,1,1,0,1
0,1,0,1,1,0,0,2,0,0,0,1,0,1,1,1,1,0,1,1
0,1,2,1,0,1,1,1,1,0,1,1,0,0,0,1,0,0,1,1
2,1,0,0,1,2,0,1,0,0,1,0,1,1,0,0,1,0,2,1
0,0,1,1,1,0,0,0,1,0,0,0,0,0,2,0,0,0,1,1
1,0,1,0,0,0,2,0,0,0,1,1,0,1,1,1,0,1,1,1
0,0,0,1,0,0,0,0,1,0,1,0,1,0,1,1,1,0,1,1
0,0,0,1,0,2,1,0,0,0,0,0,0,0,2,0,1,0,0,1
0,1,0,1,0,2,1,0,1,0,1,1,1,1,2,0,0,1,2,1
0,0,1,1,1,1,0,0,1,0,1,0,1,1,1,0,1,1,2,0
0,1,1,1,1,1,1,1,1,0,1,0,0,1,1,1,0,0,2,1
2,1,1,0,0,1,2,1,1,1,0,1,1,1,1,0,1,0,0,1
0,0,0,1,0,0,2,2,0,0,1,0,1,1,0,1,0,1,1,1
0,0,1,1,0,1,2,0,0,0,1,1,1,1,1,1,0,1,1,0
0,0,1,1,0,2,1,0,1,0,1,0,1,1,0,1,0,0,1,1
2,0,1,0,1,1,1,0,0,0,1,1,1,1,1,1,0,1,1,1
0,1,1,0,0,2,1,0,1,0,1,0,1,0,1,0,1,0,1,1
1,1,0,2,1,2,1,2,1,0,0,1,1,1,0,0,0,1,2,1
0,0,0,2,0,2,1,0,0,0,1,1,1,1,2,0,0,0,2,1
0,1,0,1,0,0,2,2,1,0,0,0,0,1,1,1,1,0,0,0
0,0,1,1,1,2,2,0,1,0,1,0,0,1,1,1,0,0,2,0
2,1,0,0,1,2,0,2,0,0,1,0,0,0,0,1,0,1,1,1
0,0,1,1,0,2,1,0,0,0,1,1,0,0,0,0,0,0,2,1
0,0,1,1,1,0,0,1,0,0,1,1,0,0,1,0,0,1,0,1
0,1,1,2,1,1,0,0,0,1,0,1,1,0,2,0,0,0,0,0
2,1,1,1,0,1,1,2,1,0,0,1,1,0,2,0,0,1,2,1
0,0,2,0,1,1,0,0,1,0,1,0,0,1,2,1,1,1,1,1
0,0,1,1,1,2,0,0,1,0,0,0,1,1,0,0,0,1,2,1
0,0,1,0,0,2,1,0,0,0,1,0,1,1,0,0,1,0,2,0
0,0,1,0,1,2,1,0,0,0,1,1,1,0,1,1,0,0,1,1
1,0,1,1,0,2,1,0,0,0,1,1,0,1,1,1,0,1,2,0
1,0,2,0,0,2,1,1,0,0,1,0,0,1,2,0,0,0,0,1
0,1,1,1,1,2,0,1,1,0,0,1,0,0,0,1,0,1,1,1
0,0,0,0,1,2,0,1,1,0,1,0,1,1,0,0,1,0,1,1
0,1,1,1,1,2,0,2,0,1,0,1,1,1,0,0,0,1,2,1
0,1,0,1,0,1,2,1,1,0,1,1,0,0,2,1,1,1,1,0
0,1,1,1,0,1,1,2,1,0,0,1,1,1,2,0,0,0,2,1
2,1,0,1,1,2,0,0,0,1,0,0,0,1,0,1,0,1,1,1
2,0,2,0,0,0,1,0,0,0,0,1,1,0,0,0,1,0,1,0
2,1,1,1,1,0,1,2,1,0,0,0,1,1,2,0,1,0,2,0
2,1,2,1,1,1,0,0,0,0,0,0,1,0,2,0,1,1,2,1
1,0,0,1,1,2,0,1,1,0,1,0,1,0,1,1,1,1,1,0
1,0,1,0,0,2,1,0,0,0,1,1,1,1,2,1,0,1,2,1
0,0,0,1,0,2,1,0,0,0,0,1,0,0,1,0,1,1,1,1
1,0,0,0,1,0,0,0,1,0,1,0,0,1,2,1,0,1,1,1
0,0,1,0,1,2,0,0,1,0,1,0,0,0,1,1,1,1,2,0
0,1,1,2,1,2,0,1,0,1,0,1,1,0,2,0,1,0,1,1
2,0,1,1,0,0,0,0,1,0,1,0,0,0,1,1,0,0,2,0
0,1,1,1,1,2,0,2,0,0,0,1,1,0,2,0,1,1,2,1
0,0,1,1,1,1,1,0,0,0,1,1,1,0,1,1,0,1,1,1
2,1,0,0,0,0,2,2,1,0,0,1,1,1,0,0,0,0,2,1
0,0,1,0,1,0,0,1,1,0,1,0,0,1,2,0,0,0,0,0
0,1,2,1,1,2,2,2,1,1,1,1,1,1,2,0,1,1,2,1
2,1,2,0,0,0,0,2,0,1,1,1,1,0,1,0,1,1,0,1
1,1,0,2,0,0,1,2,0,0,1,1,1,1,0,0,0,0,2,1
0,0,1,0,1,1,1,1,1,0,1,1,1,1,0,1,1,1,1,1
0,1,1,1,1,0,0,2,0,0,1,1,1,0,0,0,1,1,2,1
0,0,1,1,1,2,0,0,1,0,1,0,0,0,1,0,1,1,2,1
2,1,1,0,0,1,2,1,1,0,0,1,0,0,0,1,1,1,1,0
0,0,1,1,0,2,0,0,1,0,1,0,1,0,2,0,0,1,2,1
0,0,1,1,1,1,0,0,1,0,1,0,1,1,1,0,0,0,2,1
0,0,2,0,1,2,0,1,1,1,1,0,1,1,2,1,0,0,1,0
0,0,2,1,0,2,1,0,0,0,1,1,0,1,1,0,1,1,0,1
2,1,2,1,1,0,0,2,0,0,0,0,1,0,1,0,0,1,2,1
0,1,0,1,0,2,2,0,1,0,1,0,1,0,1,1,1,1,1,0
1,0,1,1,0,1,0,1,1,0,1,0,1,0,1,0,0,1,2,1
0,1,1,0,0,1,2,1,1,0,0,1,0,1,2,0,1,1,1,0
1,0,1,2,0,1,0,0,0,0,0,1,0,0,2,0,0,0,2,1
2,0,0,1,1,0,0,2,1,0,1,0,0,1,0,1,1,1,2,1
1,1,1,2,1,0,0,1,0,1,1,0,1,0,0,0,1,0,1,0
0,1,0,1,1,2,0,1,0,0,0,0,1,1,1,1,1,0,2,1
1,0,0,0,1,1,1,0,0,0,1,0,0,1,0,0,1,0,0,1
2,0,2,1,0,2,2,0,0,0,1,0,0,1,1,0,1,1,0,1
0,1,1,1,1,1,0,1,1,0,1,1,1,0,1,0,1,1,2,0
2,0,2,0,1,2,1,1,0,0,0,0,0,0,0,0,0,0,0,1
1,0,0,0,1,2,1,0,0,0,1,1,0,0,1,0,1,0,1,1
2,0,2,1,1,0,2,1,1,0,1,0,0,1,1,0,0,1,0,0
1,0,0,0,1,2,1,0,0,0,1,1,1,0,0,0,1,0,2,1
0,0,0,1,0,1,0,1,1,0,0,0,0,0,2,0,0,1,1,1
0,0,0,1,1,1,0,0,1,0,1,0,0,1,0,1,1,1,2,1
0,1,1,1,1,0,0,2,0,0,0,0,0,0,2,1,0,1,0,1
2,1,0,1,1,1,0,1,0,0,1,0,1,1,0,0,0,0,0,1
2,1,0,1,0,0,2,2,1,0,1,1,0,1,0,1,1,0,0,0
1,1,1,2,1,1,0,1,0,0,0,0,0,1,0,1,0,1,1,1
0,0,0,1,1,1,0,0,1,0,1,0,0,1,0,0,1,0,1,0
0,0,0,0,0,0,2,0,0,0,1,1,0,1,2,1,1,1,2,1
2,0,2,0,1,1,0,0,1,0,1,1,0,0,1,1,1,0,2,1
0,1,1,0,0,0,1,2,1,1,0,0,1,1,1,1,0,1,1,1
0,0,1,1,0,0,2,0,0,0,1,1,1,1,1,1,0,0,1,0
1,0,1,0,0,2,0,0,0,0,1,1,0,0,1,0,0,0,1,0
0,1,1,0,1,0,1,2,1,0,1,1,0,1,1,1,0,1,0,1
0,1,1,1,1,2,0,2,1,1,0,1,1,0,1,0,0,0,2,1
0,0,1,1,1,0,0,1,1,0,1,0,0,0,1,0,0,1,0,1
0,0,1,1,0,2,1,0,0,0,0,0,1,1,2,0,0,1,2,1
2,1,1,1,0,1,1,1,1,0,0,1,0,1,2,0,1,1,0,1
0,1,1,1,0,0,1,2,1,0,1,0,0,1,1,1,0,0,1,1
0,0,2,1,0,2,2,0,1,0,1,0,1,0,2,0,1,0,1,1
0,0,2,0,1,2,0,0,0,0,1,1,1,1,2,1,1,1,2,1
2,1,0,1,1,1,0,2,0,0,1,0,0,0,1,1,0,0,1,1
0,0,1,1,0,2,1,0,0,0,1,0,1,0,1,1,0,0,0,1
1,0,2,1,0,2,1,0,0,0,0,1,1,0,2,0,1,1,1,1
0,1,1,1,1,2,0,2,1,0,0,0,1,0,2,1,1,0,2,1
0,1,1,0,0,0,2,2,1,1,1,1,1,0,1,1,0,1,2,0
0,1,1,1,1,2,1,2,1,0,0,0,0,1,2,1,1,1,0,1
2,1,0,1,1,2,0,2,0,0,1,0,0,1,0,1,1,1,0,1
2,1,1,1,0,2,2,0,1,1,0,1,1,1,0,1,0,0,1,1
0,1,1,0,0,1,2,2,1,0,0,1,1,1,2,1,0,1,2,0
0,1,0,1,1,0,0,1,0,0,1,0,0,0,1,1,1,0,1,1
2,1,1,1,0,0,2,2,1,0,0,1,1,1,2,0,1,0,2,0
0,0,0,1,0,2,0,0,1,0,1,0,1,1,0,1,1,0,0,1
2,1,2,0,0,2,1,1,1,1,1,1,1,0,0,0,0,0,1,1
0,1,1,1,1,2,0,2,0,0,1,1,1,1,1,0,1,1,2,1
2,1,2,0,1,0,0,1,0,0,1,0,1,0,0,0,0,0,1,1
2,1,2,1,0,1,2,2,1,1,0,0,0,0,1,1,1,1,2,1
2,1,2,1,1,2,0,0,1,1,1,1,0,0,2,0,0,1,1,1
1,0,1,0,0,1,2,1,0,0,1,1,0,1,1,1,1,1,2,1
0,0,1,0,1,2,1,0,0,0,1,1,0,1,0,1,0,1,2,1
2,1,2,1,0,0,1,2,1,1,1,1,1,0,1,0,0,1,2,1
0,0,1,0,1,2,0,0,1,0,1,0,0,1,1,1,1,1,2,1
0,1,1,1,1,1,0,1,0,1,0,0,1,1,0,1,0,0,1,1
1,0,1,1,0,2,2,0,0,0,1,1,0,1,1,1,0,0,2,1
2,1,2,1,0,1,2,1,1,0,0,0,1,0,1,0,0,0,1,0
2,1,1,0,0,2,0,0,0,0,1,0,0,0,1,1,1,1,1,1
0,0,1,1,0,1,2,0,0,0,1,1,1,1,1,1,0,0,0,0
2,0,0,1,0,0,2,0,0,0,1,0,0,0,1,1,1,1,2,1
1,0,1,0,1,2,1,0,0,1,1,1,0,0,2,1,0,1,2,0
0,1,0,1,1,1,0,1,0,0,0,0,0,0,1,1,1,0,1,0
0,0,1,1,0,1,1,0,1,0,1,1,0,1,1,1,0,0,2,1
0,1,1,1,1,1,2,1,1,0,0,0,0,1,2,1,0,0,1,1
0,0,0,1,1,1,1,0,0,0,1,0,1,0,2,1,1,0,2,1
2,1,1,0,1,2,1,1,1,1,1,0,0,0,2,1,0,1,1,1
1,1,2,0,0,1,1,1,1,0,1,1,1,1,0,0,1,1,0,1
1,0,0,0,0,2,2,0,0,0,1,1,1,0,2,1,1,1,2,0
2,1,0,1,1,0,0,2,0,0,0,0,1,0,1,1,1,0,2,0
0,0,0,1,0,1,2,0,0,0,1,1,1,0,1,1,0,1,1,0
2,1,0,1,1,0,0,1,0,0,1,0,0,0,1,1,1,1,1,1
0,0,1,0,1,2,0,2,1,0,1,0,1,0,1,0,0,0,2,1
2,1,2,1,0,1,2,2,1,0,1,1,1,1,1,0,0,0,2,0
0,0,2,0,0,2,0,0,1,0,1,0,1,1,0,1,1,1,0,1
2,0,2,1,1,0,0,0,1,1,1,0,1,0,2,1,0,0,1,1
0,0,1,0,1,0,0,0,1,0,1,0,0,0,1,1,0,1,2,1
0,1,1,1,1,2,0,1,1,0,1,0,1,0,2,0,0,1,2,1
2,0,0,1,0,1,2,0,0,0,1,0,1,1,0,1,1,1,0,0
0,1,1,0,1,0,1,2,1,0,1,0,1,0,1,1,1,1,2,1
1,1,0,0,1,0,0,2,1,0,1,0,0,0,0,1,1,0,1,1
0,0,1,0,1,0,1,0,0,0,1,1,0,1,0,1,0,1,2,1
1,0,0,0,0,2,1,0,0,0,1,0,1,1,0,0,1,0,1,1
0,0,1,1,0,1,0,1,1,0,1,0,1,0,1,1,0,0,1,0
0,0,1,1,0,2,1,0,1,0,1,0,0,0,1,1,0,0,2,1
0,0,1,1,1,0,0,0,1,0,1,0,1,1,1,0,1,1,2,1
0,0,1,1,1,0,1,0,0,0,1,1,1,1,1,1,0,0,0,1
0,0,1,2,1,0,1,1,0,0,1,1,1,0,0,1,1,1,1,1
0,1,1,2,1,1,0,2,0,0,0,0,1,1,1,1,1,0,1,0
0,0,2,1,0,2,2,0,0,0,1,1,1,1,0,0,0,1,2,1
0,0,1,2,0,2,1,0,0,0,1,1,0,1,0,1,0,1,2,1
1,1,1,2,0,1,2,1,1,0,0,1,0,0,2,1,1,0,1,0
2,0,0,1,0,2,2,0,0,0,1,1,1,1,0,1,0,1,1,0
0,1,0,0,1,0,0,2,0,0,0,1,1,1,2,1,0,1,1,1
1,1,0,0,1,2,1,1,0,1,0,1,1,0,2,0,1,0,0,0
1,0,0,1,0,2,0,0,1,0,1,0,1,1,0,0,1,1,2,1
0,0,1,1,1,1,1,0,0,0,1,1,1,0,1,0,0,1,1,1
1,0,0,2,1,0,1,0,0,0,1,1,1,0,1,0,0,0,1,1
0,1,1,1,1,2,0,2,0,1,1,0,0,0,0,1,0,0,0,1
0,1,0,1,0,1,2,2,1,0,1,0,0,1,0,1,0,1,1,0
0,1,1,1,1,0,0,2,0,1,0,0,0,0,2,0,0,0,0,0
1,1,0,1,0,0,1,0,1,0,0,0,1,1,1,0,1,1,2,1
1,0,0,0,1,1,0,0,1,0,1,0,0,1,0,1,1,0,2,0
0,0,1,1,0,2,2,0,1,0,1,0,1,0,1,0,0,0,1,0
0,1,2,2,0,2,1,0,1,1,0,1,1,0,1,0,1,0,1,1
2,0,0,1,1,0,2,0,0,0,1,1,0,1,0,1,0,1,2,1
0,1,1,0,1,1,1,1,1,1,0,0,1,1,1,1,0,1,1,1
0,0,1,1,1,0,0,0,1,0,1,0,0,0,2,0,1,1,0,1
2,1,2,0,1,0,1,2,1,0,1,0,1,0,2,0,1,0,0,1
1,0,2,2,0,2,2,0,0,0,1,0,0,0,2,0,0,1,2,1
1,1,2,0,0,0,1,0,1,1,1,1,0,0,0,0,0,0,1,0
2,0,2,1,1,1,0,0,1,0,0,0,0,0,2,0,0,1,0,1
2,1,2,1,0,1,1,1,1,0,1,1,1,1,1,0,0,0,1,1
0,0,0,1,1,0,0,0,1,0,1,0,1,0,1,1,1,0,1,0
0,0,0,1,0,1,1,0,0,0,1,1,1,0,0,1,1,0,0,1
0,0,0,1,0,2,0,0,1,0,0,0,1,1,1,0,1,1,2,1
2,1,0,1,1,0,0,1,0,1,1,0,0,1,2,1,1,1,1,1
1,0,1,0,0,1,1,2,0,0,1,0,0,0,1,1,1,1,2,1
0,1,0,0,1,2,1,1,1,0,1,1,1,1,2,0,1,0,0,1
2,1,2,1,1,0,0,0,0,0,1,0,0,0,0,1,1,0,0,0
0,0,1,2,1,0,0,0,1,0,1,0,0,1,0,0,1,0,2,1
0,1,0,2,1,2,1,2,1,1,1,1,1,1,0,0,1,0,2,0
0,0,0,1,0,2,1,0,0,0,0,1,0,1,1,0,0,1,0,0
0,0,1,1,1,2,0,1,1,0,1,0,1,0,1,0,0,1,0,0
2,0,0,1,1,2,0,0,1,0,1,0,0,1,2,0,1,1,1,1
0,1,1,0,1,1,0,0,0,0,1,1,1,0,1,0,0,0,1,1
2,1,2,0,1,2,0,1,1,0,0,0,1,0,2,1,0,1,1,1
0,0,1,1,1,1,0,0,1,0,1,0,1,0,1,1,0,0,1,0
0,0,1,1,1,1,1,0,0,0,1,1,0,1,1,1,1,0,2,1
2,0,2,1,1,1,1,0,0,0,1,1,1,1,1,0,1,1,2,0
0,1,0,1,0,2,2,0,1,0,0,0,1,0,1,1,1,0,2,0
0,1,2,0,0,1,2,2,1,0,0,1,0,1,2,1,1,1,0,1
0,1,1,1,1,0,0,2,0,1,1,0,1,0,1,0,0,0,2,1
2,1,2,0,0,0,2,2,1,1,1,1,0,0,0,0,1,0,1,1
0,1,0,1,0,0,1,2,1,0,0,1,1,1,1,0,1,1,2,1
0,1,1,0,0,1,0,2,0,1,1,0,0,0,2,1,0,1,0,1
0,0,1,0,1,2,0,0,1,1,1,0,0,0,2,0,1,0,0,1
0,1,2,0,0,1,0,1,1,0,1,1,1,0,1,0,1,0,2,1
2,1,2,1,1,2,0,2,1,1,0,1,0,1,2,1,1,0,0,1
0,1,1,1,0,1,1,1,1,0,1,1,0,0,1,1,0,1,1,0
0,0,1,1,1,2,0,0,1,0,1,0,1,1,1,1,1,0,1,1
0,0,0,0,0,2,2,0,0,0,1,1,0,0,1,1,1,1,1,0
0,0,1,1,1,0,0,2,1,0,1,0,0,1,1,0,1,1,2,1
2,1,1,1,0,1,2,1,1,0,0,1,0,0,2,1,1,0,1,0
0,1,1,0,1,1,0,0,0,0,1,0,0,0,0,1,0,0,0,1
2,0,2,0,1,1,1,0,0,0,1,1,0,1,2,0,1,0,2,1
0,0,1,1,1,2,0,0,1,0,1,0,0,0,1,0,0,0,0,0
0,1,1,1,1,1,1,1,1,0,0,1,1,0,2,1,1,0,1,1
2,1,2,1,1,1,0,1,0,0,0,0,0,0,2,1,0,0,1,1
0,0,0,1,1,2,0,0,0,0,1,1,1,0,1,1,1,0,1,0
1,0,1,0,1,0,1,0,1,0,0,0,1,0,0,0,1,0,1,1
2,0,1,1,1,2,0,0,1,0,1,0,1,1,1,0,1,0,2,1
0,1,0,1,1,0,1,2,1,1,0,0,0,1,1,1,1,1,0,1
0,0,1,0,1,1,0,0,1,0,1,0,0,0,0,1,1,1,2,1
1,1,1,0,1,1,2,1,1,0,0,0,0,0,0,1,0,1,1,0
0,0,1,0,0,2,1,0,0,0,1,1,1,0,0,1,0,1,1,1
0,1,1,1,1,2,0,2,1,0,0,1,1,0,1,0,0,1,2,1
0,0,1,0,1,2,1,0,0,0,1,1,1,1,2,1,0,1,1,1
0,0,0,1,1,1,0,0,1,0,1,0,1,1,0,1,1,1,1,1
2,0,2,1,0,2,2,0,1,0,0,0,1,0,1,0,0,0,2,0
0,0,0,1,1,0,0,0,1,0,1,0,0,0,1,0,1,1,1,1
0,0,1,1,1,0,0,0,1,0,1,0,1,1,1,1,0,0,1,1
1,0,1,1,0,1,1,1,0,0,1,1,0,0,1,1,1,0,1,1
0,0,0,0,1,0,1,0,0,0,1,1,1,0,2,1,0,1,2,1
0,1,2,1,0,0,1,2,1,0,0,1,0,1,0,0,0,0,0,1
2,1,2,2,1,1,1,1,1,1,1,1,1,1,0,0,0,0,1,1
0,1,0,1,1,1,0,1,1,0,1,0,1,0,1,1,1,1,1,1
2,1,2,2,0,0,1,2,1,1,0,1,1,1,2,0,0,1,2,0
2,0,1,1,0,2,1,0,0,0,1,1,0,0,1,1,1,0,2,0
0,1,1,1,1,2,1,1,1,0,1,0,0,1,1,1,0,0,1,0
0,0,0,1,0,1,2,1,1,0,1,0,1,0,0,1,1,0,0,0
0,0,1,1,1,1,0,0,1,0,1,0,0,1,1,0,1,1,2,0
0,0,1,1,1,1,0,0,1,0,1,1,1,1,1,1,0,0,1,1
2,1,2,1,1,1,0,2,0,0,1,1,1,0,0,0,0,0,0,1
2,0,2,1,0,2,1,0,0,0,1,1,1,1,1,0,1,0,2,1
0,1,1,1,1,2,0,0,1,0,0,1,0,1,2,1,0,1,1,1
1,0,1,0,1,0,1,0,1,0,0,0,0,0,2,0,1,0,1,1
2,0,1,1,0,2,1,0,0,0,1,0,0,1,1,1,1,0,2,1
2,1,2,1,0,2,0,0,0,0,1,1,1,1,0,0,1,0,2,0
0,0,0,1,0,1,1,0,0,0,1,1,0,1,2,1,0,0,2,1
0,1,1,1,1,2,1,2,1,0,0,0,0,0,0,1,1,0,0,1
0,0,2,0,0,2,0,0,1,0,1,0,1,0,2,0,1,0,2,1
2,0,1,1,0,2,1,0,1,0,1,0,1,0,1,0,0,0,1,1
0,0,1,0,1,2,0,0,1,0,1,0,1,0,1,1,1,0,0,1
1,0,1,0,1,1,0,0,1,0,1,0,1,0,1,0,1,0,2,1
0,0,1,0,1,0,0,2,1,0,0,0,0,0,1,0,0,0,2,1
0,1,0,0,1,0,0,2,0,0,1,0,1,0,2,0,1,0,2,1
0,0,1,1,0,2,1,0,0,0,1,1,1,0,1,1,0,0,0,1
2,1,1,0,1,2,0,1,1,0,1,1,0,0,1,0,1,0,0,1
0,0,1,1,0,2,1,0,0,0,1,1,0,1,1,1,0,0,2,1
1,0,0,0,1,2,1,0,0,0,1,1,0,1,0,0,1,0,1,0
0,1,1,2,1,2,1,2,1,0,1,1,0,0,0,1,0,1,1,1
0,1,2,1,0,0,1,2,1,1,1,1,1,0,2,0,0,1,2,0
0,0,0,1,1,0,0,0,1,0,1,0,1,0,2,0,1,1,2,1
0,0,0,1,1,1,1,1,0,0,1,1,0,0,1,1,0,1,1,1
0,0,1,1,0,2,1,0,1,0,1,0,1,0,0,1,1,0,1,1
0,0,0,1,1,2,1,0,0,0,1,1,0,1,1,0,1,1,2,1
0,1,1,1,1,0,0,2,0,0,0,1,1,0,2,0,0,0,2,1
0,0,1,1,1,0,0,0,1,0,1,0,1,1,1,1,0,1,0,1
2,0,1,0,1,0,0,0,0,0,1,1,1,0,1,1,0,1,2,1
2,1,1,1,1,2,0,1,0,0,1,1,1,0,2,0,0,0,1,0
0,1,1,1,0,0,1,2,1,0,1,1,1,1,1,1,0,1,2,1
1,1,0,0,0,2,1,0,1,0,1,1,1,1,0,0,1,0,2,1
2,0,0,1,1,0,0,0,1,0,1,0,0,1,0,0,1,1,1,1
0,0,1,1,0,1,1,1,0,0,1,1,1,1,1,1,1,1,0,1
2,1,0,0,1,2,1,2,1,0,1,1,0,0,1,1,0,0,0,1
2,1,2,1,0,1,2,2,1,0,1,0,0,1,1,1,1,0,1,0
0,0,0,2,0,0,1,0,0,1,1,1,1,0,2,0,1,0,2,1
0,1,0,2,0,0,1,2,0,0,1,1,1,1,0,0,0,0,2,1
2,1,0,1,1,2,1,2,1,0,1,1,0,0,1,1,1,0,2,1
0,0,1,1,1,2,2,0,1,0,1,0,1,0,1,0,1,1,1,0
0,1,1,0,0,2,2,2,1,1,1,1,0,1,0,1,1,1,2,1
0,1,0,0,1,2,1,2,1,0,0,0,1,0,0,0,1,0,2,1
0,0,0,0,0,2,1,0,0,0,1,0,0,0,2,0,0,1,0,1
1,1,1,0,1,0,2,2,1,1,1,0,0,0,2,0,0,0,1,1
1,0,1,0,0,2,2,0,0,0,1,0,1,1,2,1,1,1,0,0
2,1,2,1,1,2,0,1,1,0,0,1,0,1,0,1,0,0,2,1
0,0,0,0,1,1,0,0,1,0,1,0,0,1,2,1,1,1,1,0
0,0,1,1,1,1,0,0,1,0,1,0,1,1,1,0,1,0,2,1
0,1,2,0,0,0,1,2,1,0,1,1,1,1,1,0,1,0,2,1
0,0,1,1,1,2,0,0,0,0,1,0,1,0,1,1,0,0,0,1
0,0,1,0,1,1,0,0,1,0,1,1,1,0,1,0,0,0,2,1
2,1,2,0,1,1,0,1,0,0,0,0,0,1,0,0,0,0,0,0
2,1,2,0,0,0,2,2,1,0,0,1,1,0,0,0,1,0,2,0
0,0,0,1,0,2,1,0,0,0,1,1,0,0,1,1,1,1,1,1
1,1,1,0,1,2,0,2,0,0,1,1,1,0,1,0,0,0,2,0
0,1,1,0,0,0,1,2,1,1,0,1,1,1,1,0,0,0,2,1
0,0,1,1,0,2,1,0,0,0,1,0,0,0,0,1,0,1,2,0
1,0,1,1,0,2,2,0,0,0,1,1,1,1,1,1,1,1,1,1
0,0,0,1,1,2,1,0,0,0,1,1,1,1,0,0,0,1,2,1
2,1,2,0,0,1,2,2,1,0,1,1,1,1,0,0,1,0,2,0
1,1,0,1,1,2,2,0,1,1,0,0,1,1,1,1,0,0,1,1
0,1,1,1,1,2,0,2,0,0,1,0,0,0,1,1,1,1,0,0
2,0,2,1,0,2,0,0,1,0,1,0,1,1,2,0,1,0,1,1
0,0,1,2,0,2,2,0,0,0,1,1,1,1,2,1,0,1,1,1
0,0,1,0,0,0,0,2,1,0,1,0,0,1,0,0,1,0,1,1
0,1,2,1,1,1,0,0,0,0,0,1,0,1,2,0,1,1,0,1
0,1,0,1,1,0,0,2,0,1,0,0,0,0,2,1,1,1,1,1
2,0,2,1,1,0,0,0,1,0,0,0,0,1,2,0,1,1,1,1
0,0,1,1,0,2,1,0,0,0,1,1,0,0,0,1,0,1,2,1
2,1,2,1,1,2,1,2,1,0,1,0,1,1,1,0,1,0,2,1
1,0,1,0,1,1,1,0,0,0,1,1,1,1,0,1,0,0,0,1
0,0,1,0,1,1,0,0,1,0,1,0,1,1,1,0,1,0,2,1
2,0,0,0,1,2,0,0,1,0,1,0,0,1,0,0,0,0,2,0
0,0,2,0,0,2,1,0,1,0,1,0,0,0,1,0,1,0,1,1
0,0,1,1,1,2,0,2,0,0,0,1,0,0,0,0,1,1,2,0
0,1,0,1,0,0,1,2,1,0,1,1,1,1,0,0,1,1,2,1
0,0,1,0,0,1,2,1,0,0,1,1,1,0,1,1,1,1,1,1
0,1,0,1,1,2,2,2,1,0,0,0,0,0,0,1,1,1,1,0
1,0,1,2,1,0,0,0,1,0,1,0,1,1,1,0,0,1,1,1
0,0,1,0,1,2,2,0,0,0,1,1,0,0,1,1,0,1,2,0
0,1,2,0,0,1,1,2,0,0,1,0,1,1,1,0,0,1,2,1
2,1,1,1,0,1,2,1,1,0,1,1,0,0,1,1,0,0,1,1
1,0,1,0,1,0,0,0,1,0,1,0,0,1,2,0,1,0,2,1
2,1,0,0,1,0,0,2,0,0,1,1,0,1,0,1,0,1,2,0
0,0,0,2,0,2,2,0,0,0,1,1,1,0,1,1,0,1,1,1
1,0,0,1,1,2,0,0,1,0,1,0,0,0,1,1,1,0,2,0
2,0,2,0,0,0,1,2,0,0,1,0,0,0,2,0,0,0,2,1
1,0,0,0,1,2,1,0,0,0,0,0,0,1,2,0,1,0,2,1
1,0,1,1,1,2,0,1,1,0,1,1,0,0,1,1,1,0,1,0
0,1,2,1,0,0,2,2,1,0,1,1,1,0,0,0,0,1,2,1
0,0,1,1,0,0,2,0,1,0,1,0,1,1,1,1,0,1,0,1
0,1,1,2,1,0,1,1,1,0,0,1,0,0,2,1,0,1,1,1
0,0,1,1,1,0,0,0,0,0,1,1,1,1,1,0,0,0,2,1
2,1,2,1,1,2,0,1,0,0,1,0,0,1,2,0,1,0,1,0
0,0,1,1,1,1,0,0,1,0,1,0,1,0,1,1,1,0,1,1
2,1,2,0,0,0,2,2,1,0,0,1,1,1,0,0,1,0,2,0
2,1,2,1,1,1,1,2,1,0,1,1,1,0,0,0,1,1,2,1
0,1,1,0,0,0,0,2,0,0,1,1,1,1,2,0,0,0,1,1
0,0,1,1,1,1,1,0,0,0,1,1,0,1,1,1,0,1,2,1
2,1,1,0,0,0,2,2,1,0,1,0,1,0,1,0,1,0,0,0
2,1,2,0,1,2,0,2,0,0,0,1,0,0,2,1,1,0,0,1
0,0,0,1,0,2,0,0,1,0,1,0,1,1,0,1,1,0,1,1
0,1,2,0,0,1,1,0,1,1,0,1,0,0,1,0,0,0,1,0
0,1,0,1,0,1,1,2,1,0,1,0,1,1,2,1,1,1,2,1
1,1,0,0,1,0,0,1,0,0,1,0,0,0,1,1,0,1,1,1
0,0,0,1,1,2,0,0,1,0,1,0,1,0,0,0,1,1,2,1
1,1,1,0,1,2,0,2,0,0,0,0,0,1,2,1,1,1,1,1
0,0,1,1,0,1,2,1,0,0,1,0,1,0,1,1,0,0,1,1
0,0,0,1,1,2,0,0,1,0,1,0,1,1,0,1,1,0,2,1
0,1,1,0,1,2,0,2,0,0,1,0,0,0,1,1,1,1,0,1
0,0,1,0,0,2,1,0,0,0,1,1,0,0,1,1,0,1,1,1
0,1,1,1,0,0,1,2,1,0,1,1,1,1,1,0,1,1,2,1
0,0,1,0,1,1,1,0,1,0,1,1,0,1,1,0,0,0,0,1
0,0,0,0,0,2,2,0,0,0,1,1,0,1,0,1,1,1,2,1
0,0,0,0,0,2,0,0,0,0,1,1,1,1,0,1,1,0,0,0
0,1,1,1,1,1,1,0,1,1,1,1,1,1,0,1,0,0,2,1
2,0,0,1,0,1,1,1,1,0,1,0,0,1,0,0,0,1,0,1
0,0,1,0,1,0,0,0,1,0,1,0,1,0,1,0,1,1,2,1
0,0,1,1,1,1,0,0,1,0,1,1,0,1,1,1,0,0,2,1
1,1,1,0,1,0,0,2,0,0,1,0,0,0,0,1,1,0,0,1
2,0,2,0,1,2,0,2,1,0,1,1,0,0,2,1,1,1,1,1
0,0,1,0,0,2,1,0,0,0,1,1,0,0,1,1,0,1,2,1
1,0,1,0,1,2,0,0,1,0,1,0,0,0,1,1,1,1,2,1
1,0,1,1,0,2,1,0,0,0,1,1,1,1,1,0,0,1,2,0
1,0,0,1,1,0,0,2,1,0,1,0,1,0,1,1,1,0,0,1
0,0,1,1,1,1,1,0,0,0,1,1,1,0,1,1,1,0,0,1
1,0,0,0,1,2,1,0,0,0,1,0,1,0,1,0,1,0,2,1
0,0,1,1,1,0,0,0,1,0,1,0,1,0,2,0,0,0,2,0
1,0,1,0,0,2,0,0,0,1,1,1,0,1,0,1,1,1,2,0
1,0,1,0,0,1,0,1,0,0,0,1,0,0,0,0,1,0,0,1
0,0,1,0,1,2,1,0,0,0,1,1,1,0,1,1,0,0,1,1
2,1,1,0,0,0,1,2,1,0,0,0,0,0,0,1,1,1,1,1
0,1,1,1,1,0,1,2,1,1,1,0,1,0,0,0,0,1,2,0
2,1,2,1,0,1,2,1,1,1,0,0,1,1,2,0,0,1,0,1
0,0,0,1,1,0,0,0,1,0,1,0,1,0,2,0,1,1,2,1
0,0,1,1,0,0,1,0,0,0,1,0,1,0,1,1,1,0,1,1
0,1,0,0,1,2,0,2,0,0,1,0,1,0,2,1,1,1,2,1
2,0,2,1,1,2,0,0,0,0,1,1,1,0,2,0,1,1,1,0
0,0,0,1,1,1,1,0,0,0,1,1,1,1,0,1,1,1,0,1
0,1,0,2,0,0,1,2,0,0,0,0,1,0,0,0,0,0,2,0
0,0,0,0,1,0,0,0,1,0,1,0,0,1,0,0,1,0,1,1
1,0,0,0,0,2,1,0,0,0,1,1,0,1,0,1,1,1,1,1
0,0,0,0,0,2,2,0,0,0,1,1,1,0,2,1,0,1,1,1
0,0,1,0,0,2,1,0,0,0,1,1,0,1,0,1,0,0,2,1
0,0,0,1,1,2,0,0,1,0,1,0,1,1,0,1,1,0,1,1
0,0,1,1,0,2,0,0,1,0,0,0,0,1,0,0,0,1,2,0
0,0,0,0,1,2,1,0,1,0,1,0,1,0,1,0,1,0,1,1
0,1,0,0,1,2,0,2,1,0,1,0,1,1,0,1,1,1,1,1
1,1,0,0,0,0,1,2,1,1,0,0,1,0,2,0,0,0,2,1
0,0,0,2,1,1,2,0,0,0,1,1,1,0,2,1,0,1,1,1
0,0,0,1,1,1,1,0,0,0,0,1,1,1,1,0,0,0,1,1
0,0,2,2,0,2,2,0,0,0,1,0,1,1,0,0,1,0,2,0
2,0,2,1,1,1,0,0,1,0,1,0,0,0,0,1,1,0,2,1
2,0,0,1,1,2,1,0,0,0,1,1,0,1,0,0,0,1,0,1
2,1,2,1,0,1,2,2,1,1,1,1,1,1,2,0,0,0,2,1
0,1,0,1,1,1,0,0,0,1,0,0,1,0,2,1,0,1,1,1
0,0,0,1,0,2,0,0,1,0,1,1,0,0,1,1,0,0,1,1
0,0,2,0,0,1,2,0,0,0,0,1,1,0,2,0,1,0,1,0
0,1,1,1,1,2,2,1,1,0,1,0,0,1,1,1,1,1,1,0
0,1,1,1,1,2,0,2,1,0,1,0,1,1,1,1,0,0,1,0
2,1,0,0,1,0,2,2,1,0,1,1,0,0,1,1,1,1,1,0
2,0,2,1,1,1,0,0,1,0,1,0,1,1,1,0,0,1,2,0
2,0,0,1,1,1,0,0,1,0,1,0,0,1,0,0,1,1,0,0
0,0,1,1,1,2,0,0,1,0,1,0,1,1,1,0,1,1,2,0
1,1,1,0,0,0,0,2,1,0,1,1,1,0,0,0,0,0,0,1
0,1,0,1,1,2,0,2,0,0,1,0,0,0,1,1,1,0,0,1
0,0,1,2,1,2,1,0,0,0,1,1,1,1,1,1,0,0,1,1
1,0,1,1,0,1,1,0,1,0,1,0,1,0,2,1,1,1,1,1
0,1,1,0,1,2,0,1,1,0,0,1,1,0,0,0,1,0,1,0
0,1,2,0,0,1,0,1,0,0,1,0,0,1,0,1,0,1,1,1
0,1,1,1,1,2,0,1,0,0,1,1,0,0,1,1,1,0,1,0
1,1,1,0,1,2,1,1,1,0,0,0,0,1,2,1,1,0,0,1
2,1,2,0,1,2,1,0,1,1,0,1,1,0,2,0,0,0,1,1
0,1,1,1,0,1,2,1,1,0,1,1,1,0,1,0,0,0,0,0
2,1,0,1,1,2,1,0,1,0,0,1,1,0,1,0,0,1,2,1
0,0,0,2,0,2,2,0,1,0,1,0,1,0,2,1,1,1,2,0
0,0,1,1,1,1,0,0,1,0,1,0,0,0,1,1,0,0,2,1
1,0,0,2,1,1,0,0,1,0,1,0,1,1,2,1,0,1,0,1
1,0,1,1,1,2,0,1,1,0,1,0,1,0,2,1,1,1,1,0
2,1,0,1,1,0,0,2,1,1,1,1,0,1,1,1,0,1,0,1
0,0,1,0,1,1,0,0,1,0,0,0,1,0,1,0,1,0,2,0
1,0,1,0,0,2,1,0,0,0,1,1,1,0,1,1,0,1,0,1
1,1,0,0,0,1,1,1,1,0,0,1,1,0,2,0,1,0,1,1
2,1,2,1,1,1,2,1,1,0,0,1,0,1,1,0,1,1,1,0
0,0,1,1,1,2,0,0,1,0,1,1,0,0,1,0,1,1,1,1
2,0,2,1,0,1,1,1,0,0,0,0,0,0,1,0,0,1,0,1
1,0,1,2,1,1,0,0,1,0,1,0,1,1,2,0,1,0,2,1
0,0,2,2,0,2,0,0,1,0,1,1,0,0,2,0,1,0,2,0
0,1,0,1,0,1,1,1,1,0,0,0,1,0,2,0,0,1,1,1
0,0,1,1,1,0,1,0,0,0,1,1,0,0,1,1,0,0,2,1
1,0,2,0,0,2,2,0,0,1,1,1,0,1,2,0,0,0,0,0
2,1,0,0,0,1,1,1,1,0,0,1,1,0,2,0,1,0,1,1
1,0,0,0,0,2,2,0,0,0,1,1,1,1,0,1,1,1,0,1
1,0,0,2,1,2,2,0,0,0,1,1,0,1,0,1,0,0,2,1
0,0,1,0,1,2,2,0,0,0,1,1,1,1,0,1,0,1,1,0
0,0,1,0,1,1,1,0,0,0,1,1,0,0,1,1,0,1,2,0
0,1,1,1,0,1,1,2,0,1,1,0,1,1,0,1,0,0,2,1
0,0,1,1,1,2,0,0,1,0,1,0,1,0,2,0,0,0,2,0
0,0,1,2,1,0,0,0,1,0,1,0,0,1,2,1,0,1,2,1
0,1,0,1,1,2,0,1,0,0,1,0,1,0,0,1,1,0,1,1
0,1,1,1,1,1,0,0,0,0,1,0,1,1,1,1,0,1,2,0
0,1,1,1,0,1,0,2,0,0,1,0,1,0,1,0,1,0,2,1
0,1,0,1,1,2,0,1,0,0,0,0,0,0,1,1,1,1,1,1
0,0,1,0,0,2,2,0,1,0,1,1,0,1,2,1,0,1,2,0
0,1,1,2,0,1,2,2,1,0,0,0,1,0,1,1,1,1,2,0
2,1,2,1,1,1,2,0,0,1,1,0,1,0,0,1,0,0,2,1
2,1,0,0,1,2,0,1,0,1,1,0,0,1,1,1,0,1,1,0
1,0,0,0,1,2,0,0,1,0,1,0,1,1,0,1,0,1,1,1
0,0,0,1,1,1,0,0,1,0,1,0,1,0,1,1,1,0,0,1
2,1,1,1,0,2,1,0,1,1,1,1,1,0,2,0,0,1,0,0
2,1,1,0,0,1,1,1,1,0,0,0,0,1,0,1,0,1,0,1
2,1,2,1,0,1,1,1,1,1,0,0,0,1,2,0,1,1,1,1
0,0,1,2,1,0,0,0,1,0,0,0,1,0,2,0,1,0,2,1
1,1,1,1,1,1,0,2,0,0,1,1,1,1,1,1,1,1,0,0
2,1,1,1,0,1,1,2,0,1,0,1,0,0,2,1,0,0,1,1
1,0,0,0,1,0,2,0,1,0,1,0,1,0,2,1,0,1,0,0
1,1,1,2,0,1,2,2,1,0,1,1,1,0,2,1,0,1,2,0
0,0,0,1,1,2,1,0,0,0,1,1,0,0,1,1,0,1,1,1
0,0,1,0,1,2,0,0,1,0,1,0,0,1,1,0,0,0,2,1
0,0,1,0,0,2,2,0,0,1,1,1,1,0,2,1,1,0,1,1
1,0,0,2,1,0,0,0,1,0,1,0,0,0,2,0,0,0,1,1
0,0,1,1,1,0,1,0,0,0,0,1,1,1,2,0,0,1,1,1
0,0,1,0,1,0,0,0,1,0,1,0,0,0,1,0,0,0,2,1
0,0,0,1,1,1,1,0,0,0,1,0,0,1,0,0,1,1,1,1
0,1,2,1,0,1,2,1,1,0,1,0,1,0,0,0,0,0,0,0
0,0,0,1,1,1,1,0,0,0,1,0,1,1,0,0,1,1,1,1
1,0,1,0,1,2,1,0,0,0,1,1,1,0,1,1,0,1,1,0
2,0,2,1,0,2,1,0,0,0,0,1,0,0,2,0,0,1,2,0
0,1,2,0,0,0,2,2,1,0,0,1,1,1,2,0,1,0,2,1
0,0,1,2,1,0,1,1,0,0,0,0,0,1,1,0,1,0,0,1
0,1,1,1,0,0,1,2,1,0,0,0,1,1,0,1,0,1,2,1
2,1,2,1,1,2,1,1,0,0,1,1,1,1,2,0,1,0,0,1
0,1,1,1,1,0,0,0,0,0,0,0,1,0,0,1,0,0,2,1
0,1,0,0,1,0,1,2,1,1,1,1,1,0,1,0,0,0,2,0
0,0,1,1,0,1,0,1,1,0,1,0,0,1,1,1,0,1,1,0
1,1,0,1,0,1,1,1,1,0,1,1,1,1,0,0,1,1,1,1
2,1,1,0,0,0,0,2,0,0,0,1,1,1,2,1,0,1,2,0
2,1,0,0,1,2,0,1,0,0,0,0,1,1,0,1,1,1,1,0
1,0,0,1,1,0,2,0,0,0,1,1,1,0,2,1,0,1,0,1
0,0,1,0,1,2,1,0,0,0,1,1,1,0,1,1,0,1,1,0
0,0,1,1,1,1,0,0,1,0,0,0,1,0,0,0,1,1,2,0
0,0,1,1,0,1,1,1,1,0,1,1,0,1,1,1,1,0,2,1
0,0,1,2,0,2,2,0,0,0,1,0,0,1,2,1,1,1,1,1
0,1,1,1,1,2,1,0,0,0,0,0,0,1,2,1,1,0,2,1
0,0,2,0,1,1,0,0,1,0,1,0,0,0,1,1,1,1,2,1
0,0,0,1,0,2,1,0,1,0,1,0,0,0,1,0,1,0,2,1
2,1,1,1,0,1,0,1,0,0,0,0,0,1,1,1,0,0,1,1
1,0,1,0,0,2,2,0,0,0,1,1,1,1,0,1,0,1,0,1
2,1,2,1,0,0,0,2,0,0,0,0,0,0,1,1,1,1,0,1
1,0,1,2,1,2,2,1,1,0,1,1,1,1,1,1,1,1,1,0
0,0,0,1,1,2,0,0,1,0,1,0,1,0,1,1,1,1,0,1
1,1,0,0,1,0,0,1,0,0,1,0,0,0,2,1,1,1,1,1
0,0,1,0,1,1,0,0,1,0,1,0,1,1,1,0,1,0,2,1
1,0,1,2,1,2,0,0,1,0,1,0,1,1,1,1,1,1,0,1
0,1,1,1,1,2,0,1,0,0,1,0,1,1,0,1,0,1,2,0
2,0,1,1,0,2,2,0,0,0,1,1,0,0,1,1,1,1,1,1
0,1,0,0,1,0,0,2,0,1,1,1,0,0,1,1,0,1,0,1
0,0,1,1,0,2,0,0,1,1,1,0,0,0,0,1,1,1,2,1
2,0,0,0,0,2,2,0,0,0,1,1,0,0,2,1,0,1,2,1
0,0,0,1,0,1,2,1,1,0,1,0,1,0,1,1,1,1,1,1
1,0,0,0,1,1,0,0,1,0,1,0,1,0,1,1,0,0,2,1
1,0,1,0,0,1,2,0,0,0,1,1,1,0,1,1,0,1,1,1
2,1,2,1,0,1,2,2,1,0,1,0,1,0,2,0,1,1,2,0
2,1,2,0,1,0,0,2,0,1,1,0,1,1,1,1,1,1,2,1
2,0,2,1,1,2,1,2,0,0,0,1,1,1,2,0,0,1,2,0
0,1,1,0,1,0,0,2,0,1,0,1,0,1,1,1,0,1,1,0
2,1,0,1,1,2,0,0,0,0,0,0,0,0,1,1,1,0,2,1
1,1,1,0,0,0,2,2,1,0,0,1,1,0,1,1,0,1,2,0
1,0,1,0,0,2,1,0,1,0,1,0,1,0,1,1,0,1,2,1
0,0,1,1,1,0,0,0,1,0,1,1,1,0,1,1,0,0,0,1
1,0,0,2,1,2,0,0,1,0,1,1,0,0,1,0,0,0,2,1
2,1,2,1,1,0,1,2,1,0,1,1,0,0,2,0,1,1,2,1
2,1,2,0,1,0,1,2,1,1,1,1,1,1,1,0,1,0,2,0
0,0,1,1,1,0,0,0,1,1,0,0,0,1,0,0,1,1,0,1
0,1,1,1,1,1,0,1,0,0,1,1,0,0,2,0,1,1,1,1
0,0,1,2,0,2,1,0,0,0,1,1,0,1,2,1,0,1,2,1
2,1,0,1,0,1,1,1,1,0,1,1,0,0,1,1,1,1,1,1
1,1,2,0,1,2,0,1,0,0,1,0,1,1,2,1,0,0,1,0
0,0,1,0,0,2,2,0,0,0,1,1,0,1,0,1,0,1,2,1
0,0,0,1,0,1,2,1,0,0,1,1,0,1,2,1,1,0,1,1
0,1,0,2,0,0,2,2,1,0,0,1,0,0,0,1,0,1,0,0
0,0,1,1,0,2,2,0,0,0,1,1,1,0,2,1,0,0,1,1
2,0,2,1,0,1,1,0,0,0,1,1,0,0,0,0,0,1,1,1
1,0,0,0,0,2,2,0,0,0,1,1,0,0,2,1,1,1,2,1
0,0,2,2,1,2,0,0,1,0,1,0,0,1,0,0,0,1,0,1
0,1,1,1,1,2,0,0,0,0,1,0,0,1,1,1,0,1,0,1
0,1,1,1,1,2,0,1,0,0,0,0,1,1,2,1,0,0,1,0
2,1,0,1,1,2,0,2,0,0,1,0,0,0,0,1,1,0,1,0
0,0,2,1,0,2,1,0,0,0,1,0,0,1,1,0,1,1,1,1
0,0,1,1,0,0,1,0,0,0,1,1,1,0,2,1,0,0,0,1
0,0,0,1,0,2,2,0,0,0,1,1,1,0,1,1,0,0,1,1
1,0,0,0,1,1,1,1,0,1,1,1,1,1,0,1,1,1,1,1
1,1,0,0,1,0,2,2,1,0,1,1,1,0,2,1,0,1,2,1
1,0,1,0,0,2,1,0,0,0,1,1,1,0,1,1,0,1,2,1
0,0,0,1,0,2,1,0,0,0,0,1,0,0,1,0,1,1,2,1
0,0,1,0,1,1,0,0,1,0,1,0,0,1,1,0,0,0,1,1
0,1,1,0,1,1,0,2,1,0,0,0,0,1,2,1,1,1,0,1
1,1,1,0,1,2,0,2,1,1,1,1,1,0,0,0,0,0,2,0
0,0,1,1,0,2,2,0,0,0,1,1,0,1,1,0,1,0,2,1
1,0,1,2,0,2,2,0,0,0,1,1,0,1,2,0,0,1,1,1
2,1,2,1,1,2,0,1,1,1,0,0,1,1,1,0,1,0,0,1
2,0,2,0,1,1,2,0,0,0,1,1,1,1,2,0,1,0,2,1
0,0,0,1,1,1,2,0,0,0,1,0,1,1,0,1,1,0,0,0
0,0,0,1,1,2,0,0,1,0,1,0,1,1,0,1,1,0,0,1
0,0,1,1,1,1,0,0,0,0,1,1,0,0,2,1,0,0,2,0
1,0,1,0,1,2,1,0,0,0,1,1,1,0,1,1,0,1,1,1
2,1,0,1,0,1,1,1,1,1,0,1,1,0,2,0,0,1,2,1
0,1,1,0,0,0,1,2,1,0,1,0,0,0,1,1,1,1,2,1
0,1,1,1,1,1,0,2,0,1,0,1,1,0,1,0,0,1,2,0
2,0,2,1,0,2,2,0,0,0,1,1,0,0,0,0,0,1,0,0
2,1,2,1,1,2,0,2,1,0,1,0,0,0,2,1,1,0,1,0
0,1,1,1,1,1,1,1,1,0,0,0,0,0,0,1,0,1,1,1
0,1,1,1,1,0,1,0,1,0,0,1,1,0,0,0,0,1,2,1
0,1,1,1,0,0,2,2,1,1,1,0,0,1,0,1,1,0,0,1
0,0,1,2,0,2,1,0,0,0,1,1,1,1,1,1,0,1,0,1
2,1,2,0,1,1,1,2,0,0,0,0,1,1,2,0,0,0,2,1
2,1,0,1,1,1,0,1,0,0,0,0,1,0,1,0,1,1,1,0
2,1,0,0,1,0,0,2,0,0,1,0,0,0,2,1,1,0,1,1
0,0,1,1,1,2,2,0,0,0,1,0,1,0,1,0,0,1,2,1
2,1,2,1,0,2,2,0,1,0,1,0,0,0,2,1,0,1,0,0
0,1,1,0,1,2,0,1,0,1,1,0,1,1,2,0,1,0,0,1
0,0,1,1,1,0,0,1,0,0,1,0,0,0,1,0,0,1,2,0
0,0,1,0,1,0,0,0,1,0,1,0,0,1,1,1,1,1,1,1
0,0,1,1,0,1,1,1,0,0,1,1,1,1,1,1,0,0,1,1
2,1,0,0,0,2,1,1,1,1,1,1,1,0,0,0,1,0,2,1
1,0,1,2,1,2,0,0,0,0,1,1,0,0,0,1,0,0,2,1
0,0,0,1,1,0,0,0,1,0,1,0,1,0,0,1,1,0,1,1
0,0,0,0,1,2,0,0,1,0,1,0,1,0,1,0,1,0,2,0
0,1,1,1,0,2,2,0,1,1,1,0,1,1,0,1,1,0,2,1
0,0,2,1,0,2,1,0,0,0,1,0,0,1,1,0,0,0,0,1
1,0,0,1,1,2,1,0,0,0,1,1,1,1,0,1,0,1,1,1
2,0,2,0,0,2,1,0,0,0,1,1,0,1,1,0,1,0,1,1
0,1,1,1,1,2,0,2,0,0,1,0,1,0,1,0,0,1,2,1
0,0,0,0,1,2,0,0,1,0,1,1,1,0,2,0,1,0,1,1
1,0,0,0,1,0,2,0,0,0,1,1,1,0,2,1,1,1,1,1
2,0,0,0,0,2,1,1,0,0,1,0,0,0,2,0,1,0,0,0
0,0,0,0,1,2,2,1,0,0,1,1,1,0,2,1,0,1,1,1
0,0,2,1,0,2,1,0,1,0,1,0,1,1,2,0,1,0,2,1
1,1,1,2,0,1,2,1,1,0,0,0,0,0,2,1,0,1,1,0
0,0,1,1,1,1,0,0,1,1,1,1,0,1,0,0,1,1,0,1
0,1,1,1,1,2,0,1,0,0,0,1,1,1,1,0,0,1,2,1
1,0,0,0,1,0,0,0,1,0,1,1,1,0,0,1,1,1,1,1
1,1,1,0,0,2,1,0,1,0,1,1,1,1,0,1,0,1,2,1
1,0,1,0,0,2,1,0,0,0,1,1,0,0,1,1,0,1,2,1
1,1,2,0,0,1,2,1,1,0,0,0,1,0,2,0,0,1,0,0
1,0,1,0,0,2,1,0,1,0,1,0,1,1,1,0,1,0,2,1
0,0,1,1,1,1,1,0,0,0,1,1,0,0,2,1,0,0,1,1
0,0,0,0,0,2,2,0,1,0,1,1,0,1,0,1,1,1,2,0
0,0,2,0,1,2,2,0,0,0,1,1,1,1,2,1,1,0,1,1
0,0,1,1,0,2,1,0,0,0,1,1,0,1,0,1,0,0,1,1
1,0,1,1,0,0,1,0,0,0,1,1,0,1,1,0,0,1,1,1
2,0,2,2,1,2,0,0,1,0,1,1,0,0,2,1,1,1,2,1
2,1,0,1,0,2,2,0,1,0,0,0,0,0,2,1,1,1,0,0
1,0,1,2,0,2,1,0,0,0,1,1,1,0,0,1,0,0,1,1
0,0,1,0,0,0,2,0,1,0,1,0,1,0,1,1,0,0,0,0
0,0,0,1,0,2,2,0,0,0,1,0,0,0,1,1,1,0,1,1
2,1,2,0,1,1,1,0,1,0,1,1,1,1,2,0,1,0,2,1
1,0,1,1,0,0,1,0,0,0,1,0,0,0,1,1,0,0,2,1
1,0,1,0,1,1,0,0,0,0,0,1,1,1,2,0,0,0,1,1
2,1,2,2,1,1,0,0,0,1,1,0,0,1,0,1,0,1,2,0
1,0,0,1,1,0,0,0,0,0,1,1,1,0,1,1,0,1,1,0
2,1,2,0,0,2,1,0,1,1,1,1,1,0,1,0,0,0,2,1
0,0,1,1,1,2,0,0,1,0,1,1,0,0,1,1,0,1,2,1
2,0,2,1,0,0,2,0,0,0,0,0,1,0,1,0,1,1,0,0
2,1,1,1,1,0,1,2,1,0,0,0,0,1,2,0,0,0,1,1
0,1,1,1,1,2,0,1,0,0,1,1,0,0,1,0,1,0,1,0
1,1,1,2,0,1,1,2,1,0,1,1,1,1,2,0,0,1,2,1
0,1,1,1,1,1,0,2,1,0,1,0,0,0,2,1,0,1,1,0
2,0,0,1,1,0,0,0,1,0,1,0,0,1,0,1,1,0,0,1
0,0,1,2,1,2,0,0,1,0,1,0,1,1,2,0,1,1,2,1
1,1,1,0,0,1,1,2,1,1,1,1,0,0,2,1,0,1,1,0
0,0,0,1,1,1,1,0,0,0,1,1,1,0,2,1,0,0,1,1
1,1,0,0,1,2,0,0,1,0,1,0,1,1,0,1,0,0,2,1
0,1,1,1,0,0,2,2,1,0,1,0,0,1,1,1,0,1,1,0
0,1,1,1,1,1,2,1,1,0,1,0,0,0,2,1,0,1,1,0
0,0,1,0,0,2,2,0,0,0,1,1,1,0,1,1,0,1,0,1
2,1,0,1,0,1,1,2,1,1,1,1,0,0,2,1,1,1,0,1
0,0,0,2,1,2,0,0,1,0,1,0,0,0,1,1,0,1,2,1
0,0,0,0,1,2,1,0,0,0,1,1,0,0,2,1,1,1,2,1
2,0,0,1,1,1,0,0,1,0,1,0,1,0,1,0,1,1,1,1
0,0,1,1,1,2,0,0,0,0,1,1,1,1,1,1,0,1,2,1
2,0,2,1,0,2,0,0,1,0,1,0,1,0,0,0,1,1,1,1
0,0,1,0,0,2,1,0,0,0,1,1,0,0,1,1,0,1,2,1
1,0,1,0,1,1,0,0,0,0,1,1,0,0,1,1,0,1,2,1
0,0,0,1,0,1,2,0,1,0,1,0,0,1,0,1,1,0,2,0
0,1,1,1,1,1,0,1,0,0,1,1,1,0,0,0,1,1,0,0
1,1,1,0,1,2,0,1,0,1,0,0,0,1,0,1,0,1,1,1
1,0,1,1,0,2,2,0,0,0,1,1,1,0,1,1,0,1,2,1
2,1,2,1,0,0,2,2,1,0,0,0,1,0,2,1,1,1,1,1
0,0,1,1,1,0,0,0,1,1,1,0,0,0,0,1,0,0,2,1
0,0,1,2,1,2,1,0,0,0,1,0,0,1,2,1,1,1,2,1
0,1,1,1,1,1,1,0,1,0,0,1,1,1,2,1,0,0,2,1
2,0,0,0,1,2,0,0,0,0,1,1,1,1,0,1,1,1,1,0
0,1,1,0,1,2,1,2,0,0,0,0,0,1,2,1,1,1,0,1
0,0,0,1,0,2,1,0,1,0,0,0,0,1,1,0,1,1,1,1
0,0,0,1,0,2,2,0,0,0,1,1,1,0,1,1,1,1,1,1
0,0,1,2,0,2,2,0,0,0,1,1,1,1,1,1,0,1,1,1
0,0,2,0,0,2,2,0,0,1,1,1,1,0,0,0,0,0,1,1
2,0,0,1,0,2,2,0,0,0,1,1,1,0,1,1,0,0,1,1
0,0,1,0,0,1,2,1,1,0,1,0,1,1,1,1,1,1,0,0
2,1,2,1,0,2,2,0,1,1,0,1,1,1,2,0,1,1,2,1
0,0,1,1,0,0,2,2,0,0,1,1,1,0,1,1,1,1,0,1
1,0,0,1,1,1,0,0,0,0,1,1,0,0,2,1,1,1,2,1
2,0,0,1,1,0,1,0,0,0,1,1,0,0,1,1,0,0,2,1
0,0,0,1,0,1,1,0,0,1,0,1,0,0,2,0,0,0,2,0
2,0,2,0,1,2,0,0,1,0,1,0,1,0,1,0,1,0,1,1
0,1,1,1,0,0,2,2,1,0,1,0,0,0,2,1,0,0,1,0
2,0,0,1,1,0,0,0,1,0,1,0,0,0,1,0,1,0,1,1
1,0,1,0,0,2,2,0,0,0,1,0,0,0,1,1,0,1,2,1
0,0,0,0,1,0,0,0,1,0,1,0,0,1,2,1,1,1,2,1
0,0,1,1,0,2,1,0,0,0,1,1,1,0,2,1,0,1,1,0
0,0,1,1,1,0,0,1,1,0,1,0,0,0,1,0,0,1,0,1
0,1,0,0,0,1,1,2,1,0,1,0,0,0,2,1,1,1,1,1
0,1,0,1,1,1,0,0,0,0,0,0,0,1,0,1,1,1,1,1
0,1,1,0,0,0,2,2,1,0,1,0,1,0,1,1,0,1,2,0
0,1,0,1,0,1,1,1,0,1,0,0,1,0,2,0,1,0,0,1
2,1,2,1,1,0,0,2,1,0,0,1,1,0,1,1,0,0,2,1
0,0,1,1,0,2,1,0,0,0,1,1,0,1,1,1,0,0,2,1
0,0,1,0,1,2,1,0,0,0,1,1,1,1,0,1,0,1,1,0
1,0,1,1,0,2,1,0,1,0,1,0,0,0,0,1,0,1,2,1
0,0,1,1,1,1,0,0,1,0,1,0,1,0,1,1,1,0,1,1
0,0,0,1,1,1,0,0,1,0,1,0,0,0,1,1,1,0,2,1
0,0,1,0,0,2,1,0,1,0,1,0,1,0,1,1,1,1,1,1
2,1,1,1,0,2,2,0,1,0,1,0,1,1,1,1,0,1,2,0
2,0,2,1,1,1,0,0,1,0,1,0,0,0,0,1,0,0,2,0
0,0,1,1,1,0,0,0,1,0,0,0,1,1,2,0,1,1,2,1
1,0,1,1,1,2,0,0,1,0,1,0,1,0,1,0,0,1,2,0
0,0,2,1,0,0,2,0,0,0,1,1,1,1,1,0,1,1,2,1
1,0,0,1,1,0,0,0,1,0,1,0,0,0,1,1,1,1,2,1
1,0,0,0,0,2,1,0,0,0,1,1,0,0,1,1,0,1,2,1
1,1,0,0,0,0,0,2,0,0,1,0,0,1,0,1,1,1,1,1
0,0,1,1,1,2,0,2,1,0,1,0,1,0,1,1,0,0,2,1
0,1,0,1,0,2,1,0,1,0,0,1,1,1,1,0,0,0,2,1
0,0,0,1,0,2,1,0,0,0,1,1,1,1,0,0,1,0,2,0
2,1,1,1,0,1,0,1,0,0,1,0,0,0,1,1,0,0,1,1
1,1,1,0,1,1,0,1,1,0,1,0,0,1,2,1,0,1,1,1
2,1,2,1,1,0,0,1,0,0,0,0,0,0,1,1,0,0,1,1
2,1,1,0,1,1,0,1,1,0,1,0,1,0,1,1,1,1,1,1
0,0,1,1,1,1,0,0,1,0,1,0,0,1,1,0,1,1,1,1
1,0,1,2,1,2,0,0,1,0,1,1,0,1,2,0,1,0,2,1
1,0,0,1,1,2,1,0,0,0,1,0,0,0,1,0,1,1,2,0
2,1,2,0,0,0,2,2,1,0,1,0,0,1,1,1,1,0,0,1
2,0,2,1,0,2,2,0,0,0,1,0,0,1,1,0,1,1,2,1
1,1,0,0,0,0,2,2,1,1,0,0,0,0,0,1,0,1,1,1
0,0,1,0,1,2,0,0,1,0,1,0,1,1,0,0,1,0,2,1
2,1,2,0,1,2,1,1,1,0,1,1,0,1,2,0,1,0,1,1
0,1,2,0,0,1,2,1,1,1,0,1,1,1,2,0,0,0,1,1
2,1,1,2,0,1,2,1,1,0,0,1,0,0,2,1,1,1,0,0
2,1,2,1,1,1,0,2,0,1,0,1,0,1,2,1,1,0,1,1
0,1,1,1,1,2,1,0,1,0,1,1,0,0,0,1,0,0,1,1
1,0,0,0,1,2,0,0,1,0,1,0,0,1,2,1,1,1,2,1
0,0,0,2,0,2,1,1,0,0,1,1,0,1,0,0,0,0,1,1
0,0,1,0,0,2,2,0,0,0,1,1,0,0,0,1,0,1,1,1
0,1,0,0,0,1,2,2,1,0,1,1,1,0,2,1,1,1,1,1
2,0,2,1,0,1,1,1,0,0,1,1,1,1,2,0,0,1,2,1
2,0,2,1,0,2,2,0,1,0,1,0,1,1,1,1,1,1,1,0
2,1,2,1,1,2,0,2,0,0,1,0,1,0,0,1,0,1,2,1
0,0,1,1,0,1,1,0,1,0,1,1,1,0,1,1,0,1,0,1
2,1,0,1,0,0,2,2,1,0,1,1,0,1,0,1,1,0,1,0
1,1,1,1,0,1,0,2,1,0,0,1,0,0,1,1,0,0,2,1
0,1,1,1,1,2,0,2,0,0,1,1,1,0,1,0,1,0,2,0
0,0,0,0,1,2,0,0,1,0,1,0,0,1,2,1,1,1,2,1
0,0,1,0,1,1,0,0,1,0,1,0,1,0,0,0,1,0,2,1
2,1,2,1,0,0,1,2,1,0,1,1,1,0,1,0,0,1,1,1
1,1,2,0,0,1,0,2,0,0,0,0,0,0,1,1,0,1,1,1
1,0,1,0,0,1,2,0,0,0,0,1,0,1,2,1,0,1,2,1
0,1,1,1,0,0,2,2,1,0,0,1,1,0,2,0,1,0,2,0
1,0,0,0,1,1,0,0,1,0,1,1,0,1,2,1,1,1,2,1
0,0,1,2,1,1,1,0,0,0,1,1,1,1,2,1,1,1,0,1
0,0,1,2,1,0,0,0,1,0,1,0,1,0,0,0,1,1,2,1
1,1,1,0,1,2,0,2,0,0,0,0,0,1,2,1,1,1,0,1
0,0,1,1,1,0,1,1,1,0,1,0,0,0,0,0,0,0,0,1
2,0,1,0,0,2,1,0,0,0,0,0,1,1,2,0,1,0,1,1
0,1,0,2,1,2,0,1,0,0,0,0,0,0,1,1,1,1,1,1
1,1,2,0,0,1,2,1,1,1,0,0,1,1,2,0,1,0,1,1
0,0,2,1,1,1,1,1,0,0,1,1,1,0,2,0,0,1,2,1
1,0,0,0,0,2,1,0,0,0,0,1,1,0,2,0,1,1,1,0
0,0,1,1,0,2,1,0,0,0,1,1,1,1,1,1,0,1,2,1
0,0,0,0,1,1,0,0,1,0,0,0,0,0,2,0,0,0,1,1
2,1,1,1,0,0,1,2,1,1,1,1,1,1,0,0,1,1,2,1
0,1,0,1,0,1,1,2,1,0,1,1,0,0,0,1,1,0,1,1
2,0,2,1,0,2,1,0,0,0,1,1,1,0,2,0,1,0,1,1
2,1,2,0,0,2,2,0,1,0,1,1,1,1,2,0,1,0,2,1
0,0,0,1,1,1,0,0,1,0,1,1,0,0,0,1,1,1,2,1
0,0,1,0,1,2,0,0,1,0,1,0,0,1,0,1,0,0,2,1
1,0,0,1,1,1,1,0,0,0,1,1,0,0,1,1,1,1,1,1
2,1,1,0,0,1,1,1,1,0,0,1,1,0,0,0,1,0,0,1
2,1,2,1,1,2,1,1,1,0,0,1,1,1,2,0,0,1,1,1
0,0,1,2,0,1,0,1,0,0,1,0,0,0,1,0,1,1,0,0
2,0,2,0,0,2,1,0,0,0,1,1,1,0,1,0,0,0,2,1
0,1,1,0,0,0,1,2,0,0,0,1,1,1,2,1,0,1,2,1
2,0,2,0,1,0,0,0,1,0,1,0,0,0,1,1,1,1,2,1
2,1,1,0,0,1,1,1,1,0,0,1,1,0,1,1,1,1,1,1
0,1,1,2,0,1,1,2,1,0,1,1,1,1,1,0,0,0,2,1
0,0,1,0,1,0,1,0,0,0,1,1,1,1,0,0,0,0,1,1
0,1,1,0,0,1,1,1,1,1,1,1,0,0,1,1,1,1,1,1
0,0,1,1,1,1,0,0,1,0,1,0,1,0,2,0,0,1,1,1
2,1,2,1,1,0,1,2,1,0,1,1,1,1,1,0,1,1,2,1
0,0,2,1,0,2,2,0,0,0,1,1,0,0,0,1,1,1,2,1
0,1,1,1,0,0,0,2,0,0,0,0,1,0,2,0,0,1,2,1
0,0,0,0,0,2,2,0,0,0,1,1,0,1,2,1,1,1,2,1
2,1,0,0,1,2,1,2,1,0,1,0,0,0,1,1,0,1,1,1
1,0,1,2,1,2,2,0,0,0,1,0,1,1,2,1,1,1,2,0
0,0,1,1,0,2,1,0,0,0,1,1,1,1,1,1,1,0,2,1
0,1,1,1,0,0,1,0,1,1,0,1,1,1,1,1,1,0,2,0
2,1,0,1,0,1,2,2,1,0,0,1,1,1,1,1,1,0,2,1
2,1,2,0,1,2,0,1,0,0,1,0,1,0,1,0,0,0,2,1
0,0,1,1,1,2,0,0,1,0,1,1,1,0,1,0,1,1,2,1
0,0,2,1,0,2,1,0,0,0,1,1,1,1,1,0,1,1,2,1
0,1,1,1,1,2,0,2,0,1,0,0,1,0,1,1,0,0,0,1
0,0,0,2,1,2,0,0,1,0,1,0,1,1,2,1,0,1,2,0
1,0,0,0,1,1,1,0,0,0,1,1,1,0,0,1,1,1,0,1
2,1,2,1,0,0,2,2,1,1,1,1,1,1,0,0,0,1,2,1
0,0,0,1,0,2,0,0,1,0,1,0,1,1,2,1,1,1,0,0
2,1,2,1,0,2,1,0,1,0,1,0,1,0,2,0,1,0,2,1
0,0,1,1,1,1,0,1,1,1,0,0,0,0,0,0,1,0,0,1
1,1,0,0,1,0,0,0,0,1,1,1,0,1,1,1,0,1,1,1
1,1,2,0,1,1,0,1,1,0,1,1,0,0,2,1,1,1,1,0
0,0,0,1,0,2,1,0,0,0,1,0,1,1,0,1,1,0,0,1
0,1,1,1,0,2,1,0,1,0,0,0,1,1,2,1,0,1,2,1
1,1,1,0,0,1,1,2,1,0,1,1,1,0,1,0,1,0,2,1
0,0,1,0,1,1,1,0,0,0,1,0,0,1,1,1,1,1,2,1
0,1,1,1,0,1,2,2,1,0,1,1,1,0,2,0,0,0,2,0
0,1,0,1,0,0,1,2,1,0,1,1,1,0,1,0,1,1,2,1
2,1,2,1,1,0,0,1,0,1,1,0,1,0,2,1,0,0,2,1
0,0,0,1,0,0,2,0,1,0,0,0,1,1,2,1,1,0,0,0
2,1,0,1,1,2,2,2,1,1,0,0,1,1,1,1,1,0,2,1
0,0,1,1,0,0,2,0,0,1,1,0,1,0,2,1,0,0,0,0
2,1,2,1,1,2,0,2,0,0,1,1,1,0,2,0,0,1,2,0
1,0,1,1,1,1,2,0,1,0,1,0,0,0,1,1,0,0,2,1
2,1,2,1,1,0,0,2,0,1,1,0,0,1,2,1,0,1,1,1
0,1,0,1,1,2,0,0,0,0,0,0,0,0,0,1,1,0,0,1
1,1,0,0,1,0,0,2,0,0,0,0,1,1,2,1,1,1,2,1
1,0,0,0,1,2,1,0,0,0,1,1,0,0,2,1,1,1,2,0
0,1,1,1,1,2,0,1,0,0,1,1,1,1,1,0,0,1,0,1
0,0,0,1,1,1,0,0,1,0,1,0,1,1,0,1,1,1,0,1
0,0,0,1,0,2,1,0,0,0,1,1,0,1,0,0,0,0,0,1
0,0,0,1,0,2,1,0,0,0,1,0,1,0,1,0,1,0,1,1
2,1,2,1,0,1,2,1,1,0,1,1,1,0,1,0,0,1,0,0
0,0,1,0,1,2,2,0,0,0,1,1,1,1,0,1,0,1,2,1
0,0,1,1,1,1,1,2,0,0,1,0,1,1,1,1,0,1,1,1
1,0,0,1,1,2,0,0,1,0,1,0,1,0,0,1,0,1,1,1
0,1,1,1,0,1,2,2,1,0,1,1,1,1,1,1,1,0,2,0
0,0,2,0,0,2,2,0,1,0,1,0,1,0,1,0,1,0,2,0
0,1,1,0,0,2,1,1,1,1,1,1,1,0,2,1,0,1,2,0
2,0,2,0,1,0,0,0,1,0,1,0,0,0,2,0,1,0,2,1
2,1,1,1,0,1,2,1,1,0,1,1,1,1,1,0,1,1,1,1
2,1,0,0,1,2,0,0,1,0,0,0,0,1,0,1,1,1,0,1
0,1,1,1,0,0,1,2,0,1,1,0,0,0,0,1,0,0,1,0
2,0,0,1,0,2,2,0,0,0,1,1,0,0,1,1,1,1,2,0
0,0,0,1,1,2,0,0,1,0,1,0,1,1,2,1,1,1,2,1
0,0,0,1,1,1,0,0,1,0,1,1,0,0,1,1,1,0,2,1
0,1,0,0,0,0,2,2,1,1,0,0,1,1,0,1,1,1,2,1
1,0,1,2,1,1,0,1,1,0,0,0,0,1,0,0,0,1,0,1
0,1,1,0,0,2,1,0,0,0,0,0,1,0,1,1,1,1,2,1
0,1,1,0,1,0,0,2,0,0,1,0,0,0,1,1,0,1,1,0
0,0,1,1,1,2,0,0,1,0,1,0,1,1,1,0,0,1,2,1
0,0,0,1,0,2,0,0,1,0,1,0,1,0,1,1,1,1,1,1
1,0,0,0,1,2,0,0,1,0,1,0,0,0,2,1,1,1,1,1
0,1,0,1,0,0,1,1,1,0,1,1,1,0,1,0,0,1,2,1
1,1,2,0,1,0,2,1,1,0,1,1,0,0,2,0,1,0,0,0
0,0,1,1,1,1,1,0,1,1,1,1,1,1,0,0,1,1,2,1
2,1,0,1,1,1,0,2,0,1,1,0,0,1,0,1,1,0,0,1
1,1,1,0,0,1,1,2,1,1,1,1,1,1,0,0,1,0,2,1
0,1,0,2,0,0,1,2,1,0,0,1,1,0,0,0,0,0,2,1
0,0,1,0,0,2,1,0,0,0,1,1,1,0,1,1,0,1,1,1
1,0,0,0,1,1,0,0,1,0,1,1,1,1,0,1,0,1,1,1
2,1,0,1,1,1,1,2,1,1,1,1,1,1,0,0,0,1,2,0
0,1,1,0,1,1,1,1,1,0,0,1,1,1,2,0,1,0,0,1
0,0,2,0,1,2,1,0,0,1,1,1,0,0,0,0,0,0,1,1
2,1,2,1,0,1,1,2,0,1,0,1,1,1,0,0,1,1,2,1
1,0,0,0,0,2,2,0,1,0,1,0,0,0,2,1,0,1,2,0
0,1,1,1,0,1,1,1,0,0,0,1,1,0,2,0,1,1,1,1
0,0,2,0,0,2,1,0,0,0,0,1,1,1,0,0,1,0,2,1
0,1,0,1,0,0,1,2,1,0,0,1,0,1,1,1,1,0,1,1
1,0,0,1,1,2,0,0,1,0,1,0,0,1,0,1,1,0,2,1
0,0,1,0,0,1,0,0,1,0,0,0,1,1,2,0,1,0,1,1
2,1,1,1,0,1,1,2,1,0,0,1,1,0,2,0,0,1,0,1
0,0,1,0,1,2,0,0,1,0,1,1,0,0,1,1,0,1,2,1
0,0,1,1,0,2,2,0,0,1,1,1,1,1,1,0,1,1,2,1
1,0,1,0,1,2,1,2,0,0,0,0,1,0,1,0,0,0,2,0
2,1,0,1,0,1,2,2,1,0,1,0,0,0,1,1,1,0,0,0
2,1,0,1,1,0,0,2,0,0,0,0,0,0,1,1,1,0,2,1
0,1,1,1,1,2,1,2,1,1,1,0,0,0,0,1,1,0,0,1
1,1,1,2,0,1,0,1,0,1,1,1,1,1,1,1,1,1,2,1
1,0,0,1,1,2,0,0,1,0,1,0,1,0,0,1,1,1,0,1
0,0,0,1,1,2,0,1,1,0,1,0,0,0,1,1,0,1,1,1
0,0,0,1,1,2,0,1,1,0,1,1,1,1,0,1,1,1,1,1
0,0,0,0,0,2,2,0,0,0,1,0,0,0,1,1,0,1,2,0
0,0,1,1,0,2,1,0,0,0,1,0,0,1,1,0,1,1,1,1
2,1,2,0,1,2,0,1,0,0,0,1,1,0,2,0,1,0,1,1
0,0,0,1,1,0,0,0,1,0,1,0,0,1,0,1,1,1,1,1
2,0,2,0,0,2,2,0,0,0,0,1,1,0,2,0,0,0,2,1
0,0,1,1,0,2,1,0,0,0,1,1,0,0,1,1,0,1,2,1
1,1,1,0,0,0,0,2,0,0,1,1,1,0,1,0,0,0,0,0
0,1,1,0,0,2,1,0,1,0,0,1,0,0,2,1,0,1,2,1
0,0,0,1,0,2,2,0,0,0,1,0,1,1,0,1,1,1,1,0
0,1,2,0,0,1,1,1,1,0,0,0,1,0,0,0,0,0,2,1
0,1,0,0,0,2,0,0,0,1,1,1,1,1,2,0,0,0,0,1
1,1,1,0,0,2,2,0,1,0,0,1,1,0,2,0,0,0,2,0
0,1,1,0,1,0,1,2,1,1,0,1,0,1,1,1,0,1,0,0
2,1,2,0,0,1,2,2,1,0,0,1,1,1,2,0,1,0,2,0
0,1,2,1,0,2,2,0,1,0,0,1,0,0,1,1,0,0,1,0
0,0,1,1,0,2,0,0,1,0,1,0,1,0,1,0,1,1,1,0
0,0,0,1,1,0,0,0,1,0,0,0,1,1,0,0,1,1,2,1
2,0,0,0,1,1,0,0,1,0,1,0,0,0,2,1,1,1,2,0
1,0,1,1,1,2,0,2,1,0,1,0,1,0,0,0,0,1,2,1
0,0,1,1,0,2,2,0,0,0,1,0,1,1,1,1,0,0,1,1
0,0,1,2,1,2,2,0,0,0,1,1,0,1,0,1,1,1,2,0
0,1,0,1,0,0,1,2,1,1,1,1,0,1,0,0,0,0,0,1
2,1,1,1,0,1,2,1,0,0,1,0,0,1,2,1,0,0,1,1
1,0,0,0,1,1,0,0,1,0,1,0,1,1,0,1,1,1,2,1
0,1,1,1,1,0,0,2,1,1,0,1,1,1,0,0,0,0,0,1
1,0,2,0,1,2,0,0,1,0,1,0,0,1,0,1,0,0,2,1
0,0,1,1,1,0,1,0,0,0,1,1,1,0,1,1,0,1,0,1
2,0,2,1,1,2,2,2,0,0,0,0,0,1,2,0,1,1,0,1
0,0,1,1,0,2,0,0,1,0,1,0,1,0,1,0,0,0,0,0
1,0,1,0,0,2,2,0,0,0,1,1,1,0,1,1,0,1,2,0
0,0,1,1,0,2,2,0,0,0,1,0,0,1,1,1,0,1,2,1
1,0,1,1,1,0,0,1,0,0,1,0,0,0,0,0,0,1,0,0
2,0,0,0,0,2,1,0,0,0,1,0,0,0,2,1,1,1,2,0
1,0,1,0,1,2,2,0,0,0,1,0,0,0,1,1,0,1,1,0
1,1,1,0,0,1,0,2,0,0,1,1,1,1,2,0,0,0,2,1
2,1,0,0,0,0,2,2,1,0,0,1,0,1,2,1,0,1,2,0
0,0,0,1,0,2,1,0,0,0,1,1,0,0,1,0,1,0,2,1
0,1,0,1,0,2,2,0,1,0,0,1,1,0,1,1,1,0,2,0
0,0,1,0,1,1,1,0,0,0,1,1,1,0,0,1,0,1,1,1
2,1,1,1,0,2,2,0,1,0,1,0,1,1,1,1,0,1,2,0
0,0,0,1,0,2,1,0,0,0,0,0,1,1,1,0,1,1,1,1
1,0,1,2,0,0,1,0,1,0,1,0,0,0,0,1,0,1,2,1
1,1,1,1,0,0,2,2,1,0,1,0,0,0,1,1,0,0,1,1
0,0,0,0,0,0,2,0,1,0,1,0,1,1,0,1,0,1,2,0
0,1,0,0,0,2,1,0,1,0,1,0,1,1,0,0,1,0,1,1
0,1,1,1,1,2,0,1,0,0,1,1,1,0,1,0,0,1,1,0
0,1,0,1,0,1,1,1,1,1,1,1,1,0,2,0,0,1,0,1
0,0,1,0,0,2,1,0,0,0,1,0,1,0,1,0,0,0,2,1
0,1,0,1,1,0,1,2,1,1,1,0,0,1,0,1,0,0,0,1
2,0,1,1,0,2,2,0,0,0,1,1,0,1,1,1,0,1,1,1
2,0,2,1,0,2,0,0,1,0,1,0,1,1,1,1,0,0,0,0
0,0,1,1,1,2,1,0,0,0,1,1,1,1,1,1,1,0,1,1
0,1,1,0,0,0,2,2,1,1,1,0,1,1,0,1,1,1,2,1
0,0,1,1,1,1,1,0,0,0,1,0,0,1,1,0,0,1,1,1
1,0,0,1,1,1,0,0,0,0,1,1,0,0,1,1,0,1,2,1
2,1,2,1,1,2,1,2,1,0,0,1,1,0,2,0,1,0,2,1
0,0,1,0,1,2,0,0,1,0,1,0,0,1,2,1,1,1,2,1
0,0,2,1,0,2,1,0,1,0,0,0,1,1,0,0,0,1,1,1
2,1,2,1,0,1,0,2,1,1,1,1,0,0,2,1,0,0,1,1
1,0,1,1,0,2,2,0,0,0,1,1,1,0,1,0,1,0,1,0
0,0,0,1,0,2,2,0,0,0,1,1,1,0,2,1,0,0,0,1
1,0,0,0,1,1,1,0,0,0,0,0,0,0,1,0,1,0,1,0
0,0,1,1,1,0,0,0,0,0,1,1,0,0,0,0,0,0,1,1
0,1,1,1,1,2,0,2,0,0,1,0,0,0,1,1,0,1,1,0
2,0,0,0,1,0,1,0,0,0,1,1,1,1,0,1,1,1,1,1
2,1,1,1,0,1,2,1,1,0,1,0,0,1,1,1,0,0,1,0
0,0,1,1,1,0,0,0,1,0,1,0,0,1,1,1,1,1,2,1
2,0,0,1,1,1,1,0,0,0,1,1,0,1,0,0,1,0,1,1
0,0,1,1,1,0,2,0,0,0,1,1,1,0,1,1,0,1,1,1
2,0,2,0,0,1,1,0,0,0,0,1,1,0,2,0,1,0,2,1
0,0,1,0,1,0,0,0,1,0,1,1,1,0,0,1,0,1,1,1
2,1,2,1,0,2,1,0,0,0,1,1,1,1,0,0,1,1,1,1
2,1,2,0,1,1,0,0,0,0,0,1,1,0,2,0,1,0,1,1
0,0,1,0,1,2,0,0,1,1,1,0,0,1,0,1,1,1,2,1
2,0,2,1,0,1,2,0,0,0,1,0,1,0,2,0,1,1,2,1
2,1,2,0,1,1,0,1,0,1,0,0,0,1,0,1,0,1,1,1
2,1,0,1,1,2,0,0,0,1,0,0,0,0,1,1,0,0,2,1
0,1,1,1,0,0,1,2,1,1,1,1,1,1,1,0,1,0,2,1
2,0,0,1,1,2,1,0,0,0,1,1,1,0,1,1,1,1,1,1
2,1,2,1,1,2,1,2,1,0,0,1,0,0,1,0,0,0,1,1
0,0,0,1,1,0,0,1,1,0,1,0,1,1,2,1,1,1,1,1
2,1,0,1,1,2,1,2,1,0,0,0,1,1,1,0,1,0,2,1
0,1,1,2,1,0,1,1,1,0,1,0,1,0,0,0,1,0,1,1
0,0,2,1,1,1,0,0,1,0,1,0,0,1,1,1,1,0,0,0
0,1,1,1,0,1,0,2,0,0,0,1,1,1,0,0,0,1,2,1
1,0,0,2,0,2,1,0,0,0,1,0,0,1,0,0,1,1,1,1
1,0,0,0,1,2,2,1,0,0,1,1,1,0,1,1,0,1,2,0
0,0,1,1,1,0,0,0,1,0,1,0,0,0,2,1,1,0,2,1
2,1,2,2,1,2,0,2,0,0,0,0,1,0,1,0,0,1,2,0
0,1,1,1,1,2,0,2,0,1,1,1,1,1,0,0,0,1,2,1
0,0,1,0,1,2,0,0,1,0,1,0,0,1,1,1,1,1,2,1
0,1,1,2,0,0,1,2,1,1,1,0,0,1,2,1,0,1,0,1
1,0,2,1,1,0,0,0,1,0,1,0,1,0,0,1,1,1,1,0
2,1,2,1,0,0,1,2,1,0,0,0,1,0,2,0,1,0,2,1
1,0,0,0,1,1,0,1,1,0,1,0,0,1,2,0,1,0,0,1
2,1,0,1,1,1,1,2,1,0,0,1,1,0,1,0,1,0,2,1
0,0,1,1,1,2,0,0,0,0,1,1,1,1,2,1,0,1,0,0
0,0,1,1,0,2,0,0,0,0,1,0,1,0,0,1,0,1,2,1
0,0,1,1,1,2,0,0,1,0,1,0,0,0,2,1,1,1,2,0
0,0,0,1,1,0,2,0,0,0,1,1,0,1,0,1,0,1,1,1
0,0,0,0,1,0,0,0,0,0,1,1,1,0,2,1,1,0,2,1
1,0,0,2,0,0,0,0,1,0,1,0,0,0,1,1,0,1,2,1
0,0,1,1,1,0,1,0,0,0,1,1,1,1,1,1,0,1,1,1
2,1,0,0,1,2,0,2,0,0,1,0,0,1,2,1,1,1,0,0
0,0,1,1,1,2,0,0,0,0,1,1,1,1,1,1,0,0,1,0
0,1,1,1,1,1,0,2,0,0,0,1,1,1,2,0,0,1,2,0
1,1,2,1,0,0,1,0,1,0,0,0,1,0,2,1,1,0,2,1
0,1,1,0,0,0,1,0,1,0,1,1,1,0,1,0,0,0,1,1
2,1,2,1,1,0,1,1,1,1,1,1,1,0,0,1,1,0,1,1
1,1,2,0,0,1,1,2,1,0,1,1,1,0,2,0,1,0,2,1
0,0,1,1,1,2,0,0,1,0,1,0,0,0,2,0,1,1,1,1
2,1,2,1,0,2,0,0,1,0,1,0,1,1,1,1,0,0,2,0
0,0,0,0,1,2,1,2,0,0,1,0,0,0,2,0,1,0,2,1
0,0,0,0,0,2,2,0,0,0,1,0,1,1,0,1,0,1,1,1
1,1,0,2,1,0,0,1,0,0,0,1,0,0,0,1,1,1,0,0
0,1,0,0,0,1,2,1,1,1,1,0,0,0,1,1,1,1,1,1
2,0,0,0,0,2,2,0,0,0,1,1,1,0,1,1,1,0,0,0
2,1,2,1,0,1,1,1,1,0,1,0,0,1,0,1,0,0,1,0
2,0,0,2,0,2,2,0,0,0,1,1,1,0,1,1,0,1,0,0
0,1,1,0,1,1,0,1,0,0,0,0,1,1,2,0,1,0,0,1
0,1,0,1,0,0,1,2,1,0,1,1,1,1,2,0,1,0,2,1
2,1,0,1,1,0,0,2,0,0,1,0,0,0,0,1,1,1,0,1
0,1,1,0,1,2,0,2,0,1,0,0,1,0,0,0,1,0,2,1
0,1,0,0,1,2,2,1,1,0,1,0,0,1,0,1,1,1,0,0
0,1,1,1,1,0,2,1,1,0,1,0,1,0,2,0,0,1,1,0
0,0,1,1,1,1,0,0,1,0,1,0,1,0,0,0,1,1,1,1
0,1,0,1,1,0,0,1,0,1,1,0,1,1,0,1,1,0,2,1
2,1,0,0,1,1,1,0,1,0,0,1,1,1,0,1,0,1,2,1
2,1,2,1,0,1,1,1,1,0,1,1,1,0,0,0,1,1,0,1
0,1,0,1,0,1,1,1,1,0,1,0,1,0,1,0,1,1,1,1
0,0,1,1,1,0,1,0,0,0,1,1,1,0,0,1,0,0,0,1
0,0,1,1,1,0,0,0,1,0,1,0,0,0,2,0,1,0,2,1
2,1,1,0,1,1,0,2,0,1,0,0,0,0,2,1,0,1,0,1
0,0,1,1,1,1,1,0,0,0,1,1,0,0,1,1,0,0,2,1
1,0,2,2,0,2,0,0,1,0,1,0,1,0,2,1,1,1,1,1
0,1,2,0,1,1,0,0,1,1,0,0,0,1,0,1,0,1,1,1
1,1,1,0,1,1,0,1,0,1,1,0,0,1,2,0,0,0,1,1
0,1,1,1,0,1,1,2,1,0,0,0,1,1,2,1,1,0,1,1
2,1,2,1,1,0,0,2,0,1,0,0,1,0,1,0,1,1,2,0
0,0,1,0,0,1,2,0,0,0,1,1,1,0,1,1,0,1,1,0
1,1,0,0,1,0,0,0,0,0,1,0,1,0,1,1,0,1,2,0
0,1,1,1,1,0,0,2,0,1,1,0,1,1,1,1,0,0,2,1
1,1,1,1,0,2,2,0,1,0,1,0,1,0,2,1,1,1,2,0
2,0,0,1,1,2,0,0,1,0,1,1,1,0,1,0,1,0,2,1
0,0,1,1,1,1,0,0,1,0,1,0,1,0,1,0,0,1,2,1
2,1,2,1,0,2,1,0,1,0,1,0,1,0,2,0,1,0,0,1
1,0,2,2,0,2,1,0,0,0,1,1,1,0,2,0,1,0,2,1
0,1,1,1,1,1,1,1,1,1,0,1,0,0,1,1,1,0,1,0
0,1,1,1,0,2,1,0,0,0,1,0,0,0,1,1,1,0,2,1
0,1,0,1,1,2,0,0,0,0,0,0,0,1,2,1,1,0,1,0
1,0,1,0,0,0,1,0,0,0,1,0,0,0,1,1,1,1,2,1
2,1,0,0,1,0,0,2,0,0,0,0,1,1,2,1,1,1,0,0
0,0,0,1,1,1,1,0,0,0,1,1,1,1,0,0,1,0,2,0
0,1,0,1,0,0,0,2,0,1,1,0,1,1,0,1,0,0,2,0
2,1,0,0,1,1,0,1,1,1,0,1,0,0,0,0,1,0,0,1
2,1,0,1,1,1,0,1,0,1,1,0,0,0,0,1,1,0,0,1
0,0,1,0,1,2,2,0,1,0,1,0,1,0,1,1,1,0,2,0
2,1,0,1,1,0,0,2,0,0,1,0,0,0,1,1,1,1,1,1
0,0,1,2,1,1,0,0,1,0,1,0,1,1,2,0,0,1,2,1
0,0,1,1,1,2,0,0,0,0,1,1,1,0,0,0,0,0,2,1
2,0,2,1,1,2,0,0,1,0,1,0,1,0,0,0,0,0,2,1
0,1,1,1,1,0,1,0,1,1,0,0,1,0,0,0,1,1,2,1
0,1,1,1,0,1,1,1,1,0,1,0,0,0,1,1,0,1,1,1
0,0,1,1,1,2,0,0,1,0,1,0,0,0,0,0,0,0,0,1
2,1,1,1,0,0,1,1,0,0,0,1,1,1,2,0,0,0,1,1
2,1,1,1,0,1,2,1,1,0,1,0,0,0,1,1,0,1,0,0
0,1,0,1,0,2,0,1,1,1,1,1,1,0,2,0,0,1,0,1
0,0,0,1,0,2,1,0,0,1,1,1,1,1,2,0,0,1,2,1
0,0,1,1,0,2,2,0,0,1,1,1,0,1,0,1,1,1,2,0
1,1,2,0,0,0,1,2,1,0,0,1,1,1,0,0,1,0,2,1
0,0,1,0,0,2,1,0,0,0,1,1,1,1,0,0,0,0,2,1
2,0,0,1,1,1,0,0,1,0,1,0,0,1,0,1,1,0,2,1
0,0,1,2,0,1,1,0,0,0,1,1,0,1,2,1,0,1,2,1
0,1,0,1,0,1,1,1,1,1,1,0,0,0,2,1,1,0,1,0
0,1,2,1,0,1,1,2,0,1,1,0,1,1,2,0,1,0,1,1
0,0,2,1,0,1,2,1,0,0,1,1,0,1,2,0,0,1,0,1
2,1,0,2,0,2,1,0,1,0,1,1,1,1,2,0,0,1,1,0
0,1,1,1,1,2,0,2,0,1,1,0,0,1,0,1,1,1,1,1
0,0,1,1,1,2,1,0,0,0,1,1,1,0,0,0,0,0,1,1
0,0,1,1,1,1,1,0,0,0,1,0,0,0,1,0,0,0,1,1
0,0,0,2,1,0,0,0,1,0,1,0,1,1,0,1,0,0,1,0
0,1,1,0,0,2,1,0,1,0,1,0,0,0,1,1,1,1,1,1
0,1,2,1,0,1,2,1,1,0,0,1,1,1,2,0,0,1,1,0
0,0,0,1,0,2,2,0,1,0,1,0,0,0,1,1,1,1,2,0
0,0,1,0,1,1,0,0,1,0,1,0,0,1,2,0,0,0,2,0
0,0,1,1,0,2,1,0,0,0,1,1,1,1,1,1,0,1,1,1
0,0,1,0,1,0,1,0,0,0,1,1,1,0,1,0,0,0,1,1
2,1,0,1,0,1,1,1,1,0,0,1,1,0,1,0,1,0,1,1
0,1,2,1,0,0,2,2,0,0,0,1,1,0,1,0,1,1,2,1
0,0,1,1,1,2,0,1,1,0,1,0,0,1,0,0,0,0,0,1
0,1,0,1,1,2,0,2,1,0,1,1,1,1,0,0,1,1,2,1
0,0,1,1,1,1,2,0,0,0,1,1,1,0,1,0,1,1,2,1
2,0,2,1,1,0,1,0,0,0,1,1,1,0,0,0,0,1,2,1
0,0,1,1,1,1,0,0,1,0,1,1,1,1,1,1,1,1,1,1
1,1,0,1,1,1,0,1,0,0,1,0,0,1,0,1,1,0,1,1
0,0,2,1,1,2,0,0,1,0,1,0,0,0,0,1,0,0,2,1
0,0,1,1,0,2,2,0,0,0,1,1,0,0,0,1,0,0,2,1
2,1,0,0,1,0,0,2,1,0,1,1,1,1,2,0,0,0,2,1
0,1,1,1,1,2,1,2,1,0,0,1,1,0,2,0,0,1,2,1
0,0,1,1,0,1,1,1,0,0,0,1,1,1,2,1,1,0,0,1
0,0,1,2,1,0,1,0,0,0,1,1,0,0,0,1,0,1,1,0
1,1,1,0,1,1,1,2,1,0,1,1,1,1,2,0,0,0,2,1
0,1,1,1,1,0,0,2,0,0,1,1,1,0,1,0,0,1,2,1
2,1,2,1,0,2,1,0,1,0,1,0,0,1,2,1,1,0,1,1
0,1,0,1,1,0,1,2,1,1,1,1,0,0,2,1,0,0,0,1
2,0,0,1,1,2,0,0,1,0,1,0,1,0,2,1,1,1,0,1
0,1,1,2,1,0,0,2,0,0,1,1,1,0,0,0,1,0,2,1
1,0,1,0,0,1,1,1,0,0,1,0,0,1,1,0,1,0,0,1
0,0,1,1,1,1,0,0,1,0,1,0,1,0,2,0,0,1,2,1
2,1,1,1,0,1,1,1,1,0,1,0,0,0,1,1,0,0,0,1
0,0,1,1,1,0,0,1,1,0,1,0,0,1,1,1,0,0,1,1
0,1,0,1,0,0,2,2,1,0,1,1,1,0,0,1,1,0,2,0
0,1,0,0,1,0,0,1,0,0,0,0,0,0,1,1,1,1,1,1
0,0,1,1,1,1,0,0,1,0,1,0,1,0,2,0,1,1,2,1
0,0,0,1,0,1,1,0,0,0,0,1,1,1,1,0,0,1,2,1
2,1,1,1,0,1,1,1,1,1,1,1,1,1,0,0,1,1,1,1
2,0,2,0,0,2,1,0,0,0,1,0,1,1,2,0,1,0,1,1
0,0,0,0,0,2,1,0,0,0,1,1,0,1,0,1,1,1,2,1
2,1,0,1,0,2,1,0,1,0,0,1,1,0,1,0,1,1,2,0
0,0,1,2,1,0,1,0,0,0,1,1,0,1,2,0,1,0,0,1
0,0,0,0,1,2,0,0,1,0,1,0,1,0,2,0,1,0,1,1
1,0,1,0,1,0,0,2,1,0,1,0,0,0,1,1,1,1,2,1
1,0,0,0,1,2,1,0,0,0,0,1,1,0,2,0,1,0,1,1
2,1,2,0,0,1,1,1,1,0,1,1,1,0,1,0,1,0,1,1
0,0,1,2,0,1,2,0,0,0,1,1,1,0,0,1,0,1,1,1
1,1,1,2,0,0,2,2,1,1,0,0,0,0,0,1,0,1,1,1
0,0,1,0,1,0,0,0,1,0,0,0,0,1,2,0,0,0,2,0
0,0,0,1,1,1,0,1,1,0,1,0,0,0,1,1,1,0,1,0
0,0,0,1,0,2,0,0,1,0,1,0,0,1,0,0,1,1,1,1
2,1,1,0,0,2,2,0,1,0,0,0,1,0,0,1,1,1,2,0
2,1,0,1,1,2,1,1,1,0,1,1,0,0,1,0,1,0,0,1
2,1,1,1,1,0,0,2,0,0,0,0,1,0,2,0,1,1,2,1
0,0,1,1,1,1,0,0,1,0,1,0,1,0,1,0,0,1,2,1
0,0,0,0,0,2,0,0,1,0,1,0,0,0,2,1,1,0,2,1
0,1,1,2,1,2,0,2,0,0,0,1,1,1,0,0,0,0,2,0
0,0,1,1,0,1,1,1,0,0,1,0,1,1,1,1,0,1,1,1
0,1,1,1,1,2,0,1,0,1,0,0,1,0,1,0,1,1,1,1
2,1,0,0,1,2,0,1,0,0,0,0,0,0,1,1,1,1,1,1
0,1,1,0,1,2,1,1,1,0,0,1,0,1,2,1,1,1,1,1
0,0,1,1,0,2,2,0,0,0,1,1,1,0,1,1,0,0,1,1
0,0,1,2,0,2,0,0,1,0,1,0,0,0,0,0,0,0,1,1
0,0,2,0,1,0,0,0,1,0,1,0,0,0,2,0,0,0,1,1
0,1,1,0,0,1,0,1,1,0,1,1,1,1,1,0,1,0,1,1
2,1,2,0,1,1,0,2,0,1,1,0,0,1,2,1,1,1,0,1
1,0,1,0,1,2,0,0,1,0,1,0,0,1,0,1,1,1,2,1
2,0,0,1,0,2,1,0,0,0,1,1,1,0,1,1,1,1,0,0
0,0,0,1,1,1,0,0,1,0,1,0,1,0,1,1,1,1,0,1
0,0,1,2,0,1,2,1,0,1,1,1,1,0,0,1,1,1,1,0
0,1,0,1,1,0,0,2,0,1,1,0,0,1,0,1,0,1,1,0
2,1,2,1,1,2,0,2,0,1,0,0,1,1,2,1,0,1,2,0
2,0,0,2,1,0,0,0,1,0,0,0,1,0,1,1,0,1,1,0
0,1,0,1,0,1,0,1,0,0,0,0,0,0,1,1,1,1,1,0
0,0,1,1,1,0,2,0,0,0,1,1,1,0,1,0,0,1,1,1
0,1,0,2,1,2,0,2,1,1,1,1,1,0,0,0,1,0,2,1
1,1,1,0,0,2,1,0,1,0,0,0,1,0,1,1,1,1,1,1
2,0,2,0,1,1,0,0,1,0,1,1,1,1,2,1,1,1,0,0
1,1,0,0,1,0,0,0,0,0,0,0,0,1,2,1,0,1,1,1
0,0,1,0,1,2,2,0,0,0,1,0,0,0,1,1,1,1,2,1
0,1,1,0,1,2,0,2,0,0,1,1,1,0,1,0,0,0,2,1
0,0,1,0,0,2,1,0,0,0,1,0,1,0,1,0,1,0,1,1
0,1,1,0,1,0,0,1,0,0,0,1,0,0,0,0,1,0,0,1
0,0,0,1,0,2,1,0,0,0,1,0,0,0,1,0,1,0,1,1
2,1,2,1,0,2,0,1,1,0,0,1,1,1,0,0,1,1,1,1
1,0,1,0,0,0,0,2,0,0,1,0,1,0,1,0,1,0,2,1
0,0,1,0,0,1,1,0,0,0,1,1,0,1,1,1,0,1,2,1
2,1,2,0,0,1,1,1,1,0,0,1,0,0,2,0,1,0,0,1
0,0,0,1,1,1,2,0,0,0,1,1,0,1,0,1,1,0,2,1
0,1,1,1,1,2,2,2,1,1,0,0,1,0,1,1,0,0,1,1
0,0,2,1,1,1,0,0,1,0,1,0,0,1,1,0,0,1,1,1
0,0,1,2,0,0,2,2,0,0,1,1,1,0,1,1,1,1,0,1
0,0,1,0,0,1,1,1,0,0,1,1,1,0,1,1,1,1,1,1
0,0,1,1,1,2,0,0,0,0,1,0,1,0,0,0,1,0,2,0
0,1,2,0,1,1,2,1,1,0,0,1,1,1,2,0,1,0,1,0
2,1,0,2,1,2,0,1,0,0,1,0,0,0,2,1,1,1,1,0
0,1,0,1,0,1,1,1,1,0,1,0,0,0,1,1,1,1,1,1
0,1,0,1,1,2,0,0,0,1,0,1,1,0,2,0,1,1,0,1
0,1,0,1,0,1,1,2,1,1,0,1,1,0,1,0,1,1,2,0
1,0,1,1,1,1,0,2,1,0,1,1,1,0,0,1,1,0,0,0
0,0,0,1,1,2,0,0,1,0,1,1,1,0,2,1,0,1,2,1
2,1,0,1,1,0,0,2,1,1,0,0,0,1,0,1,0,0,0,1
0,0,1,1,1,1,0,0,1,0,1,0,0,0,1,0,1,0,2,1
0,0,1,1,0,2,1,0,0,0,1,1,0,1,0,1,0,0,2,1
0,1,1,0,1,0,0,1,0,0,0,1,0,1,2,1,1,1,0,1
0,1,0,0,1,2,0,2,0,0,0,1,1,0,1,0,1,0,2,0
0,0,1,1,1,2,0,0,1,0,1,0,0,1,1,1,1,0,2,1
0,0,0,2,0,2,1,0,0,0,1,1,1,1,0,1,0,1,1,0
1,1,0,0,1,2,0,0,0,0,0,0,1,1,2,0,1,0,1,1
0,0,1,1,1,2,1,0,0,0,1,1,0,1,1,1,0,1,2,1
0,0,1,0,1,0,0,0,1,0,1,0,1,1,0,0,1,0,1,0
2,0,0,1,0,0,2,0,0,0,1,1,1,0,1,1,0,0,2,0
0,1,2,1,0,1,2,1,1,0,0,1,1,1,0,0,1,1,0,0
2,0,0,0,1,1,1,0,1,0,1,1,0,0,2,0,1,0,0,1
2,1,1,2,0,2,1,0,1,0,0,1,0,1,1,1,0,0,1,1
0,0,1,0,1,0,0,0,1,0,0,0,1,0,2,1,1,1,1,1
0,1,0,1,1,1,0,1,0,1,1,0,1,1,2,1,1,1,1,1
0,1,1,0,1,2,0,2,0,0,1,0,1,0,1,1,1,1,1,1
1,0,0,1,1,2,0,0,1,0,1,0,1,1,0,1,1,1,2,0
1,0,1,2,0,2,2,0,0,1,1,1,0,1,1,1,0,1,1,0
2,0,1,1,1,1,1,0,0,0,0,1,0,1,2,1,1,0,1,1
2,0,0,1,1,0,0,0,1,0,1,0,1,1,0,1,1,0,0,1
1,1,1,0,1,2,0,1,0,1,0,0,0,0,2,1,0,1,1,1
0,1,1,0,1,2,1,2,1,0,1,0,1,1,1,0,1,0,2,1
0,1,1,1,1,0,1,2,1,0,0,0,1,1,2,0,1,0,2,1
2,0,2,1,0,2,2,0,0,0,1,0,0,1,0,0,1,1,2,1
0,0,1,1,1,0,2,0,1,0,1,0,0,1,1,1,1,0,2,0
0,1,1,0,1,2,0,1,0,0,0,0,0,0,0,1,0,0,2,1
1,1,0,2,1,2,1,1,1,0,1,1,1,0,2,0,0,1,0,0
0,0,0,1,1,1,0,0,0,0,1,1,0,0,0,1,0,1,1,1
2,1,0,2,0,0,2,0,1,1,0,0,1,1,2,1,0,1,2,1
1,1,0,0,1,1,0,1,0,1,1,0,1,0,2,1,1,1,1,1
0,1,1,0,1,2,0,2,0,0,0,0,0,1,2,1,1,1,1,0
2,1,1,1,0,0,2,2,1,1,1,0,1,0,2,1,0,0,2,1
0,0,0,1,1,2,1,0,0,0,1,1,0,1,0,0,1,1,1,1
0,0,2,1,0,2,1,0,0,0,1,0,1,1,1,0,1,0,2,1
0,0,0,1,1,2,0,0,1,0,1,0,1,0,1,1,1,1,0,1
0,0,1,1,0,2,1,0,0,0,1,1,0,1,1,1,0,0,2,1
0,1,1,0,1,0,1,2,1,1,0,1,1,1,1,0,0,0,2,1
0,1,2,0,0,2,2,0,1,1,1,1,1,0,0,0,1,0,2,1
0,0,0,1,1,0,0,1,1,0,1,0,1,0,1,1,1,1,0,1
0,0,1,1,0,2,1,1,0,0,1,1,0,0,1,0,1,1,0,1
2,0,2,0,0,2,1,0,1,0,1,0,1,1,0,0,1,0,2,1
2,0,2,1,1,0,1,0,0,0,1,1,1,0,1,0,0,0,1,1
0,1,0,1,0,2,1,0,1,0,0,1,0,0,1,1,0,1,0,1
0,0,1,0,1,2,0,0,1,0,0,0,1,0,1,0,1,0,1,0
0,1,0,2,1,0,0,2,0,0,0,1,1,0,0,1,0,1,2,1
0,0,1,2,1,0,0,0,1,0,1,0,0,1,0,0,1,1,1,0
2,1,0,1,1,2,1,2,1,0,0,1,1,1,1,0,1,0,2,1
1,0,1,1,0,2,2,0,0,0,1,1,0,0,1,1,0,0,2,1
0,1,1,0,0,0,1,2,1,0,0,1,0,1,2,1,1,1,1,1
0,1,2,1,1,2,0,1,0,0,0,0,1,1,2,0,1,1,0,0
0,0,0,1,0,2,1,0,0,0,1,1,1,0,1,1,0,1,1,1
1,0,0,0,1,2,0,0,1,0,1,0,1,0,0,1,0,1,0,0
0,0,1,1,0,2,1,0,0,0,1,1,1,1,1,1,0,1,1,0
2,1,2,2,1,1,0,0,0,1,0,1,1,1,1,0,0,0,2,1
2,0,2,1,0,2,1,0,0,0,1,0,1,1,2,0,1,1,2,1
0,1,0,1,1,2,0,2,0,0,1,0,1,0,1,1,1,1,2,1
1,1,1,0,0,2,0,0,0,0,1,0,1,1,0,0,1,0,1,1
2,1,2,0,0,2,2,0,1,1,1,1,0,1,0,1,1,1,0,1
0,1,1,1,1,0,0,2,0,0,0,1,1,1,1,0,0,1,2,1
0,1,0,0,0,1,2,1,0,1,0,0,1,1,2,1,1,1,1,0
0,0,1,1,1,2,1,0,0,0,1,1,0,1,0,0,0,1,2,1
2,1,2,1,1,1,0,1,0,0,1,0,0,1,1,1,0,1,1,1
1,0,1,1,0,2,2,0,0,0,1,1,0,0,1,1,1,0,1,1
1,0,1,0,1,2,0,0,0,0,1,0,0,1,1,0,0,0,1,0
2,1,0,1,1,1,1,0,1,0,1,1,1,0,1,0,0,1,2,1
2,0,2,0,1,2,2,0,0,0,1,1,1,1,0,0,1,0,2,1
2,1,0,1,1,0,1,2,1,0,1,1,1,0,1,0,1,0,2,1
0,0,0,1,1,2,0,0,0,0,1,1,0,1,0,1,0,0,2,1
0,0,1,1,0,2,1,0,0,0,1,1,0,0,2,1,1,0,2,1
1,0,0,0,0,2,1,0,0,0,1,1,0,1,0,0,1,0,2,1
2,1,0,0,1,2,0,0,0,1,1,0,0,0,2,1,0,0,1,1
1,0,1,0,0,2,2,0,0,0,1,0,1,0,1,1,1,1,1,0
0,0,1,0,0,2,2,0,0,0,1,1,1,1,2,0,0,0,1,1
2,1,2,1,1,0,2,2,1,0,0,1,0,1,2,0,0,1,0,0
1,0,0,0,1,1,1,0,0,0,1,0,1,0,2,1,1,1,1,1
0,1,0,1,0,1,2,1,1,0,1,1,0,0,1,1,0,1,1,0
0,0,2,1,0,2,1,0,0,0,1,1,1,0,0,0,1,1,2,1
0,1,2,1,0,0,1,2,1,0,1,1,1,1,2,0,0,1,2,1
0,1,2,2,0,1,2,2,1,1,0,0,1,1,1,0,1,0,2,1
0,1,1,0,0,1,1,2,1,0,1,1,0,1,2,1,0,1,1,1
0,0,1,1,0,2,1,0,0,1,1,1,0,0,0,1,1,1,1,1
0,0,1,1,1,0,0,1,1,0,1,0,1,0,0,1,0,0,1,1
1,0,0,0,1,1,1,0,0,0,0,0,0,1,2,0,1,0,1,1
1,0,2,0,0,0,2,0,0,0,1,1,1,0,1,0,1,0,0,1
2,1,1,2,0,1,2,2,0,1,1,0,1,1,1,1,0,1,2,0
0,1,0,0,1,2,0,1,0,1,1,0,0,0,1,1,1,1,1,1
0,0,0,0,0,2,1,0,0,0,1,0,1,1,0,1,0,1,1,0
2,1,0,1,1,0,2,1,1,0,1,0,0,1,0,1,1,1,1,0
0,1,0,1,1,2,1,2,1,1,0,1,1,0,2,0,1,0,2,1
2,1,2,1,1,1,0,2,0,0,0,1,1,1,2,0,0,1,2,1
2,1,1,1,0,1,1,2,1,1,0,1,1,1,1,1,1,0,2,1
0,1,1,1,1,1,2,0,1,1,1,0,0,0,0,1,0,0,2,1
2,1,0,1,1,1,0,1,1,0,1,0,0,0,1,1,1,1,1,1
0,0,0,1,1,0,1,0,0,0,1,1,0,1,0,1,1,0,2,1
0,0,1,1,1,1,0,0,1,0,1,0,0,0,1,1,0,0,2,0
1,1,1,1,0,0,2,2,1,1,0,1,1,1,0,0,1,1,0,1
0,0,0,0,0,0,1,0,0,0,1,0,0,0,1,0,1,0,2,1
2,1,0,1,1,0,1,1,1,0,1,0,1,0,1,1,1,1,1,1
0,1,0,2,1,1,0,1,1,0,0,0,1,0,1,0,1,0,1,1
0,0,1,1,1,2,2,0,0,0,1,1,0,0,1,1,0,0,1,1
1,0,0,0,1,1,0,0,1,0,1,1,0,0,2,1,1,1,2,1
1,0,1,0,0,2,2,0,1,0,1,0,0,0,1,0,1,0,1,0
0,1,0,1,0,1,2,1,1,1,1,0,1,1,0,1,1,0,1,1
0,1,1,1,1,2,1,0,1,1,1,1,1,1,0,1,1,1,2,0
2,1,2,1,0,1,2,1,1,0,0,1,1,1,0,0,1,1,1,0
0,0,1,0,1,1,0,0,0,0,1,1,0,0,1,1,0,1,2,1
2,1,0,1,0,1,1,2,1,0,1,0,0,1,0,1,1,1,1,1
0,1,1,1,1,2,1,2,1,0,0,0,0,0,2,1,1,1,0,1
2,0,0,1,1,2,0,0,1,0,1,1,1,0,0,1,1,1,0,1
1,0,0,1,1,1,2,0,0,0,1,1,1,0,1,1,1,0,0,1
0,1,0,0,0,1,0,2,0,0,0,0,1,0,2,1,0,1,2,1
1,0,1,1,1,2,1,0,0,0,1,0,0,1,1,1,1,0,2,0
2,1,2,2,1,0,1,2,1,0,0,1,1,0,1,0,1,0,1,1
0,1,1,0,1,0,0,2,0,1,0,0,0,1,1,1,1,1,0,1
2,1,1,1,0,1,0,0,0,1,0,1,0,0,2,1,1,1,1,1
0,0,0,1,0,1,1,0,1,0,1,0,0,1,0,0,1,1,0,1
0,0,1,0,0,2,1,0,0,0,1,1,0,1,2,1,0,0,2,1
0,0,0,1,0,1,1,1,0,0,1,1,1,0,1,1,1,0,1,1
2,1,0,0,1,1,0,2,0,0,0,0,1,1,2,1,1,0,2,1
0,0,1,0,1,1,1,0,0,0,1,1,1,1,2,1,0,1,0,1
2,1,2,1,0,1,1,2,1,0,0,1,1,1,0,0,0,0,2,1
2,1,2,1,0,1,1,1,1,0,0,1,0,1,2,0,1,0,1,1
0,0,0,1,0,2,1,0,0,0,1,1,1,1,2,1,0,1,1,1
0,1,1,0,1,2,0,2,0,0,0,1,1,0,0,0,0,0,2,1
1,1,1,0,1,2,1,2,1,0,0,1,0,1,2,1,1,0,1,1
0,0,1,1,1,2,0,0,1,1,1,1,1,0,2,1,1,0,1,1
2,1,0,1,0,1,1,0,0,0,1,1,1,0,1,0,0,0,2,0
0,1,2,0,1,0,0,2,0,0,0,0,0,1,2,1,0,1,1,0
0,0,1,1,0,1,1,1,0,0,0,1,1,0,2,1,1,0,1,1
2,1,1,1,0,0,2,2,1,0,0,1,0,0,2,1,1,0,2,0
0,0,1,1,1,0,2,0,0,0,1,1,1,0,1,0,1,1,1,1
0,0,1,1,1,1,1,0,0,0,1,0,0,0,1,0,0,1,0,1
0,1,0,1,0,1,1,1,1,0,1,1,0,0,0,0,0,1,1,1
0,0,0,0,0,2,1,0,1,0,1,0,1,1,0,0,1,0,2,1
0,0,1,0,0,2,0,0,1,0,1,0,1,0,1,0,1,0,2,1
2,1,1,1,0,1,1,1,0,0,1,0,0,1,1,1,0,0,1,1
0,1,1,0,1,0,0,2,0,1,1,0,1,0,2,1,1,1,2,0
0,0,1,1,1,0,0,0,1,0,1,1,1,1,2,1,1,0,2,1
1,1,1,1,0,1,1,2,1,1,0,0,0,1,0,1,0,0,0,1
0,1,0,2,0,2,1,0,1,0,1,0,0,0,0,1,1,1,0,1
0,0,2,0,0,2,2,0,0,0,1,1,0,1,1,0,0,0,0,1
2,1,0,1,1,0,2,2,1,0,1,0,0,1,0,1,1,0,0,1
1,1,1,0,0,0,1,2,1,0,0,0,1,1,2,1,1,1,2,1
1,1,1,1,1,1,0,0,0,0,0,1,0,0,2,0,1,1,1,1
1,1,1,0,0,0,2,2,1,1,1,1,1,1,0,0,1,0,2,1
0,0,1,1,1,1,0,0,1,0,0,0,0,1,1,0,1,1,2,1
1,0,0,0,1,0,1,0,1,0,1,0,0,0,0,0,1,0,1,1
0,0,1,1,1,0,0,0,1,0,1,0,0,0,2,0,1,0,1,1
0,1,1,0,1,0,0,2,1,1,0,0,0,0,2,1,1,1,0,1
0,1,1,2,1,2,0,2,0,0,0,1,1,0,1,0,1,0,2,1
0,0,1,2,1,2,1,0,1,0,1,1,1,1,0,1,0,1,2,1
0,0,1,2,0,0,2,0,0,0,1,0,0,0,1,0,1,1,1,0
2,1,2,0,0,2,1,0,1,1,1,0,1,0,0,0,0,0,2,1
0,0,1,1,0,0,1,0,1,0,1,0,0,1,2,1,0,1,2,1
0,0,1,0,1,1,2,0,1,0,1,0,0,0,0,1,0,1,2,0
0,0,2,1,1,2,0,1,1,0,1,0,0,0,0,0,0,1,1,1
0,0,0,1,0,2,1,0,0,0,1,1,0,0,0,1,0,0,2,1
1,0,0,0,1,2,0,0,1,0,1,0,0,0,0,1,0,1,2,1
0,0,0,1,1,0,1,1,1,0,1,0,0,0,0,0,1,0,0,1
0,0,1,1,1,1,0,0,1,0,1,0,1,0,1,0,0,1,1,1
0,1,0,1,1,2,2,2,0,0,1,0,1,0,0,1,1,1,2,1
2,0,1,1,1,2,0,0,1,0,0,1,0,1,2,0,0,1,2,1
0,1,0,0,0,0,2,2,1,1,1,0,1,1,0,1,0,1,1,1
0,0,1,1,0,2,0,0,1,0,1,0,0,0,2,0,0,1,1,1
0,1,0,2,1,1,0,0,0,0,0,0,0,1,0,1,0,0,0,0
0,0,2,0,0,2,1,0,1,0,0,0,1,1,1,0,1,0,1,1
0,0,1,1,0,2,2,0,0,0,1,1,1,0,1,1,0,0,1,1
1,0,0,2,1,0,0,0,1,0,1,0,0,1,0,1,1,1,2,1
1,0,1,0,1,1,0,0,1,0,1,0,0,1,1,1,1,1,1,1
2,0,0,1,1,2,0,0,0,0,1,1,1,0,1,1,0,1,0,0
0,1,1,0,0,1,1,2,1,0,0,0,1,0,1,0,0,0,2,1
0,1,1,1,1,2,0,0,0,0,1,1,1,0,1,0,0,0,1,0
0,0,0,1,0,2,1,0,0,0,1,1,1,0,1,0,1,0,1,1
2,1,2,1,0,2,1,0,0,0,1,1,1,1,0,0,1,1,2,1
1,1,0,2,1,1,0,1,0,1,1,1,0,1,1,0,0,1,1,1
1,0,1,2,0,2,1,0,1,0,1,0,0,0,0,0,1,1,1,1
0,0,1,0,0,2,2,0,0,1,1,1,1,1,2,1,1,1,0,0
0,1,1,0,1,0,1,1,1,1,1,1,0,1,0,0,0,0,1,1
0,1,0,1,0,0,1,2,1,1,1,0,1,0,2,1,0,0,2,0
1,0,0,2,1,2,1,0,0,0,1,1,0,1,2,1,0,1,1,1
2,1,2,0,1,2,0,0,0,0,0,1,1,1,1,0,1,0,2,1
2,0,2,1,1,2,0,0,1,0,1,0,1,0,0,0,0,1,2,1
0,1,0,1,0,0,1,2,1,0,0,0,0,0,1,1,1,0,2,1
0,1,1,0,1,0,0,2,0,0,0,0,0,0,0,1,1,1,1,0
2,0,0,1,0,2,1,0,0,0,1,1,1,0,0,0,0,1,2,1
1,0,0,0,1,2,1,0,0,0,1,1,0,0,2,1,0,1,2,1
0,0,1,1,0,1,2,1,0,0,0,1,1,0,0,0,1,1,1,1
0,0,0,1,0,1,1,0,1,0,1,1,1,0,1,1,1,1,0,1
0,1,1,0,1,2,1,2,1,1,1,1,0,1,0,1,1,1,0,1
0,0,1,1,0,1,1,1,0,0,1,1,1,0,1,1,0,0,1,1
0,0,2,0,0,2,1,0,0,0,1,0,1,0,1,0,1,0,1,1
1,0,2,1,0,2,2,0,0,0,1,0,1,1,1,1,1,1,1,1
0,0,1,0,1,2,1,0,0,0,1,0,1,1,1,1,1,1,1,1
0,0,0,1,0,2,1,0,0,0,1,1,1,0,1,0,1,1,1,1
0,0,0,0,0,2,1,0,0,0,1,1,1,0,2,1,1,1,2,1
2,0,0,0,0,2,2,0,0,0,1,1,1,1,0,1,0,0,1,0
1,0,1,0,1,2,0,0,1,0,1,1,0,0,1,1,0,1,2,0
0,0,1,1,1,0,0,1,0,0,1,1,0,0,2,0,0,1,0,1
2,1,2,0,0,0,2,2,1,0,1,0,0,0,1,1,0,0,0,0
2,1,2,0,0,0,1,2,1,1,1,1,1,0,0,1,0,1,0,0
0,0,0,1,0,2,1,0,0,0,1,1,1,0,1,1,0,0,0,1
0,0,0,1,0,1,2,1,0,0,1,1,0,0,0,1,1,0,1,0
1,1,1,0,0,0,1,2,1,0,0,0,0,1,2,1,1,1,1,1
2,1,2,1,1,0,1,2,1,0,1,1,0,1,1,1,0,0,0,1
2,1,2,0,1,1,2,0,1,1,1,1,0,1,1,1,0,1,1,1
2,1,0,0,1,1,0,2,0,1,1,0,1,0,1,1,1,1,2,1
1,0,1,0,0,1,1,2,1,0,1,0,0,0,1,0,1,0,2,1
0,0,0,0,1,1,0,0,1,0,1,0,1,1,0,1,0,1,1,1
0,0,1,0,1,1,0,0,1,0,1,0,1,1,0,0,1,0,2,0
0,0,0,0,1,0,0,0,1,0,1,1,1,0,0,1,1,1,1,0
0,0,0,1,1,1,0,0,1,0,0,0,1,0,2,0,1,1,1,1
1,1,2,0,0,1,2,1,1,0,1,1,1,0,1,0,0,0,0,1
0,0,1,1,0,1,2,0,0,0,1,1,1,0,0,1,0,1,1,1
1,1,0,1,1,2,1,2,1,0,0,1,1,0,1,0,1,1,2,1
0,0,0,0,0,2,0,0,1,0,1,0,0,1,2,1,1,1,2,1
1,0,2,2,0,2,0,0,1,0,1,0,1,0,2,0,1,0,1,1
0,1,1,1,0,1,2,1,1,0,0,0,0,1,2,1,0,0,1,0
0,1,1,0,0,1,0,2,0,1,0,1,1,1,1,0,0,1,2,1
2,1,0,1,1,0,2,2,1,0,1,1,1,0,1,1,1,1,0,0
1,0,1,0,0,2,2,0,0,0,1,1,0,1,1,1,0,0,2,0
2,1,2,2,0,1,1,0,0,0,1,0,1,1,1,0,1,1,0,1
0,0,1,0,1,1,0,0,1,0,1,0,1,0,1,1,1,1,0,1
0,0,1,0,1,0,1,0,0,0,1,1,1,0,1,1,0,1,1,1
0,0,0,1,1,0,0,0,1,0,1,0,0,0,1,1,1,1,2,1
0,0,0,0,0,2,1,0,0,0,1,0,1,1,2,1,0,1,1,1
2,1,0,0,1,2,1,2,1,0,1,1,1,1,2,0,1,0,2,1
1,1,0,0,1,1,0,2,1,0,1,0,1,0,2,1,1,0,2,1
2,1,0,0,1,0,2,2,1,0,1,1,0,0,1,1,0,0,1,0
0,0,1,1,0,2,1,0,0,0,1,0,0,0,1,1,1,1,2,1
2,0,0,1,1,1,0,0,1,0,0,0,0,0,1,1,1,0,2,1
0,0,1,0,1,0,0,0,1,0,1,0,1,1,2,0,0,0,1,1
2,1,1,0,1,0,0,2,1,0,0,1,1,1,2,0,0,0,2,1
0,0,2,1,0,1,1,1,0,0,1,1,1,1,1,0,0,0,1,1
0,1,0,1,0,1,0,1,0,0,0,0,1,1,0,1,1,0,2,0
0,1,1,0,1,2,0,1,0,0,1,1,0,1,0,0,1,0,0,0
2,0,1,0,1,1,0,0,1,0,1,0,0,1,0,1,1,1,0,1
0,1,1,1,0,1,1,1,1,0,1,1,1,1,1,0,0,0,2,1
0,0,0,1,1,2,0,1,0,0,1,1,0,0,1,1,0,0,1,1
2,0,0,1,1,1,1,1,1,0,1,0,1,1,2,1,1,0,1,1
0,0,1,0,1,2,2,0,0,0,1,1,0,0,1,1,0,1,2,1
0,0,1,1,1,0,0,0,1,0,1,0,1,0,1,0,0,0,2,0
0,1,1,1,0,2,1,0,1,0,0,1,0,0,2,0,1,1,0,1
0,0,1,1,1,0,1,0,0,0,1,1,1,0,1,0,0,0,1,0
2,1,0,1,1,2,1,2,0,0,0,1,1,1,1,0,1,0,2,1
2,0,0,2,1,2,1,0,0,0,1,1,1,0,2,1,0,1,1,1
0,0,1,1,0,2,1,0,0,0,1,1,0,1,1,1,1,1,1,1
2,1,0,1,1,1,0,1,0,0,1,0,0,0,2,1,1,1,1,1
0,0,0,1,0,2,1,0,1,0,1,0,1,0,1,0,1,0,2,1
0,1,1,1,0,1,0,1,0,1,1,1,0,0,0,1,1,1,1,1
0,0,1,0,1,1,0,0,0,0,1,0,1,1,1,0,0,0,2,1
0,0,1,1,1,1,0,0,1,0,1,0,0,1,1,1,0,0,1,1
0,1,1,1,1,2,0,2,0,0,1,1,1,0,1,0,1,1,2,1
2,0,1,1,0,1,1,0,1,0,1,1,1,0,2,1,0,0,0,1
2,1,2,1,1,2,1,2,1,0,0,0,1,1,2,0,1,1,2,1
0,0,1,2,0,2,1,0,0,0,0,0,1,0,2,0,1,0,1,1
1,1,0,2,1,2,1,1,1,1,1,0,1,0,2,0,1,1,0,0
1,0,2,0,0,1,0,1,1,0,1,0,1,0,2,1,0,1,1,0
2,1,2,1,1,0,1,2,1,0,1,1,1,0,0,0,0,0,2,0
2,1,0,1,1,0,0,2,0,1,1,0,0,0,2,1,0,0,0,1
0,0,1,0,0,2,0,0,1,0,1,1,0,0,1,1,0,0,2,1
2,1,2,1,0,1,1,2,1,0,0,1,1,1,0,0,0,0,2,1
0,0,1,1,1,2,0,0,0,0,1,1,1,1,1,1,0,0,0,1
0,1,1,1,1,1,0,2,1,0,0,1,1,1,0,0,0,1,2,1
0,0,0,1,1,1,1,0,0,0,0,0,0,0,1,0,1,0,1,1
0,0,1,2,1,0,0,1,1,0,0,0,0,1,1,0,1,1,2,0
0,1,1,1,0,1,1,2,0,0,1,0,0,1,1,1,1,0,1,1
0,0,2,1,0,0,1,0,1,0,1,1,1,1,1,0,1,0,2,1
0,1,1,1,0,1,1,1,1,1,0,1,1,0,1,1,0,0,1,0
1,0,1,2,0,2,2,0,0,0,1,1,0,0,0,1,1,1,2,1
0,1,0,1,1,2,0,0,0,1,1,0,0,1,0,1,0,1,1,1
1,0,1,2,0,0,2,0,0,0,1,1,1,1,0,1,0,0,1,0
0,0,1,1,1,2,0,0,1,0,1,0,1,1,1,0,0,1,2,1
2,1,2,1,1,2,0,0,0,0,1,0,1,1,0,1,1,0,2,1
0,0,1,0,1,2,0,0,1,0,1,1,0,0,0,0,0,0,2,0
0,1,1,0,1,0,2,2,1,0,1,0,0,0,0,1,1,1,0,0
0,1,2,0,0,1,1,0,1,0,1,0,0,1,1,0,1,0,1,1
2,1,0,0,1,2,0,2,0,0,1,0,0,0,2,1,1,1,1,1
2,0,1,0,0,2,1,0,0,0,0,1,1,0,0,0,0,0,1,1
0,1,0,1,0,0,2,2,1,0,1,1,1,1,2,0,1,1,2,0
0,0,1,1,1,0,1,0,1,0,1,0,1,0,1,1,0,0,2,1
2,0,1,2,0,2,2,1,0,0,1,1,1,1,1,1,0,1,1,1
0,1,0,1,1,0,2,1,1,0,1,1,0,1,2,1,1,0,1,0
1,0,1,0,1,0,0,0,1,0,1,1,1,0,1,1,0,1,2,1
0,0,1,1,1,2,2,0,0,1,1,1,0,0,2,1,1,0,2,1
0,0,0,1,0,2,1,0,0,0,1,0,1,0,1,0,1,0,2,1
0,1,1,0,1,1,0,1,0,0,1,0,1,1,1,0,0,0,0,1
0,1,1,1,0,0,2,2,1,1,0,0,0,0,2,1,0,0,1,0
1,1,0,1,1,2,2,2,1,0,1,1,1,0,1,1,1,0,2,1
2,1,0,1,0,0,1,2,1,0,1,1,1,1,0,0,1,0,2,1
0,0,0,0,1,2,1,0,1,0,1,1,0,0,2,1,1,1,2,1
2,1,2,0,0,0,1,2,0,1,1,0,1,0,0,0,1,0,2,1
0,1,0,2,0,2,2,0,1,1,0,0,1,0,1,1,1,1,2,1
0,0,1,1,1,0,1,0,0,0,0,1,0,0,0,0,0,1,1,0
0,0,1,0,0,2,1,0,0,1,1,1,0,1,0,1,1,1,2,1
2,0,2,1,1,1,0,0,1,0,0,0,1,0,2,0,1,0,2,1
2,1,1,0,0,2,1,2,1,0,1,0,1,0,1,1,1,1,1,1
1,0,1,1,0,2,0,0,1,0,1,1,0,1,0,1,0,1,2,1
2,0,0,0,1,2,1,1,0,0,1,1,1,1,0,1,0,1,0,1
1,0,1,1,0,0,2,0,0,0,1,1,1,0,1,1,1,0,0,1
2,1,1,0,0,0,2,2,1,0,1,0,1,1,1,1,1,1,2,1
1,0,0,0,1,0,2,0,0,0,1,0,1,1,0,1,1,1,2,0
2,1,0,1,0,1,0,2,0,0,1,0,0,0,0,1,1,1,0,0
0,1,0,1,0,0,1,0,1,0,0,1,1,1,1,0,1,1,1,1
0,0,1,0,0,2,1,0,1,0,1,0,0,1,1,1,1,1,2,1
0,1,1,0,0,0,1,2,1,0,0,1,0,0,0,1,1,1,0,1
0,1,0,1,1,0,1,2,1,0,0,1,0,1,1,1,1,1,1,1
1,1,0,1,0,1,2,1,1,0,0,0,0,1,0,1,0,0,1,0
0,0,1,1,1,0,0,0,1,0,1,0,0,1,1,0,0,0,2,0
1,1,1,0,0,1,1,2,1,1,1,1,1,0,2,0,0,0,0,1
0,1,1,0,0,1,1,1,1,0,1,1,0,0,1,1,1,1,2,1
0,0,0,1,0,1,2,2,0,0,1,1,1,1,0,1,1,1,1,0
0,0,1,1,1,1,0,0,0,0,1,1,1,0,1,0,0,1,1,0
2,1,0,0,1,1,0,1,0,0,1,0,0,1,0,1,0,1,1,1
0,1,1,1,1,2,1,1,1,1,0,1,1,0,1,0,1,1,0,1
0,1,1,1,1,0,0,2,0,0,0,0,0,0,0,1,1,0,0,0
1,0,0,1,0,2,2,0,0,0,1,1,1,1,2,1,0,1,1,1
1,0,1,0,0,1,1,0,0,0,1,0,0,0,1,1,0,1,2,1
0,0,2,0,0,2,2,0,0,0,1,1,1,0,2,1,1,1,1,1
0,0,1,0,0,2,2,0,0,0,1,0,1,0,1,0,1,0,2,1
0,0,1,1,0,2,1,0,0,1,1,1,0,1,1,1,1,0,2,1
2,1,1,1,0,2,0,0,1,0,1,1,1,1,1,0,0,1,2,1
0,0,1,1,0,2,1,0,0,0,1,1,1,1,2,1,0,0,2,1
0,0,1,1,0,2,2,0,0,0,1,1,1,0,2,1,0,1,2,1
0,0,0,0,0,2,1,0,0,0,1,0,1,0,0,0,0,0,1,0
0,0,0,0,0,2,0,0,1,0,1,0,1,1,0,0,0,0,0,0
2,0,2,0,1,2,2,0,0,0,1,0,1,1,2,0,1,0,2,1
0,1,1,1,0,1,1,2,1,0,0,0,1,0,2,1,1,0,2,1
0,0,1,1,1,1,0,0,1,0,1,0,0,1,1,1,0,0,2,1
0,0,0,2,1,2,0,0,1,0,1,1,0,0,2,1,0,0,1,0
0,1,0,2,0,2,0,2,0,0,0,1,1,0,0,1,0,1,1,1
0,0,1,1,0,2,2,0,0,0,1,0,0,1,1,0,0,1,1,1
2,1,0,0,0,2,1,1,0,1,1,1,0,0,0,0,1,0,0,1
2,0,2,1,1,0,0,0,1,0,1,0,1,0,0,0,1,0,1,1
2,1,1,1,0,1,2,1,1,0,0,0,0,0,1,1,0,1,0,1
2,1,2,1,0,1,1,1,1,0,0,0,0,0,1,1,0,0,1,1
1,0,1,0,0,2,2,0,1,0,1,0,1,1,2,1,1,1,0,0
0,1,1,0,1,0,1,2,1,0,1,1,1,0,1,0,0,0,2,1
2,1,0,0,0,2,1,0,1,0,1,1,0,1,0,0,1,0,1,1
2,1,2,0,1,0,0,2,1,1,0,0,0,0,1,1,1,1,1,1
2,0,0,1,1,2,0,0,1,0,1,0,1,1,0,1,1,0,2,1
0,0,1,0,1,1,0,0,1,0,1,0,0,0,1,0,1,0,1,1
0,0,1,0,1,1,1,0,0,0,1,1,1,1,2,1,0,1,1,1
2,0,0,0,1,0,1,1,0,0,1,0,1,1,0,0,1,0,2,1
1,0,0,2,1,1,0,1,1,0,1,1,1,1,0,1,0,0,1,1
2,1,1,1,1,1,0,0,0,1,1,1,0,1,0,1,1,1,1,0
0,0,0,2,0,2,0,0,1,0,1,0,1,0,1,0,1,1,2,0
0,0,1,1,0,2,2,0,1,0,1,1,1,0,2,1,0,0,0,0
0,0,1,1,1,0,0,0,1,0,1,0,0,1,1,1,0,0,2,1
2,1,2,1,1,1,0,0,1,0,0,0,0,1,1,1,0,0,0,1
0,0,2,2,1,1,1,0,0,0,1,1,0,0,2,0,1,0,1,1
0,0,0,1,1,2,0,0,1,0,1,1,0,0,1,1,0,0,1,1
2,1,0,1,1,1,0,2,0,0,0,1,1,1,1,0,1,1,2,0
0,0,0,1,0,2,1,0,1,0,1,0,0,1,0,0,1,1,1,1
2,1,2,1,1,2,0,1,0,0,1,1,1,1,1,0,0,1,1,1
0,0,1,0,0,2,1,0,0,0,1,1,0,0,1,0,0,0,1,1
2,1,2,1,1,0,0,0,0,1,0,1,1,0,0,0,1,1,1,1
0,1,1,0,1,0,1,1,1,0,0,0,0,0,1,1,1,1,1,1
2,0,2,0,1,1,0,0,0,0,1,0,0,0,1,1,0,1,1,0
2,1,1,1,0,1,2,1,1,0,1,0,1,1,1,1,0,0,1,0
0,1,1,1,0,0,1,2,1,1,0,0,1,1,0,1,0,0,2,0
0,1,1,2,0,0,2,2,1,0,1,1,1,0,0,0,0,1,1,1
0,1,2,2,1,0,0,2,0,0,1,1,1,0,2,0,0,0,2,0
1,1,0,0,1,0,0,1,1,0,1,1,1,0,2,1,0,1,1,1
2,1,0,1,0,1,1,0,1,1,1,0,1,1,1,1,0,0,2,0
0,0,1,0,1,0,0,0,1,0,0,0,0,0,1,1,1,1,2,1
1,0,0,0,1,0,1,0,0,0,0,1,1,0,0,0,1,0,2,1
0,0,1,1,0,2,2,0,1,0,1,0,0,1,1,1,1,0,0,0
2,1,2,0,1,2,0,2,0,0,1,1,1,1,2,0,1,0,2,1
2,1,2,1,1,2,1,0,1,0,0,0,0,1,0,1,0,1,0,1
0,1,1,1,1,0,2,1,1,0,0,1,0,0,2,1,1,0,1,0
0,0,0,1,1,1,0,0,1,0,1,0,0,0,1,1,0,1,2,1
0,0,1,0,1,1,0,0,1,0,1,0,0,0,1,0,1,0,1,1
0,0,0,1,1,1,0,0,1,0,1,0,1,1,0,1,1,1,0,1
0,0,1,2,0,2,0,0,1,0,0,1,0,1,1,0,0,0,1,1
0,0,0,2,1,1,1,0,0,0,1,0,0,1,1,0,1,0,0,1
0,1,1,1,0,2,2,1,1,0,1,0,0,0,0,1,0,0,1,1
0,1,0,1,0,1,1,1,1,0,1,0,0,1,0,1,1,1,0,1
0,0,0,0,0,2,1,0,0,0,1,1,0,0,2,1,1,1,2,0
1,0,1,0,0,1,2,1,0,0,0,1,1,0,1,0,1,0,1,1
0,0,1,1,1,2,2,0,0,0,1,1,1,0,2,0,0,0,2,1
2,0,0,1,1,1,1,1,0,0,1,1,1,1,0,1,1,0,1,0
1,0,1,0,0,2,1,0,0,0,1,0,0,0,1,0,1,0,2,1
0,0,1,0,1,1,1,0,0,0,1,1,1,1,0,1,0,1,0,1
0,1,1,0,1,2,2,2,0,0,0,1,1,1,2,0,0,0,2,1
2,0,2,1,1,2,1,0,0,0,1,1,0,0,2,0,1,1,2,1
2,0,2,0,1,0,1,0,0,0,1,0,0,1,0,0,1,0,0,1
0,1,1,0,0,1,1,1,1,0,1,1,1,0,1,0,0,0,2,1
0,0,0,1,1,2,0,0,1,0,1,0,1,0,1,1,1,0,1,0
0,1,1,1,1,2,0,1,0,0,1,0,1,1,1,1,0,1,2,0
1,0,1,0,1,0,1,1,0,0,1,1,1,1,1,1,1,1,1,0
0,0,1,2,1,0,0,0,1,0,1,0,1,0,0,0,1,1,1,1
0,0,0,1,1,2,1,0,1,0,1,0,0,1,2,0,1,0,0,1
1,0,0,0,1,2,0,0,1,0,1,0,1,1,0,1,1,1,0,1
0,1,1,1,1,0,0,2,0,1,1,0,1,0,0,1,0,0,2,0
0,1,1,0,1,0,1,2,0,1,1,0,1,0,1,1,0,1,0,1
0,1,2,1,0,1,1,1,1,1,1,1,1,1,1,0,1,1,2,1
0,1,1,1,0,1,2,1,1,1,1,0,0,0,0,0,1,0,0,1
0,1,1,1,0,0,2,1,1,1,1,0,0,1,1,1,1,1,1,1
0,1,2,0,1,0,0,2,0,0,1,1,0,1,2,0,1,0,0,1
2,1,2,1,1,0,1,1,0,1,0,1,0,0,1,0,0,0,0,1
0,1,1,1,0,1,0,1,0,0,0,0,0,1,2,1,0,0,1,1
1,0,1,0,1,2,0,0,1,0,1,0,0,0,1,1,1,1,2,1
2,0,0,1,1,2,1,2,0,0,1,1,0,1,0,1,1,1,1,1
0,0,0,0,1,2,0,0,1,0,1,0,1,0,2,1,0,1,1,0
0,0,2,0,0,2,2,0,1,0,1,0,1,1,2,0,1,0,1,0
1,0,1,0,1,2,0,1,1,0,1,0,0,0,1,1,1,1,2,1
2,1,2,1,1,1,1,1,1,0,1,1,0,1,1,0,1,1,0,1
2,0,2,1,1,1,0,0,1,0,1,0,1,0,2,1,1,1,1,0
1,1,0,0,1,2,0,2,0,1,0,0,1,0,0,1,1,1,2,0
0,0,0,1,1,2,0,1,0,0,1,1,1,0,1,1,0,0,2,1
1,0,1,0,0,2,1,0,0,0,1,1,0,1,1,0,0,0,0,1
0,0,1,0,1,2,0,0,1,0,1,1,1,0,1,1,0,1,0,0
0,1,1,1,0,1,2,1,1,0,0,1,1,1,0,0,0,0,0,0
0,0,1,1,0,2,1,0,0,0,1,1,1,1,1,1,0,1,1,1
0,0,0,0,0,2,1,0,1,0,1,0,1,1,0,1,1,1,2,1
2,1,2,0,0,0,1,2,1,0,0,1,1,0,1,0,1,0,2,1
0,1,0,2,0,1,1,1,1,1,0,0,1,1,0,0,1,0,1,1
0,0,0,1,1,0,2,0,1,0,1,0,0,0,1,1,1,0,2,0
0,0,1,0,1,1,0,1,1,0,0,0,0,1,2,0,1,0,1,0
2,1,1,0,0,1,2,2,1,0,1,1,1,1,0,1,0,1,0,1
2,1,2,1,1,1,0,2,0,0,1,0,0,0,0,1,1,1,0,1
0,0,0,1,0,2,0,0,1,0,1,0,0,0,0,1,1,1,0,1
0,1,2,1,0,0,1,2,1,0,0,1,1,0,2,0,1,1,2,1
0,0,1,1,1,0,1,0,0,0,1,1,0,0,2,1,0,1,1,1
2,1,0,1,1,0,0,1,1,0,0,0,0,1,2,1,0,1,1,0
1,0,1,0,1,1,0,0,0,1,0,0,0,0,1,0,1,0,1,1
0,1,1,1,0,2,1,0,1,1,0,1,1,1,0,0,1,0,1,0
1,0,1,0,1,1,0,0,1,0,1,0,1,0,1,1,0,1,1,1
0,0,0,0,1,0,0,0,1,0,1,0,1,1,0,1,1,1,1,1
2,1,2,0,1,0,1,2,1,1,1,0,1,1,2,0,1,0,2,0
0,1,1,1,0,2,1,0,1,0,1,0,1,1,1,1,0,1,2,1
0,0,0,1,1,0,1,1,0,0,0,0,0,0,2,0,1,1,0,1
0,0,0,1,1,2,1,0,0,0,1,1,1,1,0,1,1,0,1,0
0,0,1,0,1,1,1,0,0,0,1,1,0,0,1,1,0,1,2,1
2,1,0,1,0,1,1,2,1,0,0,1,0,0,1,1,1,1,1,1
0,0,1,0,1,2,0,0,1,0,1,0,0,1,1,0,0,0,1,1
2,1,2,1,0,0,1,2,1,1,0,1,1,1,2,0,1,0,0,1
2,0,0,0,1,1,1,1,0,0,1,1,0,0,2,0,0,0,0,1
0,0,2,0,0,2,2,0,1,0,1,1,1,0,2,0,1,0,2,0
0,0,1,0,0,2,0,0,1,0,1,0,0,1,1,0,1,0,2,0
0,0,1,1,1,1,2,0,0,0,1,0,1,0,1,1,0,0,2,1
1,0,2,2,0,2,2,0,0,0,1,0,1,0,2,0,1,1,2,0
0,1,1,1,0,0,2,2,1,1,0,0,1,1,1,0,1,1,2,1
0,0,0,0,0,0,2,2,0,0,1,1,1,0,2,1,0,1,0,1
0,1,0,1,0,1,0,2,0,0,1,0,0,1,0,1,1,0,1,0
1,0,0,0,1,1,0,1,1,0,1,0,0,1,0,1,1,1,1,1
0,1,1,2,1,0,0,2,0,0,1,1,1,1,2,0,0,1,2,1
0,0,1,2,1,0,0,0,1,0,1,0,1,0,0,1,0,1,0,1
0,0,0,0,0,2,1,0,0,0,1,0,0,1,2,1,1,1,2,1
0,0,1,1,1,2,0,0,1,1,1,0,0,0,0,1,0,0,2,1
2,1,0,1,1,1,0,1,0,0,0,0,0,0,1,1,1,1,1,0
0,1,1,2,1,1,0,1,1,0,0,0,0,0,2,1,0,0,1,1
2,1,1,1,1,2,0,1,0,0,0,1,0,1,2,1,1,0,1,1
1,0,0,1,1,0,0,0,1,0,1,1,0,1,2,1,0,1,2,0
0,1,1,2,1,2,0,1,1,0,0,1,0,0,0,1,1,0,1,1
1,0,2,2,0,2,2,0,0,0,1,1,0,0,2,0,1,1,2,0
0,1,1,1,0,0,2,1,1,0,0,1,1,0,2,0,1,0,0,0
0,0,0,1,1,2,0,0,1,0,1,0,1,0,1,1,1,1,1,0
1,0,0,0,1,2,0,0,1,0,1,0,0,1,0,1,1,1,2,1
0,0,1,1,0,2,2,0,0,0,1,1,1,1,1,1,0,0,1,1
1,0,1,0,0,1,2,0,0,0,1,1,1,1,0,1,1,0,0,1
0,1,0,0,1,2,0,2,1,0,1,0,1,1,0,1,1,1,2,1
2,0,0,0,1,0,0,0,1,0,1,0,0,1,0,0,0,0,0,1
1,0,2,0,0,2,0,0,1,0,1,0,0,0,2,0,1,0,2,0
0,1,0,1,0,0,1,2,1,0,1,1,0,0,0,1,1,0,1,1
0,1,0,0,1,1,0,2,0,1,0,0,0,0,1,1,0,1,0,1
2,1,0,1,1,2,1,1,1,0,1,1,1,0,1,1,1,0,1,1
2,1,2,1,0,1,2,2,1,0,1,1,1,1,1,0,0,1,2,0
0,1,1,2,1,1,1,1,0,0,0,0,0,1,1,1,0,1,1,1
2,1,1,1,1,2,0,0,0,1,0,0,1,1,0,0,1,0,2,1
0,0,1,1,1,2,1,0,0,0,1,0,0,0,1,1,1,0,2,1
0,1,0,2,1,0,2,2,1,1,1,1,0,0,2,1,1,1,2,1
2,1,2,1,1,0,0,2,0,0,1,0,0,1,1,1,0,0,0,0
2,0,2,1,0,2,1,0,0,0,1,1,0,1,1,0,0,0,2,1
1,1,1,0,0,1,1,1,1,0,0,1,0,0,0,0,1,0,0,1
2,1,0,1,0,0,1,2,1,0,1,0,1,1,0,0,1,1,2,1
0,1,1,1,0,1,0,1,0,0,1,1,1,1,1,0,1,1,0,1
2,0,1,1,0,2,0,0,1,0,1,0,1,0,1,0,0,1,2,1
0,0,0,1,0,2,0,0,1,0,1,1,1,0,1,1,1,0,0,1
0,0,1,0,1,1,0,1,1,0,1,0,0,1,1,1,0,1,1,1
0,0,1,0,1,1,2,0,0,0,1,1,0,1,0,1,0,1,2,1
0,1,0,1,1,2,0,1,0,1,1,0,0,0,1,1,1,0,1,1
0,0,1,1,1,2,0,0,1,0,1,0,1,1,1,1,0,1,0,0
0,0,1,2,0,2,1,0,0,0,1,0,0,1,1,0,0,1,1,1
0,0,1,0,0,2,1,0,0,0,1,1,0,1,1,1,0,1,2,1
0,0,1,0,0,2,1,0,1,0,1,0,1,0,1,1,1,1,0,1
1,0,1,0,1,0,0,0,1,0,1,0,0,1,1,1,1,1,2,1
0,0,2,0,0,2,2,0,0,0,1,0,1,0,2,0,1,0,2,0
0,1,1,0,1,2,0,2,0,0,1,0,0,1,0,1,1,1,1,1
2,0,2,1,1,2,0,0,1,0,1,0,1,1,1,0,1,1,2,1
2,1,2,2,0,0,2,2,1,1,1,1,1,0,1,0,0,0,2,1
2,1,2,1,0,0,1,1,0,0,0,1,1,0,2,0,1,1,2,1
0,1,0,1,1,2,0,1,1,0,0,0,0,1,1,1,1,0,1,1
2,0,2,2,1,0,0,2,1,0,1,0,1,1,2,0,1,0,2,1
0,0,2,0,1,1,1,0,0,0,1,1,1,0,1,0,1,0,2,1
0,1,1,1,0,1,0,1,0,1,1,0,0,0,0,1,1,1,0,0
0,1,0,1,1,2,1,2,1,0,1,1,1,0,1,0,1,0,2,1
2,1,2,1,0,0,1,2,1,0,1,0,1,0,1,0,1,1,0,1
0,0,1,1,1,1,2,0,0,0,1,0,1,1,0,1,0,0,0,1
0,0,2,1,1,1,0,0,1,0,1,0,0,1,1,1,1,0,2,1
0,0,1,1,1,1,0,0,1,0,1,0,1,1,1,1,0,1,2,1
2,0,1,0,0,2,2,0,0,0,1,1,1,0,1,1,0,1,0,1
1,0,1,1,1,2,0,0,1,0,1,1,1,1,1,1,0,0,0,0
0,0,0,1,0,1,1,1,0,0,1,0,0,0,1,0,1,1,0,1
0,1,0,1,0,1,1,2,1,1,1,1,0,1,0,0,0,0,0,0
0,1,1,0,0,1,1,2,1,1,0,1,0,0,0,1,0,1,0,1
1,0,1,0,1,1,0,0,1,0,1,0,1,0,1,1,1,1,2,1
0,0,1,1,1,0,0,0,1,0,1,0,0,1,1,1,1,1,2,1
2,1,2,1,0,2,1,0,1,0,0,0,1,0,2,0,1,1,2,1
0,1,1,2,1,2,0,2,0,0,0,1,1,1,1,0,0,1,2,1
1,0,1,0,0,1,2,0,0,0,1,0,1,1,0,0,1,0,2,1
0,1,2,1,0,1,1,1,0,0,0,0,1,1,0,0,0,1,1,0
0,1,2,1,0,1,1,1,1,0,0,1,1,1,2,0,1,1,0,1
0,0,1,1,1,0,0,0,0,0,1,1,0,0,1,0,0,0,1,0
0,1,1,1,1,0,0,1,0,1,1,1,0,0,2,0,1,0,1,1
0,1,1,1,1,2,2,1,1,1,0,1,1,1,0,1,1,0,2,1
2,0,2,0,1,1,0,0,1,0,1,1,1,1,2,1,1,1,1,1
0,1,2,1,0,0,0,2,0,1,0,0,0,0,0,1,1,1,1,1
1,1,0,1,1,1,0,1,0,1,0,0,1,1,1,1,0,0,1,0
2,1,2,1,0,0,0,2,0,0,0,1,0,0,1,1,1,0,1,0
0,0,1,1,1,1,1,0,0,0,1,1,1,0,0,1,0,0,0,1
1,0,1,1,1,2,0,0,0,0,1,0,0,0,0,1,0,1,2,0
1,0,0,0,1,1,2,0,0,0,1,1,0,0,2,1,1,1,2,1
0,1,1,1,1,2,1,0,1,0,1,0,1,0,2,1,1,1,1,1
2,0,0,1,1,2,0,0,0,0,1,1,0,0,0,1,1,0,2,0
0,0,1,1,0,2,1,0,0,0,1,1,1,0,1,0,1,1,2,1
1,0,0,0,1,1,2,0,0,0,1,0,1,0,0,1,1,1,1,0
2,1,0,1,0,2,1,1,0,0,1,0,0,0,2,1,0,0,1,1
0,1,1,2,0,0,1,2,1,0,0,1,0,1,1,1,1,1,0,1
0,1,2,1,1,1,1,2,1,0,1,1,1,0,0,0,0,0,2,1
0,0,0,1,1,2,0,0,0,0,1,1,0,0,0,1,1,0,2,1
2,0,2,0,0,2,1,0,0,0,1,1,1,0,2,0,1,0,2,1
2,1,0,1,1,0,1,1,1,0,0,1,0,0,1,0,1,0,1,1
0,0,1,1,1,2,0,0,1,0,1,0,1,0,0,0,0,1,2,1
1,0,1,1,1,0,1,0,0,0,1,0,1,0,1,0,0,1,2,1
2,0,2,1,1,2,0,0,1,0,1,0,1,1,2,1,1,0,2,1
0,1,1,1,1,1,0,2,0,0,1,0,1,1,1,0,1,1,2,1
0,0,1,0,0,1,2,0,1,0,1,0,1,1,1,1,1,1,2,0
1,0,1,0,1,1,0,0,1,0,1,0,1,0,1,0,1,1,2,0
2,1,2,0,1,0,0,2,0,0,1,1,0,0,1,0,1,0,0,1
2,1,2,1,1,0,1,2,1,0,0,1,1,0,2,0,0,0,2,1
0,0,1,0,1,1,1,0,0,0,0,1,0,1,2,1,0,1,2,1
0,1,1,1,0,1,1,1,1,0,0,1,1,0,0,0,0,1,0,1
0,1,0,1,0,1,1,1,1,0,0,0,0,0,1,0,1,1,1,0
0,0,0,1,0,2,2,0,1,0,1,0,0,0,0,1,1,0,2,0
0,0,1,0,0,2,1,0,0,1,1,0,1,1,0,1,1,1,1,1
2,1,2,0,0,0,1,2,1,0,0,0,1,1,2,0,1,0,2,1
0,1,0,1,0,1,2,2,1,0,1,0,0,1,2,1,0,0,2,0
2,0,0,0,1,2,1,0,1,0,1,0,0,0,2,0,1,0,2,1
0,1,2,0,1,2,2,1,0,0,1,0,0,0,2,0,0,0,1,1
1,0,0,1,1,2,1,0,0,0,1,1,0,1,1,1,1,0,2,1
0,0,0,0,1,0,2,0,0,0,1,1,1,0,1,1,1,1,2,0
0,0,2,0,0,1,1,1,1,0,1,0,0,0,2,0,0,0,0,1
0,0,1,1,0,2,2,0,0,0,1,1,1,1,1,1,0,1,0,1
2,1,0,2,1,0,0,1,0,0,0,1,0,1,1,1,0,1,1,1
2,0,1,1,1,0,0,0,1,0,1,0,0,1,1,1,1,0,2,0
0,1,1,0,1,1,0,2,0,0,0,1,1,1,1,0,0,0,2,1
0,0,1,0,0,0,2,0,1,0,1,0,0,0,1,0,1,0,1,0
2,0,0,1,0,2,1,1,0,0,1,0,1,1,0,1,1,1,0,1
0,0,1,1,1,2,0,0,1,0,1,0,0,1,1,0,0,0,2,0
0,0,0,0,1,0,2,1,0,0,1,1,1,1,2,1,0,1,1,1
0,0,1,1,1,1,0,0,1,0,1,1,0,1,1,1,0,0,2,1
2,0,0,1,1,1,0,0,1,0,1,0,1,1,0,0,1,0,2,1
0,1,1,1,1,1,0,1,1,0,1,1,0,1,1,1,0,1,1,1
0,0,0,1,1,2,1,2,0,0,1,1,1,0,1,1,1,0,1,1
2,0,2,0,1,0,0,0,1,0,1,1,1,1,2,1,1,1,1,1
0,0,0,1,1,1,0,0,1,0,1,0,0,1,0,1,1,1,2,1
0,0,0,2,1,2,0,0,1,0,1,0,0,0,1,1,1,1,2,1
1,0,0,0,1,0,0,0,0,0,1,1,1,0,0,1,1,1,1,1
2,1,2,1,1,1,0,0,0,0,1,1,0,1,0,0,1,1,1,1
0,0,0,1,0,2,1,0,0,1,1,1,1,0,2,1,1,0,1,1
2,1,2,0,1,0,1,2,1,0,1,1,1,1,1,0,1,0,2,1
1,0,0,0,1,1,0,0,1,0,1,1,1,0,2,1,1,0,0,1
0,1,1,1,0,1,1,2,1,0,0,0,1,1,0,1,0,1,2,1
2,0,0,0,1,0,2,0,1,0,0,0,1,0,1,1,0,1,1,0
0,0,1,2,0,2,1,0,1,0,1,0,0,0,0,1,1,1,2,1
0,1,1,1,1,1,0,1,0,0,1,1,0,0,1,1,1,1,1,0
0,0,1,1,1,2,0,0,1,0,1,0,1,1,1,1,0,1,0,0
0,0,1,1,0,2,1,0,1,0,1,0,0,0,0,1,0,0,2,1
0,0,1,1,1,1,1,0,0,0,1,1,0,0,1,1,0,0,2,0
0,1,1,0,1,0,0,2,0,0,0,1,1,1,2,0,0,0,2,1
0,0,1,1,1,0,0,1,1,0,1,0,0,0,2,0,0,1,0,1
2,1,1,1,0,2,1,0,1,0,1,0,0,1,1,0,1,0,1,1
1,1,1,0,1,1,0,2,0,0,0,0,0,1,2,1,1,1,1,0
2,1,2,1,1,2,1,2,0,1,0,0,1,1,1,0,1,1,2,0
0,1,0,2,1,2,0,1,1,0,1,1,0,0,2,1,1,1,1,0
0,0,1,0,0,2,1,0,0,1,1,1,0,1,2,0,0,0,1,1
0,0,1,1,1,1,1,0,0,0,1,1,1,0,2,1,0,0,2,1
0,0,2,0,0,1,2,0,0,0,0,1,0,1,2,0,1,0,1,1
0,1,1,0,1,0,0,1,0,0,1,0,0,1,1,1,0,1,1,1
2,1,2,1,1,2,0,1,0,0,1,0,0,0,2,1,0,1,1,0
2,1,1,0,0,2,0,1,0,0,0,0,0,0,0,0,1,0,0,1
2,1,0,1,1,1,2,1,1,0,1,1,1,0,0,0,1,1,1,0
0,0,1,1,0,2,0,0,1,0,1,0,1,0,1,1,0,1,1,1
2,0,0,1,1,0,1,1,0,1,1,1,1,1,0,1,1,1,2,0
0,1,1,0,1,0,1,2,1,0,0,0,0,1,2,1,1,0,1,1
0,1,1,1,1,0,1,1,1,0,1,0,0,0,0,1,0,1,1,1
2,1,0,0,1,0,0,0,0,0,1,0,0,1,0,1,1,1,1,1
1,0,1,2,1,2,1,0,0,0,1,1,0,1,2,0,0,0,0,1
0,0,1,0,1,1,0,0,1,0,1,0,1,1,0,1,1,1,1,1
0,0,1,1,1,2,0,0,1,0,1,0,1,0,1,1,1,1,1,0
0,0,1,1,0,2,1,0,0,0,1,1,0,1,1,1,0,1,2,1
1,0,1,2,1,0,0,0,1,0,1,1,1,1,2,0,0,0,2,0
0,0,1,2,1,0,1,1,0,0,1,1,1,1,1,0,0,1,1,1
2,0,2,0,0,1,2,0,1,0,1,0,1,0,1,0,1,0,1,0
0,0,0,1,0,2,0,0,1,0,1,1,0,0,0,0,1,0,2,1
0,1,1,0,0,0,1,2,1,0,1,0,0,1,0,1,0,1,2,1
0,1,2,1,0,1,1,1,1,0,0,0,1,0,2,0,1,1,0,1
0,1,1,2,0,0,1,2,1,0,0,1,0,1,1,1,1,1,1,1
0,1,1,1,1,1,1,1,1,1,1,1,0,0,0,0,1,1,0,1
1,1,0,0,1,0,0,2,1,0,0,0,0,1,0,1,1,1,0,0
2,1,0,1,1,0,0,1,0,0,0,0,0,0,1,1,1,1,0,1
2,1,2,1,0,0,1,2,0,1,1,0,1,0,2,0,1,1,2,1
2,0,2,0,1,0,0,0,1,0,1,0,1,1,0,0,1,0,1,1
2,0,0,0,1,1,0,0,1,0,1,0,1,0,0,1,1,1,0,1
0,0,1,1,1,0,0,0,1,0,1,0,0,0,1,0,1,1,2,1
2,0,2,1,1,1,0,0,0,0,1,1,1,1,1,0,1,0,2,1
0,0,0,1,0,2,1,0,1,0,1,0,1,1,0,0,1,1,2,1
0,0,1,1,1,2,1,0,0,0,1,1,0,0,1,1,0,0,2,1
0,0,1,1,1,2,1,1,0,0,1,0,1,1,1,1,0,0,1,0
0,0,1,1,0,2,1,0,0,0,1,1,1,0,1,1,0,1,1,1
0,0,0,0,0,2,2,0,0,0,1,1,0,0,0,1,1,1,2,1
2,0,2,1,0,2,2,0,0,0,1,0,1,0,2,0,0,1,2,1
0,1,1,2,0,0,1,2,1,0,1,1,1,0,1,1,1,1,1,1
0,1,1,0,0,1,2,1,1,0,1,1,0,1,2,0,1,0,1,0
0,0,1,1,1,0,0,2,1,0,0,1,1,0,2,0,0,1,2,1
0,1,0,0,1,2,1,2,1,0,1,1,1,1,0,0,0,0,2,1
0,1,0,1,1,0,0,2,0,0,0,0,0,1,1,1,1,1,0,0
0,0,1,1,1,1,0,0,1,0,0,0,0,1,2,0,0,1,1,1
0,0,1,0,1,0,0,0,1,0,1,0,0,0,0,1,1,1,2,1
0,1,0,2,1,0,0,2,0,0,1,0,1,1,2,1,1,1,2,1
2,1,1,0,1,0,2,2,1,1,1,0,1,1,0,0,0,0,2,1
1,1,1,0,0,1,0,1,1,0,1,1,0,0,1,0,1,0,0,1
0,1,1,1,1,0,0,2,1,0,1,1,1,0,2,0,1,1,2,0
0,1,2,1,1,2,1,2,1,1,0,1,1,0,1,0,0,1,2,0
0,0,1,1,0,2,2,1,0,0,1,1,0,1,1,0,1,0,0,1
2,0,0,1,1,2,1,0,1,0,1,1,1,1,0,1,0,1,1,1
0,0,1,0,1,1,0,0,1,0,1,0,0,0,1,0,1,0,1,1
0,0,1,1,1,2,0,0,0,0,0,1,0,1,2,0,0,1,1,0
2,1,2,1,0,0,1,0,1,0,0,0,1,0,2,1,1,1,2,1
0,1,1,1,1,0,0,2,0,0,0,0,1,1,1,0,1,1,2,0
0,0,1,1,0,2,1,0,0,0,1,1,1,0,2,1,1,0,1,1
0,0,0,1,0,2,1,0,0,1,1,1,0,1,1,1,0,1,2,1
2,0,1,0,0,0,2,0,0,0,1,1,1,0,1,1,0,1,0,1
2,1,2,1,1,0,0,1,0,0,1,0,0,0,2,1,1,0,1,1
1,0,0,0,1,1,2,0,0,0,1,1,1,1,2,1,0,1,1,1
0,0,0,0,0,1,0,1,0,0,1,0,0,0,2,1,1,1,1,1
0,0,1,1,1,2,0,0,1,0,1,1,1,0,0,1,0,0,0,1
2,1,2,0,0,1,2,2,1,0,1,1,1,1,0,0,1,0,2,0
2,0,0,1,0,2,2,0,0,0,1,1,0,0,0,1,0,0,1,0
0,0,0,0,1,0,2,0,0,0,1,1,0,1,0,1,1,1,2,1
2,1,2,0,0,0,2,2,1,0,1,0,0,0,0,1,0,1,0,0
0,1,1,1,1,2,0,2,1,0,0,0,1,0,0,1,0,0,2,1
0,0,1,1,0,2,2,0,0,0,1,0,1,0,1,1,1,1,0,1
1,1,2,1,0,1,0,2,0,0,1,0,0,1,1,1,0,0,0,1
0,0,1,0,1,2,0,0,0,0,1,1,1,0,1,1,0,1,1,1
2,0,0,1,1,2,0,2,1,0,1,0,1,1,2,1,1,0,0,0
0,0,1,1,0,2,2,0,0,0,1,1,1,1,1,1,1,1,1,1
0,0,1,1,1,1,1,0,0,0,1,1,1,0,1,0,1,0,2,1
2,1,2,1,1,1,0,1,0,1,0,0,0,1,0,1,1,1,0,1
2,1,0,1,1,0,0,2,0,0,0,0,0,1,2,0,1,0,0,1
0,0,1,2,0,2,2,0,0,0,1,1,1,0,0,1,0,0,1,1
0,0,1,1,1,2,0,0,1,0,1,0,1,0,1,0,0,1,1,1
1,0,0,0,1,1,0,0,1,0,1,0,1,0,0,1,1,1,0,0
0,1,0,0,0,1,1,1,1,0,0,0,1,1,0,1,1,1,1,1
2,1,2,1,1,2,0,2,0,0,0,1,1,1,2,0,0,1,2,1
2,1,2,0,1,0,1,2,0,1,0,0,1,0,1,0,1,0,2,1
0,0,1,0,1,1,0,0,1,0,1,0,0,0,1,1,0,0,2,1
0,0,1,0,1,2,1,0,0,0,1,0,0,1,1,0,1,0,2,1
0,0,1,0,1,0,1,1,0,0,1,1,0,0,1,1,1,0,2,0
2,1,0,2,1,2,0,2,0,0,1,0,0,1,0,1,1,0,0,1
0,0,1,1,1,2,0,0,1,0,1,0,1,0,1,1,0,1,0,1
0,0,1,1,1,2,1,0,0,1,1,1,1,1,0,1,1,0,1,1
0,1,0,0,1,0,0,2,0,1,1,0,0,1,1,1,1,1,0,0
1,0,1,1,0,0,2,0,0,0,1,1,1,0,1,1,1,1,1,1
0,1,1,1,0,0,2,2,1,0,1,1,0,0,1,1,1,1,0,0
0,1,1,1,1,2,0,2,0,0,1,0,0,0,1,1,0,0,1,1
2,1,0,0,0,2,2,0,1,0,0,0,0,0,2,1,1,0,1,0
2,1,0,1,1,1,0,1,0,0,1,0,0,0,1,1,1,1,1,1
2,1,2,0,1,0,0,2,0,1,1,0,1,1,2,0,1,0,2,0
0,0,1,1,1,2,0,0,1,0,1,0,0,0,1,1,0,1,1,1
0,0,1,0,1,2,0,0,1,0,1,1,0,0,0,0,0,0,2,0
1,1,0,2,1,0,0,2,0,0,1,0,0,1,0,1,1,1,0,1
0,1,0,2,0,0,1,2,1,0,1,1,1,1,0,0,0,1,2,1
2,0,0,1,1,1,0,0,1,0,1,0,1,0,1,1,1,1,0,1
1,1,1,0,0,2,1,2,0,0,0,0,0,1,2,1,1,1,1,1
0,0,0,1,0,2,2,0,0,1,1,1,0,1,1,1,1,1,2,0
2,1,0,0,0,2,2,0,0,0,1,0,1,1,0,0,1,0,0,1
2,1,1,0,0,1,1,2,1,0,1,0,0,0,1,1,1,1,1,1
0,0,1,2,0,2,1,0,0,0,1,1,1,0,0,1,0,1,1,1
0,1,1,0,0,0,2,2,1,1,1,0,1,1,0,0,1,0,0,1
0,0,1,1,1,2,0,0,1,0,1,0,0,1,1,1,0,0,2,1
0,1,1,1,1,0,0,2,0,1,0,0,0,1,0,1,0,0,1,1
0,0,0,1,0,2,1,0,0,0,1,0,1,0,1,0,1,1,1,1
1,0,1,1,0,2,2,0,0,0,1,1,1,1,1,1,1,0,0,1
2,0,2,1,1,2,1,2,0,0,1,1,1,1,1,1,1,0,1,1
0,0,1,0,1,1,0,0,1,0,1,0,1,0,1,0,1,0,2,0
0,1,1,2,1,0,0,2,0,0,1,1,1,0,0,0,1,0,2,1
1,0,1,0,0,2,1,0,0,0,1,1,1,1,1,0,0,0,2,1
0,0,2,2,1,2,1,0,0,0,1,0,1,1,1,0,0,1,1,0
2,1,2,0,1,2,0,2,0,1,0,0,1,0,1,1,1,1,2,1
0,0,0,0,1,1,1,0,0,0,1,1,1,1,0,1,1,1,0,0
0,0,0,1,0,2,1,0,0,1,1,1,1,1,1,0,1,1,1,1
0,0,1,1,0,1,1,0,0,0,1,1,1,1,1,1,1,0,1,0
2,1,1,1,0,1,2,1,1,0,1,1,0,1,1,1,1,0,0,0
0,0,0,1,0,2,2,0,0,0,1,1,0,1,2,1,1,1,2,0
2,0,2,0,1,2,1,0,1,0,1,0,1,0,1,0,1,0,1,1
0,0,1,1,1,2,0,0,1,0,1,0,1,0,1,0,1,1,1,0
0,1,0,0,1,0,1,2,1,1,0,1,1,1,2,0,1,0,2,1
0,1,1,0,1,0,0,2,0,0,1,1,1,0,1,0,0,0,2,1
2,1,2,0,1,2,1,1,1,1,1,1,1,1,2,0,1,0,0,1
2,1,2,1,0,2,1,0,1,0,0,1,1,1,0,0,0,0,1,1
0,1,1,1,1,0,0,1,0,1,0,1,1,0,2,0,1,0,1,1
0,1,1,0,1,2,0,2,0,1,0,1,1,1,1,0,1,0,2,1
0,0,0,0,0,1,2,1,0,0,1,0,1,0,2,0,1,0,1,1
0,0,1,1,0,2,1,0,0,0,1,1,1,0,1,0,1,0,1,1
0,0,2,1,1,2,2,1,0,1,1,1,1,0,0,0,1,0,2,1
2,0,0,0,1,2,0,0,1,0,1,0,1,1,2,1,1,1,1,1
2,1,1,0,0,0,0,2,0,1,1,0,0,0,0,1,0,0,0,0
0,1,1,1,1,1,0,1,0,0,1,0,0,1,1,1,1,0,1,0
0,0,1,1,1,0,0,0,0,0,0,1,0,0,2,0,0,1,1,1
2,1,2,0,1,2,1,0,1,0,1,1,1,0,2,0,0,0,2,1
2,0,0,0,0,0,2,1,1,0,1,0,1,0,2,1,1,0,1,0
0,0,0,0,0,2,1,0,0,0,1,0,0,1,2,1,0,1,2,0
0,1,1,1,1,0,0,2,0,0,1,0,0,0,2,1,1,1,1,1
0,0,0,1,1,2,2,0,0,0,1,1,0,0,1,1,0,0,2,0
0,0,1,1,0,1,2,1,0,1,0,1,1,1,1,0,1,1,1,0
0,0,2,1,0,2,1,0,0,0,0,0,1,0,1,0,1,1,2,1
0,0,2,0,1,2,1,0,0,0,1,1,1,0,1,0,1,0,2,1
1,1,0,0,0,1,2,1,1,0,1,1,0,0,1,1,0,1,1,0
0,0,1,1,1,1,0,1,0,0,1,0,0,0,1,0,0,1,0,1
0,0,1,1,1,0,1,0,0,0,1,0,0,1,1,0,0,1,2,1
0,0,0,1,0,2,1,0,0,0,1,1,0,0,1,0,0,1,2,1
2,0,2,0,0,2,1,0,0,0,0,1,0,0,0,1,1,1,2,1
2,1,0,0,1,0,2,1,1,0,1,0,1,1,0,1,1,1,0,0
0,0,2,0,0,2,0,0,1,0,1,0,0,1,2,1,0,1,2,1
0,0,1,1,1,1,0,0,0,0,1,0,1,1,1,1,0,1,1,1
2,1,0,0,1,1,0,0,0,1,0,0,0,1,1,1,0,1,0,0
0,1,1,0,1,0,0,2,0,0,0,0,0,1,2,1,1,1,0,1
0,0,0,1,0,0,1,0,1,0,1,0,1,1,0,1,1,1,0,1
0,1,0,0,0,1,1,1,1,0,1,1,1,1,0,0,0,0,0,1
0,1,1,2,1,2,0,1,0,0,0,1,1,1,1,0,1,1,0,1
0,0,1,1,1,0,2,0,0,0,1,0,1,1,1,1,1,0,1,1
2,0,1,1,0,2,0,0,1,0,1,0,1,0,1,0,0,1,2,1
1,0,1,1,1,1,0,1,1,0,1,0,0,1,1,1,0,0,1,1
0,0,0,1,1,2,0,0,1,0,1,0,1,1,0,1,1,0,0,1
2,0,2,0,1,2,0,0,1,0,1,0,1,1,0,0,1,0,1,0
0,0,1,1,0,2,1,0,0,0,1,1,1,0,2,1,0,0,1,1
0,1,1,1,1,0,0,2,1,0,1,1,1,0,1,0,1,1,0,1
1,1,0,0,1,1,0,1,0,0,1,0,0,0,2,1,0,1,1,1
1,0,1,1,0,2,1,0,0,0,1,0,0,0,2,1,0,1,2,0
0,0,0,0,1,2,1,0,1,0,1,0,1,0,2,0,1,0,2,1
0,0,1,1,0,1,2,0,0,0,1,1,0,0,2,0,1,1,0,1
1,1,1,0,0,0,2,2,1,0,1,0,1,0,1,1,1,1,2,0
1,0,1,0,0,2,1,0,0,0,1,1,1,0,1,0,0,0,2,1
1,0,0,2,1,2,0,0,1,0,1,1,0,1,0,1,0,0,2,1
0,0,1,1,1,1,0,0,0,0,1,1,1,1,1,1,0,0,0,1
0,0,1,1,0,1,1,2,0,1,1,0,1,0,0,0,0,1,2,0
0,0,0,0,0,2,2,0,1,0,1,0,0,1,0,1,1,1,2,0
0,1,1,0,0,1,2,1,1,0,1,1,0,0,1,1,1,1,1,0
2,1,2,1,0,0,1,2,1,1,0,1,1,0,1,0,1,1,2,0
0,0,0,1,1,1,1,0,0,0,1,1,1,1,0,0,0,1,2,0
0,0,2,1,0,2,1,0,0,0,1,1,0,1,2,1,0,0,2,1
2,1,2,1,0,1,2,1,1,1,1,1,1,1,0,0,1,0,2,1
0,1,1,0,1,2,2,2,1,0,1,0,0,0,1,1,1,1,1,1
0,1,1,0,1,2,0,1,0,1,0,0,0,1,1,1,0,0,1,1
2,1,2,0,1,2,0,2,0,0,1,0,1,0,2,1,0,1,2,1
2,1,1,0,0,1,2,2,1,0,1,1,1,0,0,0,0,0,2,0
1,0,1,1,0,2,2,0,1,0,1,0,0,0,1,1,0,1,2,0
0,0,1,1,1,2,0,0,1,0,0,1,1,1,1,0,1,0,1,0
1,0,2,1,0,2,1,0,0,0,1,0,0,0,0,0,1,0,2,1
2,1,0,0,0,0,1,2,1,0,1,1,1,0,2,0,1,0,2,1
0,0,1,0,1,0,0,0,1,1,1,0,1,1,0,1,1,1,0,1
0,0,1,1,1,0,1,0,0,0,1,1,0,0,0,1,0,1,2,1
2,1,2,1,0,1,2,1,0,1,0,0,1,0,0,0,1,1,1,0
0,0,2,1,0,0,1,0,1,0,1,0,0,0,0,0,1,0,2,1
2,0,2,1,1,0,1,0,0,0,0,1,1,0,1,0,1,1,2,1
0,0,1,1,0,2,1,0,0,0,1,1,0,1,1,1,0,0,1,1
0,0,0,1,1,0,0,0,1,0,1,0,1,1,0,1,1,1,1,0
0,0,1,0,1,1,0,0,1,0,1,0,0,0,1,1,0,1,2,1
2,1,2,1,1,2,0,2,1,1,1,1,1,0,1,0,0,0,2,1
0,1,2,1,1,0,0,2,0,0,0,1,1,1,2,1,0,1,2,0
0,0,1,1,0,2,1,0,0,0,0,1,1,0,0,1,0,0,0,0
1,0,2,0,0,0,2,0,0,0,1,0,0,1,0,0,0,0,1,1
1,1,1,0,1,1,2,1,1,1,1,0,0,0,2,1,0,1,1,1
2,1,2,1,1,1,1,1,1,0,0,0,1,0,2,0,0,1,0,1
0,0,0,1,1,2,0,0,1,0,1,0,1,1,1,1,1,0,1,0
0,1,1,2,1,0,0,2,0,0,1,0,0,1,1,1,1,1,0,1
2,0,0,0,1,2,1,0,0,0,1,0,0,0,2,0,1,0,1,1
1,0,0,2,1,1,0,0,1,0,0,0,1,0,1,0,1,0,1,0
0,1,1,1,1,2,1,1,1,0,1,1,1,0,1,0,1,1,2,1
0,0,1,2,1,1,0,0,1,0,1,0,1,0,0,1,1,1,1,1
2,1,2,1,1,1,0,1,1,0,0,0,0,1,2,0,0,1,0,1
0,0,1,1,0,0,1,0,0,0,1,1,0,1,1,0,0,1,1,0
1,0,0,0,1,1,0,0,1,0,1,1,1,0,2,1,1,0,1,1
0,1,1,1,1,2,0,2,0,0,0,0,0,0,2,1,1,1,1,1
0,0,1,1,0,2,1,0,0,0,1,1,1,1,1,1,0,1,0,1
1,0,0,2,1,1,0,0,0,0,1,1,1,0,1,1,1,1,1,0
0,1,1,0,1,0,0,2,0,0,1,0,0,1,2,0,1,0,1,1
0,1,0,2,1,0,0,0,0,0,1,0,0,1,0,1,0,1,2,0
0,0,2,1,0,0,1,0,0,1,0,1,1,1,0,0,1,1,2,1
0,1,2,1,1,1,1,1,1,0,1,1,1,1,1,0,1,1,0,1
2,0,2,1,0,2,2,0,0,0,1,0,1,1,1,0,0,1,1,1
2,1,0,2,1,2,0,0,0,0,1,0,1,1,0,1,0,1,2,0
2,1,1,1,0,1,2,2,1,1,0,0,0,0,0,1,0,0,1,1
0,1,1,2,1,0,0,0,1,0,0,1,0,1,1,1,0,1,1,0
0,1,1,2,1,2,0,0,1,0,0,1,1,0,2,0,0,0,1,1
0,0,1,0,0,2,2,0,0,1,1,1,1,0,1,1,1,1,0,0
2,1,0,0,1,0,1,2,1,0,1,0,1,0,2,1,0,0,2,1
2,0,2,1,1,2,0,0,1,0,0,0,1,1,2,0,0,1,1,1
2,1,0,1,0,1,0,2,0,1,1,0,0,0,1,1,0,1,0,1
0,1,1,1,0,0,1,2,1,1,1,0,1,1,2,1,0,0,2,1
0,0,0,1,0,2,1,0,0,0,1,1,0,1,2,1,0,0,2,1
0,1,1,1,0,1,2,1,1,1,0,0,1,0,0,1,0,0,1,1
0,0,1,2,1,2,0,0,1,0,0,0,0,1,1,0,1,1,1,1
0,0,1,1,1,0,0,0,1,0,1,0,0,1,1,1,1,0,2,1
2,0,2,1,0,2,1,0,0,0,0,1,1,1,2,0,1,1,2,1
0,0,1,1,1,1,0,0,0,0,1,0,1,0,1,0,1,0,2,1
0,0,1,1,1,0,0,0,1,0,1,0,0,1,1,1,0,0,2,1
0,0,2,1,0,2,2,0,0,0,0,0,1,1,1,0,1,0,2,1
2,1,1,1,0,1,0,1,0,0,1,0,0,0,1,1,0,1,1,1
1,0,1,0,0,1,1,0,0,0,1,1,1,0,1,0,0,0,2,1
1,0,1,0,1,2,0,2,1,0,1,0,1,0,1,1,0,1,0,1
2,1,2,1,1,2,2,2,1,0,1,1,1,1,1,0,0,0,0,0
0,0,0,1,1,2,0,0,1,0,1,0,0,0,1,1,1,0,2,1
1,1,0,0,0,0,1,2,1,0,1,0,0,0,2,1,1,1,1,1
0,0,2,0,1,1,0,0,0,0,1,0,0,1,2,1,0,1,2,1
0,0,1,1,1,2,0,0,1,0,1,0,0,0,1,0,0,0,1,1
2,0,2,1,1,0,1,0,0,0,1,0,1,1,0,0,0,1,1,1
2,0,0,1,1,1,1,0,0,0,1,0,0,0,1,0,1,1,1,1
0,1,1,0,1,2,2,2,1,1,1,0,1,0,2,1,0,1,2,0
0,1,1,1,1,2,1,2,1,0,0,1,1,0,0,0,0,1,2,1
0,0,0,1,0,1,1,1,1,0,1,0,1,1,0,0,1,1,1,1
0,0,0,0,0,1,1,0,0,0,0,1,0,1,2,0,0,0,0,1
0,0,1,1,1,2,0,0,1,0,0,0,0,1,2,0,1,1,1,1
0,0,2,0,1,1,0,0,1,0,1,0,0,1,2,0,1,0,0,1
0,1,1,1,1,0,0,2,0,0,0,0,0,0,2,1,1,0,0,1
2,1,2,0,1,0,1,2,1,0,1,1,1,0,2,0,1,0,2,1
0,1,1,1,1,0,0,2,1,0,0,1,1,0,0,0,1,0,2,1
0,0,0,1,0,1,1,0,0,0,1,1,1,1,0,1,0,0,2,1
0,1,2,1,0,1,1,1,0,0,0,1,0,1,0,0,1,1,0,1
2,1,2,1,1,0,0,2,1,0,1,0,0,0,0,1,1,0,0,1
0,1,1,1,0,0,0,1,0,0,1,0,1,1,1,0,0,1,0,0
0,0,0,0,0,1,1,2,0,0,1,0,1,1,0,0,0,0,1,1
0,0,1,1,1,2,2,0,0,0,1,1,1,0,1,1,0,0,1,1
2,1,0,1,1,1,2,0,1,0,0,0,1,1,1,1,1,0,2,0
0,0,0,1,0,2,2,0,0,0,1,1,0,0,1,1,1,1,2,1
2,0,0,1,0,1,2,0,0,1,1,0,0,1,1,1,0,1,2,0
2,1,0,1,1,2,0,2,0,1,0,0,0,0,2,1,1,0,0,1
2,0,2,1,0,1,2,1,0,0,1,0,0,0,0,0,1,1,0,1
1,1,0,0,1,2,0,2,0,0,1,0,0,0,2,1,1,1,0,1
0,0,1,1,0,2,2,0,0,0,1,0,0,1,1,0,1,0,1,0
0,0,1,0,1,2,1,0,0,0,1,0,1,1,0,0,1,0,2,1
2,1,0,1,1,2,0,1,0,0,0,0,0,0,2,1,1,0,1,1
0,0,1,0,1,1,1,0,0,0,1,0,1,1,1,0,1,0,1,1
0,0,1,1,0,2,1,0,0,0,1,1,0,1,1,1,0,1,2,0
1,1,0,2,1,0,0,2,1,0,1,0,0,1,0,1,1,0,1,1
0,0,0,1,0,1,2,0,0,0,1,1,0,0,1,1,0,0,2,1
1,0,1,2,0,2,1,0,0,0,1,0,1,0,0,1,1,1,0,1
1,1,1,0,1,2,1,2,1,0,0,0,1,1,2,1,1,1,2,1
0,0,1,1,1,0,0,0,1,0,1,1,0,0,1,0,0,0,1,1
2,1,0,0,1,0,1,1,0,1,0,0,0,0,0,1,1,1,1,1
0,0,2,1,0,2,2,1,0,0,0,0,0,0,1,0,0,0,1,0
0,0,1,1,0,2,1,0,0,0,1,1,0,0,1,1,0,1,2,1
0,0,1,2,1,2,0,0,1,0,1,1,1,0,0,1,0,1,0,1
1,0,1,0,1,2,0,0,1,0,0,0,1,1,2,0,1,0,2,1
2,1,0,1,1,2,0,0,0,1,1,0,1,0,2,1,0,1,1,1
0,0,0,1,1,1,1,0,1,0,1,1,1,0,1,0,1,1,1,1
1,0,1,1,0,2,2,0,0,0,0,0,0,1,0,0,0,1,0,0
0,1,1,1,1,1,0,1,0,0,0,1,1,1,0,1,1,0,2,1
2,0,2,1,0,2,0,0,0,0,1,0,0,1,1,1,1,0,2,1
0,1,1,0,1,2,1,1,1,0,0,1,1,1,2,0,0,0,0,1
1,0,0,1,1,2,0,0,1,0,1,0,1,0,0,1,1,0,0,1
0,0,1,1,1,1,1,0,0,0,1,0,0,0,1,0,1,1,2,1
0,0,0,1,1,1,0,0,1,0,1,0,1,1,0,1,1,0,1,1
0,1,1,1,0,1,1,2,1,0,1,0,1,1,1,1,1,0,1,1
2,1,1,1,1,2,1,1,1,0,1,1,0,1,1,1,1,0,0,1
0,1,2,1,0,1,2,2,1,0,0,0,1,0,2,0,1,0,2,0
2,0,1,0,0,2,1,0,0,0,1,0,0,0,1,1,1,1,1,1
0,0,0,1,0,1,0,0,1,0,1,0,0,0,1,1,1,1,2,0
0,1,1,1,1,2,1,2,1,0,0,1,1,1,2,0,1,1,2,1
0,0,1,0,0,2,2,0,0,0,1,1,0,0,1,1,0,1,2,1
2,1,2,1,1,0,0,2,1,0,0,1,1,0,2,0,0,1,2,1
0,0,1,1,1,1,0,0,1,0,1,0,0,0,1,1,1,1,2,1
2,1,2,1,1,0,2,2,1,0,0,1,1,0,2,0,1,0,2,0
2,0,0,1,0,2,1,0,1,0,1,0,1,0,1,0,1,1,1,1
2,0,1,0,0,0,1,0,0,0,1,0,0,0,0,1,1,1,2,1
0,1,1,1,1,2,0,1,1,1,1,1,1,1,1,1,0,1,1,1
1,0,0,0,1,1,1,0,1,0,1,0,1,0,2,1,1,1,2,1
2,0,1,0,0,2,1,0,1,0,1,1,0,1,2,1,0,1,2,1
0,0,1,1,1,0,0,0,1,0,1,0,1,0,1,1,0,1,1,1
1,0,1,0,1,1,2,0,0,0,1,1,0,0,1,1,0,1,2,0
0,1,1,1,1,1,1,1,0,0,1,1,1,1,1,0,1,1,1,1
0,0,1,1,1,1,2,0,0,0,1,1,0,0,2,1,0,0,2,1
0,0,1,1,1,2,1,0,0,0,1,1,1,1,1,1,1,0,0,1
0,0,1,0,1,2,0,0,1,0,1,0,1,1,1,0,1,0,1,1
0,1,1,1,0,2,0,0,1,0,1,1,1,1,1,0,1,1,0,0
0,0,1,0,1,1,0,0,1,0,1,1,1,0,1,0,0,0,2,1
1,0,0,0,1,1,0,0,1,0,1,0,0,0,1,1,1,1,2,0
0,1,2,0,0,2,0,1,0,1,1,0,0,1,2,1,0,1,1,1
0,1,1,0,1,1,0,1,1,0,1,1,1,0,1,0,1,0,1,0
0,0,0,0,0,2,2,0,0,0,1,1,1,0,0,1,0,0,0,1
1,0,2,1,0,2,1,0,0,0,1,0,0,1,2,0,1,0,0,1
1,0,2,0,0,1,1,1,0,0,1,1,0,0,2,0,0,0,0,1
0,0,1,1,1,2,0,0,1,0,1,0,1,0,1,1,0,0,1,1
1,1,1,1,1,0,0,2,0,0,1,1,1,1,1,0,0,0,2,1
0,0,1,1,1,1,1,1,1,0,0,0,1,1,2,0,0,1,2,1
2,1,2,1,1,0,0,2,0,0,0,0,1,1,1,1,0,1,2,1
0,1,1,0,0,1,0,1,0,0,1,0,1,0,1,0,1,0,0,1
0,1,1,1,1,1,0,1,0,0,1,0,0,0,1,0,0,1,1,0
1,1,1,0,1,2,0,2,0,0,0,1,1,0,1,0,0,0,2,1
0,0,1,2,1,2,1,0,0,0,0,1,1,0,2,0,0,0,2,1
1,1,0,2,1,2,0,2,0,0,1,0,0,1,0,1,1,0,0,1
1,0,2,0,0,2,1,0,0,0,1,0,0,0,0,0,0,0,1,1
0,0,1,1,1,2,0,0,1,0,1,0,1,0,1,0,1,1,2,1
0,0,1,2,1,2,0,1,1,0,1,0,0,1,0,0,0,1,0,1
0,0,1,1,0,2,1,0,0,0,1,1,0,1,1,1,0,0,2,0
2,1,1,1,1,2,0,1,0,0,1,0,0,1,1,1,0,0,1,1
1,0,0,0,1,2,1,0,0,0,1,1,0,1,0,0,1,0,2,1
0,0,2,2,0,1,1,0,0,0,1,0,0,1,1,0,0,0,0,1
0,1,2,0,1,1,1,1,1,0,1,1,0,0,1,0,1,0,0,1
1,0,0,0,1,0,1,1,0,0,1,1,0,0,1,0,1,0,0,1
2,1,0,0,1,2,2,1,1,0,0,0,0,0,0,1,0,0,0,0
0,1,1,1,0,2,1,0,1,0,0,0,1,0,2,1,0,1,1,1
0,1,0,1,0,1,2,2,1,1,1,0,0,1,1,1,1,1,1,1
2,0,0,1,0,2,1,0,0,0,1,1,0,0,1,0,0,0,2,1
0,0,1,2,1,2,1,0,0,0,0,1,0,0,0,0,0,0,2,1
0,0,1,1,1,1,0,0,1,0,1,1,1,0,1,1,0,0,2,1
2,1,1,1,1,0,0,2,1,0,1,1,1,0,1,0,1,1,2,1
1,0,1,1,0,2,1,0,0,0,1,1,0,1,1,1,0,1,2,0
0,0,0,1,0,2,2,0,0,0,1,1,1,1,2,1,1,0,1,0
0,0,1,0,1,1,0,0,1,1,1,0,0,1,0,1,1,1,2,1
0,0,1,1,1,0,0,0,1,0,1,0,1,0,1,0,0,0,1,0
0,0,0,0,1,0,2,2,0,0,1,0,1,1,0,1,1,1,1,1
2,1,2,1,1,0,0,2,1,0,1,0,0,1,2,1,0,1,0,0
0,1,0,1,1,2,2,2,1,0,0,0,0,1,1,1,1,0,1,0
1,1,0,0,1,0,0,0,1,0,0,0,1,1,2,1,1,1,2,1
2,1,0,1,1,2,0,1,0,0,1,0,0,1,2,1,1,0,1,1
0,0,0,0,0,2,2,0,0,0,1,1,1,1,0,1,0,1,1,1
0,1,1,1,1,2,1,2,1,0,0,0,1,1,2,1,0,1,2,1
0,0,1,1,1,1,1,2,1,0,1,0,0,1,1,1,0,0,2,1
2,1,2,1,0,1,1,1,1,1,0,0,1,0,0,0,1,1,2,1
2,1,2,0,0,2,0,0,0,1,0,0,0,1,0,1,0,0,0,1
0,0,1,0,0,2,1,0,0,0,1,1,0,1,0,1,0,1,2,1
1,0,0,2,1,1,0,0,1,0,1,0,1,1,1,1,0,1,2,0
1,1,1,1,0,1,1,1,1,0,1,1,0,1,1,1,1,1,1,1
2,1,1,0,0,0,0,2,1,0,1,1,1,0,1,0,0,0,2,1
0,0,1,1,1,1,0,0,1,0,1,0,0,0,1,1,1,1,2,1
0,0,2,0,0,2,0,0,1,0,1,0,0,0,1,0,1,0,1,1
2,1,0,1,1,2,0,0,0,0,0,0,0,1,1,1,1,1,0,1
0,1,1,1,1,2,0,1,0,0,1,0,0,0,1,1,0,0,1,1
0,0,0,1,1,1,0,0,1,0,1,1,1,0,0,1,0,0,1,1
0,1,0,0,0,1,2,1,1,0,1,0,0,1,2,1,1,1,1,0
0,0,1,2,0,2,2,0,0,0,1,1,1,1,0,1,0,1,2,1
0,0,2,1,0,2,1,0,0,0,1,0,1,1,1,0,0,1,1,0
2,1,2,1,1,0,0,1,0,0,0,0,0,1,0,0,0,1,0,1
0,0,1,0,1,2,0,0,1,0,1,0,0,1,2,0,1,0,2,1
0,1,2,1,0,1,1,1,1,0,0,1,1,1,0,0,1,0,1,1
1,1,0,0,1,0,0,0,1,0,1,1,1,1,2,0,1,0,2,1
0,0,1,0,0,2,1,0,0,0,1,1,1,0,1,1,0,0,1,1
0,1,1,0,1,1,0,0,0,1,0,0,0,0,0,1,1,0,1,0
1,0,1,1,1,2,0,0,1,0,1,0,0,1,1,1,0,0,2,1
2,1,0,2,1,2,1,2,0,0,1,0,1,1,2,1,1,1,2,1
1,1,1,1,1,1,0,2,0,1,0,0,0,1,1,1,1,1,2,0
1,0,0,1,1,0,0,0,1,0,1,0,0,0,1,1,1,0,2,0
0,0,0,0,1,2,0,0,1,0,1,0,1,0,2,1,0,0,2,1
2,1,2,0,1,0,0,2,0,1,1,0,1,1,1,0,1,0,2,1
0,0,1,0,1,1,0,0,1,0,0,0,1,0,1,0,0,0,2,1
2,1,0,1,1,0,0,2,0,0,0,0,0,0,1,1,1,0,0,1
0,1,1,1,1,1,0,2,0,0,1,1,1,0,2,0,0,1,2,1
2,0,2,1,1,0,1,0,0,0,0,1,0,1,2,0,0,1,1,1
1,0,1,2,1,0,2,0,0,0,0,1,0,1,0,1,1,0,2,1
2,1,2,2,1,2,2,2,1,0,0,1,1,1,2,0,1,0,2,0
0,0,1,1,0,1,0,2,1,0,1,0,0,1,0,0,0,1,2,0
0,0,0,1,0,0,1,0,1,0,0,0,0,1,1,0,1,0,2,1
1,1,0,1,0,1,1,2,1,0,0,1,1,1,1,0,1,0,2,0
2,0,0,2,1,1,1,0,1,0,1,0,0,1,0,0,1,0,1,1
0,1,1,1,1,2,1,2,1,0,1,0,0,0,1,1,0,1,1,1
2,0,0,0,1,0,2,0,0,0,1,0,0,0,1,1,1,1,1,1
2,1,0,0,1,0,1,2,1,0,0,1,1,1,0,0,0,0,2,1
0,0,1,1,1,1,0,0,1,0,1,0,1,0,1,0,1,1,2,1
2,0,2,1,0,2,2,0,0,0,1,0,1,1,1,0,0,1,2,1
0,0,1,0,1,2,0,0,1,0,1,0,0,1,0,0,1,1,0,0
0,0,2,1,1,2,0,1,1,0,1,0,0,1,1,0,0,1,0,1
0,0,1,1,1,2,0,0,1,0,1,1,0,1,1,0,0,1,1,1
1,0,1,0,0,2,2,0,0,0,1,0,1,0,1,0,1,0,1,1
1,0,0,2,1,1,0,0,1,1,1,0,0,0,0,0,1,0,0,1
0,0,0,0,1,2,0,0,1,0,1,1,0,1,2,1,0,1,1,0
1,0,0,1,1,2,1,0,0,0,1,1,1,0,0,0,0,0,1,1
1,1,0,0,1,2,1,1,1,0,0,1,1,0,2,0,0,0,1,1
1,0,1,0,1,0,2,0,0,0,1,1,0,1,0,1,0,1,2,1
0,0,1,1,1,2,0,0,1,0,0,0,0,1,0,0,0,1,0,1
2,1,2,1,1,1,2,0,1,0,0,0,1,1,1,1,1,0,2,0
0,1,1,1,1,2,1,0,1,0,1,0,1,0,1,1,0,1,2,1
0,0,0,1,1,1,0,0,1,0,1,1,0,0,1,1,1,0,1,0
0,1,0,0,0,0,1,2,0,0,1,0,1,1,2,1,1,1,2,1
0,0,0,0,0,2,1,0,0,0,1,1,1,0,0,1,1,1,1,0
2,1,0,1,0,2,1,0,1,1,1,1,0,0,2,0,1,1,1,0
0,0,1,0,0,2,1,0,0,0,1,1,0,0,1,1,0,1,2,1
2,1,1,1,0,1,2,2,1,0,0,1,0,1,2,1,0,1,1,0
0,0,1,2,0,2,1,0,0,0,0,1,0,1,1,0,0,0,0,1
0,1,1,1,1,0,0,1,0,0,0,0,1,1,2,0,0,1,0,1
2,0,0,0,0,2,1,0,0,0,1,0,0,1,0,0,0,0,0,1
2,1,0,1,0,1,1,1,1,0,0,1,1,0,1,0,1,1,2,1
0,1,1,1,1,2,0,1,0,0,1,0,1,0,0,0,0,0,1,1
0,0,0,1,1,1,0,0,1,0,1,0,1,1,2,1,1,0,1,1
0,0,1,1,1,2,0,0,1,0,1,1,1,1,1,0,1,1,1,1
0,1,1,1,1,2,0,2,0,0,0,0,1,1,2,0,1,1,2,1
2,1,2,1,1,2,0,1,0,1,0,0,1,0,1,0,1,0,2,1
2,1,1,0,0,1,1,1,1,0,0,1,1,1,2,0,1,0,0,1
0,1,0,1,0,0,1,2,1,0,1,1,0,0,0,1,1,0,1,1
2,1,2,1,0,1,2,2,1,0,1,1,0,1,1,1,1,0,0,1
1,1,2,2,0,0,2,2,1,1,0,1,1,0,1,0,0,0,2,1
0,1,1,1,1,0,2,2,1,0,1,0,0,1,1,1,1,1,1,0
0,0,0,1,0,1,2,1,0,0,1,1,1,0,1,1,0,1,0,1
1,0,1,0,0,0,1,0,1,0,1,1,0,1,0,1,0,1,2,1
0,0,0,1,0,2,1,0,0,1,1,0,1,0,2,0,0,0,1,1
0,1,1,1,1,2,0,2,0,0,1,0,0,0,1,1,0,1,0,0
0,0,0,0,0,2,1,0,0,0,1,1,0,1,2,1,1,1,2,1
0,0,1,1,1,0,0,0,1,0,1,0,1,0,1,0,0,1,1,1
2,1,1,1,0,1,1,2,1,0,1,0,0,1,1,1,1,1,0,1
0,0,2,1,0,2,1,0,0,0,1,0,1,0,2,0,0,1,1,1
0,0,2,1,0,0,1,0,1,0,1,0,1,1,1,0,0,1,2,1
2,1,2,1,1,1,1,0,1,1,0,1,1,0,2,0,1,0,2,1
2,1,1,0,0,1,0,1,0,0,0,0,1,0,2,1,0,1,1,1
2,1,0,1,1,0,0,2,0,0,1,0,0,1,0,1,1,0,1,1
0,1,1,1,1,2,0,2,1,0,1,1,1,0,1,0,0,1,0,1
0,1,0,1,1,1,1,2,0,1,0,1,1,0,2,0,0,1,2,1
0,0,0,0,0,0,2,0,0,0,1,1,1,1,2,1,1,1,1,1
0,0,0,2,0,2,2,0,1,0,1,0,1,0,0,1,0,1,2,0
2,1,1,1,0,0,1,2,1,1,0,0,0,0,2,1,0,1,1,1
0,1,1,2,1,0,0,0,0,0,0,1,1,1,1,0,0,0,1,1
0,0,1,1,1,0,0,0,1,0,1,0,0,1,1,1,0,0,1,1
0,0,1,1,1,2,1,0,0,0,0,1,0,0,2,1,0,1,2,1
0,0,1,1,1,1,1,1,0,0,1,1,1,1,1,1,1,1,1,1
2,1,2,0,1,0,0,2,0,0,0,0,0,1,0,1,0,1,0,0
0,0,1,1,1,0,1,1,0,0,1,0,1,0,1,0,1,1,1,0
0,0,2,2,0,2,2,0,0,0,1,1,1,0,1,1,0,1,2,0
0,0,1,0,1,2,2,0,0,0,1,1,0,0,1,1,0,1,1,1
0,0,0,0,0,0,2,0,1,0,1,0,1,1,0,1,0,1,2,0
0,1,1,2,1,1,1,1,1,0,0,1,0,0,1,1,0,1,1,1
1,0,1,1,0,2,1,0,0,0,1,1,1,1,1,1,0,0,1,1
1,0,0,0,0,2,1,0,0,0,1,1,1,1,2,1,1,1,1,1
1,0,1,1,1,2,1,1,0,0,1,0,0,0,0,0,0,1,0,1
2,0,0,1,1,1,0,1,1,0,1,0,1,0,2,1,1,1,0,1
2,0,2,0,0,1,2,1,1,0,1,0,1,1,2,0,0,0,1,0
2,1,1,1,0,1,1,0,1,0,0,0,0,0,2,0,0,1,0,1
0,1,1,0,1,2,0,1,0,1,0,0,1,0,2,0,0,0,2,1
0,1,0,1,1,0,0,2,0,0,1,0,0,1,2,1,0,0,1,0
0,0,1,0,1,1,1,0,1,0,0,0,0,0,2,1,1,1,1,1
2,1,0,1,1,2,2,1,1,0,1,0,1,0,1,1,1,0,0,0
2,1,0,1,0,1,2,1,1,0,0,1,1,0,1,1,1,0,2,0
2,1,0,0,1,0,1,2,0,1,1,1,1,0,1,0,0,0,2,1
0,0,0,2,1,2,0,0,1,0,1,0,1,0,2,1,0,0,0,1
2,1,2,0,1,0,0,2,1,0,1,0,1,1,2,0,0,0,2,1
0,1,2,1,0,0,1,2,1,0,1,1,1,1,1,0,0,0,2,1
0,1,0,2,1,2,2,1,0,0,1,1,0,0,2,1,1,1,1,0
0,0,0,2,1,1,0,0,1,0,1,0,1,0,1,1,0,0,0,1
0,0,0,0,1,2,0,1,1,0,1,1,1,0,2,1,0,0,1,1
0,0,1,1,1,2,2,0,1,0,1,1,1,0,1,0,0,1,2,0
0,0,1,1,1,2,1,0,0,0,0,1,1,0,2,0,1,0,2,1
0,0,0,1,1,2,0,0,1,0,1,0,1,0,2,0,0,1,1,0
1,0,1,0,0,1,0,0,1,0,1,1,1,1,1,0,0,0,1,1
2,1,0,1,0,0,0,2,1,0,1,0,0,0,1,1,1,1,1,0
1,1,1,2,1,2,0,2,0,0,0,0,1,0,2,0,1,1,2,1
0,1,0,0,1,2,1,2,1,1,1,0,0,0,1,1,0,1,0,1
2,1,0,1,0,0,2,2,1,0,0,0,0,0,0,1,0,0,1,0
2,1,2,1,1,1,2,1,1,1,1,1,1,1,0,0,1,1,1,1
0,0,0,2,0,2,1,0,0,0,1,0,1,0,2,0,0,1,1,1
0,0,1,0,0,2,2,0,0,0,1,1,1,1,1,1,0,1,1,1
0,1,0,1,1,0,0,2,0,1,1,0,0,0,2,1,0,1,0,0
0,0,1,1,1,2,0,0,1,0,1,0,0,1,1,1,1,0,2,1
1,1,1,0,0,1,1,1,1,0,1,1,0,1,0,1,0,1,1,1
2,1,0,0,1,1,1,2,1,0,0,1,1,0,2,0,0,0,2,1
0,1,1,1,1,2,0,2,0,1,1,1,1,0,0,0,0,1,2,1
2,1,2,0,1,0,1,2,1,0,1,1,1,1,2,0,1,0,2,1
2,1,1,1,0,0,0,2,1,0,1,1,1,0,1,0,0,1,2,0
2,0,2,1,1,1,0,0,1,0,1,0,0,1,1,0,1,1,0,0
0,0,1,1,0,2,1,0,0,0,1,0,0,0,1,1,1,0,2,1
2,1,0,0,0,0,1,0,1,0,0,1,0,0,1,1,0,0,1,1
0,1,1,0,1,1,0,1,0,0,1,0,1,0,1,0,0,0,0,0
0,0,1,1,1,2,0,1,1,0,1,0,1,1,1,1,0,1,0,1
0,1,0,1,0,0,0,2,0,0,1,0,1,0,0,1,1,1,2,1
0,0,0,1,1,1,0,0,1,0,1,0,1,0,1,1,1,0,1,1
1,1,0,1,1,0,1,2,1,1,0,1,0,1,0,1,1,0,1,0
0,0,0,1,1,2,0,0,1,0,0,0,0,0,0,1,1,0,2,1
0,0,1,1,1,2,0,1,1,0,1,0,1,0,1,1,0,0,1,1
0,0,0,1,0,0,2,0,1,0,1,0,1,0,1,0,1,1,2,1
1,0,0,0,1,2,0,0,1,0,1,0,1,1,0,1,1,1,2,1
0,0,1,2,0,2,2,0,1,0,1,0,1,1,2,1,1,1,1,0
2,0,2,0,1,0,0,0,1,0,1,0,0,0,2,1,1,1,2,1
0,1,2,1,0,2,1,0,1,0,0,1,1,0,1,0,0,1,1,1
0,0,1,0,0,2,2,0,1,0,0,0,1,1,2,0,1,0,2,0
0,1,1,1,1,1,0,0,0,1,1,1,1,1,1,0,1,1,2,1
0,0,1,2,0,1,1,1,0,0,1,1,1,0,0,1,1,1,0,1
0,1,2,2,0,1,2,1,1,0,0,1,0,0,1,0,1,1,0,0
0,0,0,1,1,1,0,0,1,0,1,0,0,0,0,0,1,1,1,1
2,0,2,0,1,2,0,0,1,0,1,0,1,1,2,0,0,0,2,1
1,0,0,1,1,2,0,0,1,0,1,0,1,1,0,0,1,1,2,0
0,1,0,1,0,0,0,2,0,1,1,0,0,0,2,1,1,1,0,1
0,0,0,0,0,2,1,0,0,0,1,1,1,0,2,1,1,0,1,1
2,1,2,0,0,0,1,2,1,0,1,0,1,0,1,0,0,0,2,1
0,0,1,1,1,2,0,0,1,0,0,0,0,0,2,0,0,0,0,1
0,0,0,1,1,0,2,0,0,0,1,1,0,0,1,1,0,1,1,1
2,0,2,0,0,2,2,0,0,0,1,1,0,1,1,0,1,0,1,1
1,0,2,0,0,2,0,0,1,0,1,0,0,0,1,0,1,0,2,1
1,0,0,0,0,2,1,0,0,0,1,1,0,1,0,1,1,1,2,0
0,1,0,0,0,2,2,0,1,0,1,0,0,0,1,1,0,1,1,0
0,1,0,0,0,2,1,0,1,0,0,1,1,1,2,0,0,0,2,1
1,1,0,0,1,2,0,2,0,0,1,0,1,0,1,0,0,0,2,0
0,1,1,1,0,1,1,1,1,0,0,0,0,0,2,1,0,0,1,1
0,0,1,1,1,2,0,2,0,0,1,1,1,1,1,1,1,0,1,0
0,0,1,1,1,1,0,0,1,0,1,0,1,0,1,0,0,1,2,1
0,1,0,1,0,2,1,0,1,0,0,1,0,1,1,1,0,0,1,1
2,1,2,1,1,0,1,0,1,1,1,1,1,1,0,0,1,1,1,1
2,1,2,1,1,0,0,2,0,0,1,0,0,0,2,1,1,0,1,1
1,0,0,2,0,0,1,0,0,1,1,1,1,1,0,0,1,0,1,1
0,0,0,1,1,2,1,1,0,0,1,0,0,1,0,0,1,1,1,0
0,0,0,1,0,2,1,0,0,0,1,0,1,1,0,0,1,1,2,1
0,1,1,2,1,1,0,1,1,0,1,1,1,1,2,0,0,1,0,0
0,0,0,1,1,0,0,0,1,1,1,0,1,0,0,1,0,1,2,1
2,1,0,0,1,0,2,2,1,0,1,0,1,1,0,0,1,1,2,1
0,1,1,0,1,2,0,0,0,1,1,1,1,1,0,0,1,0,2,0
0,0,0,0,1,2,1,0,0,0,1,1,1,1,0,1,1,1,1,1
0,1,0,1,1,0,0,1,0,1,1,0,0,1,1,1,1,0,0,1
1,1,0,1,1,0,0,2,0,0,1,0,1,0,0,1,1,0,1,0
0,1,0,0,0,2,1,0,1,0,1,1,1,0,2,0,1,0,1,1
0,1,0,1,1,0,0,2,0,0,1,1,1,1,2,0,1,0,2,0
0,0,0,1,0,2,2,0,0,0,1,1,1,1,0,1,0,0,0,1
2,0,0,1,0,2,0,0,1,1,1,1,1,0,2,1,1,0,1,1
0,0,1,1,1,2,0,1,1,0,1,0,0,1,1,0,0,1,0,0
2,1,1,1,0,0,1,2,1,0,1,1,0,1,1,1,1,1,1,1
2,1,1,1,0,0,1,2,0,0,1,0,0,1,1,1,0,0,1,1
0,1,1,1,1,2,0,2,1,0,1,1,0,1,1,1,1,0,1,0
2,0,2,1,0,1,1,0,0,0,1,1,0,1,1,0,0,1,1,1
0,0,0,1,0,0,0,0,1,0,1,0,1,1,0,1,1,0,1,1
2,1,0,1,1,0,1,1,1,0,0,1,1,1,1,0,0,1,0,1
0,1,1,0,1,2,2,2,1,0,1,1,1,0,1,1,1,1,2,0
0,0,1,1,1,1,0,0,1,0,1,1,0,0,1,1,1,1,2,1
0,0,1,1,1,2,0,0,1,1,1,0,1,0,0,1,1,0,2,1
0,0,1,1,1,1,0,0,1,1,1,0,1,0,0,1,1,1,0,1
2,1,2,1,1,1,0,1,0,1,1,0,0,0,1,1,1,0,1,0
0,0,1,2,1,1,1,0,0,0,1,1,0,1,2,1,0,1,2,1
1,0,0,0,1,2,1,0,0,0,1,1,1,1,0,1,1,0,1,1
0,1,1,1,1,1,1,0,1,0,1,0,1,0,1,1,0,0,2,0
2,0,0,1,0,2,2,0,0,0,1,1,1,1,2,1,1,0,0,1
0,1,0,1,0,0,1,2,1,0,0,1,0,0,1,1,1,0,1,1
0,0,2,1,0,2,2,0,1,0,1,0,1,0,0,1,0,1,1,0
0,1,0,1,1,0,0,1,0,1,0,0,1,1,1,1,1,0,2,0
1,0,1,2,0,2,1,0,0,0,0,1,1,0,2,1,0,1,1,1
0,1,0,1,1,2,0,0,0,0,1,1,1,1,2,1,0,0,0,0
0,1,1,0,1,0,1,2,1,0,1,1,0,0,1,1,0,1,0,1
0,0,0,1,1,2,0,0,1,0,1,0,1,0,1,1,1,0,0,1
1,1,1,1,0,1,1,2,1,0,1,0,0,1,1,1,1,0,1,1
0,0,1,1,1,2,2,0,0,0,0,1,0,0,0,1,0,0,1,1
1,1,1,0,0,0,1,2,1,0,1,1,1,1,1,0,1,0,2,1
0,1,1,0,1,2,0,2,0,1,0,0,1,0,2,1,0,1,0,1
2,1,2,1,1,2,0,1,0,0,1,0,1,0,2,0,0,0,1,1
2,1,2,0,0,0,1,2,1,0,0,0,1,1,1,0,0,0,0,1
0,0,1,1,1,0,0,0,0,0,1,1,1,1,1,1,1,0,0,0
0,1,1,1,0,0,0,2,0,1,1,0,0,0,0,1,0,1,0,0
0,1,0,0,1,2,0,2,1,0,0,0,0,0,1,1,0,1,1,1
0,1,2,1,0,0,2,2,1,0,0,1,0,1,0,0,0,0,0,0
0,1,2,1,0,1,2,1,1,1,0,1,0,0,0,0,1,1,1,1
1,1,1,1,0,1,2,2,1,0,0,1,1,0,0,0,1,1,2,0
0,1,2,1,0,1,2,1,1,0,0,0,0,1,0,0,1,1,1,0
2,0,1,1,1,1,0,0,0,0,1,1,0,1,1,0,0,1,2,1
0,0,1,1,1,1,2,0,0,0,1,1,1,0,1,1,0,0,1,1
1,1,0,0,1,2,0,2,0,0,1,0,0,0,0,1,1,1,0,1
0,0,0,1,0,2,1,0,0,0,1,1,1,1,0,0,0,0,2,1
0,0,2,0,0,2,1,0,0,0,1,0,0,1,2,0,0,0,2,0
0,0,1,1,1,2,0,0,1,0,1,1,1,1,2,0,0,0,1,1
0,0,1,1,0,2,1,0,1,0,0,0,1,0,0,0,0,1,1,1
0,0,1,1,1,0,0,0,0,0,0,1,1,0,0,0,0,0,1,0
1,1,0,0,1,2,1,1,1,0,0,1,0,0,0,0,0,0,0,1
2,1,1,1,0,1,1,1,1,0,1,0,0,0,1,1,0,1,1,0
0,0,1,1,1,0,0,1,1,0,1,0,0,0,1,1,0,0,2,1
0,0,1,0,1,2,0,0,1,0,1,0,1,1,1,0,0,0,2,0
0,1,1,1,1,1,0,1,0,1,1,0,0,1,0,1,0,1,1,1
0,1,0,1,0,1,1,1,1,0,0,0,0,1,1,1,1,0,1,1
0,1,1,0,0,0,1,2,1,0,1,0,0,0,1,1,0,1,2,1
2,1,1,0,0,0,2,2,1,0,0,1,0,1,1,1,0,1,1,1
2,0,0,1,0,2,1,0,0,0,1,0,1,1,0,1,1,0,2,1
2,1,0,1,0,1,0,1,0,0,0,0,1,0,1,1,1,1,1,0
0,0,1,1,1,1,1,0,1,0,0,0,1,0,0,0,0,0,1,1
2,1,2,0,1,1,1,2,1,0,1,1,1,1,2,0,1,0,2,1
1,1,0,2,1,2,2,2,1,0,1,0,0,0,1,1,1,1,1,0
0,0,0,0,0,1,1,1,0,0,1,1,0,0,1,0,0,0,0,1
0,0,1,0,1,2,1,0,0,0,1,1,0,0,1,1,0,1,2,1
2,1,0,1,0,2,2,0,1,0,1,0,1,0,1,1,1,0,2,1
0,0,1,0,1,2,1,0,0,0,1,1,0,1,2,1,0,1,2,1
0,0,1,1,1,1,1,0,0,0,1,1,1,1,1,1,0,0,1,1
0,0,0,1,1,2,0,1,1,0,1,0,1,0,1,1,1,1,1,1
1,1,1,0,1,2,0,2,1,0,1,1,1,1,0,1,0,0,2,1
0,0,0,0,1,0,1,0,1,0,1,0,1,1,0,0,1,0,1,0
2,0,0,1,0,2,2,0,0,0,1,0,0,1,2,1,1,1,2,0
1,1,1,0,0,1,0,1,1,0,1,0,1,0,1,0,1,0,1,1
1,0,1,1,0,1,2,1,0,0,1,1,1,1,1,1,1,1,1,1
0,1,0,1,0,0,1,2,1,0,1,1,1,0,1,0,1,1,2,1
1,1,1,2,1,0,2,2,1,0,0,1,0,0,1,1,1,1,2,0
0,1,0,0,0,2,0,0,0,0,1,0,0,0,0,1,1,1,1,1
0,0,1,1,1,0,1,0,0,0,1,1,0,0,1,0,0,1,1,1
0,0,1,0,0,0,2,0,0,0,1,1,1,0,1,1,0,1,1,1
0,0,1,2,1,2,0,0,1,0,1,0,0,0,0,0,1,0,0,1
1,0,1,0,1,2,2,0,0,0,1,1,0,1,2,1,0,1,2,1
0,0,1,1,0,1,0,1,1,0,1,0,0,0,1,0,0,1,0,1
0,1,1,1,1,2,1,2,1,0,0,1,0,1,2,1,0,0,0,1
0,1,1,0,1,0,1,2,1,0,0,0,1,1,2,1,0,0,2,1
2,1,1,1,0,0,2,2,1,0,0,1,1,0,2,0,0,1,2,0
0,0,1,1,1,1,1,0,0,0,1,1,1,0,1,1,1,0,1,1
1,0,2,0,0,2,2,0,0,0,1,1,1,1,2,1,0,1,0,1
0,0,0,1,1,1,1,0,1,0,1,0,1,0,0,0,1,1,2,1
0,0,1,1,1,0,0,0,1,0,1,1,1,1,1,1,1,1,1,1
2,1,0,0,1,2,0,0,0,0,1,0,0,1,2,1,1,1,1,1
0,0,1,1,1,0,2,0,0,0,1,1,0,0,1,1,1,0,2,1
0,1,0,1,0,1,2,2,1,0,0,1,0,0,2,1,1,0,1,0
1,0,0,1,1,2,0,0,1,0,1,0,0,0,1,1,1,0,2,1
0,1,0,0,1,0,1,2,1,0,0,1,1,1,0,0,0,0,2,0
2,1,2,2,1,0,0,2,0,0,1,0,0,1,2,1,0,1,1,1
0,0,1,1,1,2,2,0,0,1,1,1,0,1,0,1,1,0,2,1
0,0,1,1,0,0,1,0,0,0,1,1,1,0,1,1,0,0,0,0
0,1,1,1,1,2,0,2,1,1,1,1,1,0,2,0,1,0,2,1
0,0,0,0,0,2,2,0,0,0,1,1,0,0,2,1,1,1,2,1
2,1,2,1,1,1,0,2,0,1,1,0,0,1,2,1,0,1,0,1
1,1,1,1,0,2,2,1,1,0,0,1,1,0,0,1,1,1,1,0
0,1,1,0,1,0,0,2,0,1,0,0,1,0,2,1,0,1,2,1
0,0,1,1,1,2,0,0,1,0,1,0,1,1,1,1,0,0,2,1
1,0,0,2,1,2,1,0,0,0,1,0,0,0,0,1,0,0,2,1
1,1,1,0,0,2,2,1,1,1,1,1,1,1,0,1,1,1,1,1
0,0,1,2,1,0,0,0,0,0,1,1,1,0,0,0,0,0,1,0
0,1,1,2,1,0,1,2,1,0,0,0,1,0,2,1,1,1,2,1
0,0,1,0,1,1,0,0,1,0,1,0,1,1,1,0,1,0,1,1
1,0,1,1,0,2,1,0,0,1,1,0,1,1,1,1,0,1,2,0
2,1,0,0,1,2,1,0,1,0,1,1,1,0,2,0,0,0,2,1
0,0,0,0,0,1,1,0,0,0,1,1,1,0,1,0,0,0,2,1
1,0,0,0,1,2,0,0,1,0,1,0,1,0,2,1,1,1,1,1
0,0,0,1,0,1,0,0,1,0,1,0,1,1,0,1,0,0,1,0
0,0,2,1,0,2,0,0,1,0,1,0,1,0,0,0,0,1,2,1
0,1,2,1,0,1,0,2,0,1,1,0,1,1,0,0,0,1,2,1
2,0,2,1,0,0,1,0,0,0,1,1,1,0,2,0,1,1,1,1
0,0,0,1,0,2,1,0,0,0,1,1,0,1,2,0,0,1,2,1
0,1,1,1,1,0,0,2,1,0,0,0,0,0,2,1,1,1,1,1
0,0,0,1,1,0,0,2,0,0,1,1,1,1,0,1,1,0,0,1
0,0,2,0,0,2,1,0,0,0,1,1,1,0,1,0,1,0,1,1
0,1,1,1,1,0,0,0,0,0,1,1,1,0,1,0,1,0,1,1
1,0,0,2,1,0,1,0,0,0,1,1,0,1,0,0,0,1,0,1
0,1,1,1,1,0,0,2,1,0,1,1,1,0,1,0,1,1,2,0
1,0,1,0,0,2,1,0,0,0,1,1,1,1,2,1,0,1,1,1
0,0,1,1,0,2,2,0,0,1,1,0,0,0,0,1,1,0,2,0
0,0,1,0,1,2,0,0,1,0,1,0,0,0,1,0,1,0,1,1
0,0,0,1,0,1,2,0,0,0,1,0,1,1,0,0,1,0,2,1
0,1,1,2,0,1,2,1,1,1,1,1,0,0,2,1,1,0,1,1
0,0,1,1,0,2,2,0,0,1,1,1,0,1,1,1,0,1,1,0
0,0,1,2,0,2,0,0,1,0,0,0,1,1,0,0,0,0,1,0
1,0,1,2,1,2,0,0,1,0,1,0,1,1,2,1,0,1,2,0
1,1,1,0,0,1,0,1,0,0,1,0,1,0,1,0,0,0,0,0
0,0,1,1,1,2,0,0,1,0,1,1,1,0,1,1,0,1,0,1
0,0,1,2,1,2,1,0,0,0,1,0,1,1,1,1,1,1,0,1
0,1,1,1,1,1,0,0,1,0,0,1,1,0,2,0,0,0,2,1
0,0,1,0,0,2,1,0,0,0,0,0,1,1,2,0,1,0,2,1
0,0,1,1,0,0,1,0,0,0,1,1,0,0,1,1,0,0,2,1
2,1,2,0,1,0,0,1,0,0,0,0,0,0,0,1,0,1,1,1
0,0,0,1,0,0,2,0,0,0,1,1,0,1,2,1,0,0,2,1
0,0,2,1,1,2,0,0,1,0,1,0,0,1,1,1,0,0,2,1
0,0,0,1,0,0,1,0,0,0,1,0,1,1,0,0,1,1,2,1
0,0,1,2,1,0,1,0,0,0,1,0,1,1,2,0,1,1,2,1
1,0,0,1,1,0,1,2,0,0,0,0,1,1,1,0,0,0,2,0
0,0,1,0,1,1,0,0,1,0,1,0,1,0,1,0,1,0,1,0
0,1,0,1,1,0,0,2,0,0,0,0,0,1,1,1,1,1,0,1
1,0,1,0,0,1,2,0,0,0,1,1,1,1,0,1,0,1,0,1
0,1,1,0,0,1,2,1,1,0,1,0,0,1,0,1,0,1,0,0
1,0,1,0,0,0,0,0,1,0,1,0,1,0,1,0,1,0,1,1
0,0,1,0,0,2,1,0,0,0,0,0,1,1,2,0,1,0,2,0
0,0,1,1,1,1,2,0,0,0,1,1,1,0,1,1,1,1,0,1
1,1,1,1,0,2,2,0,1,0,1,1,1,0,0,0,0,1,2,0
0,0,1,1,0,2,1,0,0,0,1,1,1,0,1,1,1,1,0,1
0,0,1,1,1,0,0,0,1,0,1,0,1,0,0,0,0,0,1,1
0,1,1,2,0,0,1,2,1,0,0,1,0,0,2,1,0,1,1,1
0,1,1,0,1,0,0,2,0,0,1,0,0,1,1,1,1,1,0,0
1,0,1,0,0,0,1,0,0,0,1,1,0,1,1,1,0,0,2,1
2,1,2,1,0,1,1,1,1,0,1,0,1,0,2,0,0,1,0,0
2,0,2,1,1,0,0,0,1,0,1,0,1,1,2,0,1,1,2,1
1,0,1,0,1,2,0,0,1,0,1,1,0,0,1,0,0,0,0,1
0,1,0,1,0,2,2,0,1,0,0,0,0,0,2,1,1,0,1,0
0,0,0,0,0,2,0,0,1,0,1,0,1,0,2,1,1,1,1,0
0,1,2,0,0,0,2,2,1,0,0,1,1,1,2,0,1,0,2,0
0,0,1,0,0,2,2,0,0,0,1,0,1,0,1,1,0,1,2,0
0,1,1,0,0,2,2,2,1,0,0,0,1,0,1,0,1,0,2,0
2,1,0,1,1,1,1,2,1,1,1,1,1,0,2,0,1,1,2,1
0,0,0,1,0,2,2,0,0,0,1,1,1,1,0,1,0,0,2,1
0,0,1,0,1,1,0,0,1,0,1,0,0,1,1,1,1,1,2,1
0,0,1,1,1,2,0,0,1,0,1,1,1,0,1,1,0,0,1,1
2,0,1,1,0,2,0,0,1,0,1,0,0,0,1,1,0,0,2,1
1,0,1,0,0,2,1,0,0,0,1,1,1,1,1,1,0,1,0,0
1,1,1,0,1,2,0,2,0,1,1,0,1,1,0,0,1,0,2,1
0,0,0,2,0,1,0,0,1,0,1,1,1,0,1,1,0,1,2,1
2,0,1,1,1,2,0,0,1,0,1,0,1,1,1,1,1,1,1,1
0,1,0,1,0,1,2,1,1,0,0,1,1,1,1,1,0,1,2,0
2,1,0,1,1,0,1,2,1,0,0,0,1,0,1,0,1,1,0,1
0,1,1,1,0,0,2,2,1,0,1,0,1,1,1,0,1,1,2,0
0,1,1,1,0,0,1,2,0,1,1,0,0,0,2,1,0,1,0,1
0,1,1,1,0,1,1,1,1,0,0,0,0,1,2,0,0,0,1,1
1,0,1,0,0,0,1,0,0,0,1,1,1,0,1,0,0,0,2,0
0,0,1,1,1,0,0,0,1,0,1,0,1,0,2,1,0,0,0,0
2,0,2,1,1,2,2,0,0,0,1,1,0,1,1,0,0,1,0,0
0,0,2,1,0,2,1,0,0,0,1,1,1,1,1,0,0,0,1,1
0,0,1,0,1,0,0,0,1,0,1,1,1,0,1,1,0,1,0,1
0,1,1,1,1,2,0,1,0,1,1,1,0,0,2,1,1,0,0,1
0,0,1,1,1,0,0,0,1,1,1,0,0,0,2,0,1,0,2,1
0,0,0,0,0,2,1,0,0,0,1,1,1,1,2,0,0,0,2,1
0,0,0,1,1,1,0,0,1,0,1,0,0,1,0,1,1,0,2,0
1,0,2,0,0,2,2,0,0,0,1,0,1,1,1,0,1,0,1,1
0,1,0,1,1,1,0,0,0,0,0,0,1,1,0,1,1,1,2,1
2,1,0,0,1,0,0,2,0,0,1,0,0,1,0,1,1,1,0,1
1,1,1,1,1,2,1,2,1,1,1,1,1,0,0,0,0,1,0,1
2,1,2,0,1,0,0,0,0,0,1,1,1,1,1,0,0,0,1,1
0,1,0,1,1,2,0,0,0,1,1,0,1,0,1,1,0,0,2,1
0,0,0,0,0,2,1,0,0,0,1,0,1,1,0,1,0,0,0,1
0,1,1,1,1,2,0,2,0,0,0,0,0,0,1,1,0,1,0,0
1,1,2,2,0,2,1,0,0,1,1,1,1,0,0,0,1,0,0,1
2,1,0,1,0,1,1,2,1,0,1,1,1,0,0,0,1,0,2,1
0,0,1,1,1,0,0,0,1,0,1,1,0,1,1,1,0,1,2,1
0,0,1,2,1,2,1,1,0,0,1,1,0,0,0,1,0,1,1,1
2,0,2,0,1,2,1,0,1,0,1,0,1,0,2,0,1,1,2,1
0,1,1,1,1,0,0,1,0,1,0,0,0,1,0,1,0,1,0,1
1,1,1,0,1,2,1,2,1,0,0,0,0,1,2,1,1,1,2,1
0,0,0,1,0,1,0,1,1,0,0,1,0,1,1,0,1,1,1,1
2,1,0,0,0,2,1,0,1,0,0,1,1,0,2,0,1,0,1,1
0,0,1,0,1,2,0,0,0,0,1,0,0,1,0,0,1,0,1,0
0,1,1,1,0,0,1,2,1,0,0,0,1,0,2,1,1,0,2,1
0,1,1,1,1,2,0,2,0,0,0,0,0,0,2,1,1,0,0,0
2,1,0,0,1,0,0,2,0,0,1,0,0,0,2,1,0,1,2,1
0,1,1,1,1,0,1,2,1,0,0,1,1,0,2,0,0,0,2,1
0,0,1,0,1,2,0,0,1,0,0,0,1,0,1,0,1,0,2,0
1,0,1,0,0,2,1,0,1,0,1,0,0,1,0,1,0,0,0,1
2,1,2,1,1,2,0,2,0,0,1,0,1,1,1,0,1,0,2,1
2,0,2,2,0,2,2,0,0,0,1,0,0,0,2,0,1,0,2,1
2,1,1,1,0,1,1,1,1,0,1,1,0,0,1,1,1,0,1,1
0,0,2,1,0,0,2,0,0,0,1,1,0,0,2,0,0,1,2,0
0,0,1,1,1,1,0,0,1,0,1,0,0,1,1,0,0,0,2,1
1,0,1,1,1,1,0,0,1,0,1,0,1,0,0,1,1,1,1,1
2,1,2,1,1,0,0,2,0,1,0,1,0,0,0,1,1,0,0,0
0,1,1,1,1,0,0,2,0,0,0,1,1,0,2,1,0,0,2,1
0,0,0,0,1,2,2,0,0,0,1,1,1,1,2,1,1,1,1,1
2,1,2,1,1,0,1,2,1,0,1,1,1,0,2,0,0,0,2,1
0,0,1,1,1,0,0,0,1,0,1,0,1,0,0,1,0,0,1,1
0,0,1,1,1,1,1,0,0,0,1,1,1,0,1,1,0,1,0,1
0,1,1,1,1,0,0,0,0,0,1,1,1,1,1,1,0,0,2,1
0,0,2,1,0,2,2,0,0,0,1,1,1,0,2,0,0,1,2,0
1,1,0,0,1,2,0,1,1,0,1,1,1,1,0,1,1,1,1,0
0,0,1,1,0,2,1,0,0,0,1,0,1,0,1,1,0,0,0,1
1,0,1,0,1,2,0,2,1,0,1,0,1,1,2,1,1,1,0,1
1,0,0,0,1,2,1,1,0,0,1,1,0,1,0,0,1,0,0,1
0,0,0,1,1,2,0,0,1,0,1,0,0,1,2,1,1,0,2,0
1,0,0,0,1,2,0,0,1,0,0,0,0,0,1,0,1,0,1,1
0,0,0,0,1,0,0,0,1,1,0,0,0,0,0,1,1,0,2,1
0,0,1,0,1,1,2,0,0,0,1,1,1,0,1,1,0,0,1,1
0,0,1,1,0,2,1,0,0,0,1,0,0,1,1,0,1,0,0,0
0,1,0,2,1,2,1,0,1,0,0,0,0,1,2,1,1,1,1,1
0,0,0,1,1,0,2,0,0,0,1,1,1,0,1,1,1,1,0,1
2,1,2,1,1,1,0,0,1,1,0,1,1,1,0,1,1,0,1,1
1,1,0,0,1,2,0,2,0,1,1,0,1,0,2,1,0,1,1,0
2,1,2,0,0,1,2,1,1,1,1,1,1,1,0,0,1,0,0,0
0,0,0,1,1,1,0,0,1,0,0,0,0,0,1,0,1,1,0,1
0,0,0,0,1,2,0,0,1,0,0,0,0,0,2,0,0,0,1,1
0,1,2,1,0,2,1,1,0,0,0,1,1,0,1,0,0,1,0,1
0,0,1,1,1,0,0,0,1,0,0,0,0,1,2,0,1,1,0,1
0,1,1,1,1,0,0,2,0,0,1,1,1,1,1,0,1,0,2,0
1,1,0,1,1,2,2,0,1,0,0,0,1,0,2,1,1,0,1,0
2,1,2,1,1,2,0,1,0,1,1,1,1,0,2,0,1,1,1,0
0,1,0,1,1,2,0,2,0,1,0,0,0,0,2,1,0,0,0,1
0,0,1,1,1,1,1,0,0,0,1,1,0,0,1,0,0,1,1,1
2,0,2,0,1,1,1,1,0,0,1,0,0,0,1,0,0,0,0,1
0,0,1,0,1,0,0,0,1,0,1,0,1,1,2,0,1,1,2,1
2,0,0,1,1,2,2,0,1,0,1,0,1,1,0,1,1,0,0,0
1,1,0,0,1,0,1,2,1,0,1,0,0,1,0,1,1,1,1,1
2,1,2,0,0,0,1,2,1,0,0,1,1,1,2,0,1,0,2,1
0,1,1,0,0,0,2,2,1,0,0,1,0,0,0,1,1,1,1,0
1,0,2,2,0,2,0,0,0,0,0,1,0,1,0,0,1,0,1,1
0,1,1,1,1,1,0,2,0,0,0,1,1,0,2,0,0,0,2,1
1,0,1,2,1,1,1,0,0,0,1,0,1,1,2,1,1,0,1,0
0,1,0,1,0,2,1,0,0,0,0,0,1,0,1,1,1,1,2,1
0,1,1,1,0,1,2,2,0,1,0,0,0,1,0,1,0,0,0,0
0,0,1,1,0,2,2,0,1,0,1,0,1,0,1,1,0,1,2,0
0,1,1,0,1,2,1,2,1,0,1,1,0,0,1,1,0,0,1,1
2,1,0,1,1,0,0,2,0,1,1,0,0,1,2,1,0,1,1,1
1,0,0,1,1,1,1,0,0,0,1,1,1,0,1,1,1,0,0,1
1,0,0,0,1,2,1,0,0,0,1,1,1,0,0,0,1,0,2,0
0,0,0,1,1,2,1,0,1,0,1,0,0,1,2,0,1,0,1,1
1,1,0,0,0,1,2,2,1,1,1,0,0,1,0,1,0,1,0,1
0,0,1,1,1,2,0,0,0,0,1,1,0,0,2,1,0,1,2,1
2,0,2,0,1,1,0,0,1,0,1,0,0,0,1,0,1,0,1,0
2,1,0,0,1,0,0,2,0,0,0,1,0,0,1,1,1,1,1,0
0,1,1,1,1,1,0,2,1,1,1,1,1,1,1,0,1,0,2,1
2,1,2,2,1,0,2,2,1,1,0,1,1,0,2,0,0,0,2,1
0,0,1,1,1,1,1,0,1,0,1,0,1,1,1,1,0,1,1,1
0,0,0,1,1,2,0,0,1,0,1,0,0,0,1,1,1,0,2,0
0,0,0,1,1,2,1,0,0,0,1,1,0,0,1,1,1,1,2,0
0,0,0,0,1,1,0,0,0,0,1,0,0,0,2,1,0,0,2,1
2,1,0,0,0,0,1,2,1,0,1,0,0,0,2,1,1,1,0,1
0,1,0,0,1,2,0,1,0,1,1,0,0,1,0,1,1,1,1,0
0,0,0,0,1,1,0,0,1,0,1,0,1,0,2,1,0,1,0,1
1,0,1,0,0,1,2,0,1,0,1,0,1,1,1,1,1,1,0,0
1,0,0,0,0,2,0,0,1,0,0,1,0,0,2,1,1,1,2,0
2,0,2,1,0,2,1,0,0,0,1,1,0,0,0,1,1,0,2,1
1,1,0,2,1,2,0,1,1,0,1,0,1,0,1,1,1,0,1,1
1,0,1,0,1,0,0,0,1,0,1,1,0,1,1,1,0,1,1,1
0,1,1,1,0,0,0,2,0,0,1,0,0,1,2,1,1,0,1,1
0,0,0,0,0,2,1,0,0,0,1,0,0,0,1,1,0,1,0,1
0,0,0,2,1,2,0,0,1,0,1,0,1,1,2,0,0,0,2,1
0,0,1,1,0,1,2,1,1,0,1,0,1,0,1,1,0,1,1,1
1,1,1,1,0,1,0,1,1,0,1,0,0,1,2,1,1,0,1,1
0,0,1,1,1,0,1,0,0,0,1,1,1,1,1,1,0,1,1,1
1,1,0,1,1,2,0,1,1,0,0,1,0,1,1,1,0,1,1,1
0,0,1,1,0,0,1,2,0,0,1,1,1,1,1,1,0,1,1,1
0,1,1,0,1,1,0,0,1,1,1,1,1,1,1,1,1,1,2,1
0,0,0,1,0,1,1,2,0,0,1,1,1,1,2,1,1,1,1,0
2,1,2,0,1,2,1,0,1,0,0,1,0,0,2,0,1,0,1,1
1,1,1,2,0,1,1,1,1,0,1,1,0,0,0,1,0,1,1,1
2,1,1,0,0,1,2,1,1,0,0,1,1,1,2,1,1,0,2,0
0,0,1,2,1,2,0,0,0,0,1,1,1,1,2,1,1,1,2,1
2,1,1,1,1,2,1,2,1,0,1,0,1,1,1,0,0,1,2,1
0,0,1,0,0,2,2,0,0,0,0,1,1,0,1,1,0,0,1,1
0,0,0,1,0,1,2,0,0,0,1,1,1,1,0,1,0,1,0,1
2,0,0,1,1,1,0,0,1,0,1,0,1,1,2,1,1,1,0,0
0,0,0,0,1,2,0,0,1,0,1,0,0,0,2,0,0,0,1,1
1,1,2,0,0,0,2,2,1,0,1,0,1,0,2,0,0,0,2,0
0,1,2,1,1,2,0,2,0,1,0,1,1,0,1,0,0,1,2,1
1,1,1,1,0,0,1,2,1,1,0,1,1,0,1,0,1,0,2,1
2,1,0,0,1,2,0,2,0,0,1,0,0,1,0,1,1,1,1,1
0,0,1,0,0,2,2,0,0,0,1,0,0,1,0,0,0,0,1,1
1,0,1,2,0,2,0,0,1,0,1,0,0,0,0,0,1,1,2,1
0,0,0,1,0,2,1,0,0,0,1,1,1,1,0,1,1,0,1,1
1,0,0,0,1,1,1,0,0,0,1,1,1,1,2,0,0,0,0,1
0,0,2,1,0,2,2,0,0,0,1,1,0,0,2,1,0,0,2,0
0,0,0,0,0,1,1,2,0,0,1,0,1,1,2,0,0,0,1,1
0,0,1,1,0,0,1,0,0,0,1,1,0,1,1,1,1,0,1,1
0,1,0,0,0,1,1,2,1,1,0,0,0,1,0,1,1,1,0,1
2,1,0,1,1,1,0,1,0,0,0,1,0,0,1,1,0,0,1,1
0,1,0,0,0,1,2,1,1,1,0,0,0,1,2,1,1,1,1,1
0,0,1,0,1,2,0,0,1,0,1,1,0,0,1,0,0,0,2,1
0,1,1,1,0,1,1,0,0,0,1,0,1,0,1,0,0,0,2,1
0,0,0,1,0,2,2,0,0,0,1,1,1,0,1,1,1,0,1,1
2,1,0,1,1,2,0,2,0,0,0,1,0,0,1,1,1,1,1,1
2,0,2,0,1,2,0,0,1,0,1,0,1,0,1,1,0,1,1,1
0,1,1,0,0,2,1,0,1,1,1,0,1,0,2,0,1,0,1,1
2,1,1,0,0,1,2,1,1,0,0,1,1,1,2,0,0,0,1,0
1,1,0,0,1,0,0,2,0,1,1,0,0,1,1,1,0,1,0,0
0,1,0,0,1,2,0,1,1,1,1,1,0,0,2,1,1,1,1,1
1,0,0,0,1,2,0,0,1,0,1,0,1,0,0,1,1,0,1,1
0,0,0,1,1,2,0,0,0,0,1,1,0,1,0,1,0,1,2,1
1,1,1,0,1,2,0,1,1,0,1,1,1,0,1,0,1,0,1,1
2,0,2,1,1,0,0,0,1,0,1,0,0,0,2,1,1,1,2,1
0,0,0,1,1,2,1,1,0,0,1,1,1,1,0,1,1,1,0,1
2,0,1,1,1,2,1,0,1,0,1,1,0,0,1,1,0,1,2,1
2,1,0,0,1,0,2,2,1,0,0,1,1,0,0,0,0,0,2,0
0,0,1,0,1,1,0,0,1,0,1,0,0,0,2,0,0,0,0,1
1,0,1,0,1,2,0,1,1,0,1,0,1,0,1,1,0,1,1,1
0,0,0,1,1,1,0,0,0,0,1,1,0,1,0,1,0,1,2,0
2,0,0,1,1,0,1,0,0,0,1,1,1,0,1,1,0,1,2,1
1,0,1,0,1,2,1,0,0,0,1,1,0,0,1,1,0,1,2,0
0,0,0,1,1,2,1,0,1,0,1,0,0,1,2,0,0,1,1,1
0,1,0,0,0,2,1,0,1,1,1,1,1,0,1,1,1,1,1,0
1,0,1,0,0,0,1,0,0,0,1,0,0,0,1,1,1,1,2,1
0,0,1,0,1,1,0,0,1,0,0,0,1,1,2,0,0,0,1,0
0,0,1,0,1,2,0,2,1,0,0,0,1,1,2,0,1,0,2,1
0,1,1,1,0,2,1,0,0,0,0,0,1,0,0,1,0,1,2,1
0,1,1,0,1,0,0,1,0,1,1,0,0,0,2,1,0,0,1,1
0,0,1,1,0,2,1,0,0,0,1,1,0,1,1,0,0,1,2,1
0,1,2,1,0,0,1,2,1,0,1,0,1,0,0,0,1,1,2,1
0,1,1,1,1,2,0,1,1,1,0,0,0,0,1,1,0,0,1,1
1,0,0,1,1,2,0,0,1,0,1,0,1,0,1,1,1,1,0,1
0,0,1,0,0,2,1,0,0,0,1,1,1,0,1,1,0,1,1,1
0,0,0,2,1,0,0,0,1,0,1,0,0,0,1,1,1,1,1,1
0,1,2,1,0,0,2,2,1,0,0,1,0,0,1,1,0,0,0,0
1,1,0,0,1,1,2,1,1,0,0,0,0,1,2,1,0,1,1,0
0,1,1,1,0,1,2,1,1,0,0,0,0,0,2,1,1,1,1,0
0,0,0,2,0,2,1,0,0,0,1,1,1,0,1,1,0,1,1,1
0,0,1,1,1,2,2,0,0,0,1,1,1,0,1,1,0,0,1,1
2,1,2,0,1,1,0,1,1,1,1,1,0,1,2,0,0,0,0,1
2,0,2,0,0,2,1,0,0,0,1,1,1,0,1,0,1,0,2,0
2,1,0,0,1,2,1,2,1,0,1,1,1,0,2,0,0,0,2,1
1,1,1,2,0,1,2,2,1,0,0,0,1,0,2,1,0,1,2,0
1,0,1,0,1,2,2,0,1,0,1,0,1,0,1,1,1,1,1,0
0,1,2,1,0,1,2,1,1,0,0,1,1,1,0,0,0,1,0,0
1,1,0,1,1,1,0,1,0,1,0,0,1,1,0,1,1,1,1,1
0,1,1,1,1,0,0,1,1,0,1,1,0,0,1,0,1,0,1,1
1,0,1,0,0,2,1,0,0,0,1,0,0,1,0,0,1,0,1,1
2,0,0,2,1,1,2,0,1,0,1,0,1,0,2,0,0,0,2,0
0,1,1,0,1,2,0,2,0,0,1,0,1,0,1,0,1,1,0,0
0,1,1,2,1,0,1,1,0,0,1,0,0,0,0,1,0,0,1,1
0,0,1,1,0,2,2,0,0,1,1,1,0,1,1,1,1,0,2,0
1,1,0,1,1,0,0,2,0,0,0,1,1,0,0,0,1,1,2,0
1,1,1,0,1,0,1,1,1,0,1,0,1,0,1,1,1,0,2,1
2,1,2,1,1,2,0,2,1,0,0,1,1,0,2,0,0,1,2,1
0,1,0,1,1,2,0,2,0,0,1,1,1,0,1,0,1,1,2,1
2,0,1,1,0,1,1,1,0,0,1,1,1,1,2,1,1,1,1,0
0,1,0,1,1,2,1,2,1,0,0,0,1,1,1,0,1,0,2,1
2,1,2,0,1,1,0,2,0,0,1,0,1,1,2,0,0,0,2,1
0,1,0,1,0,0,1,2,1,0,0,1,1,1,1,0,1,1,2,1
0,0,0,0,1,2,1,0,1,1,1,0,0,1,2,1,0,1,2,1
1,0,0,0,1,1,1,0,0,0,1,0,0,0,1,0,1,0,1,1
2,1,0,0,1,2,1,2,1,1,1,1,1,0,1,0,0,0,2,1
2,1,2,0,0,1,1,2,0,1,0,1,1,0,1,0,0,0,2,1
0,1,0,1,1,2,1,2,1,0,1,1,1,0,1,1,0,1,0,1
0,0,2,0,0,2,2,0,0,0,1,0,0,0,1,0,0,0,2,1
2,1,2,1,1,0,0,2,1,1,0,0,1,0,1,0,1,1,2,1
0,0,0,1,1,2,1,0,0,0,1,1,0,0,1,0,1,1,0,1
1,0,0,2,1,1,0,0,1,1,1,0,0,0,0,1,1,1,2,1
0,0,0,0,0,1,2,0,0,1,1,1,1,1,1,1,0,1,1,0
0,0,0,1,1,0,0,0,0,0,1,1,0,0,1,1,1,1,2,1
2,0,2,0,1,0,0,0,1,0,1,1,1,0,1,1,1,1,0,1
2,0,2,0,0,2,2,0,0,0,1,1,1,1,1,0,1,0,2,1
0,0,1,1,1,2,0,0,1,0,0,0,1,0,2,0,0,0,1,0
0,1,0,0,1,1,0,0,0,0,1,1,0,0,1,1,1,1,1,0
2,1,0,0,1,1,0,1,0,0,1,1,1,0,2,0,0,0,1,0
0,1,1,0,0,1,0,1,0,1,1,1,1,1,0,0,0,0,1,1
2,0,2,1,0,2,1,0,0,0,1,1,1,1,2,1,1,1,2,1
0,1,1,1,1,2,0,0,0,0,1,0,1,1,2,1,1,0,2,1
1,0,1,2,0,2,1,0,0,0,1,0,1,0,0,1,1,1,1,1
2,1,2,1,0,0,2,2,1,0,1,1,1,0,0,0,1,1,2,0
1,1,0,0,1,2,0,0,1,1,0,1,1,0,2,0,0,0,2,1
0,1,1,0,0,1,1,1,1,0,0,0,0,1,2,1,1,1,1,1
1,1,0,2,1,1,0,1,0,0,1,0,0,1,0,1,1,1,1,0
0,0,1,1,1,0,0,0,0,0,1,1,1,0,2,1,0,1,0,0
0,0,1,1,1,0,1,0,0,0,1,1,0,1,1,0,0,1,1,1
2,1,2,0,1,2,0,2,0,1,1,0,1,0,1,1,0,1,0,0
2,1,0,1,0,0,1,2,1,1,1,1,1,1,1,0,0,1,2,1
1,1,2,0,0,0,2,2,1,0,0,1,1,1,1,0,1,0,2,0
0,0,1,1,1,1,0,0,1,0,1,0,1,0,1,1,0,1,0,0
0,0,1,1,0,2,2,0,1,0,1,1,0,1,1,1,0,0,1,0
0,1,1,1,1,2,0,2,0,0,1,0,1,0,1,0,1,1,2,1
0,0,1,0,1,2,0,0,0,0,1,1,1,0,1,1,0,1,0,1
2,1,1,1,0,1,1,1,1,0,1,0,0,1,1,1,0,1,1,1
0,0,1,1,1,0,1,0,1,0,1,1,1,1,1,1,0,0,1,1
2,1,2,0,0,0,0,2,0,1,0,0,0,0,1,1,1,1,0,1
0,0,1,1,0,2,1,0,1,0,1,0,0,1,1,1,0,0,2,1
0,0,1,1,1,1,0,0,1,0,1,0,0,1,1,0,1,1,2,1
0,0,1,0,1,0,2,1,1,0,1,0,0,0,1,1,0,1,1,0
0,1,1,1,1,2,2,1,1,0,1,0,0,0,1,1,0,0,1,0
0,0,0,0,0,2,1,0,0,0,1,1,0,1,0,1,1,1,2,0
2,1,0,0,0,1,0,1,0,0,1,0,0,0,2,1,1,1,1,0
0,0,0,0,0,0,1,0,0,0,1,1,1,1,0,0,1,0,2,1
2,1,1,1,0,1,2,2,1,0,0,1,1,0,0,1,0,0,2,1
0,0,0,1,0,2,1,0,0,1,1,1,0,0,1,1,1,0,2,1
2,1,0,1,1,2,2,1,1,0,1,1,0,0,1,1,1,1,1,0
0,1,0,1,1,2,0,2,0,0,1,0,0,0,1,1,1,0,0,1
2,1,1,1,0,1,1,1,0,0,1,1,0,1,1,1,1,0,1,1
0,0,0,1,0,2,0,0,1,0,1,0,1,0,1,1,1,0,1,1
2,0,1,0,1,2,1,0,0,0,1,1,0,0,1,1,0,1,2,1
2,1,2,1,1,2,0,1,0,1,0,0,0,1,2,1,1,0,1,1
0,0,0,2,1,0,1,0,0,0,1,0,0,0,1,0,1,1,1,0
0,0,1,0,0,1,1,2,0,0,1,1,1,0,1,0,0,0,2,0
0,1,1,1,0,1,1,1,1,0,0,0,0,0,2,1,0,0,1,1
2,0,2,0,1,1,2,0,0,0,1,0,1,0,1,0,1,0,1,1
0,1,1,2,1,2,0,2,0,1,0,0,1,0,0,1,0,1,2,1
0,0,1,0,1,1,0,0,1,0,1,0,0,0,1,0,1,0,2,0
0,1,1,1,1,0,0,0,0,0,1,1,1,0,1,0,0,1,1,1
0,0,1,0,0,2,1,0,1,0,1,0,0,1,0,1,1,1,2,1
2,0,0,1,1,2,1,0,0,0,1,1,1,0,1,0,0,1,1,1
0,0,0,1,1,2,1,0,0,0,1,1,1,1,0,0,1,1,1,1
1,1,1,0,0,1,1,2,1,1,0,1,1,1,1,0,0,0,1,0
2,1,0,2,1,1,0,2,0,0,1,0,0,0,1,1,1,0,1,0
0,0,1,1,1,2,1,0,1,0,1,0,1,1,2,1,1,0,1,1
1,0,2,1,0,2,2,0,1,0,0,0,0,0,0,0,1,1,2,0
0,0,0,1,0,2,1,0,0,0,1,1,0,0,1,0,0,1,0,1
1,1,0,0,0,0,1,2,0,0,1,1,1,1,0,0,0,0,2,0
0,1,1,1,0,1,1,1,1,0,1,1,1,1,1,1,1,0,2,1
1,0,1,0,1,0,1,0,0,0,1,1,0,1,1,1,0,0,2,1
0,1,1,1,1,2,2,1,1,1,0,1,0,1,0,1,1,1,1,1
0,0,0,0,0,2,1,0,0,0,1,1,1,0,2,1,1,1,1,1
1,0,1,0,0,2,0,0,1,0,0,0,0,0,1,0,0,0,2,1
0,0,1,2,1,0,0,0,0,0,1,1,1,0,0,0,1,0,2,1
1,1,2,0,0,1,2,2,1,0,1,0,1,1,1,0,0,0,2,1
0,0,1,0,0,2,1,0,0,0,1,1,1,1,1,1,0,1,0,1
1,0,1,0,0,2,1,0,1,0,1,0,1,0,1,1,1,1,2,1
0,0,1,0,1,2,0,0,1,0,1,0,0,0,1,1,1,1,1,0
1,0,1,0,0,2,1,0,0,0,1,1,1,0,1,1,0,1,0,1
0,1,1,2,1,2,2,1,1,0,0,1,1,1,1,0,1,1,0,0
0,1,0,1,0,0,1,2,1,0,1,1,1,1,0,0,1,0,2,1
0,1,1,1,0,1,1,1,1,1,1,1,1,0,0,0,1,1,0,1
2,1,0,1,0,2,1,1,1,1,0,0,0,0,2,1,1,1,1,1
0,0,0,0,1,1,0,0,1,0,1,0,1,0,2,1,0,0,1,1
2,1,2,0,1,1,0,0,0,0,0,1,1,0,2,1,1,0,2,1
2,1,0,1,0,1,1,0,1,0,1,1,1,1,0,0,0,1,0,1
0,1,1,1,0,0,0,2,0,0,1,0,1,0,1,1,1,0,1,0
1,0,0,2,1,2,2,0,0,0,1,1,1,1,2,1,0,0,0,1
0,0,1,1,1,1,1,0,0,0,1,1,1,0,1,1,0,0,1,0
0,1,2,1,0,1,1,2,1,0,0,1,1,0,2,0,1,1,2,1
1,0,0,0,1,1,0,0,1,0,1,0,1,0,2,1,0,1,1,1
1,1,1,0,0,1,2,1,1,0,0,0,0,1,0,1,1,1,1,0
1,1,1,1,0,0,2,2,1,0,0,0,0,1,2,1,1,0,1,0
0,0,0,2,0,0,2,0,0,0,1,1,1,0,2,1,0,1,1,1
0,0,0,0,1,1,0,0,1,0,1,1,0,0,2,1,1,1,1,1
0,0,0,1,0,2,1,0,0,0,1,1,1,0,0,0,0,0,1,1
1,0,1,0,1,1,2,0,0,0,1,1,1,0,1,1,0,1,0,1
0,0,1,1,1,2,0,0,1,0,1,0,0,1,1,1,1,0,2,1
1,0,1,0,1,2,0,1,1,0,1,0,1,0,1,1,1,0,1,0
0,1,2,1,0,0,2,2,1,0,0,0,1,0,0,0,0,1,1,0
0,1,1,0,0,1,1,1,0,0,0,1,1,1,2,0,1,0,2,1
0,1,1,0,1,2,2,1,1,0,1,1,1,0,1,0,1,0,0,0
0,0,1,1,1,1,0,0,1,0,1,0,0,0,1,0,0,1,0,1
0,0,1,0,1,1,0,1,0,0,1,1,0,0,0,0,0,0,0,1
2,1,1,1,0,1,1,1,1,0,1,1,1,1,1,0,0,0,1,1
2,0,1,1,0,2,0,0,1,0,1,0,1,1,1,0,0,1,1,1
0,1,1,0,1,2,0,2,0,1,1,1,0,0,2,1,0,0,1,1
0,1,1,1,0,1,2,2,1,0,1,1,0,1,2,1,1,0,1,0
0,0,1,0,1,2,0,0,1,0,1,0,0,0,1,0,1,0,0,0
2,1,2,0,0,1,1,1,1,0,1,1,1,1,2,0,0,0,0,1
0,1,1,0,0,0,2,2,1,0,1,1,0,1,1,1,0,1,0,0
2,1,1,1,0,0,2,2,1,0,0,0,1,1,2,0,0,1,2,1
0,1,0,0,0,1,1,2,1,0,0,1,1,1,2,0,0,0,2,1
0,1,0,1,0,0,1,2,1,1,0,1,1,0,2,0,0,1,2,0
2,1,2,1,1,0,1,1,1,0,0,1,1,1,2,0,1,0,2,1
0,0,0,0,0,2,0,0,1,0,1,0,0,1,2,1,1,1,2,1
1,1,0,2,0,2,1,0,0,0,1,0,0,0,2,1,1,1,0,1
0,1,0,1,1,0,1,2,1,0,0,0,1,1,1,1,1,0,2,1
0,0,1,1,1,1,0,0,1,0,1,0,1,1,1,0,1,1,2,0
0,1,1,1,0,0,2,2,1,0,0,0,1,0,2,1,0,0,2,0
1,0,1,2,1,1,0,0,0,0,1,0,1,0,2,0,1,0,1,0
1,0,1,0,1,2,0,0,1,0,0,0,0,1,2,0,1,0,1,1
0,0,2,0,0,2,1,0,0,0,0,1,0,1,1,0,1,0,0,1
2,1,2,0,0,1,2,2,1,0,0,1,1,1,0,0,1,0,0,1
0,1,0,1,1,0,0,0,0,0,0,0,1,1,0,1,1,1,2,1
0,1,1,1,0,1,2,2,1,1,0,1,1,1,0,0,0,1,2,1
0,0,1,0,1,2,1,1,0,0,1,1,0,1,0,1,1,1,1,1
0,1,1,1,1,0,0,2,1,1,1,1,1,0,2,1,0,1,2,1
0,0,1,0,1,2,1,0,0,0,1,1,0,1,0,1,0,1,2,1
2,1,1,1,0,1,1,2,1,1,0,1,1,0,1,1,1,0,2,1
0,0,1,1,0,1,2,1,0,0,1,1,1,0,1,0,1,1,1,1
0,0,1,1,1,0,0,0,0,0,1,1,0,0,2,0,1,0,1,0
0,0,0,1,1,1,0,0,1,0,1,0,1,0,1,1,0,0,0,1
1,1,1,2,0,0,0,2,0,0,1,1,1,0,0,0,1,1,2,1
2,1,2,1,1,0,0,2,1,0,0,0,1,0,2,0,1,1,2,1
0,1,0,1,0,2,1,0,0,1,1,1,1,0,2,0,1,1,0,0
0,0,1,2,0,0,1,0,0,0,1,0,0,0,0,0,1,0,0,1
0,1,1,1,1,0,1,0,0,0,0,0,0,0,2,1,0,0,2,1
0,0,2,1,0,2,2,0,0,0,1,1,1,1,0,0,1,0,2,1
0,1,2,1,0,1,1,2,1,1,0,1,1,1,2,0,0,1,2,1
0,0,0,1,0,2,2,0,0,0,1,1,0,1,2,1,0,1,1,1
0,0,1,1,1,1,0,0,1,0,0,0,0,0,2,0,0,1,0,1
0,1,0,1,0,2,2,0,1,0,1,0,1,1,0,1,1,1,2,0
0,0,1,1,1,2,0,1,1,1,0,0,0,0,1,0,0,1,1,1
2,1,2,1,1,0,0,2,0,1,0,0,0,0,2,1,0,0,0,1
2,0,0,1,1,1,2,0,0,0,1,1,1,1,0,0,1,0,2,1
1,1,1,2,0,2,1,0,0,0,1,1,1,1,1,0,0,0,2,1
0,1,1,1,1,2,1,2,1,0,1,1,0,1,1,1,0,1,0,1
0,0,1,0,0,2,1,0,0,0,1,0,0,1,2,1,1,1,2,1
0,0,1,1,1,0,0,0,1,0,1,1,0,0,0,0,0,1,1,1
1,0,2,1,0,1,1,1,0,1,1,0,0,1,1,0,1,0,1,1
0,1,1,1,0,1,2,2,1,0,1,1,0,1,2,1,0,1,1,0
2,1,2,1,1,0,0,2,0,0,1,0,0,1,1,1,1,0,0,0
2,1,2,1,0,1,2,2,1,1,1,1,1,1,1,0,1,1,2,1
0,1,1,1,0,2,1,0,1,0,0,1,1,0,2,0,0,1,2,1
0,0,1,0,0,2,1,0,1,0,1,0,0,0,1,1,1,1,2,1
0,1,1,1,1,0,0,1,0,1,1,0,1,0,0,0,1,0,2,1
0,0,0,1,0,0,2,0,1,0,0,0,1,0,1,1,0,1,1,0
0,0,0,0,0,2,1,0,0,0,1,1,0,0,2,0,1,0,1,1
0,0,0,2,0,2,2,0,0,0,1,1,1,0,1,1,0,1,1,1
2,1,2,1,1,2,2,2,1,1,0,1,1,1,2,0,1,1,2,1
0,1,0,1,0,0,1,2,0,1,1,0,0,1,2,1,1,0,1,1
0,0,0,1,0,2,2,0,0,0,1,1,1,1,0,1,0,0,1,1
1,1,1,0,0,2,2,0,1,1,0,0,1,0,0,1,1,1,0,1
1,0,1,0,0,2,1,0,0,0,0,1,1,0,1,1,0,1,1,1
0,0,1,1,1,0,1,0,0,0,1,1,0,1,1,1,0,0,2,1
2,1,0,0,1,0,0,2,1,1,1,0,0,0,2,1,0,0,0,1
1,0,0,0,1,0,2,0,0,0,1,1,1,1,0,1,0,1,0,0
0,1,0,1,0,1,2,1,1,0,1,1,1,1,0,0,0,1,1,0
0,0,1,1,1,0,0,0,1,0,1,0,0,0,1,1,0,1,2,1
0,0,0,1,0,2,2,0,0,0,1,1,0,1,0,1,1,1,1,1
2,1,0,2,1,2,0,2,0,1,1,0,0,0,0,1,1,1,0,0
1,1,1,1,0,2,2,0,1,0,0,1,0,1,0,1,0,0,1,0
2,1,1,1,1,2,1,1,1,0,1,0,0,0,2,1,0,0,1,1
0,0,0,1,0,2,1,0,0,0,1,1,1,0,2,1,0,0,1,0
0,0,0,0,0,1,2,0,0,0,1,1,1,1,0,1,0,1,1,1
0,0,0,1,1,0,0,0,1,0,1,1,1,1,0,0,1,1,1,1
0,0,1,2,1,0,2,0,0,0,1,1,0,1,1,1,0,0,2,1
1,0,1,2,1,0,0,0,1,0,1,0,0,0,0,1,1,1,2,1
2,1,0,1,1,0,0,1,0,0,1,0,0,1,0,1,1,0,1,0
0,0,1,0,1,2,0,0,1,0,1,0,0,1,1,1,0,1,2,1
0,0,1,1,0,2,1,0,1,0,0,0,0,1,2,0,0,0,2,1
0,1,1,1,1,2,1,2,0,1,0,1,1,1,0,0,0,1,0,1
0,1,1,1,1,0,0,2,0,0,1,0,1,1,1,0,1,0,2,0
0,1,1,0,1,1,0,2,0,0,1,0,1,1,1,0,1,0,2,1
0,0,2,1,0,2,1,0,0,0,1,1,1,1,1,0,0,0,2,1
0,0,1,0,1,1,0,0,1,0,1,0,0,0,0,0,0,0,0,1
0,1,2,1,1,2,0,0,0,0,1,0,1,0,2,1,1,0,2,0
0,1,0,0,0,2,2,1,1,0,1,0,0,1,0,1,0,1,1,0
0,0,0,0,0,2,1,0,0,0,1,0,0,1,0,0,0,0,1,1
1,0,1,1,0,2,1,0,0,0,1,1,0,1,1,1,1,0,2,1
0,0,1,1,1,1,0,0,1,0,1,0,1,0,2,1,0,0,0,1
2,1,2,0,0,2,2,0,1,0,0,1,1,0,1,0,0,0,2,0
0,1,0,1,0,0,1,2,1,0,0,1,1,0,2,0,1,1,2,1
0,0,1,2,0,2,2,0,0,0,1,0,0,0,0,1,1,1,2,1
0,0,1,0,1,2,0,0,1,0,1,0,1,0,0,0,1,0,1,1
0,0,0,1,0,2,0,0,1,0,1,0,0,1,0,0,0,0,2,1
2,1,0,2,0,0,2,2,1,0,0,1,0,0,1,1,0,1,0,0
0,1,1,0,1,2,0,2,1,0,1,1,1,0,1,0,0,0,2,1
2,1,1,1,1,0,0,1,0,0,0,0,1,0,2,0,1,1,1,1
2,1,1,1,0,0,1,2,1,1,1,1,0,1,0,1,0,1,1,1
0,1,1,0,1,2,1,1,1,1,0,1,0,1,1,1,0,1,1,1
0,1,1,0,1,2,0,2,0,0,0,1,1,0,0,0,1,0,1,0
1,1,1,0,0,1,1,2,1,0,0,0,0,1,2,1,1,1,2,1
0,1,0,0,0,2,1,0,0,1,1,0,1,0,2,0,0,0,1,1
1,1,1,0,1,2,0,2,0,0,0,0,0,0,1,1,1,1,0,0
0,0,2,1,0,2,1,0,0,0,0,1,1,1,0,0,1,1,1,1
0,1,0,0,0,0,2,1,1,1,0,1,0,0,1,0,1,0,0,1
0,0,1,1,1,2,0,0,1,0,1,0,0,1,2,1,0,0,2,0
0,0,1,1,1,0,1,0,0,0,1,1,1,1,0,1,0,0,0,0
2,0,0,0,1,1,0,0,1,0,1,0,1,1,2,1,1,0,1,1
0,1,2,0,0,0,1,2,1,0,0,1,1,0,1,0,1,0,2,1
2,0,0,1,1,0,1,0,1,0,1,0,1,0,1,1,1,0,2,1
0,0,1,2,0,2,1,0,1,0,1,0,1,0,1,0,1,0,1,1
0,0,0,1,1,1,1,0,0,0,0,0,0,0,2,0,1,0,1,1
0,1,0,2,1,2,2,1,0,1,1,0,0,0,0,1,1,0,1,0
0,1,1,2,1,2,1,2,1,0,1,0,0,0,0,1,1,1,0,1
0,0,1,2,0,2,1,0,0,0,1,1,1,1,0,1,0,1,0,1
0,0,1,1,1,1,0,0,1,0,1,0,0,1,1,1,0,0,1,1
2,1,2,0,1,2,0,1,0,1,1,0,0,0,0,1,0,1,1,1
0,0,1,0,1,2,0,0,1,0,1,1,1,0,1,0,0,0,2,0
0,1,1,0,0,1,0,1,0,1,1,0,0,0,0,1,0,1,1,1
2,1,0,0,1,2,1,2,0,0,1,1,1,0,1,0,0,0,2,1
1,0,1,0,0,2,1,0,0,1,1,1,0,0,0,1,1,1,2,0
0,0,0,1,1,2,0,0,1,0,1,1,1,0,0,1,1,0,0,1
0,1,1,1,1,0,1,2,1,0,0,1,1,1,2,1,1,0,2,1
2,0,2,0,0,2,1,1,1,0,1,0,0,1,1,0,0,0,0,1
1,1,1,1,0,1,1,2,1,0,0,0,0,0,2,1,0,0,1,1
0,0,0,1,0,2,2,0,0,0,1,1,1,1,2,1,1,1,2,1
0,0,2,1,1,2,0,0,1,0,1,0,0,0,0,1,1,0,2,1
2,1,2,1,0,0,2,2,1,1,1,1,1,1,2,0,1,0,2,1
0,0,1,0,1,0,1,0,1,0,1,0,0,0,1,0,1,0,2,1
2,0,2,1,1,2,1,0,0,0,1,0,1,0,0,0,1,1,1,1
0,0,1,0,0,0,0,0,1,0,1,0,1,0,1,0,1,0,2,1
2,1,2,1,0,0,1,2,1,1,0,1,1,0,1,0,0,1,2,1
0,1,1,0,1,2,0,2,0,0,1,0,0,1,1,1,1,1,1,1
0,1,1,1,1,0,1,0,1,0,1,0,0,1,1,1,1,1,0,1
2,1,0,1,0,2,2,0,1,1,1,0,0,1,2,1,1,0,2,1
0,0,0,0,0,2,2,0,0,0,1,1,0,0,2,1,1,1,2,1
0,0,1,1,1,2,0,0,0,0,0,0,1,1,2,0,1,1,2,0
0,1,1,1,1,2,1,2,1,0,1,1,0,1,1,1,1,1,0,1
0,0,1,0,0,2,0,0,1,0,1,0,0,1,2,1,0,1,2,1
0,1,0,1,0,0,2,2,1,1,1,0,0,1,1,1,1,0,0,1
1,0,0,0,0,1,0,0,1,0,1,1,0,1,2,1,0,0,2,1
0,0,1,1,1,2,2,0,0,0,1,1,1,1,2,1,0,0,1,1
0,0,0,1,0,0,1,0,0,0,1,1,0,1,0,1,1,1,2,1
0,0,0,2,1,2,2,0,0,0,1,0,1,0,2,1,1,1,1,1
1,0,1,1,0,1,0,1,1,0,1,0,0,0,1,0,0,0,0,1
1,0,1,1,1,0,0,0,1,0,0,0,0,1,2,0,0,1,0,1
0,0,1,0,1,2,0,1,1,0,1,0,0,1,0,1,1,1,1,1
0,0,1,1,1,1,1,0,0,0,1,1,0,0,1,1,1,0,2,1
2,1,2,1,0,1,2,2,1,0,0,1,1,1,1,0,1,1,2,0
0,1,1,1,1,1,1,2,1,0,0,1,1,0,2,0,1,1,2,1
2,1,1,1,0,0,1,2,1,1,1,0,0,0,0,1,0,0,1,1
2,1,0,1,0,1,1,1,1,0,0,1,0,0,1,1,1,0,1,1
2,1,1,1,0,0,1,2,1,0,1,0,1,1,1,0,0,1,0,0
0,0,1,1,1,1,0,0,1,0,1,0,0,0,2,1,0,0,2,1
2,1,2,0,1,0,1,1,1,1,1,1,1,0,0,0,1,0,0,1
2,1,0,2,1,2,0,1,1,0,1,1,1,0,1,0,0,0,0,1
1,0,0,0,1,2,0,0,1,1,1,0,0,0,0,0,0,0,2,1
0,0,1,1,0,2,1,0,1,0,1,0,0,1,1,1,1,0,2,1
0,0,0,1,1,2,1,0,0,0,1,1,0,0,1,1,1,0,2,0
0,1,1,1,1,0,1,2,1,0,0,1,1,1,2,0,0,1,2,1
0,1,1,0,1,0,0,0,0,0,1,0,1,1,0,0,0,0,2,1
1,0,0,0,1,2,2,0,0,0,1,1,1,0,1,1,1,1,1,1
0,1,1,1,1,2,0,2,0,0,1,1,1,1,1,0,0,1,2,1
0,0,0,1,1,2,0,2,0,0,1,1,1,0,0,1,1,0,0,1
0,1,0,1,1,2,0,2,0,0,0,1,1,0,1,0,1,0,2,1
1,1,2,0,0,1,2,1,1,0,1,1,1,1,2,0,1,0,1,1
2,1,0,1,1,2,0,1,0,0,1,0,0,1,0,1,1,0,1,0
0,1,2,1,1,0,0,0,0,1,1,1,1,0,2,0,0,1,1,0
0,0,1,1,0,2,2,0,0,0,1,1,0,0,2,1,0,1,2,1
0,0,0,1,0,2,2,0,0,0,1,1,0,1,2,1,0,0,2,0
1,0,1,2,0,2,2,0,0,0,1,1,1,1,2,1,0,1,1,1
1,0,0,0,1,1,1,0,0,0,1,1,0,0,2,1,1,0,1,1
2,1,0,1,0,2,2,0,1,0,1,0,1,0,1,1,1,1,2,0
0,1,1,0,0,0,2,0,1,0,1,0,0,0,0,1,0,1,2,0
2,1,2,1,1,2,1,1,0,0,1,1,1,0,0,0,1,0,1,1
0,0,1,0,1,2,0,0,0,0,1,1,1,0,1,1,0,1,0,0
1,1,1,0,0,1,0,2,1,0,1,1,1,0,1,1,0,1,2,1
0,0,1,1,0,2,1,0,0,0,1,1,1,0,1,1,0,0,1,1
2,1,0,0,1,1,1,2,1,1,1,0,0,1,1,1,1,1,1,1
0,0,1,0,1,1,2,0,0,0,1,0,1,0,1,1,0,1,0,0
1,0,1,1,0,2,0,0,1,0,1,0,1,1,1,0,0,1,0,0
2,1,2,1,1,2,0,0,0,0,0,0,0,0,1,1,1,0,1,0
0,0,1,1,0,2,1,0,0,0,1,1,1,0,0,1,0,0,2,1
0,0,1,1,1,2,0,0,1,0,1,0,1,0,2,0,1,1,1,1
2,1,2,1,0,0,2,2,1,0,1,1,1,1,1,0,1,1,2,0
0,1,1,0,0,0,1,2,0,1,1,1,1,0,2,1,0,0,2,1
0,1,1,1,0,0,1,0,1,1,0,1,1,0,2,0,1,0,2,0
0,0,2,1,0,2,2,0,0,0,0,0,1,0,1,0,0,0,1,1
1,1,1,0,1,2,1,2,1,0,0,1,0,0,2,1,1,1,1,1
0,0,1,0,1,2,1,1,0,0,1,1,1,0,1,0,1,0,1,0
0,1,1,0,1,2,0,1,0,0,1,1,0,1,2,0,1,0,0,1
0,1,1,1,0,0,2,2,1,0,0,1,1,0,2,0,0,1,2,1
0,0,2,1,0,2,2,0,0,0,1,1,1,1,1,1,1,0,2,1
2,1,2,0,0,0,2,2,1,0,1,1,0,1,0,1,1,1,0,0
2,1,2,0,0,2,1,0,0,0,1,1,1,0,1,0,1,0,1,1
1,0,0,0,1,0,1,1,0,0,1,0,0,1,2,0,1,0,0,1
0,0,0,1,0,0,1,0,0,0,1,1,0,1,0,0,1,0,2,1
2,1,0,1,1,2,1,2,1,0,1,0,0,1,2,1,1,0,1,1
0,1,1,1,1,2,2,1,1,0,1,1,0,0,0,1,1,1,1,0
0,0,0,2,0,1,1,1,0,0,1,0,1,1,0,0,0,1,1,1
2,1,0,0,1,2,0,2,0,0,0,1,1,1,0,1,0,1,0,1
2,1,1,1,0,0,1,2,1,0,0,0,1,0,1,1,1,0,2,1
1,0,1,1,0,0,1,0,1,0,1,0,0,0,1,1,0,0,2,1
1,1,1,1,1,0,1,1,1,0,0,1,1,1,0,0,1,1,0,1
0,0,1,0,1,2,1,0,0,0,1,1,0,1,1,1,0,1,2,1
0,0,1,1,0,2,2,0,0,0,1,1,0,0,1,1,0,0,2,1
1,0,0,0,1,2,0,0,1,0,1,0,0,1,0,1,1,1,2,0
0,1,0,1,0,0,1,2,1,1,0,0,0,0,2,1,1,0,0,1
0,0,1,1,1,2,1,0,0,0,1,1,0,0,1,1,0,0,2,1
2,1,0,1,1,0,0,2,0,1,0,0,1,1,1,0,0,0,2,0
2,0,2,1,1,2,0,0,1,0,1,0,1,1,1,0,1,1,2,0
0,0,1,0,1,1,1,0,0,0,1,1,0,1,1,0,0,0,2,1
2,0,2,1,1,1,0,1,1,0,1,0,1,0,2,1,1,1,0,1
2,0,1,1,0,1,1,0,0,0,1,1,0,1,1,1,0,0,2,1
1,0,1,0,0,2,1,0,0,0,1,1,1,0,1,1,0,1,1,0
0,0,1,1,1,2,0,0,1,0,1,0,0,1,1,1,0,0,1,1
0,1,2,2,0,0,2,2,1,0,0,0,1,0,2,0,0,1,2,0
0,0,1,1,1,1,0,0,1,0,1,1,1,0,2,1,0,0,0,1
0,1,1,1,1,2,0,2,1,0,0,0,0,1,2,1,1,1,1,1
0,1,1,1,1,2,0,1,0,1,0,1,1,0,1,0,1,1,0,1
0,1,1,0,1,2,0,1,1,1,1,1,1,1,0,1,1,1,2,1
0,1,1,1,1,2,0,1,1,0,0,1,0,0,2,0,1,0,1,1
2,0,0,1,1,0,0,0,1,0,1,1,0,0,0,1,1,0,2,1
0,0,1,0,1,2,0,0,1,0,0,0,0,0,0,0,1,0,2,1
1,0,0,1,1,2,1,0,0,0,1,1,1,1,2,0,0,1,2,1
1,0,2,1,0,2,1,0,0,0,0,1,1,0,0,0,1,1,1,1
0,1,1,1,1,2,2,2,1,0,0,0,0,1,2,1,1,1,2,0
2,0,2,0,1,0,0,0,1,0,1,1,0,1,2,1,1,1,2,1
1,1,1,0,1,1,0,0,0,0,0,1,1,0,1,0,0,0,1,1
0,1,0,1,0,0,0,2,0,0,1,0,0,0,1,1,1,0,0,1
2,1,2,1,0,2,1,0,1,0,0,1,0,0,2,0,1,1,0,1
0,1,1,1,1,2,0,1,1,0,0,1,0,1,2,0,1,1,1,0
1,0,1,1,1,1,0,0,1,0,1,0,1,0,1,0,0,1,1,1
0,1,1,2,0,1,2,1,1,0,0,1,1,0,2,0,0,1,0,0
2,1,0,1,1,1,2,1,1,0,1,1,0,0,1,1,0,0,1,1
0,1,0,0,1,2,1,1,1,0,1,0,0,1,0,1,1,1,1,0
1,0,0,2,1,2,0,0,1,0,1,0,1,1,0,1,0,1,1,1
0,0,1,1,1,2,0,2,1,0,0,0,1,1,2,0,0,0,2,1
1,0,2,0,0,1,2,1,0,0,1,0,0,1,2,0,0,0,1,1
2,1,2,0,1,0,1,1,1,0,1,0,1,0,2,0,0,0,1,1
0,0,0,1,1,1,0,0,1,0,1,1,1,0,1,1,0,1,0,1
1,0,1,0,1,0,0,0,0,0,1,0,1,1,2,0,1,0,2,1
0,0,1,0,0,2,1,0,0,0,1,1,0,1,1,1,0,1,2,0
2,1,1,1,0,1,1,1,1,1,0,0,1,0,2,0,0,1,1,0
0,0,1,0,1,1,1,0,0,0,1,0,1,0,1,0,1,0,2,1
2,1,2,1,0,1,2,1,1,0,1,1,1,1,1,0,0,1,1,0
2,1,0,1,1,2,0,2,0,0,1,0,0,0,1,1,1,0,1,1
0,1,1,1,1,0,1,1,1,0,1,1,0,0,1,1,1,1,1,1
0,0,0,1,1,0,2,0,0,0,1,1,0,1,2,1,0,1,2,0
0,0,1,2,1,0,0,0,1,0,1,0,0,1,0,0,0,1,0,0
2,1,2,1,1,0,0,2,0,1,1,0,0,0,1,0,0,1,1,1
0,1,1,1,1,1,2,1,1,1,1,1,0,0,0,1,1,1,1,1
0,1,1,1,1,2,0,1,0,0,0,0,1,0,2,1,0,1,1,0
2,0,2,1,1,0,0,0,1,0,1,0,1,1,2,0,1,1,2,1
0,1,1,1,1,2,1,2,1,0,0,0,1,1,2,1,1,0,2,1
1,1,1,1,1,1,0,0,0,0,1,0,1,1,1,0,1,1,0,0
0,1,0,0,1,0,0,0,0,0,1,0,1,0,0,1,1,1,2,1
0,0,0,1,0,2,2,0,0,0,1,1,1,0,1,1,0,1,2,1
2,0,0,1,1,2,0,1,1,0,1,0,1,1,0,1,0,0,1,1
0,1,1,0,1,0,2,2,0,0,0,0,0,0,1,1,1,1,0,1
0,0,0,0,1,2,1,0,1,0,1,0,0,1,0,0,1,0,1,1
2,0,2,1,1,2,0,0,0,0,1,1,1,1,1,0,1,0,2,0
0,1,1,1,1,2,0,2,0,0,1,0,0,0,1,1,0,0,0,1
2,1,2,1,1,2,0,0,1,0,1,1,0,1,0,1,0,0,1,1
2,1,2,1,1,2,2,1,1,1,0,1,1,0,1,0,1,0,2,1
0,0,1,1,1,1,1,0,0,0,0,1,0,1,0,0,0,0,1,1
0,1,2,1,1,2,0,1,1,1,1,1,0,0,2,1,0,0,0,1
1,1,2,0,0,1,2,1,1,0,1,1,1,1,2,0,1,0,2,0
0,1,1,1,1,2,2,1,1,1,0,0,1,1,0,1,1,1,1,1
0,0,1,0,1,2,2,0,0,0,1,1,0,0,1,1,0,0,2,0
1,0,0,1,1,2,1,1,0,0,1,1,0,0,1,0,1,1,0,1
0,1,1,1,0,1,1,1,1,0,0,1,0,0,0,1,1,1,1,1
2,0,2,1,0,2,2,0,0,0,1,0,1,0,0,0,0,1,2,1
0,1,1,1,1,1,2,1,1,0,0,1,0,1,0,1,1,0,1,0
0,1,1,1,0,1,1,1,1,0,1,1,1,0,1,0,1,0,0,1
0,0,1,2,1,2,0,1,1,1,1,1,1,0,0,1,1,0,1,1
2,1,2,1,1,0,1,2,0,0,0,1,1,0,2,0,0,1,2,1
1,0,1,2,1,0,0,1,1,0,1,0,1,1,2,0,0,0,1,0
2,1,1,1,0,0,1,2,1,0,0,0,0,1,2,1,0,1,0,1
0,0,0,1,1,2,1,0,0,0,1,1,0,0,1,1,0,1,2,1
0,0,1,0,1,1,2,0,1,0,1,0,1,1,1,1,1,1,0,1
0,0,2,0,0,2,0,0,1,0,0,0,0,1,2,0,0,0,0,1
0,0,1,1,0,1,1,1,0,0,0,1,0,0,0,0,1,0,0,1
0,1,1,1,0,1,2,1,1,1,1,0,1,1,0,1,1,0,1,1
1,0,1,2,0,1,1,0,0,0,1,1,0,0,0,1,1,1,2,1
0,0,0,2,1,0,0,0,1,0,1,1,0,0,2,1,0,1,2,1
2,1,2,0,1,0,1,1,1,0,1,1,1,1,0,0,0,0,0,1
0,1,1,1,1,0,0,2,0,0,0,1,1,0,0,0,0,1,1,1
2,0,2,0,1,1,0,0,1,0,1,0,1,1,0,1,1,1,1,1
0,0,1,0,1,1,0,0,1,0,1,0,1,0,1,0,0,0,2,1
0,0,2,0,0,0,1,0,0,0,0,0,1,0,2,0,0,0,1,1
0,0,0,1,1,1,0,0,1,0,1,0,1,0,1,1,1,0,0,1
0,1,0,1,1,0,0,2,0,1,0,1,1,1,1,0,0,1,2,1
1,0,0,0,1,2,0,0,1,0,1,0,1,1,0,1,1,1,1,1
0,1,1,0,1,0,0,2,0,1,1,0,1,0,0,0,0,0,2,1
0,0,1,1,1,2,0,0,1,0,1,0,0,1,0,1,0,1,2,1
1,0,1,2,1,1,1,0,1,0,1,0,0,1,0,1,1,1,2,1
1,0,0,0,1,2,1,0,0,0,1,1,0,0,1,1,1,1,2,1
2,0,0,1,0,2,1,0,0,0,1,1,1,1,0,0,1,0,2,1
0,0,1,1,1,0,0,1,0,0,1,1,1,0,1,1,1,1,1,1
1,1,0,0,1,0,1,1,1,0,1,1,0,0,1,1,1,1,1,1
1,0,1,0,0,2,2,0,0,0,1,0,1,0,1,1,1,1,0,1
0,0,0,1,0,2,1,0,0,0,1,1,0,0,1,1,0,1,2,1
0,1,2,1,1,0,1,2,1,0,0,1,1,1,2,0,0,0,2,1
0,1,0,1,0,1,1,1,1,0,0,1,1,0,1,0,1,1,0,0
0,1,1,0,1,1,1,0,1,1,1,0,1,1,0,0,0,0,2,1
0,0,0,0,1,2,1,0,0,0,1,0,1,0,1,0,0,0,1,1
0,0,1,0,1,2,0,0,1,0,1,0,1,1,0,0,1,0,2,1
1,1,0,2,1,0,2,2,1,1,1,0,0,0,0,1,0,1,1,1
1,0,0,0,1,2,2,0,0,0,1,1,0,1,0,1,1,0,2,1
2,0,1,1,0,0,0,0,1,0,1,0,1,0,1,0,1,1,2,0
1,1,1,2,0,1,2,1,1,0,1,1,1,1,1,0,1,1,0,0
0,0,0,0,0,2,1,0,0,0,0,0,0,1,0,0,1,0,1,1
2,0,2,0,0,2,0,0,0,0,1,0,0,1,1,0,0,0,0,1
2,1,2,1,1,1,1,1,1,0,1,1,1,0,0,0,1,1,0,1
0,0,1,2,1,0,0,0,1,0,1,0,1,0,0,0,1,0,2,0
1,1,1,0,0,0,1,2,1,0,1,1,0,1,1,1,0,1,0,1
2,0,2,1,0,2,2,0,1,0,1,0,1,0,0,0,0,1,2,0
0,0,1,0,1,1,0,0,1,0,1,0,0,0,1,1,1,1,1,1
2,1,2,1,1,1,1,2,0,0,1,0,1,1,1,0,0,0,2,1
0,0,2,1,0,2,2,0,0,1,1,0,0,0,1,0,0,0,1,0
0,0,1,1,1,0,0,0,1,0,1,0,1,0,0,0,1,1,2,1
0,0,0,1,0,1,0,1,1,0,1,1,1,1,2,1,1,0,1,0
1,0,1,1,0,2,1,0,0,1,1,0,0,0,0,1,1,0,1,1
2,0,1,1,0,2,0,0,1,0,0,0,1,0,2,0,0,0,1,1
2,0,2,1,1,2,0,0,1,0,1,1,0,1,1,1,0,0,2,0
0,0,1,1,0,2,2,0,0,0,1,1,1,0,1,1,0,0,2,1
0,0,1,1,0,0,0,0,1,0,1,0,1,1,1,1,1,1,1,0
2,1,0,1,0,0,0,2,0,0,1,0,1,0,0,0,1,1,0,0
1,1,0,0,1,1,2,1,1,1,0,0,0,1,2,1,0,1,0,1
0,1,0,1,0,1,1,1,1,0,0,1,0,0,1,0,0,1,0,1
0,1,2,2,0,1,2,1,1,0,1,1,0,0,2,0,1,1,1,0
1,0,1,0,0,2,2,0,0,0,1,1,0,0,1,1,0,1,2,1
2,1,0,1,0,1,1,2,1,1,0,1,1,0,2,0,0,1,2,1
0,0,1,0,1,1,0,0,1,0,1,1,0,1,2,0,0,0,2,0
0,1,1,0,0,1,2,1,1,0,1,0,0,0,1,1,1,1,1,1
2,1,2,1,0,2,2,0,1,0,1,0,1,1,1,0,1,1,2,0
1,1,0,2,1,2,0,2,1,0,0,1,0,1,0,1,0,1,2,1
0,1,1,1,0,0,2,2,0,0,0,0,0,1,2,1,1,0,1,1
0,0,0,1,0,2,0,0,1,0,0,0,0,0,2,0,1,1,2,1
1,1,1,0,0,0,1,2,1,1,1,0,1,0,2,0,1,0,2,1
0,0,1,1,1,1,2,0,0,0,1,0,0,1,1,0,1,1,1,1
0,1,1,2,1,2,1,1,1,1,1,0,0,1,1,1,1,1,1,0
0,1,1,1,1,1,0,1,1,1,1,1,1,1,0,0,1,1,0,1
0,0,1,1,1,2,0,0,1,0,1,0,0,0,1,1,0,0,2,1
1,0,0,0,1,2,1,0,0,0,1,1,1,1,0,0,1,0,1,1
0,0,1,1,1,2,1,0,0,0,1,0,1,1,1,0,1,1,2,1
1,1,0,2,1,0,1,2,1,0,0,0,1,0,0,1,1,1,1,1
0,1,0,0,0,0,2,2,1,0,1,1,0,1,2,1,0,1,0,1
0,0,1,1,0,2,1,0,1,0,1,0,0,0,2,0,1,1,2,1
0,1,1,1,1,1,0,0,1,0,1,1,1,0,1,0,0,1,2,1
2,1,2,0,1,0,1,2,1,0,0,1,1,1,1,0,1,0,2,1
2,1,2,1,1,0,0,0,0,0,1,0,1,0,0,1,1,0,2,1
0,0,0,1,1,2,1,0,0,0,1,1,1,0,1,0,0,1,2,0
2,1,0,1,1,2,0,1,0,0,1,0,0,0,0,1,1,0,1,1
1,0,2,2,0,2,0,0,1,0,0,0,0,0,1,0,0,1,1,1
2,1,1,1,0,2,1,0,0,0,0,0,1,0,2,1,1,0,2,1
0,1,1,1,1,2,0,1,0,0,0,0,1,1,1,0,1,0,0,1
1,0,1,0,0,2,2,0,0,1,1,1,1,0,2,1,0,1,2,0
0,0,1,2,1,2,0,0,1,0,1,1,0,0,0,1,0,1,1,1
0,0,1,1,1,1,1,0,0,0,1,1,0,1,1,1,0,1,2,1
2,0,2,1,1,2,1,0,0,0,1,1,0,0,2,0,1,0,1,1
0,1,0,0,0,1,2,2,1,0,0,0,1,0,0,1,1,1,2,0
0,0,1,1,1,0,0,0,1,0,1,0,1,0,1,0,0,1,2,0
0,0,1,2,0,2,2,0,0,0,1,1,0,0,1,1,0,1,2,1
1,0,1,1,0,2,1,0,0,0,1,0,1,0,2,0,0,1,1,1
1,0,0,1,1,2,0,0,1,0,1,1,1,0,1,1,0,1,1,0
0,1,0,1,0,1,1,1,1,1,0,1,1,0,2,0,0,0,2,1
2,0,2,1,0,2,0,0,1,0,1,0,0,1,2,1,1,0,2,1
0,0,2,1,0,2,1,0,0,0,1,0,0,0,2,0,0,1,2,1
0,0,1,1,1,0,0,0,1,0,1,0,0,1,1,1,0,0,2,1
2,1,2,2,0,2,1,0,1,0,1,1,1,1,0,0,0,0,1,1
0,0,0,0,1,2,0,0,1,0,0,0,1,0,1,0,0,0,2,0
0,1,1,1,1,2,0,1,0,1,1,0,1,1,1,0,0,0,1,1
0,1,1,1,1,0,1,2,1,1,1,0,0,0,2,1,1,1,0,0
2,1,0,1,1,1,1,0,0,0,1,0,1,0,1,0,1,1,2,1
0,1,1,1,0,0,2,2,1,1,1,1,0,0,0,1,1,0,1,1
2,0,2,1,0,2,1,0,1,0,1,0,1,1,1,0,0,0,1,0
2,0,1,1,0,2,1,0,0,0,1,0,0,0,1,0,0,1,1,0
0,0,1,1,0,2,0,0,1,0,1,0,0,0,1,0,1,1,2,0
1,0,0,0,1,2,2,0,1,0,1,0,0,0,0,1,1,1,2,0
0,0,0,1,0,2,1,0,0,0,1,1,1,1,0,1,0,1,1,0
0,0,1,0,0,0,1,0,1,0,1,1,1,0,1,1,0,1,2,1
2,1,0,1,1,2,1,2,1,0,0,1,1,0,1,1,1,0,2,1
2,1,2,2,1,1,0,2,0,0,1,1,1,0,2,0,1,1,2,1
0,1,1,0,1,2,0,1,0,1,0,1,1,1,1,0,0,0,1,1
0,1,1,1,1,0,1,1,0,0,0,1,1,0,2,0,1,0,2,1
0,1,1,1,1,2,0,1,0,0,1,0,0,0,1,0,0,1,0,1
0,1,0,0,1,0,0,0,0,0,1,1,0,1,2,1,1,1,0,1
0,0,0,0,0,2,1,1,0,0,1,0,0,0,2,0,1,0,0,1
0,0,1,1,1,2,0,0,1,0,1,1,0,1,1,1,1,0,2,1
1,0,0,0,1,2,0,0,0,0,1,1,0,1,2,1,1,1,2,0
0,1,0,0,0,2,1,0,1,1,1,1,1,1,2,1,0,1,2,1
0,0,0,1,0,2,1,0,0,0,1,1,0,0,1,1,0,1,2,1
2,1,0,1,1,0,0,1,0,0,1,0,0,0,1,1,1,1,1,0
2,1,2,0,1,0,0,2,0,1,0,1,1,0,1,0,1,0,2,0
0,0,2,1,0,2,1,0,1,0,0,0,1,1,2,0,0,0,2,1
0,1,2,1,0,1,1,1,1,1,0,1,1,1,2,0,1,0,0,1
1,1,0,0,1,1,0,2,0,1,0,1,0,0,0,0,0,0,0,1
0,0,1,2,1,1,0,0,1,0,1,0,1,1,1,0,1,1,2,1
0,0,1,0,0,2,1,0,0,0,1,1,0,1,0,0,0,0,2,0
1,0,1,0,0,1,0,0,0,0,1,1,1,0,1,0,0,0,1,0
0,0,0,1,1,0,1,0,0,0,1,0,1,0,1,0,1,0,2,0
0,1,1,0,0,1,1,1,1,0,1,0,1,0,1,1,0,0,2,1
0,0,1,1,1,1,0,0,1,1,1,0,1,0,0,1,1,1,1,1
0,1,1,2,0,0,2,2,1,0,0,1,1,1,1,0,1,0,2,0
0,0,0,1,0,2,0,0,1,0,1,0,0,1,2,0,1,1,2,1
2,1,1,1,0,1,2,1,1,0,0,1,1,0,0,1,1,0,1,0
0,1,1,1,0,2,1,2,1,0,1,0,1,0,1,0,1,0,2,0
0,0,1,0,0,2,0,0,1,0,1,0,0,0,1,0,1,0,1,1
0,1,1,1,0,1,1,1,1,0,0,1,1,1,0,0,1,1,1,1
2,1,2,1,1,0,0,2,0,0,1,1,1,1,1,0,0,0,2,1
0,0,1,1,0,2,0,0,1,0,1,0,1,0,2,0,0,1,2,1
0,1,1,1,1,2,0,0,0,1,1,0,1,1,1,1,1,1,2,1
2,1,2,1,0,1,1,1,1,0,1,1,0,0,0,0,0,1,1,1
0,1,0,0,1,0,0,1,0,0,1,1,1,0,2,1,0,1,0,0
0,0,2,1,0,2,1,0,0,0,1,1,0,1,1,0,1,0,1,1
0,0,0,1,0,1,2,0,0,0,1,1,0,0,1,1,1,0,1,1
0,0,1,1,1,2,1,0,0,0,1,1,0,0,1,1,0,1,2,1
0,1,0,1,1,2,1,2,1,0,1,0,0,0,1,1,1,1,1,1
1,1,0,0,1,1,0,1,0,0,0,0,0,1,2,1,1,1,1,1
0,0,1,1,1,2,0,1,1,0,1,0,0,1,1,0,0,1,1,1
1,0,1,0,1,2,0,0,1,0,1,0,1,1,0,1,0,1,1,0
0,0,1,2,1,2,0,0,1,0,1,1,0,1,2,0,0,0,1,1
0,1,1,0,1,0,0,2,1,0,1,0,0,0,1,1,1,1,1,1
0,1,0,1,1,1,0,1,1,0,0,0,1,0,1,1,0,0,2,0
2,1,0,1,1,2,0,0,0,0,1,0,0,0,1,1,0,0,1,1
0,0,1,1,1,0,2,0,0,0,1,1,1,1,1,1,0,0,2,1
1,0,1,0,0,0,2,2,0,0,1,1,1,0,1,1,1,1,2,1
0,0,1,0,0,2,1,0,0,0,1,1,0,1,2,1,0,1,2,1
0,0,0,1,1,1,1,1,0,1,1,1,0,0,0,1,0,0,2,1
0,0,1,1,1,2,0,0,1,0,1,0,1,0,1,1,1,0,0,1
0,0,0,1,1,2,1,0,0,1,1,0,1,0,2,0,0,0,2,1
0,1,1,1,1,0,0,2,0,0,0,0,1,1,0,0,1,0,2,1
0,0,2,1,0,1,1,1,1,1,1,0,0,0,2,0,1,1,0,0
2,1,1,0,0,1,1,1,0,0,0,1,0,0,1,1,0,1,1,0
0,0,1,2,0,2,1,0,0,0,1,1,0,0,2,1,0,1,2,1
0,0,1,1,1,1,0,0,1,0,1,0,0,0,1,0,0,1,1,1
0,1,0,1,1,0,0,2,0,1,1,0,1,0,2,1,1,1,2,1
0,0,2,2,0,0,1,0,0,0,1,0,1,0,1,0,1,0,2,1
0,1,0,1,1,0,1,1,0,0,1,1,0,0,0,1,1,0,1,1
0,0,0,2,0,1,1,1,0,0,0,0,0,0,0,0,1,1,0,1
0,0,0,1,0,2,0,0,1,0,1,0,0,0,0,1,1,0,2,1
1,1,0,0,1,1,1,0,0,1,0,0,1,0,0,0,1,0,1,1
2,1,1,1,0,1,1,2,1,0,0,1,1,1,1,0,0,1,2,1
0,1,1,1,1,2,0,2,0,0,1,0,1,0,1,1,0,1,1,1
0,0,1,1,1,2,0,0,1,0,1,0,1,0,1,1,1,0,2,0
2,1,0,1,1,0,1,1,1,0,0,1,0,0,1,1,1,1,1,1
0,1,0,1,0,1,1,2,1,0,0,1,1,0,1,0,1,0,2,1
0,1,1,1,1,0,0,2,0,0,0,0,1,1,2,0,0,1,2,1
0,0,1,1,1,0,1,0,0,0,1,1,0,1,1,1,0,0,1,1
0,1,0,0,1,2,0,2,0,0,1,0,1,1,2,0,1,0,2,1
1,1,0,0,1,0,0,2,0,0,1,1,0,0,2,1,0,1,0,1
0,1,0,2,0,0,1,2,1,0,0,1,1,0,1,0,0,1,2,1
0,1,2,1,0,1,1,2,1,0,0,1,1,0,2,0,1,1,1,1
0,0,0,0,1,2,1,0,0,0,1,0,0,1,0,0,1,0,2,1
2,1,2,0,1,2,0,0,1,0,0,0,0,0,0,1,1,1,0,1
1,1,1,0,0,2,0,0,0,1,1,1,1,0,1,0,0,0,2,0
0,0,1,1,0,2,0,0,1,1,1,0,1,1,0,0,1,1,1,1
0,0,1,1,1,0,0,0,1,0,1,0,1,0,1,1,0,0,0,1
1,0,1,2,0,2,0,0,1,0,1,0,1,1,0,0,1,0,1,0
2,0,0,1,0,0,1,0,0,0,0,1,1,0,1,0,1,1,2,1
1,0,1,2,0,2,1,0,0,0,1,1,0,1,2,1,0,1,2,1
0,1,2,0,0,1,1,2,1,0,1,1,1,0,1,0,1,0,1,1
1,0,0,0,1,2,2,0,0,0,1,1,0,1,2,1,1,1,2,1
1,0,1,0,0,2,1,0,0,0,1,1,1,0,1,1,0,1,1,1
0,0,0,0,0,2,1,0,0,1,1,0,1,0,1,0,0,0,1,1
0,0,0,0,0,1,0,1,1,0,1,1,1,0,1,1,0,1,1,1
0,0,0,0,0,2,1,0,0,0,1,1,1,1,2,0,1,0,2,1
1,0,0,1,1,1,0,0,0,0,1,1,0,1,0,1,1,1,1,0
0,1,0,1,0,0,1,2,1,0,0,1,1,0,1,0,1,0,1,0
1,0,0,2,1,2,0,0,1,0,1,0,1,1,0,1,0,1,1,0
2,1,2,0,0,0,0,2,0,0,0,1,1,1,1,0,1,0,2,1
2,0,2,1,0,2,2,0,1,0,1,0,0,0,0,1,1,1,2,0
2,0,2,0,0,2,2,0,0,0,1,1,1,0,1,0,1,0,2,1
2,1,1,1,0,2,1,0,0,0,0,1,1,1,2,1,1,0,2,1
0,0,1,1,1,2,0,1,1,0,1,1,0,0,2,0,1,1,1,1
1,0,1,0,1,1,0,0,1,0,0,1,1,0,0,0,0,0,1,1
0,0,1,1,1,1,0,0,0,0,1,0,0,0,1,0,0,1,0,1
2,1,1,1,0,0,1,2,0,0,1,0,1,0,1,0,0,1,2,1
0,1,1,1,0,1,1,1,1,1,0,1,0,0,2,1,1,0,1,0
2,0,0,1,0,2,1,0,0,0,1,0,1,0,1,0,1,1,2,1
1,1,0,0,1,2,0,2,0,1,1,0,0,0,2,1,0,1,1,1
2,0,1,1,0,2,1,0,0,0,1,1,0,0,1,1,0,1,2,1
0,0,0,1,0,2,1,0,0,0,1,1,1,0,0,1,0,0,2,1
0,0,0,1,0,2,1,0,0,0,1,0,1,0,1,0,1,1,2,1
2,1,1,0,0,1,2,1,1,0,1,1,0,1,2,1,1,0,1,0
0,0,1,1,1,1,0,0,1,0,1,1,0,0,1,0,0,1,2,1
2,1,2,2,1,1,0,1,0,0,1,1,1,1,0,0,1,1,0,1
0,0,2,1,1,2,1,0,0,0,1,0,0,0,2,0,0,1,2,1
1,1,0,0,1,2,0,0,0,0,1,0,0,0,0,1,1,1,0,1
0,0,0,1,1,2,1,0,0,0,1,1,1,0,1,1,0,0,1,1
1,0,0,1,0,2,2,0,0,0,1,1,0,1,0,1,0,0,2,1
1,0,0,2,1,1,0,0,1,0,0,0,1,1,0,0,1,0,1,1
0,0,1,0,0,2,2,0,0,0,1,1,0,0,1,1,0,1,2,1
0,0,0,2,0,1,2,1,0,0,1,1,0,0,1,0,0,0,0,1
0,1,0,0,1,0,0,1,0,0,1,0,0,1,0,1,0,1,1,1
1,0,0,1,1,1,0,0,1,0,1,1,1,0,1,1,1,0,2,0
0,0,0,1,1,2,1,0,0,0,1,1,1,1,0,0,1,1,2,0
1,0,0,0,1,0,0,0,1,0,1,1,0,0,1,1,1,1,2,1
0,0,0,1,0,0,1,0,0,0,1,1,1,1,0,0,0,1,2,1
0,0,1,1,0,2,1,0,0,0,1,1,1,0,1,1,0,0,0,1
0,0,1,1,0,0,0,0,0,0,1,1,0,0,1,1,0,1,2,0
0,1,1,1,1,0,0,2,0,0,1,1,1,1,1,0,1,0,0,1
0,0,1,0,1,1,0,0,0,0,1,1,0,0,1,0,0,0,2,1
2,0,2,1,0,2,2,0,0,0,1,1,1,0,2,0,1,0,1,0
2,0,0,1,0,2,1,0,0,0,1,1,1,0,0,1,0,1,0,0
0,0,1,0,1,1,0,0,1,1,1,0,0,0,0,0,1,0,1,0
1,1,0,1,1,0,2,2,1,0,1,1,0,0,1,1,1,0,1,0
2,1,2,0,1,2,0,2,0,0,0,0,1,1,0,0,0,0,2,1
0,1,2,1,0,2,1,0,1,0,0,1,1,1,0,0,1,1,1,1
0,1,1,0,1,1,0,1,0,0,1,0,0,0,1,1,0,1,0,1
0,1,1,1,1,0,0,2,1,1,1,1,1,1,0,0,1,1,2,1
0,1,1,1,0,0,2,2,1,0,1,1,1,0,1,0,1,1,2,0
2,1,2,0,1,1,2,2,1,0,0,1,1,1,2,0,1,0,0,0
1,1,1,0,1,0,1,2,1,1,1,1,1,0,2,0,0,0,2,1
0,0,2,0,0,1,0,1,1,0,1,0,0,1,0,0,0,0,1,1
0,1,0,0,1,2,0,0,0,1,1,1,1,1,1,0,1,0,2,0
2,0,0,1,1,1,0,0,1,0,1,0,0,1,0,1,1,0,2,1
2,1,0,0,1,2,0,2,0,0,1,1,1,0,2,0,0,0,2,0
1,1,1,1,0,0,1,2,1,0,1,1,0,0,1,0,0,1,1,0
1,0,1,0,1,0,0,1,1,0,1,1,0,0,1,0,1,0,0,1
0,1,0,1,0,1,2,2,0,0,1,0,1,0,1,1,0,0,0,1
2,1,2,1,1,2,0,2,0,0,0,0,1,0,2,0,1,0,0,1
2,0,2,1,1,0,1,0,0,0,1,1,1,1,1,0,1,1,1,1
0,0,0,1,0,2,1,0,0,0,1,1,1,1,0,0,1,0,1,1
1,1,1,0,0,1,1,1,1,0,1,1,1,0,1,0,1,0,2,1
0,1,1,0,1,1,0,0,0,1,0,0,0,0,2,1,1,1,0,1
0,0,2,1,0,2,1,0,0,0,1,0,1,1,1,0,1,1,1,0
0,1,0,1,1,2,0,2,1,0,0,0,0,1,1,1,1,0,1,0
0,0,1,1,1,2,0,0,1,1,1,0,0,0,0,0,1,1,0,1
0,0,0,1,1,1,2,0,0,0,1,0,0,0,1,0,1,0,1,1
0,0,0,1,1,1,0,0,1,0,1,0,1,1,2,1,1,0,1,0
0,0,1,0,0,2,1,0,1,0,1,0,1,1,1,1,0,1,2,1
0,0,1,1,0,1,2,1,0,0,1,1,1,0,1,1,1,0,0,1
0,0,1,1,1,0,1,1,0,0,1,1,0,1,1,0,1,1,0,1
0,1,2,1,1,2,0,0,0,0,0,0,0,1,0,1,1,0,1,0
1,0,1,0,0,2,2,0,0,0,1,1,1,0,1,0,0,0,1,0
0,1,2,1,1,2,0,2,0,0,0,0,0,1,2,1,1,1,0,0
0,0,1,1,1,0,2,0,0,0,1,0,0,0,1,1,0,1,2,1
2,0,1,1,0,2,1,0,0,0,1,0,1,1,0,0,1,0,1,1
2,1,0,0,1,2,1,1,1,1,1,1,1,0,2,0,1,0,1,0
2,1,0,2,1,2,0,0,0,1,0,1,1,0,1,0,0,0,0,1
0,1,1,1,0,2,1,0,1,0,1,0,0,1,1,1,0,1,0,1
0,0,0,1,0,1,1,1,0,0,1,1,1,1,0,0,0,0,1,1
1,1,1,1,1,0,0,1,1,1,0,0,0,1,1,1,1,0,1,1
0,1,1,1,1,0,0,2,0,0,0,0,1,0,2,0,1,1,2,1
0,0,0,0,0,2,1,0,0,0,1,1,1,0,2,1,0,1,2,1
0,1,0,1,0,0,1,2,1,0,1,1,0,1,0,1,1,0,0,1
2,0,1,2,0,2,2,0,0,0,1,1,0,1,0,1,0,1,2,1
0,1,1,0,1,2,0,1,0,1,1,0,1,1,1,0,0,0,0,1
2,1,0,0,0,0,2,2,1,0,1,0,0,0,2,1,1,1,0,1
2,1,0,1,0,2,1,0,1,0,1,0,0,0,1,1,1,0,0,1
0,0,1,1,1,0,0,0,1,0,1,1,0,0,1,0,1,0,0,1
2,1,0,1,1,1,0,0,0,0,1,0,0,1,0,1,1,0,1,1
1,0,0,1,1,1,0,0,1,0,1,1,1,1,0,0,0,0,1,0
2,0,1,0,0,2,0,0,1,0,1,0,0,0,1,0,1,0,1,1
0,0,0,1,0,1,1,1,0,0,1,1,1,0,0,1,1,1,1,1
2,1,1,1,0,1,1,2,0,0,1,0,1,0,1,1,1,0,2,1
0,1,1,1,1,0,0,2,0,1,1,0,1,1,0,1,1,1,2,1
2,1,2,1,1,0,0,2,0,0,1,0,0,0,0,1,0,0,1,0
0,1,1,1,0,1,2,1,1,0,1,0,0,1,1,1,0,0,1,1
0,0,0,0,0,2,1,0,0,1,1,1,1,0,2,1,0,1,1,1
2,1,2,2,1,2,2,0,1,0,0,1,1,0,1,0,0,0,2,0
2,1,0,1,1,0,0,2,0,0,0,0,0,0,1,1,1,1,0,1
0,0,2,1,1,2,0,0,1,0,1,0,0,1,1,0,1,0,2,1
0,1,0,0,1,1,1,1,1,0,1,1,1,0,1,0,0,0,2,0
0,1,1,0,1,0,0,2,1,0,1,1,1,1,0,0,0,0,2,1
2,1,0,1,1,0,0,2,0,0,1,0,0,1,0,1,0,0,1,1
2,1,0,1,1,1,0,2,0,0,0,0,1,0,0,0,0,0,2,1
2,1,2,1,1,0,1,1,1,0,1,1,1,0,0,0,0,0,0,1
0,0,1,2,1,2,0,0,1,0,0,0,1,1,1,0,0,0,2,1
0,1,1,0,1,1,0,2,0,0,0,1,1,0,1,0,0,0,2,0
1,0,0,0,0,2,1,0,0,0,1,1,0,0,0,0,1,0,0,1
2,1,2,1,0,0,2,2,1,0,1,1,1,1,1,0,0,0,2,0
0,0,1,0,1,2,0,0,1,0,1,0,1,1,2,0,1,0,2,1
2,1,2,0,1,2,0,2,1,1,1,0,1,0,1,1,1,1,0,1
0,1,0,0,1,1,0,1,0,0,0,0,0,0,2,1,0,0,1,1
0,1,0,1,0,2,1,2,1,1,1,1,1,1,1,0,0,1,2,1
0,0,1,2,1,1,0,0,1,0,1,0,1,0,1,0,1,1,2,1
0,0,2,0,0,2,1,0,0,0,1,1,1,0,1,1,1,1,2,1
0,1,1,1,1,2,0,2,0,1,1,0,1,0,0,1,0,1,0,1
0,0,1,1,0,2,1,0,0,0,1,1,0,0,1,1,0,1,2,1
0,1,0,1,0,2,2,0,1,1,0,1,1,1,1,1,1,1,2,1
2,1,1,1,0,1,2,1,1,1,0,1,0,1,0,1,0,0,1,1
0,1,1,1,1,2,1,1,0,0,0,0,1,1,2,1,0,0,2,1
0,0,1,1,0,2,2,0,0,0,1,1,1,1,1,1,0,1,1,1
0,1,1,1,0,0,1,2,1,0,1,1,0,0,1,1,0,0,1,1
0,0,0,1,0,2,1,0,1,0,1,0,0,0,1,0,1,1,2,1
2,1,0,1,0,0,1,2,1,0,1,1,1,1,0,1,1,0,2,1
0,1,1,0,1,2,0,1,1,1,0,1,0,0,0,1,0,1,1,1
2,1,0,2,0,1,2,1,1,1,1,1,0,0,2,1,1,1,1,1
1,0,1,0,0,2,1,0,0,1,1,0,0,0,2,0,1,0,2,0
0,1,0,0,1,2,0,2,0,0,0,0,1,0,2,0,1,0,2,0
0,1,1,2,1,2,1,0,0,0,0,1,1,0,2,0,1,0,2,1
0,0,0,1,1,0,1,0,0,0,1,1,1,0,1,1,1,0,0,1
0,0,1,1,1,1,0,0,1,0,1,0,1,0,1,0,0,1,2,1
2,1,2,1,1,0,2,1,1,1,0,0,1,0,0,0,1,1,0,1
1,0,1,0,0,2,1,0,0,0,1,1,0,0,1,1,0,1,1,1
0,0,1,1,1,2,0,0,1,0,1,0,0,0,1,0,1,1,0,1
0,0,1,1,1,1,0,0,1,0,1,0,1,1,0,0,0,1,1,1
0,0,1,1,1,2,0,0,1,0,1,0,0,1,1,0,0,1,0,1
1,0,0,0,1,0,1,0,0,0,1,1,1,1,0,1,0,0,0,0
0,1,0,0,1,0,1,2,1,0,0,0,0,1,2,1,1,1,0,1
0,0,1,1,0,2,1,0,0,0,1,1,0,1,1,1,0,1,2,1
0,0,0,1,0,2,1,0,0,0,1,0,1,0,1,1,1,1,0,1
1,1,0,0,1,0,1,1,1,0,0,1,0,0,2,1,0,0,1,1
2,1,0,0,1,2,0,2,0,0,0,0,0,1,2,1,1,1,1,1
0,0,1,2,0,2,2,0,0,0,1,1,1,1,1,1,1,1,1,1
0,0,1,1,1,1,1,1,0,1,1,0,0,0,0,0,0,1,0,1
2,1,0,0,1,0,0,2,0,1,1,0,0,1,1,1,0,0,1,1
0,1,0,0,0,1,0,1,0,0,1,1,0,0,1,1,1,0,1,0
1,0,1,0,1,0,1,0,1,0,1,0,1,0,1,0,1,0,2,1
0,0,1,1,1,1,0,0,1,0,1,0,0,0,2,0,0,1,2,1
1,0,1,0,0,2,2,0,0,0,1,1,1,0,1,1,0,1,0,1
0,0,0,0,1,2,0,0,1,0,0,0,1,0,0,0,1,0,1,1
2,1,0,1,0,2,2,0,1,0,0,0,1,1,1,1,1,0,2,0
1,1,0,1,1,2,2,2,0,1,1,1,1,0,2,1,0,1,2,1
2,1,0,2,0,1,2,2,1,0,1,0,0,0,1,1,1,0,0,0
1,0,0,1,1,1,0,0,1,0,1,1,1,0,1,1,0,1,1,1
1,0,0,0,0,2,2,0,0,0,1,1,0,1,0,1,1,0,2,1
0,0,1,1,0,2,1,0,0,0,1,0,0,1,1,0,0,1,2,1
2,0,1,1,1,1,0,0,1,0,1,1,0,0,1,0,0,0,0,1
2,0,2,0,0,2,2,0,0,0,0,0,1,0,2,0,1,0,2,1
0,0,1,1,1,2,0,1,1,0,1,0,0,0,1,0,0,1,0,1
2,1,2,0,1,2,1,2,1,1,1,1,1,1,1,0,0,1,2,0
1,1,0,0,1,0,0,1,0,1,1,1,1,0,1,1,1,1,1,1
0,0,1,1,1,2,0,0,1,0,0,0,0,0,2,0,1,0,1,1
0,1,1,2,0,1,1,2,1,0,0,0,0,0,2,1,1,1,1,1
0,1,1,2,0,0,1,2,1,1,1,0,1,0,0,1,0,1,2,1
0,0,1,2,1,2,0,1,1,0,1,0,0,1,2,0,1,0,1,1
0,0,1,0,1,2,0,0,0,0,1,1,1,0,1,0,0,0,1,0
0,1,1,1,0,1,1,2,1,0,1,0,0,0,2,1,1,1,0,1
0,0,1,2,1,1,2,0,0,0,1,1,1,1,1,1,0,1,1,1
0,0,1,1,1,0,2,0,0,0,1,0,1,1,1,1,0,0,1,1
2,0,0,1,1,1,2,0,0,0,1,1,1,0,1,0,1,1,1,1
0,0,0,0,1,2,0,0,0,0,1,1,0,1,0,1,1,1,2,1
0,1,0,1,1,1,1,1,1,0,1,0,1,1,0,0,1,0,1,1
0,1,1,1,1,1,0,1,0,1,1,0,1,0,0,1,0,0,1,1
0,0,1,1,1,0,0,0,1,0,1,0,1,0,2,1,0,0,1,0
2,1,0,2,0,2,1,0,1,0,1,0,1,0,1,0,0,0,1,1
1,0,0,0,1,1,1,0,0,0,1,1,1,0,2,1,1,1,1,1
2,1,2,1,1,1,1,1,1,0,1,1,1,0,0,0,0,1,1,1
0,0,1,1,1,2,0,0,1,0,1,0,0,1,1,0,0,1,2,1
1,0,1,0,1,0,2,0,0,0,1,0,1,1,0,0,1,0,2,1
0,1,2,0,0,0,2,2,1,0,1,0,1,0,1,0,0,0,2,0
0,1,1,1,1,2,1,1,1,0,0,1,0,0,2,1,1,0,1,1
0,1,0,1,1,0,1,0,1,1,0,1,1,0,2,0,1,1,2,0
0,1,0,1,0,1,1,1,1,0,1,1,0,1,2,1,1,0,0,1
0,1,1,0,0,1,1,1,1,1,1,1,0,1,2,0,0,0,1,0
0,0,0,0,1,2,1,0,0,0,1,1,1,0,1,0,1,0,1,1
2,1,0,1,0,1,2,1,1,0,1,0,0,1,0,1,1,0,1,1
0,0,0,1,0,0,1,0,1,0,1,0,1,0,0,0,0,0,2,1
0,0,1,0,0,2,1,0,0,0,1,1,0,1,1,1,0,1,2,1
0,0,1,1,1,1,0,0,1,0,1,0,1,0,1,0,0,1,2,1
1,1,0,2,1,2,1,1,1,0,0,0,1,0,0,0,1,0,0,1
0,1,1,1,0,1,1,2,1,0,1,1,1,0,1,1,0,0,0,1
2,0,0,1,1,0,0,0,1,0,1,0,1,1,0,1,1,0,1,1
2,0,2,1,1,2,0,0,1,0,1,1,0,1,1,1,1,0,2,1
0,1,0,1,0,0,2,2,1,0,0,1,0,1,2,1,1,0,0,0
0,1,0,1,0,1,1,1,1,0,1,0,0,0,0,1,0,1,0,1
0,1,1,0,1,0,0,2,0,0,1,0,0,0,1,1,1,0,1,1
1,0,0,1,1,0,1,0,0,0,1,0,1,0,1,0,1,0,2,1
0,0,1,2,1,0,1,0,0,0,1,1,1,1,2,0,0,0,2,1
0,1,2,1,0,1,0,1,0,0,0,1,1,1,2,0,1,0,0,0
0,0,0,1,0,2,1,0,0,0,1,1,0,1,2,0,1,0,1,1
1,1,1,0,1,0,2,2,1,1,0,0,1,1,1,1,0,1,2,1
0,1,0,2,0,1,2,2,0,1,1,0,0,1,2,1,0,1,1,0
0,0,0,0,1,2,0,0,1,0,1,1,0,1,2,1,1,1,2,1
1,0,1,2,0,2,1,0,0,0,1,1,1,0,0,1,1,1,0,1
1,0,1,1,0,2,1,0,0,0,1,1,1,1,1,1,0,0,1,0
2,0,0,1,0,2,2,0,0,0,1,1,1,1,2,1,1,1,1,1
0,0,1,1,0,2,2,0,1,0,1,0,0,0,1,0,1,1,0,0
2,0,2,0,1,2,0,0,1,0,1,0,1,1,0,0,1,0,1,1
1,0,1,0,0,2,1,0,1,0,1,0,1,0,1,1,1,0,2,1
0,0,0,0,1,1,1,0,0,0,1,0,1,0,2,0,1,0,1,1
1,1,1,1,1,0,1,0,0,0,0,0,1,1,1,1,0,1,2,1
0,0,0,1,0,2,2,0,0,0,1,1,1,0,1,1,1,1,2,1
2,1,2,1,1,0,1,2,0,1,0,1,1,0,1,0,0,0,2,1
0,0,0,1,0,2,1,0,1,0,1,1,0,1,0,1,1,0,2,1
1,1,1,0,0,0,1,2,1,0,1,1,1,0,1,0,1,0,2,1
0,0,1,1,1,2,0,1,1,0,1,0,1,0,2,0,0,0,1,1
2,1,2,0,1,0,1,2,0,1,1,1,1,1,1,0,0,0,2,0
0,0,1,0,1,1,0,0,1,0,0,0,0,0,1,0,1,0,1,0
2,0,1,1,0,1,1,1,0,0,1,1,0,0,2,1,1,0,2,1
2,0,2,1,1,2,1,0,0,0,1,0,1,0,2,0,1,1,2,1
0,1,1,0,1,0,0,2,0,1,0,1,1,0,1,0,0,0,2,1
2,1,1,0,0,1,1,2,1,1,0,1,1,0,0,0,0,0,2,1
2,1,0,0,0,0,1,0,1,0,0,1,1,1,0,0,0,0,2,1
0,1,0,1,1,2,0,1,0,1,0,0,0,0,2,1,1,0,0,0
0,1,2,0,1,0,1,1,1,1,1,1,0,0,1,0,1,1,0,1
0,1,1,1,0,1,1,2,1,0,1,1,1,1,1,1,1,0,2,1
0,0,0,1,0,2,0,0,1,0,1,0,0,1,0,0,1,1,1,1
0,1,2,1,0,1,2,1,1,1,0,0,1,0,1,1,1,0,2,0
0,0,1,0,1,2,0,0,1,0,1,0,0,0,1,0,0,0,2,1
0,0,1,0,1,2,0,0,1,0,1,0,1,1,1,1,1,1,1,0
0,1,2,1,0,1,2,2,1,0,0,1,1,1,2,0,1,1,2,0
0,0,1,2,0,2,1,0,0,0,1,1,1,1,0,1,0,1,1,1
2,0,0,1,1,1,0,0,1,0,0,1,1,0,1,0,0,1,1,1
1,0,1,0,1,2,0,0,1,0,1,1,1,0,1,0,0,0,2,1
0,0,1,1,1,2,0,1,1,0,1,0,1,0,1,1,0,1,1,1
1,0,1,1,0,2,1,0,0,0,1,1,0,1,1,1,0,0,2,0
1,0,0,2,1,2,0,0,1,0,1,0,0,1,2,1,1,1,2,1
2,1,0,1,1,1,0,1,0,1,0,0,0,0,2,1,1,1,1,1
0,1,0,1,0,1,1,2,1,1,1,0,1,0,1,1,0,0,2,1
0,1,1,1,1,0,0,2,0,0,0,1,1,1,2,0,1,0,1,1
2,1,2,0,1,2,0,2,0,0,0,0,1,0,2,1,0,1,2,1
2,0,0,1,1,2,0,2,0,0,1,1,1,0,2,1,1,1,1,1
1,0,0,0,1,2,0,0,1,0,1,0,0,1,0,1,1,1,2,1
2,1,2,1,1,0,0,2,0,0,1,0,1,0,0,0,0,0,0,1
0,1,1,0,0,0,2,2,1,1,0,0,0,0,0,1,0,1,1,1
0,0,0,2,0,2,1,0,0,0,1,1,0,0,2,0,0,0,1,1
0,1,0,1,1,0,1,2,1,1,1,1,1,1,0,1,0,1,2,1
0,1,1,2,1,2,1,0,1,1,1,0,0,0,2,1,1,0,1,0
2,1,2,0,1,2,1,2,1,0,0,1,1,1,1,0,1,0,2,1
0,1,1,1,0,2,2,0,1,1,0,1,0,0,2,1,1,0,0,0
0,1,0,0,1,2,0,2,0,1,1,0,1,1,1,0,0,0,2,1
2,1,2,0,1,1,0,0,1,1,0,1,1,0,1,1,1,1,2,1
0,0,1,2,1,2,0,0,1,1,1,0,1,0,2,0,1,1,2,1
2,1,2,1,1,2,1,2,1,0,0,1,1,1,1,0,1,1,2,1
2,0,0,0,1,0,0,0,1,0,1,0,1,0,2,1,0,1,0,1
0,0,0,0,0,2,1,0,0,0,1,1,1,1,2,1,1,1,1,1
0,1,1,1,0,1,0,2,0,0,0,0,1,0,2,1,1,0,2,1
0,1,0,0,0,1,0,1,0,0,0,0,0,0,1,1,1,1,1,0
0,0,0,1,1,1,0,1,1,0,1,0,1,0,1,1,1,1,1,1
0,1,1,1,0,1,1,1,1,0,0,0,1,1,0,0,0,1,0,1
0,0,1,2,1,1,1,0,0,0,1,0,1,0,0,1,1,0,1,1
2,1,0,1,0,0,2,2,1,1,0,0,1,1,1,0,1,1,1,0
0,0,1,0,1,0,2,0,0,0,1,1,0,0,0,0,0,0,1,1
1,1,0,0,1,0,2,1,1,0,1,1,1,0,1,1,0,0,1,0
0,0,1,1,1,2,1,0,1,1,1,0,1,0,0,1,0,0,0,0
1,1,0,2,1,0,0,2,0,0,1,0,1,0,1,1,1,1,1,1
2,1,2,2,0,0,2,0,1,0,1,1,1,0,2,0,1,0,0,0
0,0,0,1,0,1,2,1,0,0,1,1,1,1,0,1,0,1,1,1
0,0,0,2,1,1,2,0,0,0,1,1,1,0,2,1,0,1,1,1
1,1,1,0,1,0,1,2,1,0,1,0,1,0,1,1,1,1,2,1
1,0,1,2,1,2,1,0,1,0,1,0,1,1,1,1,1,1,2,1
1,0,0,0,1,0,0,0,0,0,1,1,0,0,2,0,1,0,2,1
0,1,1,1,1,1,0,1,1,0,0,1,0,0,2,1,1,0,1,1
0,0,1,1,0,2,2,0,1,0,1,1,0,0,1,1,0,1,2,0
2,1,2,0,1,2,0,1,0,0,1,1,0,0,1,0,1,0,1,0
2,1,2,1,0,0,0,2,0,0,0,1,1,0,2,0,0,1,2,1
0,0,0,1,0,2,2,0,0,0,1,1,0,0,0,1,0,1,2,1
2,0,2,1,0,2,1,0,0,0,1,1,1,0,0,0,0,0,2,1
0,1,2,0,0,2,1,0,1,0,0,1,1,1,2,0,0,0,2,1
0,0,1,1,0,0,2,0,0,0,1,1,0,1,1,1,0,1,2,1
0,1,1,0,1,2,0,2,1,0,0,0,1,1,2,1,0,1,2,1
0,1,1,1,1,2,0,1,0,0,0,1,0,0,2,0,1,1,0,0
0,0,0,1,0,2,1,0,0,0,1,1,0,0,2,0,0,0,1,1
0,1,1,0,1,1,0,1,0,0,0,0,0,1,2,1,0,1,1,0
0,1,0,1,0,0,1,2,1,0,1,0,1,0,1,0,1,1,1,1
2,0,0,1,0,1,1,0,0,0,1,0,1,0,0,0,1,1,2,1
1,0,0,0,1,0,0,0,1,0,0,0,1,0,2,0,0,0,1,1
1,0,1,0,1,1,0,0,1,0,1,0,1,0,1,1,1,1,1,0
2,1,1,1,0,0,1,2,1,1,1,0,0,1,0,1,0,0,0,1
0,1,0,1,0,0,1,2,1,0,1,1,0,0,1,1,1,1,0,1
0,0,1,1,1,2,0,0,1,0,1,0,0,1,1,0,0,1,0,1
2,0,2,1,0,2,0,0,1,0,1,0,1,1,1,1,1,0,0,0
0,0,0,0,1,2,0,0,1,0,0,0,1,0,2,0,0,0,2,0
0,0,2,0,1,2,0,0,1,0,1,0,0,0,1,1,1,1,2,0
0,1,1,1,0,1,2,1,1,0,0,1,0,1,0,1,1,1,2,0
2,0,2,0,1,1,0,0,1,0,1,0,1,1,2,1,1,1,2,1
0,1,0,1,0,1,1,1,1,0,1,0,0,0,1,1,1,1,1,1
2,1,2,0,1,0,2,2,1,0,0,1,1,0,1,0,1,0,2,1
1,0,0,1,1,1,0,0,1,0,1,1,0,0,0,1,0,1,2,1
1,1,0,0,1,2,0,0,0,0,0,1,0,0,2,1,1,1,2,1
2,0,0,1,1,2,0,0,1,0,0,0,0,1,2,0,0,1,0,0
1,0,1,0,1,2,0,0,1,0,0,0,1,0,2,0,1,0,2,0
0,1,1,2,0,0,1,2,1,1,0,0,1,0,2,1,0,0,2,1
0,0,1,1,1,2,0,0,1,0,1,0,1,0,1,0,0,1,2,1
2,1,2,0,1,2,2,1,1,0,1,1,1,1,2,0,1,0,1,0
0,0,0,1,0,2,1,0,0,0,1,1,1,1,0,1,0,0,1,1
0,0,0,1,1,2,0,0,1,0,1,0,0,1,0,1,1,1,2,1
0,0,1,1,0,2,2,0,0,0,1,1,1,1,2,1,0,0,1,1
2,0,2,1,1,2,0,1,1,0,1,0,0,1,1,1,0,0,1,1
0,1,1,2,1,1,0,1,0,0,0,1,1,1,1,0,0,0,0,1
1,0,0,0,1,1,1,0,0,0,1,1,0,0,0,1,1,0,2,1
0,0,1,1,1,1,0,0,1,0,1,0,1,0,0,0,1,1,1,1
0,0,1,0,0,2,1,0,0,0,1,1,1,1,0,1,0,1,0,1
1,0,1,0,1,1,0,0,1,0,1,1,1,0,1,1,0,0,1,0
0,1,2,1,0,0,1,2,1,0,1,1,1,1,2,0,0,1,2,1
1,1,1,0,1,0,0,2,0,1,0,1,1,0,0,0,0,0,2,0
2,0,2,1,1,1,2,0,0,0,1,1,0,1,2,0,1,1,0,1
2,1,0,0,1,0,1,2,1,0,1,1,1,0,2,1,0,1,2,1
0,0,1,1,1,2,0,0,1,0,1,0,1,0,2,0,0,0,2,1
2,0,0,1,1,0,0,1,1,0,1,0,0,1,0,1,1,1,1,1
1,1,1,0,0,2,2,0,1,0,0,1,1,0,0,0,0,0,2,0
2,1,1,1,0,1,1,1,1,0,1,1,1,1,1,0,1,1,1,1
0,1,2,1,0,2,1,0,1,0,1,1,0,1,0,0,1,1,0,1
0,0,1,2,1,1,0,0,1,0,1,0,0,1,1,0,1,0,1,1
2,1,2,1,1,2,0,2,1,1,0,1,1,1,0,0,1,1,2,1
2,1,2,1,1,0,0,2,0,0,0,1,1,0,1,0,0,1,2,1
0,1,1,1,1,1,0,0,0,0,1,0,0,1,0,1,0,0,1,1
0,0,0,1,1,1,0,0,1,0,1,0,0,0,1,1,1,0,2,1
0,0,2,1,0,2,1,0,0,0,1,1,0,0,2,0,1,0,2,1
0,1,0,2,0,1,1,1,1,0,1,1,0,1,0,1,1,1,1,1
0,1,1,2,0,0,2,2,1,0,1,1,1,1,1,0,1,0,2,1
0,0,1,2,1,0,0,0,1,0,1,0,1,0,0,1,1,1,2,1
2,1,1,0,0,2,2,0,1,1,0,1,1,0,0,0,1,0,2,1
0,1,1,0,1,0,0,1,0,0,0,0,0,1,2,0,1,0,0,1
1,0,1,0,1,0,0,0,1,0,1,0,1,0,1,1,1,1,1,1
0,1,1,1,1,0,2,2,1,0,1,1,1,1,1,0,0,1,2,1
0,0,1,0,0,2,2,0,0,0,1,1,1,1,1,1,0,0,1,1
0,1,1,1,0,2,1,0,1,0,0,1,1,0,2,0,0,1,2,1
0,0,2,0,0,2,1,0,1,0,1,0,1,0,1,0,1,0,2,1
2,0,2,1,1,2,1,0,0,0,1,1,1,0,2,0,0,0,1,1
2,1,2,1,0,1,1,1,1,1,1,1,1,1,0,0,1,1,0,0
0,0,0,0,1,1,0,0,1,0,1,0,1,1,0,1,0,1,1,1
0,0,1,1,1,1,0,0,1,0,0,0,0,1,2,0,0,1,0,0
0,0,0,1,0,2,2,0,1,0,1,0,0,0,0,1,1,0,2,0
2,1,0,1,1,2,0,2,0,0,1,0,0,1,0,1,1,1,1,1
2,0,2,2,1,2,1,0,1,0,1,0,0,0,2,0,1,1,1,1
0,0,1,0,1,2,0,0,0,0,1,1,0,1,0,0,0,0,1,0
1,1,1,0,0,1,1,2,1,0,1,0,1,0,1,1,1,1,1,1
2,1,1,0,0,0,2,2,1,1,0,0,1,1,1,1,1,1,2,1
0,0,1,0,0,1,0,1,1,0,1,0,0,1,1,1,0,1,2,0
0,0,1,1,0,2,1,0,0,0,1,1,1,0,1,1,1,1,2,1
2,0,0,2,1,1,2,0,0,0,1,1,1,1,0,1,0,1,0,1
1,0,0,1,1,1,0,0,1,0,1,0,1,0,1,1,1,1,0,1
0,1,1,1,1,2,2,2,1,1,0,1,1,0,1,0,0,0,2,1
0,1,0,1,0,1,1,1,1,0,1,1,1,0,1,0,0,1,0,1
0,0,2,1,0,2,2,0,0,0,1,0,0,1,1,0,1,1,2,1
0,0,1,1,1,1,0,0,0,0,1,1,0,1,1,1,0,1,2,0
1,0,1,0,0,2,1,0,0,0,0,1,1,1,2,0,0,0,1,1
0,1,0,0,0,0,0,2,0,0,1,1,1,1,0,1,1,1,1,1
1,0,1,0,1,2,0,2,1,0,1,0,1,0,1,1,0,1,0,1
2,0,1,1,0,2,2,0,0,0,1,1,0,0,1,1,0,1,2,1
0,0,0,0,1,1,0,0,1,0,1,0,1,0,2,1,1,1,0,0
0,0,1,1,0,0,1,0,0,1,1,1,0,1,1,0,1,0,1,1
0,0,1,2,1,1,0,0,1,0,1,0,0,1,2,1,1,1,2,1
1,0,0,0,1,2,1,0,0,0,0,1,0,0,1,0,1,0,1,1
0,1,2,0,0,2,1,0,1,1,0,1,1,1,1,0,0,0,1,0
1,0,0,0,1,1,0,0,1,0,1,0,0,1,0,1,1,1,2,1
2,1,0,1,1,1,0,2,0,0,1,0,0,0,1,1,1,0,1,0
0,0,0,0,1,0,0,0,1,0,1,0,1,1,0,1,1,1,0,1
2,0,1,1,0,1,1,1,0,0,1,1,1,1,1,1,1,0,1,0
2,1,2,1,1,0,0,1,0,0,1,0,0,0,0,1,0,1,1,1
0,0,1,2,0,2,2,0,0,0,1,1,1,1,2,0,0,0,2,1
0,1,1,0,1,2,1,2,1,1,1,0,0,0,2,1,1,1,0,0
2,1,0,1,1,2,1,2,1,0,0,1,1,0,1,0,1,1,2,1
2,1,2,1,1,2,1,1,1,0,1,0,1,0,2,0,1,0,2,1
0,0,1,0,1,1,2,0,0,0,1,0,1,1,2,1,1,1,1,1
0,0,2,2,0,2,2,0,0,0,1,1,1,0,2,0,1,0,1,1
0,1,0,1,0,2,0,0,0,1,0,0,1,1,0,1,0,0,0,0
2,1,2,1,1,2,0,0,0,0,0,1,1,0,1,0,0,0,1,0
0,0,1,1,1,2,0,0,1,0,0,1,0,0,2,0,0,0,0,1
0,1,1,2,0,1,1,1,1,0,1,1,0,1,0,1,0,1,1,1
2,1,2,1,1,0,0,2,1,0,0,0,0,0,0,1,0,0,0,1
0,0,0,1,1,1,0,0,1,0,1,0,1,1,0,1,1,0,0,1
1,1,0,2,1,2,1,2,1,0,0,1,1,0,1,0,0,0,2,1
0,0,1,0,0,2,1,0,0,0,1,1,1,1,0,1,0,1,1,1
2,1,2,1,0,1,1,2,0,0,0,0,1,1,1,0,0,1,2,0
0,0,1,1,1,2,0,1,1,0,1,0,0,1,1,0,0,0,0,1
1,0,0,2,1,1,0,0,1,0,1,0,0,0,1,1,0,1,2,1
1,0,1,0,1,2,1,0,0,0,1,1,1,1,0,1,0,1,2,1
0,1,1,1,0,2,1,0,1,1,0,0,1,0,1,0,1,1,2,1
0,0,1,1,1,0,0,0,1,0,1,0,1,0,1,1,0,1,1,0
0,0,1,2,1,2,0,2,1,0,1,0,1,0,0,0,1,0,2,1
0,1,0,0,0,2,1,0,1,1,0,0,0,0,2,1,0,1,1,1
2,0,2,1,1,1,0,0,1,0,1,0,1,1,1,0,0,1,2,1
2,1,0,1,1,0,1,2,1,0,1,1,0,1,2,0,1,0,0,1
0,1,1,1,1,0,0,2,0,0,0,0,0,0,2,1,1,1,2,1
1,0,1,1,1,1,2,0,0,0,1,1,0,1,1,1,0,0,2,1
1,1,0,1,1,0,0,1,0,1,1,0,0,0,2,1,1,1,0,0
2,1,0,1,1,0,0,1,1,0,1,1,1,1,0,0,0,1,1,1
0,0,0,1,1,2,0,0,1,0,1,0,0,1,0,1,1,0,2,0
0,0,1,0,1,1,0,0,1,0,0,1,1,1,1,0,0,0,2,1
0,0,1,1,0,2,2,0,0,0,1,0,0,0,1,0,1,0,2,1
0,0,1,1,1,2,1,0,1,0,0,0,0,1,2,0,0,1,1,1
0,1,1,1,1,1,0,1,0,1,1,0,0,0,2,0,1,0,0,0
0,1,0,1,0,1,2,1,1,1,1,1,0,1,0,1,0,0,1,1
0,0,1,1,1,1,2,0,0,0,1,0,1,0,1,0,1,1,1,1
1,1,1,2,0,0,2,2,1,0,0,0,0,1,1,1,1,1,2,0
0,0,1,1,1,0,1,0,0,0,1,1,1,0,1,1,1,1,1,1
0,1,0,1,0,0,0,1,0,0,1,0,1,1,0,1,0,1,0,1
0,1,1,1,0,0,2,2,1,0,1,0,1,1,1,0,1,1,2,0
0,0,1,0,1,1,0,0,1,0,1,0,1,1,0,1,1,0,0,1
1,0,0,2,1,2,0,0,1,0,1,0,0,1,2,1,1,0,2,0
0,0,0,1,1,1,0,0,1,0,1,1,1,1,0,0,1,0,2,1
0,0,1,1,1,1,2,0,0,0,1,0,0,1,1,0,1,1,0,1
0,1,2,1,1,2,0,1,0,1,1,0,1,0,2,0,1,1,0,0
0,0,1,2,1,2,0,2,1,0,1,0,1,1,1,0,1,1,2,1
0,1,0,1,1,0,0,1,1,0,1,1,1,0,1,0,0,1,0,0
2,1,0,1,1,2,0,1,0,1,1,0,0,1,2,1,1,0,1,1
0,0,1,1,0,2,0,0,1,0,1,0,1,1,1,1,1,0,0,1
0,1,1,1,1,2,0,1,0,1,0,0,1,0,1,0,1,0,1,0
0,0,2,1,0,2,1,0,0,0,1,1,0,1,1,0,1,1,2,1
0,0,0,0,1,1,1,0,0,0,1,0,0,1,2,0,0,0,2,1
0,0,1,1,0,2,1,0,0,0,1,1,1,0,1,1,0,1,1,1
0,0,1,0,1,0,0,0,1,0,1,0,0,0,1,1,1,1,2,0
1,0,0,0,1,2,0,0,1,0,1,1,0,0,2,1,1,1,1,1
0,0,1,1,1,1,0,0,0,0,1,0,1,1,1,0,0,0,2,1
0,1,2,1,1,2,1,2,1,0,0,0,1,0,1,0,1,1,2,0
2,1,2,1,1,2,0,2,0,0,1,0,1,1,1,1,0,0,2,1
2,1,2,1,0,1,2,1,1,0,1,1,0,0,2,0,1,1,1,0
0,0,1,0,1,1,0,0,1,0,0,0,0,0,2,0,1,1,1,1
0,0,1,0,1,2,0,0,1,1,1,0,1,1,1,1,1,1,2,1
0,0,1,0,1,0,0,0,1,0,1,0,1,0,1,0,0,0,2,0
0,0,1,0,0,2,0,0,1,0,1,0,1,1,0,0,0,0,2,1
0,0,0,0,1,2,0,0,0,0,1,1,0,0,0,1,1,1,2,1
0,0,1,0,1,1,2,0,0,0,1,1,1,0,1,0,0,1,2,1
1,0,0,2,1,0,0,0,0,0,1,0,0,0,1,0,0,0,1,1
0,0,1,1,1,0,1,0,0,0,1,0,0,1,1,1,0,0,2,1
0,0,2,1,1,2,1,0,1,0,0,0,1,0,2,0,0,1,2,1
0,0,0,1,0,2,2,0,0,0,1,1,1,1,0,1,1,1,1,1
2,1,2,0,1,0,0,0,0,1,0,1,1,0,1,0,0,0,2,0
0,0,1,1,1,1,0,1,0,0,1,1,1,0,1,1,0,1,1,0
1,0,1,2,0,1,1,1,0,0,1,1,1,1,2,1,0,0,1,1
0,0,0,1,0,2,0,0,1,0,1,0,1,1,0,1,1,1,1,1
1,0,1,0,0,2,1,0,0,0,1,1,0,0,1,1,0,1,2,0
0,1,1,2,1,0,1,2,1,0,0,0,0,0,2,1,1,1,0,1
0,0,1,1,0,2,0,0,1,0,1,0,0,1,1,1,1,1,2,1
0,0,1,0,1,2,0,0,1,0,1,0,1,0,1,0,1,0,1,0
0,1,0,0,0,1,2,1,1,0,0,1,1,0,2,0,0,0,0,0
0,0,1,0,1,2,0,0,1,0,1,0,1,0,1,1,1,1,1,0
1,0,0,0,1,2,0,0,1,0,0,0,1,0,2,1,1,1,0,1
0,0,1,1,1,0,0,0,1,0,1,0,1,0,1,0,0,0,2,1
0,0,1,1,1,2,0,1,1,0,0,0,0,0,2,0,0,1,1,1
0,1,1,1,1,2,0,2,0,0,1,0,1,1,2,0,1,1,2,0
1,1,0,1,0,1,1,2,1,0,0,1,1,0,1,0,1,0,2,1
2,1,0,1,1,2,0,1,0,0,1,0,0,1,0,1,1,0,1,1
1,0,1,0,0,2,0,0,1,0,0,1,1,1,2,0,0,0,1,0
0,1,1,0,0,2,1,0,0,0,0,0,0,1,1,1,1,1,1,1
1,1,1,1,1,0,0,2,0,0,1,0,0,1,2,1,0,0,0,1
2,1,2,1,0,0,1,2,1,0,0,1,1,0,1,0,0,0,2,1
2,0,0,0,1,1,1,0,1,0,1,0,0,0,2,0,1,0,2,1
0,1,0,1,0,1,1,1,1,1,0,1,0,1,1,0,1,0,1,1
0,1,1,0,1,0,0,1,1,0,0,1,0,0,0,1,1,0,0,0
0,1,0,0,0,0,1,2,1,0,1,1,1,0,2,0,1,0,2,1
0,1,1,1,0,0,2,2,1,1,0,0,1,1,0,1,0,0,2,1
2,1,1,1,0,0,2,2,1,0,0,0,1,0,0,1,0,0,2,0
0,0,1,0,1,2,2,0,0,0,0,1,0,1,2,0,0,1,1,0
0,0,0,1,1,0,0,0,1,0,1,0,0,1,2,1,1,1,2,1
1,1,1,0,1,2,1,0,0,0,1,1,1,1,1,0,0,0,2,1
2,1,2,1,1,2,0,2,0,0,0,1,1,1,2,0,0,1,2,0
0,1,1,2,1,2,0,1,1,1,0,1,0,0,0,0,1,0,1,1
1,0,0,0,1,1,1,0,1,0,1,0,1,1,0,0,0,0,2,1
0,1,1,1,1,1,0,1,0,1,1,0,1,0,0,0,0,1,0,1
2,1,2,1,0,2,1,0,1,0,0,1,1,1,2,0,0,1,1,1
2,0,2,1,1,1,2,0,0,0,1,1,0,0,1,0,1,0,2,0
0,0,1,0,1,1,1,0,1,0,1,0,0,1,0,1,1,1,2,1
1,1,2,2,0,1,1,2,1,0,0,0,1,1,2,0,0,0,2,0
2,1,2,1,0,2,1,0,1,0,0,1,1,0,1,0,1,1,1,1
0,0,1,1,1,1,0,0,1,0,1,0,1,0,2,0,0,0,1,1
0,1,1,1,1,0,1,2,1,0,1,0,0,0,0,1,1,0,1,1
2,0,2,0,1,2,0,0,1,0,1,1,1,0,2,0,0,0,2,1
0,0,1,2,1,2,0,0,1,0,1,0,1,0,0,0,0,0,1,1
0,0,0,2,1,2,0,0,1,0,1,0,0,1,2,1,0,0,2,1
2,0,2,0,0,0,2,0,0,0,1,0,0,0,2,0,1,0,2,1
1,0,2,2,0,1,1,0,0,0,1,1,1,0,0,0,0,0,2,1
0,1,1,0,0,0,1,2,1,0,0,1,1,1,2,0,0,0,2,1
0,0,0,2,0,2,1,0,1,0,1,0,0,0,0,1,0,1,2,1
0,0,0,0,0,2,2,0,0,0,1,1,0,0,2,1,1,1,2,1
0,1,1,1,1,1,1,2,1,0,1,0,1,1,1,1,1,0,2,1
0,0,1,1,1,0,0,0,1,0,1,0,0,1,1,0,1,1,1,1
2,1,2,1,1,1,1,2,0,0,0,1,1,0,2,0,0,1,2,1
0,1,1,1,1,2,0,1,0,0,0,0,1,0,0,0,0,1,1,1
0,1,0,1,1,2,1,2,1,0,0,1,1,0,2,0,1,0,2,1
0,1,1,1,1,1,1,2,1,0,1,1,1,0,1,1,1,1,2,1
2,1,2,0,1,1,0,1,0,1,1,1,1,0,0,0,1,0,1,1
0,1,0,1,1,2,1,2,1,0,1,1,1,1,0,1,1,0,2,1
0,0,2,2,0,1,1,1,0,0,0,1,0,1,2,0,1,1,1,1
0,0,1,1,1,0,0,0,1,0,0,0,1,0,0,0,1,1,2,1
1,1,1,0,0,0,2,2,0,0,0,0,0,1,2,1,1,1,1,1
1,0,0,2,1,0,0,0,1,0,1,0,1,0,2,0,0,1,2,1
0,1,1,1,0,0,0,2,0,0,0,0,1,0,2,0,0,1,2,1
0,0,1,1,1,1,1,0,0,0,1,1,0,1,1,1,0,0,2,1
0,0,1,1,1,2,2,0,1,1,1,0,1,1,1,0,1,1,2,1
0,1,1,1,0,1,2,1,1,1,1,0,0,0,0,1,1,0,1,1
0,1,0,0,1,1,0,1,1,1,0,0,0,0,2,1,1,1,1,1
0,1,0,1,0,1,2,1,1,0,0,1,0,1,0,0,0,1,1,0
0,1,1,1,0,1,2,1,1,0,1,1,1,0,1,0,1,1,1,0
0,1,0,1,0,1,1,2,1,1,0,1,1,0,2,0,1,1,2,1
0,1,1,2,1,2,0,1,0,0,1,1,1,0,0,0,1,0,0,0
1,0,1,0,0,2,1,0,0,1,1,1,0,1,2,1,1,0,2,0
0,0,1,0,1,1,0,0,1,0,1,0,0,0,0,0,0,0,0,1
0,0,0,1,0,0,2,0,0,0,1,0,0,1,2,1,1,0,2,1
0,1,0,1,0,0,2,2,1,0,1,1,1,0,0,0,1,1,2,0
2,1,0,1,1,2,1,1,1,0,1,0,1,0,0,1,0,1,2,1
2,1,1,2,0,1,1,1,1,1,0,0,0,1,2,1,1,1,0,1
0,0,0,1,0,2,1,0,1,0,1,0,1,0,1,1,1,0,0,1
0,1,2,1,0,2,1,0,1,0,0,1,1,0,2,0,1,1,1,1
0,1,1,0,1,2,1,2,1,0,1,0,1,0,1,1,1,1,2,1
0,1,0,1,1,0,0,2,0,0,0,0,0,0,1,1,1,0,0,1
0,1,1,2,0,1,1,1,1,0,0,0,0,1,1,1,1,1,1,1
1,0,2,0,0,2,1,0,0,0,1,1,1,0,1,0,1,0,2,1
0,1,1,0,0,0,0,2,1,1,1,1,1,1,2,0,1,0,2,0
2,0,2,1,0,1,1,0,0,0,1,1,1,1,1,0,1,0,2,0
0,0,0,0,1,0,0,0,1,0,1,0,0,0,0,1,0,1,2,0
2,1,2,0,1,0,1,2,1,0,1,0,1,0,1,0,1,1,2,1
2,1,1,0,1,1,0,0,0,1,0,0,0,0,2,1,1,0,0,1
0,0,2,0,0,2,1,0,0,0,1,1,1,0,1,0,1,0,2,1
0,0,0,1,1,2,0,0,1,0,1,0,1,1,0,0,1,0,1,1
0,0,0,1,1,2,0,1,1,0,1,0,1,0,1,0,1,0,1,1
0,0,1,0,1,2,1,0,1,0,1,1,0,1,1,1,0,1,2,1
0,1,1,1,1,0,0,2,0,1,0,1,1,0,2,0,1,1,2,0
0,0,0,0,1,1,1,0,0,0,1,1,0,0,2,1,1,1,2,1
0,0,0,2,1,1,1,0,0,0,1,1,0,0,2,1,0,1,1,1
2,1,1,0,0,1,2,1,1,0,1,1,0,0,1,0,1,0,1,1
0,0,1,1,1,1,0,1,0,0,0,1,0,1,0,0,1,1,0,1
2,1,2,0,0,0,1,2,0,0,1,1,1,1,2,0,1,0,1,1
0,0,1,2,1,2,0,0,1,0,1,0,1,0,0,1,1,1,0,1
2,0,2,1,1,1,2,0,1,0,1,0,1,1,2,0,1,1,1,0
0,0,1,0,1,1,0,0,1,0,1,0,1,1,0,0,1,0,1,0
0,0,1,1,1,2,2,0,1,0,1,0,1,1,1,1,1,0,1,0
2,1,2,0,0,0,1,2,0,0,0,1,1,1,0,0,1,0,2,1
0,1,0,0,0,2,2,0,1,0,1,0,0,1,2,1,1,1,1,0
1,0,1,0,1,1,0,0,1,0,1,0,1,0,1,1,1,1,2,0
1,0,0,0,1,1,0,0,1,0,1,0,1,0,1,1,1,1,0,1
0,0,0,1,1,1,1,0,0,0,1,1,1,0,1,1,0,0,0,1
0,0,0,0,0,1,1,0,0,0,1,1,1,1,0,0,1,0,2,1
1,0,1,0,1,2,0,0,1,0,1,0,1,1,0,0,1,0,2,1
0,0,2,1,1,1,1,0,0,0,1,1,0,1,2,0,1,0,2,1
1,0,1,2,0,2,1,1,1,0,1,0,0,1,1,1,1,0,1,1
2,1,0,1,1,0,0,2,0,0,0,0,0,0,2,1,1,0,1,1
0,1,0,1,1,0,1,2,1,0,0,1,0,1,1,1,1,0,1,1
0,1,1,1,1,2,0,0,0,1,1,0,1,1,0,1,1,0,2,1
1,1,1,1,1,0,0,2,0,1,0,0,0,1,0,1,0,1,0,0
0,1,0,1,0,1,1,2,1,0,0,0,1,1,1,1,1,1,2,1
0,1,0,1,1,2,1,1,1,0,0,1,1,0,2,0,0,1,1,1
0,0,1,0,1,1,0,0,1,0,1,0,1,0,1,1,1,1,0,1
0,0,1,1,1,1,1,0,0,0,1,1,1,1,1,1,0,0,1,1
0,0,1,2,1,1,2,0,0,0,1,1,0,0,0,1,0,1,2,1
0,1,1,1,1,2,0,0,1,0,1,0,0,0,1,0,0,1,1,1
2,1,1,1,1,0,1,2,1,0,1,1,1,0,2,0,0,0,1,0
0,0,1,1,1,2,0,0,1,0,1,0,0,0,1,0,1,1,2,1
0,1,2,2,0,0,1,0,1,0,1,0,0,1,0,1,1,1,0,1
2,1,2,1,0,1,2,1,1,0,0,1,1,1,2,0,1,1,0,0
1,0,0,0,0,0,2,0,0,0,1,1,0,1,0,1,1,1,0,1
2,1,2,0,1,0,2,2,1,0,1,1,1,0,1,0,1,0,2,1
0,0,0,1,1,1,2,0,0,0,1,1,0,1,0,1,0,1,2,1
2,1,2,1,0,0,1,2,1,0,1,0,1,1,2,0,0,1,2,1
0,0,1,2,0,2,1,0,0,0,1,1,1,1,2,1,0,1,1,1
0,0,1,0,1,1,0,0,1,0,1,0,1,1,0,1,1,1,1,0
0,1,1,1,1,0,0,2,0,1,0,0,0,1,0,1,1,1,1,1
0,0,1,0,1,2,1,0,0,0,1,0,0,0,1,0,1,0,1,1
2,1,0,0,0,1,1,1,1,0,0,1,1,0,2,0,0,0,1,0
0,1,1,1,0,2,1,1,1,0,1,1,1,1,1,1,1,0,1,1
1,0,0,1,1,1,2,0,0,0,1,1,0,1,2,1,0,0,2,1
1,0,1,2,0,2,0,0,0,0,1,1,0,1,0,1,0,1,1,1
1,0,2,0,0,1,2,2,0,0,1,0,1,0,2,0,0,0,2,1
0,0,1,0,0,0,2,0,0,0,1,1,0,1,1,1,0,1,2,0
1,0,1,0,0,2,1,0,1,0,1,1,1,0,1,1,0,1,1,1
0,0,0,0,0,1,1,1,0,0,1,1,1,0,2,1,1,0,1,1
0,0,1,0,1,2,0,0,1,0,1,0,1,0,1,1,1,1,0,1
2,0,1,0,0,2,1,0,1,0,1,1,0,1,0,1,0,1,2,1
0,0,0,1,0,2,1,0,0,0,1,1,1,0,2,0,1,1,1,1
0,0,0,0,1,0,0,2,1,1,1,0,0,1,2,1,1,1,2,1
2,1,2,1,1,2,0,1,0,0,0,0,0,0,2,0,1,0,0,1
0,0,1,1,1,1,1,0,0,0,1,1,1,1,0,1,0,0,1,0
1,0,0,2,1,2,0,0,1,0,1,0,1,1,2,1,1,0,1,1
0,0,1,0,1,1,0,0,1,0,1,0,1,1,1,1,1,1,1,1
0,1,1,1,1,2,0,2,0,1,0,1,1,0,1,0,1,1,2,1
0,0,1,0,1,2,1,0,0,0,1,1,0,0,1,1,0,1,2,1
0,0,0,0,1,1,0,0,1,0,1,0,0,1,2,1,1,1,2,0
0,0,0,1,1,0,2,0,0,0,1,1,1,0,1,1,0,1,1,1
1,1,1,1,0,2,2,0,0,0,1,0,1,0,1,1,0,0,1,1
0,1,1,1,1,1,0,0,0,0,1,0,1,0,2,1,1,0,2,1
2,1,2,1,1,2,0,2,0,1,0,0,1,1,0,0,1,1,2,1
0,0,0,1,1,1,0,0,0,0,0,1,1,0,1,0,0,1,2,1
0,0,1,1,0,2,1,0,1,0,1,0,0,0,1,1,1,0,2,1
1,0,1,2,0,2,1,0,0,0,1,1,0,1,2,1,0,1,2,1
2,1,2,1,1,0,0,2,0,0,1,1,1,0,0,0,0,1,2,1
0,1,1,0,0,1,1,2,0,0,1,0,0,0,1,1,0,1,1,1
1,0,0,0,1,1,1,0,0,0,1,0,0,0,0,0,0,0,0,0
2,1,2,0,1,2,1,2,1,1,1,0,1,1,1,0,1,0,2,1
0,0,1,0,1,2,1,0,0,0,1,0,1,0,1,1,1,1,2,0
2,1,2,0,1,1,2,0,1,1,1,1,1,1,1,0,0,0,2,0
0,0,1,1,1,0,0,0,1,0,1,0,1,1,1,0,0,1,2,0
1,0,0,2,1,0,2,0,0,0,1,1,1,0,2,1,0,1,0,1
2,0,2,1,1,1,0,0,1,0,1,1,1,1,1,0,1,1,2,1
1,0,1,2,1,1,1,0,0,0,1,1,0,0,0,1,0,1,1,1
0,0,0,1,1,0,0,0,1,0,1,0,0,0,0,1,1,0,2,1
0,0,0,1,1,0,0,0,1,0,1,0,1,1,0,1,1,1,1,1
2,0,2,1,1,2,0,0,1,1,1,1,0,1,1,1,1,1,2,1
0,1,0,1,0,0,2,0,1,0,0,1,1,0,1,1,0,1,2,0
0,0,0,1,0,2,2,0,0,0,1,0,0,0,2,1,1,0,0,1
1,0,0,2,1,1,1,0,0,0,1,0,1,0,1,1,1,1,0,1
0,0,1,0,0,2,2,0,0,0,1,1,0,0,1,0,0,0,2,1
0,1,0,1,1,0,1,2,1,1,1,1,1,1,1,0,0,1,2,0
0,1,0,0,0,2,1,1,1,0,1,1,1,1,0,0,1,0,1,1
0,0,0,1,1,1,0,0,0,0,1,1,0,0,1,0,0,0,2,1
1,0,1,0,0,2,1,0,0,0,1,1,1,0,1,0,0,0,1,0
1,0,0,0,0,2,2,0,1,0,1,0,1,0,2,1,1,1,1,0
0,1,1,2,0,1,1,2,1,0,1,1,1,0,0,0,0,0,2,1
2,1,2,0,1,2,1,1,1,0,1,1,1,0,2,0,1,0,1,1
2,1,0,1,0,1,2,2,1,1,1,0,1,0,0,1,1,0,0,1
1,0,1,0,0,2,2,0,1,0,1,0,0,0,1,1,1,1,2,0
0,1,0,1,1,0,1,1,1,0,0,1,1,1,1,1,1,1,2,1
1,0,1,0,0,2,1,0,0,0,1,1,1,1,0,1,0,1,1,1
0,1,1,0,0,1,1,1,1,1,1,1,0,0,0,1,1,1,1,1
1,0,0,0,1,0,0,0,1,0,1,0,0,1,0,1,0,1,1,0
1,1,1,1,0,1,1,1,1,0,1,0,0,1,1,1,0,0,1,1
0,0,1,0,0,2,1,0,0,0,1,1,1,1,0,1,0,1,1,0
2,1,1,0,0,1,2,1,1,0,0,0,0,1,2,1,0,1,1,1
0,0,2,1,0,2,1,0,0,0,1,1,0,1,1,1,0,0,2,1
1,1,1,0,1,2,1,2,1,0,1,0,0,1,2,1,1,1,1,1
0,0,1,1,0,2,1,0,0,0,1,1,0,0,1,0,0,1,2,1
2,1,2,1,1,0,0,2,1,1,1,1,1,1,2,0,1,0,2,1
0,0,0,1,1,1,1,0,1,0,0,0,1,1,1,0,1,1,2,1
0,0,0,0,0,0,2,0,0,0,1,1,0,0,1,1,1,1,2,1
0,1,1,1,1,0,0,2,1,0,1,0,1,1,1,0,1,0,2,1
0,0,1,1,0,0,1,0,1,0,1,0,1,0,1,1,0,1,1,1
0,0,0,1,0,2,1,0,0,0,1,0,0,0,0,0,1,1,0,1
1,1,1,0,0,0,1,2,0,0,0,0,0,0,0,1,0,0,0,1
0,1,1,1,0,2,2,0,1,0,1,0,1,1,1,1,0,0,2,0
0,0,1,0,1,0,0,0,1,0,1,0,1,1,2,1,0,1,0,1
0,1,1,0,0,0,1,1,1,0,0,1,1,1,2,1,1,1,0,1
2,0,0,0,1,1,1,0,0,0,1,0,1,1,0,0,1,0,1,1
1,1,0,1,1,0,0,1,0,0,1,0,0,0,1,1,1,1,1,1
1,0,1,0,0,2,1,0,0,0,1,1,1,1,1,0,0,0,1,0
1,1,1,0,1,1,0,2,0,0,1,0,0,0,0,1,1,1,0,1
0,1,0,2,1,0,1,0,1,0,1,0,0,1,2,1,0,1,1,1
0,1,1,0,0,1,2,1,1,0,1,1,0,0,2,1,1,1,1,0
0,0,1,0,0,2,1,0,0,0,1,1,0,0,1,1,0,1,2,1
2,0,0,1,1,2,0,0,1,0,1,1,1,1,0,1,0,1,1,1
2,1,0,1,1,2,1,2,1,0,1,1,1,1,0,0,1,1,2,1
0,1,1,0,1,1,0,1,0,0,1,0,0,0,1,1,0,1,0,1
0,1,1,1,0,2,2,0,1,1,1,1,0,1,1,1,1,1,1,1
0,1,0,1,1,0,0,2,0,0,0,0,0,1,2,1,1,1,0,0
0,1,1,1,1,0,0,0,0,1,0,0,1,0,2,0,1,1,2,1
1,0,1,0,1,0,1,0,1,0,1,1,0,1,0,1,0,1,2,1
0,0,1,1,0,2,1,0,0,0,1,1,1,0,1,0,1,1,1,1
2,1,2,1,1,2,1,1,0,0,0,0,1,1,2,0,0,1,0,1
0,0,0,2,0,2,1,0,0,0,1,1,0,0,2,1,0,1,2,1
2,0,0,0,1,2,0,0,1,0,0,0,1,1,2,0,1,1,1,1
2,0,0,1,1,2,1,0,0,0,1,1,0,0,1,1,0,0,2,0
2,0,0,2,1,2,0,0,1,0,1,1,1,0,1,1,0,1,2,0
1,0,2,1,0,2,2,0,0,0,1,1,1,0,2,0,0,0,1,1
1,0,1,2,0,0,0,0,1,0,1,0,0,1,2,0,1,1,0,0
1,0,0,0,1,1,0,1,1,0,1,0,1,1,0,1,1,1,0,1
1,0,0,2,1,2,0,0,1,0,1,0,0,1,0,1,0,1,2,0
0,1,1,0,1,0,1,2,1,0,0,1,1,1,1,1,0,1,2,1
2,0,2,1,0,1,1,2,0,0,1,1,1,0,0,0,1,1,2,1
1,0,1,0,1,2,0,0,1,0,1,0,1,0,1,1,0,1,1,1
2,1,2,2,1,2,1,2,1,1,0,1,1,0,1,0,0,0,2,0
2,1,1,1,1,2,2,1,0,1,1,0,1,0,0,0,1,1,0,0
0,1,1,1,1,1,2,1,1,0,1,0,1,1,1,1,0,0,2,1
0,1,0,1,1,2,0,2,1,0,1,1,0,0,1,1,1,0,1,1
0,0,1,1,1,1,2,0,0,0,0,0,1,0,0,0,1,1,2,1
0,0,0,0,0,2,2,0,0,0,1,1,1,0,2,1,1,1,1,0
2,1,0,1,1,2,0,1,1,0,0,0,1,0,2,1,1,0,0,1
0,0,1,0,1,0,1,1,0,0,1,0,1,0,1,0,0,0,1,1
1,0,1,2,1,2,2,0,0,0,1,1,0,1,2,1,0,1,1,1
0,1,1,1,1,1,1,0,1,0,1,0,0,0,2,1,1,0,1,1
0,1,1,0,0,1,1,1,0,1,0,0,0,1,1,1,0,1,1,1
1,1,0,2,1,0,0,0,0,1,1,0,0,1,1,1,1,0,0,1
2,1,1,0,0,1,2,2,1,0,0,0,1,1,2,1,0,1,2,0
0,0,0,1,0,1,0,0,1,0,1,0,0,1,0,0,1,1,1,1
1,1,1,1,0,1,2,1,1,0,0,0,0,1,0,1,0,1,0,1
1,1,0,0,1,2,0,1,1,0,1,0,0,0,2,1,0,1,1,0
0,1,0,0,1,2,1,2,1,1,1,1,1,0,1,0,0,0,2,1
0,0,1,0,0,2,1,0,0,0,1,1,1,1,1,1,0,1,2,1
2,1,0,1,1,2,2,1,1,0,1,0,0,0,1,1,1,0,1,0
0,0,1,1,0,2,2,0,0,0,1,0,1,0,1,1,0,1,1,1
0,0,1,2,1,0,1,0,1,0,1,0,1,0,2,1,1,1,1,1
0,1,1,2,1,2,0,2,0,0,1,0,0,1,1,0,1,0,1,0
1,0,1,0,1,0,0,1,1,0,1,0,1,0,2,1,1,1,0,1
1,1,1,0,0,1,1,1,1,0,0,1,1,1,0,1,1,0,1,1
1,1,2,1,1,0,0,2,0,0,1,0,1,1,2,0,0,1,2,0
0,1,1,1,1,0,0,2,0,0,1,0,1,0,1,1,1,0,2,1
2,0,0,1,1,2,0,0,0,0,1,1,1,0,2,1,1,1,1,1
0,0,1,1,0,2,2,0,0,0,1,1,0,0,1,1,0,1,2,0
0,0,1,1,0,2,1,0,0,1,1,1,0,0,0,1,0,0,2,1
0,1,0,1,1,2,1,1,1,0,1,1,0,0,1,1,1,0,1,1
0,0,1,1,0,0,1,0,0,0,1,1,1,0,0,0,0,1,2,1
2,1,0,1,0,0,2,0,1,0,0,0,1,1,1,1,1,0,2,1
2,1,2,1,1,2,1,2,1,0,0,0,1,1,2,0,0,1,2,1
0,1,2,0,0,0,2,2,1,0,0,1,1,0,1,0,1,0,2,0
2,0,2,1,1,0,0,1,1,0,1,0,0,1,1,0,0,1,1,1
2,1,1,1,0,1,1,1,1,0,0,0,0,1,2,1,0,0,1,1
2,1,2,1,1,0,1,2,0,1,0,1,1,0,0,0,0,1,2,1
0,1,1,0,1,0,1,2,1,0,1,0,1,0,0,1,1,1,1,1
1,1,1,0,1,1,0,0,1,1,0,1,0,1,1,1,0,0,1,1
0,0,1,1,1,1,1,0,0,0,1,1,0,1,1,1,1,0,2,0
2,0,0,0,0,1,2,2,0,0,1,1,1,1,0,1,0,1,1,1
0,0,1,1,1,0,1,0,0,0,1,0,0,0,2,0,0,1,0,1
1,1,1,0,1,0,0,2,0,1,0,0,1,1,1,0,1,0,2,1
0,0,1,1,0,2,0,0,1,0,1,0,0,1,1,0,0,1,1,1
0,0,0,0,1,1,0,0,1,0,1,1,0,0,2,1,0,0,2,1
1,0,1,0,0,2,1,0,0,1,0,1,1,1,2,0,1,0,2,1
2,0,2,1,1,2,0,0,1,0,1,0,1,0,2,0,1,1,1,1
1,0,1,0,0,2,2,0,0,0,1,1,0,0,1,1,0,1,2,1
2,1,2,1,1,2,0,1,0,1,1,1,1,0,2,0,0,1,0,0
0,1,1,0,1,2,2,0,1,0,1,0,1,1,2,1,1,1,2,0
0,0,1,1,0,2,2,0,0,0,1,1,1,1,1,0,0,0,2,1
0,1,1,1,1,1,0,0,0,0,1,1,1,1,1,0,0,0,1,1
0,0,1,1,0,0,1,0,1,0,1,0,0,1,1,1,0,1,2,1
0,1,2,1,0,0,1,2,1,0,0,0,1,0,2,0,1,0,2,1
1,1,0,0,0,1,1,1,1,0,0,1,1,1,2,0,0,0,1,1
1,0,1,0,0,2,1,0,0,0,1,1,1,1,1,1,0,1,1,0
1,0,0,1,0,0,0,0,1,0,1,0,1,1,0,1,1,1,1,1
1,0,1,0,1,1,1,0,0,0,0,1,0,0,1,0,0,0,1,1
0,0,1,1,1,2,2,1,0,0,1,0,0,1,1,0,1,1,1,1
0,1,1,2,1,0,1,2,1,0,0,0,0,0,1,1,1,1,1,1
1,0,1,1,0,2,1,0,0,0,1,1,0,1,1,1,0,0,2,1
0,1,1,2,1,2,0,1,0,1,1,1,0,1,1,0,1,1,0,1
0,0,1,0,1,1,1,0,0,0,1,1,1,1,1,0,0,0,2,1
0,0,0,1,0,2,0,0,0,0,1,1,1,0,0,1,1,1,2,0
0,1,0,1,1,2,1,2,1,0,1,1,1,0,1,0,1,1,2,1
0,0,1,1,1,2,0,0,1,0,1,0,1,0,1,1,1,0,0,0
1,1,0,1,1,2,1,2,1,0,1,1,1,1,0,0,1,0,2,1
1,0,1,0,0,2,1,0,0,0,1,1,1,1,0,1,0,1,1,1
0,0,1,1,0,2,2,0,0,0,1,0,1,1,1,1,1,1,0,1
2,1,0,1,1,0,1,2,1,1,1,1,1,0,2,0,0,1,2,0
1,0,0,0,1,0,0,0,1,0,1,0,1,0,2,1,1,1,0,1
1,1,1,0,0,1,1,1,0,0,1,0,0,0,1,1,1,1,1,0
0,1,0,0,0,1,0,2,0,1,0,1,1,0,1,0,1,0,2,1
0,0,0,1,1,1,1,0,0,0,1,1,1,1,0,1,1,0,2,0
1,0,0,2,1,2,0,0,1,0,0,1,0,1,2,1,0,1,2,1
0,0,1,1,1,2,0,0,1,0,0,0,1,1,2,0,0,0,2,1
2,1,2,0,0,1,1,1,1,0,0,0,0,0,1,1,0,1,1,1
2,0,2,0,0,2,2,0,1,0,0,0,0,0,1,0,1,0,2,0
1,1,1,0,0,1,1,2,1,0,1,0,0,0,1,1,0,1,0,1
0,1,0,2,0,0,1,2,1,0,0,0,0,1,2,1,1,1,0,1
0,1,2,0,0,1,2,1,1,0,1,1,1,1,0,0,0,0,0,0
0,0,1,0,1,2,0,0,1,0,1,0,0,0,1,0,1,0,2,1
0,0,1,1,1,1,1,0,0,0,1,1,0,0,1,1,1,0,2,0
0,1,1,1,1,2,0,0,0,0,0,0,0,1,1,1,0,1,1,0
0,0,0,1,0,0,1,0,0,0,0,1,0,1,1,0,1,1,2,0
0,1,1,2,0,1,1,1,1,1,1,0,0,0,0,1,1,0,1,0
2,1,2,0,0,1,1,1,1,0,0,1,1,1,2,0,1,0,1,1
0,0,1,1,0,1,2,1,1,0,1,1,1,0,1,1,1,1,1,0
2,0,0,0,1,2,0,0,1,0,1,0,0,1,2,1,0,1,2,0
2,1,0,1,0,0,1,2,1,1,1,1,0,0,2,1,0,0,1,1
0,1,1,1,0,1,2,2,1,0,1,0,0,0,1,1,1,0,2,0
1,0,0,0,0,2,1,0,0,0,1,0,1,0,1,0,1,0,2,1
0,0,1,2,0,1,1,1,1,0,1,0,1,0,0,0,1,1,1,1
1,1,1,1,1,0,0,1,1,0,0,1,0,0,2,0,1,0,0,1
0,1,0,1,0,0,1,2,1,0,1,0,0,1,0,1,0,1,1,1
0,0,0,1,1,0,1,0,0,0,1,1,1,0,0,0,0,1,2,1
1,0,1,2,1,2,0,0,1,1,1,0,1,1,2,1,1,1,2,1
0,0,1,1,0,1,2,0,0,0,1,1,1,0,2,1,0,0,2,0
1,0,1,2,0,2,1,0,1,0,1,0,1,0,0,1,1,1,0,1
0,0,1,1,1,2,1,0,0,0,1,1,1,1,1,0,0,1,2,1
0,0,1,1,1,0,1,0,0,1,1,0,0,1,1,1,1,1,2,1
0,0,0,1,0,2,0,0,0,0,1,1,1,0,1,1,1,1,2,1
0,1,1,1,0,0,0,2,0,0,1,1,1,0,2,0,0,0,2,1
0,1,1,0,0,1,2,2,1,1,1,1,1,1,2,0,0,0,2,1
0,0,0,2,0,1,0,1,0,0,1,1,1,0,1,1,0,1,1,1
0,0,1,0,0,1,2,0,0,0,1,1,1,1,2,1,0,0,1,1
2,1,0,0,0,2,1,0,1,1,0,0,0,0,0,1,0,1,1,1
0,1,0,0,0,1,1,2,1,0,0,1,1,0,1,0,1,0,2,1
1,0,1,0,0,2,1,0,0,0,0,1,1,0,2,0,0,0,2,1
0,0,0,1,0,2,1,0,0,0,1,0,0,1,0,1,1,1,1,0
2,1,2,0,1,2,0,2,0,1,1,0,1,0,0,0,1,0,2,1
0,0,2,1,1,1,0,0,1,0,1,0,1,0,0,1,0,1,0,0
0,0,1,1,1,0,0,1,1,0,1,0,0,1,1,0,0,1,1,1
0,0,0,1,0,2,1,0,0,0,1,1,0,1,0,0,0,1,1,1
0,0,1,1,1,2,0,0,1,0,1,0,0,0,1,0,0,0,0,1
0,1,0,1,0,1,1,1,1,1,1,0,0,1,1,0,1,1,1,1
0,0,0,1,1,2,2,0,0,0,1,1,1,1,2,1,0,1,1,0
2,0,2,1,0,2,1,0,1,0,1,0,1,0,0,0,0,1,1,1
0,1,1,1,0,0,1,2,1,0,1,1,1,0,1,0,0,1,2,1
0,0,0,0,1,2,0,0,1,0,1,0,0,1,0,1,0,1,2,1
1,1,0,0,1,1,1,2,1,0,1,1,1,0,2,0,1,0,2,1
0,0,0,1,1,2,1,0,0,0,1,0,1,0,1,0,1,1,2,1
2,0,0,2,0,2,1,0,0,0,1,1,0,1,0,1,0,1,1,1
0,0,0,1,0,2,2,0,1,0,1,0,0,1,2,1,1,1,2,0
1,0,1,1,0,2,1,0,1,0,1,0,1,1,1,1,0,0,1,1
0,1,1,1,1,1,0,2,0,1,1,1,1,1,0,0,1,1,2,1
2,0,2,0,1,1,1,0,0,0,1,0,0,0,1,0,0,0,2,1
1,0,0,0,1,1,1,0,1,0,1,1,0,0,2,1,1,1,2,1
0,0,2,0,0,2,1,0,0,0,1,1,1,0,2,0,0,0,0,1
0,0,1,2,1,2,0,2,0,0,1,1,1,1,1,1,1,1,1,0
0,0,2,1,0,2,2,0,0,0,0,1,0,1,0,0,0,0,1,0
2,0,2,1,0,2,2,0,1,0,0,0,1,0,1,0,1,1,2,0
0,0,1,1,1,2,0,0,1,0,1,0,1,1,1,1,0,1,0,1
0,0,1,1,1,2,0,0,1,0,1,0,1,0,1,0,0,0,1,1
0,0,1,2,0,2,2,0,0,0,1,0,0,0,2,0,1,1,0,1
0,0,1,1,0,2,1,0,0,1,1,1,1,0,2,1,1,1,0,1
1,1,2,0,0,0,1,2,0,1,0,1,1,0,1,0,0,0,2,0
2,0,2,2,0,2,2,0,0,0,1,1,1,1,2,0,1,1,2,1
0,1,2,1,0,2,1,1,1,1,1,0,0,0,1,0,0,1,0,1
2,1,1,1,0,1,1,2,1,0,0,0,1,0,2,0,1,1,2,1
0,0,1,1,0,2,1,0,0,0,1,0,1,0,1,1,0,1,2,1
0,1,1,0,1,0,1,2,0,1,1,1,1,1,0,0,1,0,2,1
0,0,0,1,1,0,0,0,1,0,1,0,0,1,0,1,0,1,2,1
1,0,0,1,1,0,0,0,1,0,1,0,1,1,0,1,1,0,2,0
2,1,2,1,1,2,1,2,1,0,1,1,0,0,2,1,1,1,1,1
2,1,0,1,1,0,0,2,0,0,1,0,0,1,0,1,1,1,0,1
0,0,0,1,0,2,1,0,0,0,1,0,0,0,1,0,1,0,0,1
0,1,1,0,0,0,0,2,1,1,1,1,0,0,2,1,0,1,0,1
0,1,1,1,1,0,0,2,1,1,0,1,1,1,0,0,0,0,2,1
2,1,2,0,1,1,0,0,0,0,1,0,0,0,1,1,0,1,1,0
2,0,2,0,1,1,0,0,1,0,1,1,1,0,1,1,1,0,1,1
2,1,2,1,1,2,0,2,0,0,1,0,0,0,2,1,1,0,1,0
0,1,0,1,0,1,1,2,1,0,0,0,0,0,0,1,1,1,0,1
0,1,1,1,0,0,2,2,1,0,1,0,0,0,1,1,1,0,0,1
0,1,1,0,0,0,0,2,1,0,1,0,0,0,1,1,1,1,1,1
0,0,1,1,0,2,0,0,1,0,1,1,1,0,1,1,0,0,1,1
0,0,0,1,0,2,2,0,0,0,1,1,0,1,0,1,1,0,2,1
0,0,0,1,0,2,1,0,0,0,1,1,0,1,2,0,0,1,0,1
0,1,2,1,0,1,2,2,1,1,1,1,1,1,0,1,1,1,1,1
2,0,1,1,0,2,1,0,0,0,1,0,1,1,1,0,1,1,2,1
2,1,0,1,0,0,2,2,1,0,0,0,0,1,1,1,1,1,0,1
0,1,1,0,0,0,1,1,1,1,0,1,1,0,2,0,0,0,1,1
0,1,0,1,1,1,0,0,0,0,0,0,0,0,1,1,1,1,2,0
0,0,1,1,0,2,0,0,1,0,1,0,0,1,1,1,0,1,2,1
1,0,1,1,1,1,0,0,1,0,1,0,1,0,1,1,0,1,1,1
2,1,0,0,1,2,0,2,0,0,1,0,1,0,2,1,1,0,1,1
2,1,2,1,0,1,2,1,1,0,1,0,1,0,2,0,1,1,0,0
1,1,2,1,0,0,2,2,1,0,0,1,1,1,2,0,0,0,2,0
0,1,0,0,1,2,0,2,0,0,0,0,0,1,2,1,1,1,1,0
0,0,1,1,1,2,0,0,1,0,1,1,0,0,1,1,0,0,2,1
0,1,1,1,1,0,0,1,0,0,1,1,1,1,2,0,1,1,1,1
0,0,1,0,0,2,2,0,0,0,1,1,0,1,2,1,0,1,1,1
2,0,0,0,1,2,1,2,0,0,1,0,0,0,1,0,0,0,2,1
0,1,1,1,1,1,0,0,0,0,1,0,0,0,1,1,0,1,2,0
0,0,1,1,1,1,0,0,0,0,1,1,0,0,1,1,0,1,2,1
0,0,1,2,0,2,2,0,0,1,1,1,0,1,2,1,0,1,2,0
2,1,0,1,1,2,1,2,0,0,0,1,1,0,2,0,1,1,0,1
0,1,1,0,1,0,0,2,1,1,0,0,1,0,2,1,1,1,2,1
1,0,0,0,1,1,0,0,1,0,1,0,1,0,2,0,1,0,1,0
0,1,1,1,0,1,0,1,0,0,1,1,0,1,1,1,1,0,1,1
0,0,0,2,1,0,1,0,0,0,1,1,0,1,0,0,0,0,0,0
0,1,0,0,0,0,2,2,1,0,1,1,0,0,1,1,0,1,1,1
1,0,2,2,0,2,1,0,0,0,1,1,0,1,2,0,1,0,2,1
0,1,1,1,1,2,0,2,0,0,1,0,1,0,2,0,1,0,2,1
2,0,1,1,0,2,1,0,0,0,1,0,0,0,1,0,0,1,0,1
0,0,2,1,1,1,0,0,1,0,1,1,0,1,2,0,1,0,1,0
0,0,1,1,1,2,0,2,1,0,1,0,0,0,1,0,1,0,2,1
2,1,0,1,0,2,1,0,1,0,1,0,1,0,1,1,1,0,2,1
0,0,0,1,1,2,0,0,1,0,1,0,1,0,1,1,1,1,1,0
1,1,1,0,1,0,0,2,1,0,0,1,1,1,2,0,0,0,2,1
2,1,1,0,0,1,1,1,1,0,1,0,0,1,0,1,0,0,1,1
0,0,0,2,1,1,0,0,1,0,1,0,1,1,1,1,0,1,0,0
1,0,1,0,0,2,2,0,0,0,1,1,0,1,0,1,0,1,2,1
0,1,1,0,1,1,0,2,0,0,1,0,1,1,0,0,1,0,2,1
0,0,1,1,0,2,1,0,0,0,1,1,1,0,1,1,0,1,1,1
0,1,2,1,0,1,1,2,0,0,0,1,1,1,2,0,0,0,2,1
2,1,0,0,0,2,1,0,1,0,0,1,1,1,0,0,1,0,1,1
0,1,1,0,1,0,2,2,0,0,1,1,1,0,1,0,0,0,2,1
1,0,0,1,1,2,0,0,1,0,1,0,1,0,1,0,1,0,1,0
2,0,2,0,1,1,0,0,1,0,1,0,1,0,1,1,1,1,1,1
0,1,1,0,0,0,2,2,1,0,0,0,1,1,2,1,1,1,2,0
0,1,1,2,1,0,0,1,0,0,0,1,0,0,2,0,0,0,0,1
0,1,1,1,0,0,1,0,1,0,0,1,0,0,0,1,0,0,2,1
0,0,0,1,0,2,1,0,0,0,1,0,1,0,1,1,1,0,0,1
0,1,1,1,1,2,0,2,0,0,1,0,0,0,1,1,1,1,1,1
1,1,1,2,0,1,0,1,0,0,0,0,0,1,1,1,0,1,1,0
2,1,2,1,0,2,1,1,1,1,0,1,1,0,1,0,1,1,0,1
2,1,0,0,1,2,0,0,1,0,1,1,1,0,2,1,1,0,2,0
2,0,2,1,1,1,1,1,0,0,0,1,1,1,2,0,1,1,1,1
2,1,1,0,0,1,1,1,1,0,0,0,0,1,1,1,0,1,1,1
0,1,2,0,0,1,1,1,0,0,0,1,1,0,2,0,0,0,1,1
1,0,1,0,0,2,1,0,0,0,1,1,0,0,1,1,0,1,1,1
2,1,0,1,1,0,1,2,1,0,1,0,0,1,0,1,1,0,1,1
0,0,1,1,1,2,0,0,1,0,1,0,0,0,1,0,0,0,0,1
2,1,1,1,1,2,0,2,0,0,1,0,0,1,0,1,1,0,1,1
0,1,1,0,1,2,2,2,1,0,0,1,1,0,1,1,0,1,2,0
1,1,0,0,0,1,0,2,0,0,1,0,1,0,2,1,1,1,2,1
1,0,1,0,1,1,1,0,0,1,1,1,1,0,1,0,1,0,2,0
2,0,0,1,0,1,2,0,1,0,1,1,1,0,1,1,0,1,0,0
0,0,1,1,0,1,1,1,1,0,1,0,1,1,1,0,0,0,0,1
2,0,0,0,1,2,0,0,1,0,1,0,1,1,2,0,1,0,1,0
0,0,1,0,0,2,2,0,0,0,1,1,1,1,0,1,0,1,2,1
0,1,1,1,1,0,1,2,1,0,1,0,0,1,1,1,0,0,0,1
2,1,0,1,0,0,1,2,1,1,1,1,1,1,0,0,0,1,2,1
0,1,1,1,1,0,1,2,1,0,1,0,0,1,2,1,0,1,1,1
1,1,0,0,0,1,1,1,1,0,1,1,1,1,0,0,0,0,0,1
0,1,0,1,0,1,0,1,0,1,1,0,0,0,0,1,1,1,1,1
0,0,1,1,1,2,0,0,1,0,1,0,0,0,1,1,0,1,2,1
1,0,0,1,1,2,1,0,0,0,1,1,0,1,0,0,0,0,2,1
0,1,0,0,1,0,1,2,1,0,0,0,1,1,2,1,1,1,0,1
0,1,0,2,1,2,1,2,1,0,0,1,1,1,2,0,0,1,2,1
2,0,0,1,1,1,0,0,0,0,1,1,0,1,0,1,1,0,2,1
0,0,1,0,1,0,1,0,0,0,1,0,0,0,1,0,1,0,2,1
1,0,1,0,0,2,1,0,0,0,1,1,0,1,0,1,0,0,2,1
0,0,1,1,0,2,2,0,1,0,1,0,1,1,1,1,0,1,0,0
0,1,0,0,0,1,1,2,1,1,1,0,1,0,1,0,0,0,2,1
0,0,1,2,1,2,0,0,0,0,0,0,0,1,1,0,1,0,0,1
0,0,1,1,0,2,1,0,1,1,1,0,1,0,0,1,0,0,1,0
0,0,1,0,1,2,1,0,0,0,1,0,1,1,0,0,1,0,2,1
0,1,1,1,1,0,0,2,1,1,1,1,1,1,1,1,1,0,2,1
0,0,1,2,1,2,0,0,0,1,1,1,0,0,0,0,0,1,1,1
0,0,1,1,0,0,1,2,0,0,1,1,0,0,1,1,0,1,1,1
0,0,1,1,0,2,1,0,0,0,1,1,0,0,1,1,0,0,2,1
0,0,0,1,1,1,1,0,0,0,1,0,0,0,1,1,1,1,2,1
0,0,1,0,0,2,2,0,0,0,1,1,1,0,1,1,0,1,1,1
2,0,0,0,0,2,2,0,0,0,1,1,0,0,1,0,1,0,1,1
1,1,0,2,0,0,1,2,1,0,1,1,0,1,0,1,0,1,1,1
1,0,1,0,0,2,2,1,0,0,1,1,0,0,1,1,0,1,2,0
0,0,1,0,0,2,1,0,0,0,1,1,1,0,0,1,0,1,1,1
2,1,0,0,1,0,0,1,0,1,1,0,0,1,0,1,0,1,1,0
1,0,0,0,1,0,2,0,1,0,1,0,0,1,0,1,0,1,2,1
2,1,0,1,1,2,0,1,0,0,1,0,0,1,2,1,0,1,1,1
0,0,0,1,0,2,1,0,0,0,1,1,1,1,2,1,0,0,1,1
2,1,0,2,1,0,0,0,0,0,1,0,1,0,0,1,0,1,2,0
2,1,0,0,1,2,0,2,0,1,1,0,0,0,1,1,1,1,0,1
2,1,0,1,0,0,2,2,1,1,1,0,1,0,1,1,1,1,2,1
0,0,1,1,0,2,1,0,0,0,1,1,1,1,1,1,0,1,1,1
0,1,0,1,0,1,2,1,1,1,1,0,0,0,2,1,1,1,1,1
0,0,1,1,1,1,1,0,0,0,1,0,1,1,1,0,0,1,1,1
0,1,1,0,1,1,1,0,1,0,1,1,1,0,1,1,0,1,2,1
2,1,2,1,1,1,1,2,1,1,1,1,1,0,1,0,1,1,2,0
0,1,0,1,0,1,1,1,1,0,0,0,0,1,2,0,1,1,0,1
0,0,1,1,1,0,1,1,0,1,1,1,0,1,0,0,0,0,1,1
0,0,1,1,0,2,1,0,0,0,1,1,0,0,1,1,0,1,2,1
0,1,1,1,0,1,2,2,1,1,1,0,0,0,1,1,1,1,1,1
0,1,1,0,1,0,0,2,0,0,0,1,1,0,0,0,0,0,2,0
2,1,1,1,0,2,0,0,1,0,0,0,0,0,0,1,0,0,2,1
0,0,1,0,1,2,0,0,0,0,1,1,0,1,1,0,0,0,1,1
0,0,1,1,1,1,1,0,0,1,1,0,1,0,0,0,1,0,2,1
0,0,0,0,1,2,1,0,0,0,1,1,1,0,2,1,1,1,1,1
0,1,1,1,0,1,1,1,0,0,1,0,1,1,1,1,1,0,2,0
0,1,0,1,1,0,1,2,1,0,1,1,1,1,2,0,0,1,2,0
1,1,0,0,1,0,1,2,1,1,0,0,1,0,0,0,0,0,2,1
1,0,0,0,1,2,1,0,0,0,1,1,0,0,1,1,0,1,2,1
1,0,0,0,1,1,1,0,0,1,1,1,0,0,2,1,1,1,2,1
1,0,1,0,1,2,1,0,1,0,1,0,1,0,1,1,1,1,0,1
0,0,0,2,1,2,1,0,0,0,1,1,0,1,0,0,0,0,2,1
2,0,2,1,0,2,0,0,1,0,1,0,1,1,2,0,0,1,1,1
2,0,0,1,1,1,0,0,0,0,1,1,0,0,0,1,1,0,2,1
2,0,0,0,1,2,1,1,0,0,1,0,1,1,0,0,1,0,1,1
0,0,1,2,1,1,2,0,0,0,1,1,0,0,0,1,0,1,2,0
2,1,2,1,1,2,0,1,0,0,0,0,0,0,2,1,0,0,1,1
2,1,0,0,0,1,1,1,1,1,0,1,0,1,0,0,1,0,0,0
2,0,0,0,1,0,0,2,1,0,1,0,1,0,2,1,1,1,0,0
0,0,1,2,1,1,0,0,1,0,1,0,0,0,0,0,0,1,1,0
1,1,1,0,0,1,1,1,1,1,1,0,1,1,1,1,0,1,1,0
2,1,0,0,0,1,1,2,1,1,0,1,0,0,0,1,0,1,0,1
1,0,1,2,1,2,0,0,0,0,0,1,1,0,2,0,0,1,2,1
1,1,1,0,0,1,1,1,1,0,0,1,1,1,0,0,1,0,1,1
2,0,1,1,0,2,2,0,0,0,1,1,0,1,1,1,0,0,0,1
0,1,1,1,0,1,1,2,1,1,0,0,0,1,1,1,0,0,1,0
1,0,0,0,1,2,2,0,0,0,1,1,1,0,1,1,0,1,0,1
0,0,0,2,0,2,1,0,0,0,1,1,1,0,1,1,0,1,0,1
2,1,1,1,0,1,1,2,0,1,1,0,0,0,0,1,1,0,0,1
0,1,1,1,1,2,0,1,0,0,0,0,0,1,2,1,0,0,0,1
0,0,0,2,1,1,1,0,0,0,1,0,0,0,1,0,0,0,1,1
1,1,1,0,1,2,1,0,0,1,1,0,1,1,1,1,1,1,1,1
2,1,2,1,0,1,0,0,0,0,1,0,1,0,0,0,1,1,1,0
1,0,1,0,1,0,1,0,0,0,1,1,0,0,1,1,0,1,2,1
2,1,2,0,0,1,2,1,1,0,0,1,0,0,2,0,1,0,1,0
2,0,2,1,1,2,0,0,1,0,1,0,0,1,0,1,0,1,1,1
0,1,0,1,1,2,0,1,0,0,1,0,1,1,2,1,1,0,1,1
0,0,0,1,0,1,1,0,0,0,1,1,1,1,0,1,1,0,0,1
0,1,0,0,1,0,0,1,0,1,1,0,0,0,2,1,1,1,1,0
0,0,0,1,0,2,1,0,0,0,1,0,1,0,0,0,1,1,2,1
0,1,1,2,1,0,0,2,0,0,1,0,1,0,0,0,1,0,2,0
2,0,1,1,0,2,0,0,1,0,1,0,1,1,1,0,1,1,2,1
2,0,1,1,1,2,0,0,1,0,1,0,1,0,2,1,1,1,1,0
0,0,1,1,0,2,1,0,1,0,1,1,0,0,2,1,0,0,2,1
0,1,1,0,0,2,2,0,1,0,1,0,0,0,1,1,0,1,0,0
1,0,0,1,1,1,0,0,1,0,1,0,0,0,1,1,1,0,2,1
0,0,1,1,1,2,0,0,1,1,1,0,0,0,0,1,0,0,2,1
0,0,1,1,1,0,0,0,1,0,1,0,1,0,2,0,0,0,1,0
2,1,0,1,0,2,1,0,1,0,0,0,1,0,2,0,1,0,1,1
2,1,0,1,0,1,1,2,1,0,1,1,1,0,1,1,1,1,2,1
0,0,1,1,1,1,0,0,1,0,1,0,1,1,1,1,0,0,2,1
2,1,2,0,1,2,1,2,1,1,0,1,1,1,2,0,0,0,2,1
0,0,0,1,0,2,1,0,0,0,1,1,0,0,1,0,1,1,1,1
1,0,1,1,1,2,1,0,0,0,1,1,1,1,1,1,0,1,1,1
0,0,1,0,0,0,2,2,0,0,1,1,1,0,1,1,1,0,0,0
0,0,2,2,0,1,2,1,1,0,1,0,1,0,2,0,1,1,1,0
2,1,1,0,0,0,2,2,1,1,0,0,0,1,0,1,0,1,0,1
0,0,1,1,1,0,1,0,1,0,1,0,0,1,0,0,0,0,1,1
1,0,1,0,1,0,1,0,1,1,1,1,0,1,1,1,1,1,2,1
0,0,1,0,1,2,0,0,1,0,1,0,0,0,0,0,1,0,0,1
0,0,0,1,1,1,1,0,0,0,1,1,0,0,1,1,0,0,2,1
0,0,1,1,0,2,2,0,0,0,0,1,0,0,2,0,0,0,0,1
0,0,1,1,1,1,0,0,0,0,1,0,0,0,1,1,0,0,2,1
1,0,1,0,1,2,0,0,1,0,1,0,1,0,1,1,0,1,0,1
0,0,1,1,1,0,0,0,1,0,1,0,0,0,1,0,1,0,2,1
1,0,2,0,0,2,2,0,0,0,1,1,1,0,1,1,1,1,1,0
1,1,0,0,1,2,0,0,0,1,1,0,1,1,0,0,1,0,1,1
1,0,1,0,1,1,0,0,1,0,1,0,0,1,1,0,0,0,2,0
0,1,1,1,1,0,2,0,0,0,0,0,1,0,2,1,0,0,1,0
2,1,0,1,1,0,0,2,0,0,1,0,0,1,2,1,1,1,1,1
0,0,1,1,1,0,0,0,1,0,1,0,1,1,1,1,0,0,0,1
0,1,1,0,0,1,1,1,1,0,1,0,1,0,1,1,0,1,1,1
0,0,1,0,1,1,1,0,1,0,1,0,0,0,1,1,1,1,2,0
0,1,1,2,1,0,1,2,1,1,0,1,1,1,2,0,1,1,2,1
0,0,1,1,1,0,0,0,1,0,1,0,1,0,2,1,0,1,1,1
1,1,2,0,0,0,1,2,1,0,0,1,1,1,1,0,1,0,2,1
0,1,2,1,0,0,2,2,1,1,1,1,1,0,2,0,0,0,2,1
0,0,0,1,1,1,1,0,0,0,1,1,0,0,1,0,0,1,2,1
2,1,2,1,0,1,1,1,1,1,0,0,0,1,1,0,1,1,1,1
0,0,1,1,0,2,0,0,1,0,1,0,1,1,1,0,0,1,2,1
0,0,2,1,1,2,2,0,0,0,1,1,1,0,0,0,1,1,2,0
0,0,1,1,0,2,1,0,0,0,1,1,0,1,1,1,0,0,1,1
2,1,2,1,0,0,2,2,1,0,0,1,0,0,2,1,0,1,0,0
0,0,0,1,0,2,1,0,0,0,1,1,1,1,0,1,0,0,1,0
0,0,0,1,0,2,2,0,0,0,1,1,0,1,0,1,0,0,2,1
0,1,0,0,1,2,0,2,0,0,1,0,0,0,2,1,1,0,1,1
1,0,2,1,0,2,2,0,0,0,1,0,1,0,0,0,1,1,1,0
1,1,1,0,0,1,0,1,1,0,0,1,0,0,1,0,1,1,0,1
2,0,0,1,1,2,0,0,1,0,1,0,1,0,1,0,1,1,2,1
0,0,1,0,1,1,1,1,0,0,1,1,1,0,1,1,0,1,1,1
0,0,0,1,0,0,0,0,0,0,0,1,1,1,1,0,0,1,1,0
0,1,0,1,1,2,1,2,1,0,1,1,0,0,1,1,1,0,1,1
0,1,0,1,1,0,2,2,1,0,0,0,0,0,1,1,1,0,0,0
0,0,1,1,1,1,0,0,1,0,1,0,1,1,1,0,0,0,2,0
0,1,2,0,1,0,1,2,1,1,0,1,1,0,1,0,0,0,1,1
0,0,1,1,1,1,0,0,1,0,1,1,1,0,1,1,0,0,1,1
1,1,1,2,0,0,1,2,1,1,1,0,1,0,0,1,0,1,2,1
0,0,0,0,0,2,1,0,0,0,1,0,1,1,0,0,0,1,2,1
1,1,1,0,0,1,1,1,1,0,0,0,1,0,1,0,0,0,0,1
0,0,0,0,1,2,0,0,1,0,1,1,1,1,0,1,1,1,1,0
0,0,1,1,1,0,1,0,0,0,1,1,1,0,1,1,0,1,1,0
0,0,0,2,1,2,2,0,1,0,1,0,0,1,0,1,0,0,2,1
0,0,1,1,0,2,1,0,0,0,1,1,1,1,1,1,0,0,0,1
0,0,0,1,0,0,2,0,0,0,0,1,0,1,1,1,0,0,2,1
0,0,2,1,0,2,1,0,0,0,0,1,1,0,2,0,1,0,2,1
2,1,2,1,1,0,0,2,1,0,1,1,1,0,0,0,0,1,2,0
1,0,1,2,1,2,2,0,1,0,1,0,1,1,2,1,1,1,2,0
0,1,1,1,1,2,0,2,0,0,1,1,1,0,1,0,1,1,2,0
2,1,0,0,1,2,0,0,1,0,1,0,1,0,2,1,1,1,2,1
1,1,0,0,1,0,0,2,0,0,1,0,1,1,0,1,1,0,1,1
1,0,0,0,1,0,2,0,0,0,1,1,0,1,0,1,0,1,2,0
2,1,0,1,0,1,2,1,1,1,1,1,0,0,0,1,0,1,1,1
0,0,0,1,1,2,1,0,0,0,1,0,0,1,2,1,1,0,2,1
0,1,1,1,1,0,0,1,0,1,0,1,1,1,0,0,0,0,2,1
0,1,0,1,1,2,0,2,0,1,0,0,0,0,2,1,1,0,0,1
0,1,0,0,1,2,0,0,0,1,1,0,1,1,2,0,0,0,1,1
0,1,1,1,1,2,1,2,1,0,1,1,1,1,1,0,1,1,2,1
1,0,0,0,1,2,0,0,1,0,1,0,1,1,2,1,0,1,1,0
2,0,2,1,1,2,0,0,1,0,1,1,1,0,2,0,1,0,2,0
2,0,2,1,0,2,1,0,0,0,1,1,1,1,1,0,0,1,1,1
2,0,1,0,1,1,1,0,0,0,1,1,0,0,1,1,0,1,2,1
2,0,1,0,1,2,0,0,1,1,1,0,0,0,2,0,1,0,1,1
2,1,2,1,0,2,2,0,1,1,0,1,0,1,0,1,1,1,1,1
0,0,1,2,1,2,1,0,0,0,1,0,0,0,0,0,1,0,2,1
0,0,0,1,1,1,1,0,0,0,1,1,1,0,1,0,1,1,2,1
0,0,1,0,1,0,0,0,1,0,1,0,1,0,1,1,1,1,2,1
2,1,2,1,1,1,1,2,1,0,0,1,1,0,2,0,1,0,2,1
0,0,2,1,0,1,1,0,0,0,1,0,1,0,2,0,1,1,2,1
2,1,0,1,1,2,0,1,0,1,0,1,0,0,2,0,0,0,1,0
0,0,1,1,1,0,0,0,1,0,1,0,1,1,1,0,0,1,1,1
0,0,2,2,0,1,1,1,0,0,1,1,1,0,2,1,0,1,1,1
1,1,1,0,0,0,0,2,1,1,1,1,1,1,1,0,0,0,2,1
0,1,1,0,1,0,1,2,1,1,1,1,0,1,0,1,0,1,1,1
0,0,1,1,1,0,1,1,0,0,1,0,1,0,1,0,1,1,1,1
0,0,1,1,1,2,1,0,0,0,1,0,1,0,1,1,0,0,1,1
0,0,0,2,1,2,0,0,1,0,1,0,1,1,2,1,1,1,1,1
1,0,2,0,0,2,0,0,1,0,1,0,0,1,1,1,0,1,2,0
0,1,1,1,0,1,1,2,1,0,1,0,0,0,1,1,1,0,1,1
0,0,2,1,0,2,1,0,0,0,1,1,0,1,2,0,1,0,1,1
0,0,0,0,1,0,2,0,0,0,1,1,1,0,1,1,1,1,1,1
2,1,2,0,0,1,0,2,0,0,0,0,1,0,2,0,0,0,1,1
0,1,1,0,1,1,0,1,1,0,1,1,1,0,1,0,0,0,0,1
1,0,0,0,1,2,0,0,1,0,1,0,0,0,0,1,0,1,0,1
1,0,0,0,1,1,0,0,1,0,1,0,0,0,2,1,0,1,2,1
0,1,1,1,1,2,1,2,1,0,0,1,0,1,2,1,1,1,1,1
2,1,2,1,1,2,1,1,0,0,0,0,0,1,0,0,0,1,0,1
1,0,2,0,0,2,2,0,1,0,1,1,1,0,1,0,1,0,1,0
0,1,0,1,0,0,2,2,1,0,1,1,0,1,0,1,1,1,0,1
0,1,1,1,0,1,1,1,0,0,0,1,1,1,2,1,1,1,2,1
2,1,0,1,1,2,0,0,0,0,0,0,0,0,2,1,1,1,1,0
2,1,1,1,0,0,0,2,0,0,0,1,1,0,2,0,0,1,2,1
0,0,1,0,1,2,0,0,0,0,1,1,1,1,0,1,0,1,2,1
0,1,0,1,0,2,2,0,1,0,1,1,1,1,0,1,1,0,2,0
2,1,0,1,0,1,1,1,1,0,0,1,0,0,0,0,1,1,0,1
1,0,1,0,0,2,2,0,1,0,1,0,0,1,2,1,1,1,2,0
2,1,2,1,1,0,0,2,0,0,1,0,1,0,2,0,1,1,2,1
0,0,1,1,1,1,0,0,1,0,1,0,0,0,1,0,0,0,2,1
1,1,0,0,1,0,0,0,1,0,0,1,1,0,2,1,1,0,2,0
0,1,0,1,1,0,0,2,0,0,1,1,0,1,0,0,1,1,0,1
0,0,1,0,1,0,1,0,0,0,1,1,1,0,1,1,0,1,2,1
1,0,0,1,1,2,1,0,1,0,1,1,1,0,1,1,1,0,1,1
2,1,0,1,1,2,1,2,1,0,0,1,1,0,1,0,1,1,2,1
0,0,1,2,1,2,0,0,1,0,1,0,1,1,2,0,0,0,1,1
0,0,1,1,1,0,0,0,1,0,1,0,0,1,1,1,1,1,2,1
1,1,0,0,1,2,1,2,1,0,1,0,0,0,2,1,1,1,1,1
0,0,1,0,1,2,0,2,1,0,1,0,1,1,2,1,0,1,0,1
2,1,2,0,1,0,0,2,0,1,0,0,0,0,1,1,1,1,0,1
2,1,1,1,1,0,0,0,0,0,0,0,0,0,0,1,1,0,0,0
0,0,1,1,0,2,1,0,0,0,1,1,1,0,1,0,1,0,2,0
2,0,2,1,1,2,0,0,1,0,1,0,1,0,2,0,0,1,1,1
2,0,0,0,0,1,0,1,0,0,1,1,0,0,2,1,0,1,1,1
2,0,2,0,1,1,0,0,1,0,1,0,1,1,0,1,1,0,2,1
1,1,0,2,1,2,0,2,1,0,0,1,0,1,0,1,0,1,1,1
2,1,0,1,1,0,1,2,1,1,0,1,1,1,2,1,0,0,2,1
0,0,1,1,0,2,1,0,0,0,1,1,0,1,1,1,0,1,1,1
0,1,1,1,0,1,1,1,1,0,1,1,1,1,1,0,1,0,2,1
2,1,1,0,0,1,2,1,1,0,1,1,1,0,1,0,1,0,0,0
0,0,0,1,0,2,1,0,0,0,0,0,1,1,1,0,1,0,2,1
0,0,1,1,1,0,1,2,0,0,1,1,1,1,1,1,0,0,1,1
2,0,2,0,1,2,0,0,1,0,1,1,1,1,0,1,1,1,2,1
2,1,2,1,1,1,0,0,0,0,1,0,0,0,2,1,1,0,1,1
0,1,1,2,1,0,1,1,1,0,1,0,0,0,0,1,1,1,1,0
2,0,1,0,0,2,1,0,0,0,1,1,1,1,1,1,0,1,0,1
1,0,1,0,0,2,0,0,1,0,1,0,1,1,0,1,0,0,1,1
0,1,1,0,0,0,1,2,1,0,0,1,1,0,0,1,0,1,2,1
2,1,2,1,1,0,0,0,0,0,0,1,1,1,2,0,1,1,2,0
0,0,1,0,1,1,0,0,1,0,1,0,1,0,1,0,0,0,2,1
0,0,1,0,1,1,0,0,1,0,1,0,0,1,1,1,1,1,2,1
0,1,0,1,0,2,1,0,1,1,1,1,0,0,1,1,0,0,1,1
0,0,1,0,0,2,2,0,0,0,1,1,0,0,1,0,0,0,0,0
0,0,1,1,1,1,1,0,0,0,1,1,1,0,2,1,1,0,0,1
2,0,2,1,0,1,2,0,0,1,1,0,1,0,2,0,0,1,1,0
2,1,0,1,1,1,1,1,1,0,1,1,1,0,2,0,1,1,0,1
1,1,2,1,0,0,2,1,1,0,0,1,1,1,0,0,0,1,2,0
2,1,1,1,0,2,1,1,0,1,0,0,0,1,0,1,0,0,1,0
0,0,1,1,1,1,0,0,1,0,1,0,0,0,1,0,1,0,2,0
0,1,1,1,0,1,1,2,1,0,0,0,0,1,2,1,1,0,1,1
2,1,0,1,1,1,0,1,1,1,1,1,1,0,2,0,0,0,0,1
0,0,0,1,1,2,0,1,1,0,1,0,1,0,1,1,1,0,1,1
0,0,1,2,1,2,0,1,1,0,1,0,0,0,0,0,0,1,0,1
1,1,0,0,1,0,0,2,0,1,0,0,0,0,0,1,0,1,0,1
0,1,1,0,1,0,0,2,0,0,1,0,1,1,0,1,1,1,2,1
2,0,1,1,0,1,1,0,0,0,1,1,0,0,1,1,0,0,2,1
0,0,1,1,1,0,0,2,1,0,1,0,1,1,1,0,1,1,2,0
0,0,1,1,1,2,0,0,0,0,0,1,1,1,1,0,0,1,1,1
0,0,2,1,0,2,0,0,0,0,0,0,0,1,0,0,1,1,0,1
1,0,1,0,1,2,0,0,1,0,0,0,0,1,0,0,1,0,2,0
0,1,1,1,1,2,1,2,1,0,0,0,0,1,2,1,1,1,2,1
0,1,1,0,1,1,0,0,0,0,0,0,1,1,1,1,0,1,2,1
2,1,0,1,1,1,0,1,0,1,1,1,0,0,0,1,0,0,1,1
2,1,2,1,0,1,2,1,0,0,1,0,1,0,2,0,0,1,1,0
0,1,0,1,1,0,2,2,1,1,0,1,1,1,1,1,0,0,1,1
0,0,2,1,0,1,2,1,1,0,1,0,1,1,2,0,1,1,1,0
0,0,0,0,1,2,0,0,0,0,1,1,0,1,2,1,1,1,2,1
2,1,0,1,1,1,0,0,0,0,0,0,1,0,1,1,1,0,2,1
2,1,2,0,1,2,0,0,0,0,1,1,1,0,2,0,1,0,2,1
0,0,0,1,0,1,0,1,1,0,1,0,1,0,1,0,0,0,1,1
1,0,0,0,1,1,0,0,1,0,1,0,1,1,0,1,0,1,0,0
0,0,0,0,1,2,0,0,1,0,1,0,0,0,1,1,1,1,2,1
0,1,0,1,1,2,0,1,0,0,0,0,0,0,1,1,1,0,1,1
0,0,1,1,1,1,0,0,1,0,1,0,0,0,1,0,0,1,0,0
0,1,2,1,1,2,2,1,1,0,0,1,1,0,2,0,1,1,1,0
0,0,2,1,0,2,2,0,0,0,1,0,0,0,1,0,1,1,0,1
0,0,2,0,0,2,0,0,1,0,1,0,1,0,2,1,1,1,1,1
1,1,1,2,1,0,0,0,0,0,0,0,0,0,2,1,1,1,2,1
0,1,1,1,1,2,1,1,0,1,0,1,1,0,1,0,1,0,0,0
0,0,1,1,1,0,1,0,1,0,1,0,0,1,1,1,0,0,2,1
0,1,1,0,1,2,2,1,1,0,1,0,1,1,0,1,0,1,1,0
0,0,0,1,1,2,0,0,1,0,1,1,1,0,0,1,0,1,1,0
0,1,1,0,0,0,0,2,0,0,1,1,1,0,1,0,0,0,2,0
0,1,1,1,0,0,0,1,0,0,1,1,0,0,2,0,1,1,0,1
0,0,0,0,0,2,1,0,0,0,1,0,0,1,0,0,0,0,0,1
0,0,0,1,1,1,2,0,1,0,1,0,1,0,1,1,1,0,0,0
0,0,2,0,0,2,2,0,0,0,1,1,1,0,1,1,1,1,1,1
0,1,1,1,1,0,1,2,1,1,0,1,1,0,1,0,0,1,2,1
1,1,2,2,0,0,1,2,1,1,1,1,1,0,0,0,0,0,2,1
2,1,2,1,1,1,0,2,0,0,1,1,1,0,0,0,1,1,1,1
0,0,1,1,0,2,2,0,0,0,1,1,1,1,1,1,0,1,0,1
0,0,1,1,1,1,1,1,0,0,1,1,0,1,1,0,1,1,0,1
0,1,2,1,0,1,1,1,0,0,1,1,1,1,0,0,1,1,0,1
1,1,1,1,0,1,2,2,1,1,1,1,1,0,0,1,1,0,1,1
0,1,0,0,1,1,0,1,0,0,1,0,1,1,0,1,1,1,2,0
0,1,0,0,0,0,2,2,1,0,1,0,0,0,0,1,1,1,0,0
0,0,1,2,1,2,0,0,1,0,1,0,1,0,0,0,0,1,2,1
2,1,0,0,1,0,0,1,0,0,0,0,0,1,2,1,1,1,1,1
0,0,1,1,1,1,0,0,1,0,0,0,0,1,2,0,0,1,1,0
1,0,0,1,1,1,1,0,0,0,1,0,1,0,1,0,1,0,2,1
0,1,1,1,0,1,2,2,1,0,0,0,0,1,0,1,0,0,1,0
2,1,2,1,1,0,0,0,0,0,0,1,1,1,0,0,1,1,1,1
2,1,0,1,1,2,1,1,1,1,1,1,0,1,1,0,0,1,1,1
0,0,1,2,0,1,1,0,0,0,1,1,1,0,0,1,0,0,1,1
2,1,1,1,0,1,1,1,1,1,1,0,1,0,0,1,0,1,1,1
0,1,0,0,0,1,1,2,1,1,1,1,1,0,2,0,0,0,2,1
2,1,0,0,1,2,0,1,0,0,1,0,0,0,2,1,1,1,1,1
2,1,2,1,1,1,0,2,0,1,1,0,0,0,2,1,1,0,0,1
0,1,2,1,0,0,1,2,1,1,1,1,1,1,0,0,0,1,2,1
1,0,1,1,0,0,1,2,0,0,1,1,1,0,2,1,1,0,2,1
0,0,1,1,0,2,2,0,0,0,0,1,0,1,2,1,0,0,2,0
0,0,0,0,1,0,1,0,0,0,1,1,1,0,1,0,0,0,1,1
0,0,1,0,1,2,0,0,0,1,1,1,0,1,0,0,1,0,0,1
1,0,1,0,0,0,1,0,0,0,0,1,1,1,2,0,0,0,2,0
0,0,2,1,0,2,1,0,1,0,1,1,1,0,0,0,1,1,2,1
0,0,0,1,1,1,1,0,0,1,1,1,0,1,0,0,1,1,1,1
1,1,0,1,1,2,1,0,1,0,1,1,0,0,1,0,1,0,1,1
0,1,1,0,1,0,0,1,1,0,0,0,1,0,1,1,1,0,1,1
0,0,1,0,1,1,0,0,1,0,1,0,1,0,1,0,1,0,1,1
0,0,1,0,0,2,2,0,0,0,1,0,0,0,1,0,1,0,1,1
0,0,2,1,0,1,1,2,0,0,1,1,0,1,1,0,0,0,2,0
0,0,1,1,0,2,2,0,0,0,1,0,1,1,1,1,0,1,1,1
0,0,0,2,0,2,1,0,0,0,1,0,1,0,0,1,0,1,1,1
2,0,2,0,1,2,0,0,1,0,1,0,1,1,2,1,1,1,0,1
1,1,1,0,1,2,1,2,0,1,0,0,0,1,1,1,1,1,0,1
0,0,1,1,0,2,1,0,0,0,1,1,1,0,2,1,0,1,2,1
0,0,0,1,0,2,1,0,0,0,0,1,0,0,2,0,0,0,1,1
0,0,1,1,0,2,1,0,1,0,1,0,0,0,1,1,0,0,2,0
1,0,1,1,1,2,1,1,1,0,1,0,0,1,1,0,0,1,0,1
0,0,0,0,0,2,1,0,0,0,1,1,0,0,0,0,1,0,2,1
0,1,1,1,0,1,1,1,1,0,1,0,0,0,1,1,0,1,1,1
2,1,2,1,1,0,0,2,1,0,0,1,1,1,2,1,0,1,2,1
0,0,1,1,0,2,2,0,0,0,1,1,1,1,1,1,0,1,1,1
0,0,1,1,0,2,2,0,0,0,1,1,0,0,1,1,0,1,2,1
2,1,1,1,0,1,1,2,1,0,0,0,0,1,2,1,1,0,1,1
1,1,1,0,0,2,2,0,1,0,1,1,1,1,1,0,0,0,2,0
0,1,1,0,0,2,2,0,1,1,0,0,0,0,1,1,0,1,0,0
1,0,1,0,0,2,1,0,1,0,1,0,1,1,2,0,1,0,2,1
0,1,1,2,1,0,0,2,0,0,0,1,1,0,2,0,0,0,2,1
1,1,0,0,1,0,0,2,0,0,0,0,0,0,0,1,1,0,2,1
0,0,1,0,1,2,0,0,1,0,1,0,1,0,1,1,0,1,0,1
2,0,2,0,1,2,2,0,0,0,1,0,0,0,1,0,0,0,1,1
2,1,2,1,0,1,2,1,1,1,1,0,0,0,2,1,1,1,1,1
2,1,0,1,1,2,0,1,0,0,1,1,1,0,1,0,0,1,0,1
2,1,2,0,0,0,2,2,1,0,1,1,1,1,0,0,1,0,0,1
0,0,2,0,0,1,2,0,1,0,1,0,0,1,0,0,0,0,2,0
0,1,0,1,0,0,1,2,1,0,0,0,1,0,1,0,1,1,2,1
0,0,1,0,0,2,1,0,0,0,1,1,1,0,1,1,0,1,0,1
1,0,1,0,1,2,0,0,1,0,1,0,1,1,1,1,1,1,0,0
2,0,2,1,0,2,1,0,0,0,1,0,0,0,0,0,1,1,2,1
0,0,0,0,0,1,2,0,0,0,1,1,0,0,1,1,1,0,2,1
2,0,2,0,0,1,0,0,1,0,1,1,1,0,1,1,1,1,2,1
2,1,2,1,0,1,2,1,0,0,1,1,1,1,2,0,1,1,0,0
2,1,2,1,0,1,0,1,1,1,0,0,0,1,0,1,1,1,1,1
2,1,0,1,0,1,0,2,1,0,1,0,1,1,2,1,1,0,0,1
0,0,1,0,0,2,2,0,1,0,1,0,0,0,1,1,0,1,2,0
0,1,0,0,1,0,1,2,1,0,0,1,0,1,2,0,0,0,1,1
0,0,0,0,0,0,2,0,0,0,1,1,0,0,1,1,1,1,2,1
0,0,1,0,0,2,1,0,0,0,1,1,1,0,2,0,0,0,2,1
1,1,0,1,1,2,0,1,1,0,1,1,1,1,0,1,1,0,1,1
2,1,0,1,1,2,0,0,0,0,0,1,1,1,1,0,0,0,2,1
2,1,2,1,0,0,2,2,1,0,1,1,1,0,0,0,0,1,2,0
1,0,0,0,0,2,2,0,0,0,1,1,1,0,1,1,1,1,1,1
0,0,1,1,1,2,0,0,1,0,1,0,1,1,1,1,1,0,1,0
0,0,0,1,0,2,2,0,0,0,1,1,1,1,1,1,1,1,1,0
0,0,1,1,1,2,1,0,0,0,1,1,0,1,1,1,0,0,2,1
0,1,2,1,0,1,1,1,1,0,1,0,0,0,2,1,0,0,1,1
0,0,1,0,1,0,1,0,0,0,1,0,0,1,0,1,0,1,2,1
0,1,1,0,1,0,0,2,0,1,0,0,1,1,1,1,0,1,2,1
0,0,1,1,1,2,0,0,1,0,1,0,0,1,1,0,0,1,2,0
0,0,0,1,0,1,2,1,0,0,1,1,1,0,1,1,0,0,0,1
1,0,1,2,0,2,2,0,0,0,1,0,0,0,0,1,1,1,2,1
0,0,0,0,0,2,2,0,0,0,1,1,0,0,2,1,0,1,2,0
0,0,0,2,1,2,1,0,0,0,1,1,1,0,0,0,0,1,1,1
0,0,1,1,1,2,0,0,1,0,1,0,1,0,1,0,1,1,1,1
2,0,2,1,0,2,1,0,0,0,1,0,0,0,0,0,0,1,1,1
0,1,1,0,1,2,0,2,0,1,0,1,1,0,0,0,0,0,2,1
0,0,1,2,0,2,1,0,0,0,1,1,1,1,0,1,0,1,0,1
1,0,1,0,0,2,2,0,0,0,1,0,0,0,1,1,0,1,1,0
0,0,1,1,1,0,1,0,0,1,1,1,1,0,2,1,1,0,1,1
2,0,1,0,0,2,1,0,0,1,1,1,1,1,2,1,0,1,2,0
0,1,0,2,0,0,2,2,1,0,1,1,0,0,2,1,0,1,2,0
0,0,0,0,0,1,2,2,0,0,1,0,1,0,2,1,0,1,1,1
0,0,1,0,1,2,0,0,1,0,0,0,1,0,1,0,1,0,2,1
1,1,1,1,1,2,0,1,0,0,1,1,1,1,1,0,1,1,1,1
0,0,1,1,1,0,1,2,1,0,1,0,0,1,1,0,1,1,2,1
0,0,1,0,1,1,1,0,0,0,1,1,0,1,0,1,0,1,1,1
0,1,1,0,1,2,0,2,0,0,1,0,1,1,0,0,1,0,1,0
0,0,1,1,0,2,2,0,0,0,1,0,1,0,1,0,0,0,2,1
0,1,1,0,1,2,0,2,0,0,0,0,1,1,2,1,1,1,2,1
1,0,0,2,1,2,1,0,0,0,0,0,1,1,0,0,1,1,1,1
1,0,1,0,1,2,0,0,1,0,1,1,1,1,1,1,0,1,0,0
0,1,1,2,1,2,2,1,1,1,1,0,0,1,1,1,1,0,1,1
0,0,1,1,1,0,1,0,1,0,1,0,0,0,1,1,0,0,2,1
1,1,1,1,0,2,1,0,1,0,1,1,1,0,0,0,1,1,2,1
0,0,1,1,0,2,1,0,0,1,1,1,0,1,1,1,1,0,2,1
0,1,1,1,1,1,0,1,1,0,0,1,1,1,2,1,1,1,2,0
0,1,1,1,1,2,1,1,1,0,0,0,0,1,2,1,0,1,1,1
1,0,0,0,1,1,0,0,1,0,1,1,0,1,0,1,1,1,2,1
2,1,1,1,0,1,1,2,1,0,1,1,0,1,1,1,1,1,1,1
1,0,0,0,0,0,1,0,0,0,1,1,0,1,0,0,1,0,0,1
0,0,1,1,1,2,0,0,1,0,1,0,0,0,1,0,0,1,1,1
0,1,1,1,1,0,0,2,0,0,0,1,0,0,2,1,1,0,0,0
2,1,2,1,1,0,0,2,0,1,1,0,1,1,0,0,0,0,2,1
0,1,0,1,0,1,0,2,0,0,1,0,0,1,0,1,0,0,0,1
2,0,0,0,1,1,1,0,1,0,1,0,1,1,0,0,0,0,2,1
2,1,2,1,1,0,0,2,1,0,0,0,0,1,0,1,1,1,0,1
0,0,0,0,1,1,1,0,0,0,0,0,0,1,0,0,0,0,2,1
2,1,1,1,0,1,1,1,1,0,1,1,1,0,2,1,0,1,1,1
0,1,0,0,0,1,1,1,1,1,0,1,1,0,0,0,1,0,0,1
2,1,0,1,1,0,1,0,1,1,1,0,1,1,1,0,0,0,2,1
0,0,1,0,0,2,2,0,0,0,1,1,0,0,1,1,0,1,2,1
0,0,0,1,1,2,0,1,1,0,1,1,1,1,0,1,0,1,1,1
1,0,0,0,1,0,0,0,0,0,1,1,0,1,2,1,1,1,0,1
2,1,2,1,1,1,0,1,1,0,1,0,0,0,0,1,0,0,0,1
0,0,1,1,0,2,0,0,1,0,1,0,0,1,1,1,0,0,2,1
1,0,0,1,0,2,0,0,1,0,0,0,1,0,1,0,1,0,2,1
0,0,1,0,1,0,1,0,0,0,1,1,0,0,1,0,0,0,1,1
0,1,1,1,1,0,0,2,0,0,1,0,1,0,1,0,1,0,2,1
0,0,0,2,0,0,1,0,1,0,1,0,1,1,1,1,1,0,1,1
0,0,0,1,0,2,1,0,1,0,1,0,1,0,0,0,1,1,2,1
0,1,0,2,1,2,0,2,0,0,0,0,0,0,1,1,1,1,0,1
0,0,0,2,0,0,1,2,0,0,1,0,1,0,2,1,0,1,1,1
0,0,1,0,1,0,0,0,1,0,1,0,1,0,0,0,0,0,2,1
0,0,2,2,0,2,1,0,0,0,1,0,1,1,1,0,0,0,2,1
0,0,1,0,1,0,1,0,0,0,1,1,0,0,1,1,0,1,1,1
2,0,2,1,1,0,0,0,0,0,1,0,0,1,1,0,0,1,2,0
0,1,1,2,1,2,1,0,1,0,1,0,0,0,0,1,1,1,1,1
2,0,2,1,0,2,1,0,1,1,1,0,1,1,2,0,1,1,1,1
1,0,1,0,1,1,0,0,1,0,1,0,1,0,0,0,1,0,1,0
1,0,2,0,0,0,0,0,1,0,1,0,0,1,2,0,1,0,0,1
1,1,0,0,1,0,0,2,0,0,0,0,1,0,0,1,1,1,2,1
2,0,2,1,1,1,0,1,1,0,1,1,1,1,1,1,1,0,1,1
0,0,0,1,1,0,1,2,0,0,0,1,1,1,1,0,1,1,2,1
0,0,1,1,0,2,2,0,0,0,1,1,0,1,1,1,0,0,2,1
1,0,0,0,1,1,2,0,0,0,1,1,1,1,2,1,1,1,0,1
1,0,1,1,0,1,1,0,0,0,1,1,1,0,2,1,1,0,1,1
2,0,0,1,0,0,2,0,0,0,1,1,0,1,0,1,0,0,2,1
0,0,0,1,0,2,2,0,1,0,1,0,0,0,0,1,1,0,2,0
1,0,1,0,0,2,2,0,0,0,1,1,0,1,0,1,0,1,2,1
0,0,1,1,0,2,1,0,0,0,1,1,1,1,1,1,1,0,2,1
0,0,1,1,0,2,1,0,0,0,1,0,1,1,1,1,0,1,0,0
0,0,2,1,1,2,0,0,1,0,1,0,1,0,0,1,1,1,0,1
1,0,1,0,0,2,2,0,1,0,1,0,1,0,1,1,1,1,0,1
2,1,2,1,1,2,1,1,1,1,1,0,1,0,1,0,1,0,1,1
0,0,0,0,0,2,1,0,0,0,1,1,1,0,2,0,1,0,1,1
2,1,0,1,1,1,0,1,1,1,1,1,1,0,0,1,0,0,2,1
0,0,1,1,1,0,0,1,1,0,1,0,1,0,1,1,0,1,1,1
0,0,1,0,1,2,0,0,1,0,1,0,0,1,1,0,1,0,1,1
0,0,1,1,1,2,0,0,1,0,1,0,0,1,1,0,0,1,2,0
0,0,1,1,1,0,0,0,1,0,1,0,0,1,1,0,0,0,2,1
0,1,1,1,1,2,1,1,1,0,0,1,1,0,2,1,0,1,2,1
0,1,1,1,0,2,1,1,0,0,1,1,0,1,1,1,1,0,1,1
1,1,0,0,1,2,0,2,0,1,0,1,0,1,2,1,0,1,1,1
2,0,2,0,0,2,1,0,1,0,1,0,1,1,0,0,0,0,2,1
0,0,1,1,0,0,1,1,0,0,1,1,1,0,1,1,1,0,1,0
0,1,0,2,0,0,1,2,1,1,1,1,0,0,0,1,0,1,2,1
0,1,1,0,1,2,1,1,1,1,1,0,1,1,2,0,0,0,1,1
0,0,2,2,1,2,0,0,0,0,1,1,0,0,1,0,0,1,1,0
0,1,0,2,1,2,0,2,0,1,0,0,1,1,1,1,1,1,2,1
0,0,0,1,1,0,0,0,1,0,1,0,0,0,1,1,1,1,2,0
2,1,2,0,0,1,2,1,1,0,0,1,0,0,0,0,1,0,0,0
2,1,0,1,1,2,1,2,1,0,0,0,1,1,1,0,1,1,2,1
0,1,1,1,1,0,0,2,0,0,1,0,1,0,1,0,0,0,2,1
0,0,1,1,1,2,1,0,0,0,1,1,1,0,1,1,0,0,1,1
0,1,0,0,1,0,0,1,1,0,0,0,0,0,0,1,0,1,0,1
2,1,2,0,1,0,0,2,1,0,0,0,0,1,0,1,0,1,0,0
0,0,0,1,1,2,2,0,1,0,1,0,1,0,1,1,1,0,1,0
0,0,2,1,0,2,2,0,1,0,1,0,1,1,1,0,0,0,2,0
1,1,1,0,0,1,0,2,1,1,1,1,1,0,2,0,1,0,1,1
0,1,1,2,0,1,1,2,1,1,1,1,1,1,0,1,1,0,2,1
0,1,1,1,0,0,1,2,1,0,0,0,0,1,2,1,0,0,0,1
0,1,2,1,1,0,2,2,1,0,0,0,0,0,2,1,1,1,0,0
0,1,1,1,1,0,1,2,1,0,1,1,0,0,0,1,1,1,0,1
0,1,2,0,0,1,0,1,0,1,0,1,0,0,1,1,1,1,0,1
0,1,1,0,1,2,1,2,1,0,0,1,1,1,2,0,0,0,2,1
0,0,2,1,1,2,1,0,1,0,1,0,1,0,0,0,1,1,1,1
0,0,0,0,0,2,1,0,0,0,1,1,0,0,0,0,0,0,2,1
2,1,2,1,0,0,1,2,1,0,0,1,1,0,2,0,1,0,2,1
0,0,1,0,1,2,0,0,1,0,1,1,1,0,1,1,0,1,1,1
0,1,1,1,1,0,0,1,0,0,0,0,1,0,2,1,1,0,0,1
1,0,0,2,1,1,2,0,0,0,1,1,1,1,0,1,0,0,0,1
2,1,1,1,0,0,1,2,1,0,0,0,1,1,2,0,1,0,2,1
2,1,0,1,1,2,1,0,1,0,1,1,0,0,2,1,0,1,2,1
0,0,1,1,0,2,1,0,1,0,1,0,0,1,1,1,0,1,2,1
0,0,0,1,1,2,1,0,0,0,1,1,1,1,0,0,0,1,1,0
1,1,1,0,1,2,0,1,0,0,0,0,0,1,2,1,1,1,1,1
1,0,1,2,0,2,1,0,0,0,1,0,1,0,0,0,1,0,2,1
0,0,1,1,0,2,1,0,0,0,1,1,1,0,1,1,0,1,0,0
2,0,2,1,0,2,2,0,0,0,1,0,0,1,2,0,0,1,1,0
0,1,1,0,0,0,1,2,1,1,0,0,0,1,1,1,1,1,1,1
2,0,2,0,1,2,2,1,0,0,1,1,1,0,2,1,1,1,0,1
2,1,0,0,0,1,1,2,1,0,1,1,0,0,0,1,1,1,1,1
1,1,1,0,1,0,0,2,0,0,0,0,0,0,1,1,1,1,0,1
2,1,0,1,0,0,2,2,1,0,0,0,0,1,2,1,1,0,1,0
1,0,0,0,1,1,2,0,1,0,0,1,1,0,1,1,1,1,0,0
0,0,1,0,1,2,1,0,0,0,1,1,0,1,0,1,0,1,2,1
0,0,0,1,1,0,0,0,1,1,1,1,0,0,2,1,1,0,1,1
0,0,0,1,1,2,0,1,1,0,1,0,1,1,2,1,0,1,1,1
0,0,0,1,0,2,1,0,0,0,1,0,1,0,1,1,1,0,1,1
1,0,1,1,1,1,1,0,0,0,1,1,1,1,1,0,1,1,2,1
0,0,1,0,0,2,0,0,1,0,1,1,1,1,2,1,0,0,1,1
0,0,0,1,0,1,2,1,0,0,1,1,1,0,1,1,1,1,1,1
1,1,1,1,0,0,1,2,1,0,1,1,0,0,1,1,1,0,0,1
2,0,0,0,1,0,0,0,1,0,1,0,0,1,2,1,1,1,1,1
0,0,0,1,1,1,1,0,1,0,1,0,1,0,1,0,1,1,1,1
0,1,1,0,1,2,0,1,0,0,0,1,0,1,2,0,1,0,0,1
0,1,1,0,0,2,2,2,1,1,1,1,0,1,0,1,0,1,1,1
1,1,1,2,0,0,1,2,1,0,1,1,1,1,1,0,1,0,2,1
0,0,1,1,1,2,0,0,1,0,1,0,1,1,2,1,1,0,0,0
1,0,0,0,1,2,0,0,1,0,1,0,1,1,0,1,1,1,1,1
0,1,1,0,0,2,2,0,1,1,1,0,1,0,0,0,1,0,1,1
0,1,0,1,1,1,0,1,1,0,1,0,1,1,0,1,1,0,2,1
2,1,1,1,0,1,0,1,1,0,1,0,0,0,1,1,0,1,0,1
0,1,1,0,0,0,2,2,1,1,1,0,0,0,2,1,1,1,0,1
0,0,1,0,0,2,2,0,0,0,1,1,0,0,1,0,0,0,1,1
0,0,0,1,0,1,1,0,0,0,1,0,1,1,0,0,1,1,1,1
0,1,0,0,0,2,1,1,1,0,0,0,0,0,1,1,0,1,1,1
0,0,1,0,1,0,0,1,0,0,1,1,1,1,0,1,0,1,1,1
0,0,1,1,1,1,1,0,0,0,0,1,0,0,2,0,0,0,1,1
0,0,1,0,1,0,1,0,0,0,1,0,0,1,0,1,0,1,1,1
0,1,1,1,1,1,0,1,0,1,1,0,1,0,0,1,0,0,1,1
1,1,1,0,1,0,0,2,0,0,1,0,0,0,1,1,1,1,0,0
2,0,0,0,0,2,1,0,0,0,1,1,0,0,0,0,0,0,2,1
0,0,0,1,1,2,0,0,1,0,1,1,1,0,1,1,0,1,1,0
1,1,0,2,1,2,2,2,1,1,0,1,1,0,0,1,1,1,2,1
0,0,2,0,0,2,1,0,0,0,0,0,1,1,2,0,1,0,2,1
0,1,0,0,0,1,1,1,1,0,1,1,0,0,2,0,1,0,0,1
0,1,0,1,1,1,0,1,0,0,0,0,0,1,1,1,1,1,0,1
0,0,1,1,1,0,0,0,1,0,1,0,0,0,2,1,0,0,2,1
0,0,0,1,0,2,1,0,0,0,1,1,0,0,1,1,0,1,2,1
0,1,1,1,1,0,1,1,0,0,1,0,1,0,1,1,0,1,2,1
0,0,0,0,1,1,2,1,0,0,1,0,0,0,0,1,1,1,1,0
2,1,2,1,1,1,1,0,1,0,1,0,1,1,0,0,1,0,2,1
0,1,0,1,1,0,0,1,0,0,1,0,1,1,0,0,1,1,1,1
1,0,1,0,1,2,1,0,0,0,1,1,0,0,1,1,0,1,2,0
2,1,0,0,1,1,1,0,1,0,1,1,1,1,0,0,0,0,2,1
0,1,1,2,1,0,0,2,0,1,1,1,1,0,0,0,0,0,2,1
0,0,2,0,0,1,2,0,0,0,1,1,0,1,1,0,1,0,2,1
0,0,1,0,0,0,2,0,0,0,0,0,1,1,2,0,0,0,1,1
0,0,1,1,0,2,1,0,0,0,1,1,1,1,1,1,0,0,0,1
0,1,0,2,1,0,2,2,1,1,0,0,1,0,2,1,0,1,2,1
2,1,2,1,1,0,1,2,1,1,1,1,1,0,2,0,1,0,0,1
0,0,1,0,1,2,0,0,1,0,1,0,1,0,1,1,0,1,1,1
0,0,0,1,0,1,2,1,0,0,1,0,0,1,0,1,1,1,1,1
1,0,1,0,0,2,0,0,1,0,1,0,1,1,1,1,1,1,0,1
2,1,0,1,1,2,0,2,1,0,0,0,0,0,1,1,1,0,0,1
0,0,1,0,1,2,0,0,0,0,1,1,0,1,2,1,1,1,2,1
1,0,0,0,1,1,1,1,0,0,1,1,1,1,0,1,0,1,0,1
0,0,1,1,1,1,0,0,1,0,1,0,1,0,1,1,1,0,1,1
0,0,1,0,1,0,0,0,1,0,1,0,1,1,1,1,1,1,1,1
0,0,0,1,0,1,1,1,0,0,1,1,0,0,1,0,1,0,0,1
1,1,2,0,0,1,1,1,1,0,0,1,1,0,0,0,1,0,1,1
2,1,0,0,1,2,0,2,0,0,0,1,1,0,1,1,0,1,2,1
0,1,1,1,1,2,0,1,0,0,0,1,0,0,0,0,1,1,0,1
0,0,1,2,0,2,2,0,0,0,1,1,1,1,2,0,0,1,1,0
0,0,1,1,1,1,2,0,0,0,1,1,1,0,1,1,0,0,0,0
0,1,1,1,1,2,0,1,0,0,1,1,1,0,1,0,1,1,0,0
0,1,1,0,0,0,1,2,0,0,0,0,1,0,0,0,1,0,1,1
0,1,1,0,1,0,1,2,1,0,0,1,1,1,1,0,1,0,2,1
2,1,0,1,1,2,1,2,1,0,1,1,1,1,2,0,1,0,2,1
0,0,2,1,0,2,0,0,0,0,0,1,1,1,1,0,1,0,1,0
0,0,1,1,1,1,2,1,0,0,1,1,1,0,2,1,1,1,1,1
0,0,1,1,1,0,2,0,0,0,1,0,0,1,1,1,0,0,2,1
0,1,1,0,0,0,0,2,0,1,1,0,1,1,0,0,0,0,2,1
0,1,0,1,1,2,0,2,0,0,0,0,0,0,2,1,1,0,1,1
2,1,1,1,0,2,2,0,1,0,1,0,1,1,1,1,1,1,2,0
2,0,0,0,0,1,1,1,0,0,1,0,0,1,0,0,1,0,1,1
0,1,0,0,0,0,2,2,1,1,1,1,1,1,2,1,0,1,2,1
0,0,0,1,0,2,1,0,0,0,0,1,1,1,1,0,0,0,2,0
2,1,2,0,0,0,1,2,1,0,1,0,1,1,1,0,0,0,2,1
0,1,0,0,1,0,2,2,1,0,0,1,0,0,0,1,1,0,1,0
0,1,0,1,0,0,2,2,1,0,0,1,0,1,2,1,1,0,1,1
0,0,1,0,1,0,0,1,1,0,1,0,1,1,1,1,0,0,1,1
2,1,2,1,1,2,0,2,1,1,1,0,1,0,2,1,1,0,0,1
0,0,0,2,0,1,1,1,1,0,1,1,1,1,1,0,1,0,1,1
2,1,2,1,1,2,1,1,1,1,1,1,1,1,2,0,1,0,1,0
2,1,0,0,1,0,2,2,1,0,1,0,0,0,2,1,0,0,0,0
0,0,0,1,1,2,0,1,1,0,1,0,1,1,0,0,1,1,2,1
1,1,1,0,0,1,2,1,1,1,1,1,0,0,1,1,0,1,1,1
2,1,0,0,1,2,0,1,0,0,1,0,1,1,0,1,1,1,2,1
0,0,1,1,1,2,1,0,0,0,1,0,1,0,1,1,0,0,0,1
0,0,1,2,0,0,2,0,0,1,1,1,1,1,1,1,0,1,0,0
0,1,0,0,0,0,2,2,1,0,1,0,0,0,1,1,1,1,1,0
0,1,1,1,1,2,0,1,1,1,0,1,1,1,0,0,1,1,0,0
0,1,0,1,0,1,2,2,1,0,1,1,0,1,0,1,1,1,1,1
0,0,1,0,1,0,1,0,1,0,1,0,1,0,1,1,1,0,0,1
0,0,2,1,0,2,2,0,0,0,1,0,0,1,1,0,1,1,1,1
2,0,1,0,0,2,1,0,0,0,1,1,1,0,1,1,0,1,1,1
0,1,1,1,1,2,1,1,1,0,0,0,0,1,0,1,1,0,0,1
0,0,1,1,0,1,2,1,0,0,1,1,1,1,1,1,1,0,1,1
0,0,0,2,0,1,0,0,1,1,1,1,0,1,1,1,1,1,2,1
0,1,0,1,0,1,2,0,1,0,0,1,1,1,0,1,0,1,2,0
0,0,1,0,0,2,1,0,0,0,1,0,0,0,1,0,1,0,2,1
0,0,1,2,1,2,1,0,1,0,1,0,0,0,0,1,1,0,2,1
0,0,1,0,1,1,0,0,0,0,1,1,0,1,0,0,0,0,2,0
1,0,1,2,0,2,1,0,0,0,1,1,0,0,0,1,1,1,2,1
2,1,0,0,1,0,0,1,0,0,1,1,0,0,2,0,0,0,1,0
0,1,2,1,0,0,2,2,1,0,1,1,1,0,0,0,0,1,2,1
1,1,1,0,1,0,0,1,0,0,0,0,0,1,2,1,0,1,1,0
1,1,2,1,0,0,1,2,1,0,1,1,1,0,0,0,0,1,2,1
0,0,1,2,0,2,1,0,0,0,1,1,0,1,1,0,0,1,1,1
2,0,2,0,1,0,1,0,0,0,1,0,1,1,1,0,0,0,2,1
2,0,2,1,0,2,1,0,0,0,1,1,0,1,0,0,0,0,0,1
0,0,1,1,0,2,1,0,0,0,1,1,1,0,2,0,0,1,1,1
0,1,1,1,1,2,0,2,0,0,1,0,0,0,1,1,0,0,2,0
0,0,1,1,1,2,1,0,1,0,1,0,0,1,1,1,0,1,2,1
0,0,1,1,1,1,0,0,1,0,1,0,0,1,1,1,0,0,2,1
2,0,2,1,1,2,0,0,1,1,1,0,0,0,2,0,0,0,2,1
0,0,1,1,1,2,1,0,0,0,1,1,0,0,1,1,0,0,2,1
2,1,1,1,0,1,0,1,1,0,1,0,1,0,1,0,0,1,0,1
2,1,0,0,0,2,1,0,1,1,1,0,1,1,0,1,0,1,2,1
1,0,0,0,1,0,0,0,1,0,1,0,1,1,0,1,1,1,2,0
1,0,0,0,1,0,0,0,1,0,1,0,0,0,2,1,1,1,2,1
0,0,1,0,1,0,0,2,1,0,1,0,0,0,1,0,1,0,0,0
0,0,1,0,1,0,0,0,0,0,1,1,1,1,1,1,0,1,2,1
1,0,1,0,0,2,1,0,0,0,1,0,1,0,1,1,1,1,1,1
0,1,1,1,0,2,2,0,1,0,0,0,0,1,0,1,0,1,0,0
0,0,2,1,0,2,2,0,0,0,1,0,1,1,1,1,1,1,2,0
2,0,0,1,1,1,0,0,1,0,1,0,0,1,2,0,1,1,1,1
1,0,0,0,1,1,0,0,0,0,1,1,1,1,0,1,1,1,0,0
0,1,1,1,1,0,0,1,0,0,1,0,0,1,1,1,0,1,1,1
1,1,0,0,1,2,1,0,1,0,1,0,0,1,0,1,0,1,0,1
2,0,2,0,1,1,0,0,1,1,1,1,1,0,0,1,1,1,1,0
0,0,1,1,1,2,0,0,1,0,1,0,1,0,1,0,1,0,2,1
0,0,1,1,1,0,0,0,0,0,1,1,1,1,1,0,0,1,2,1
2,1,0,0,1,2,2,1,1,0,1,0,0,0,2,1,0,1,1,0
0,0,1,1,1,2,0,0,1,0,1,0,1,1,1,0,1,0,1,1
0,0,0,0,0,2,1,0,0,0,1,0,0,0,1,0,0,0,0,1
0,0,2,1,0,2,2,0,1,1,0,0,0,1,0,0,1,1,1,1
2,1,0,1,1,2,2,2,1,0,1,1,0,1,0,1,1,1,0,0
0,0,0,0,1,2,0,0,1,0,1,0,1,1,0,1,0,1,0,1
0,0,2,1,0,2,1,0,0,0,1,0,1,0,0,0,0,0,2,1
0,1,0,0,0,1,0,2,0,0,1,0,0,1,2,1,1,1,0,0
2,1,0,0,1,2,1,2,0,1,0,1,1,0,2,0,0,0,2,1
0,0,0,1,1,2,0,1,1,0,1,0,1,0,0,1,1,0,1,1
1,0,1,1,0,2,2,0,0,0,1,1,0,0,1,1,0,0,2,1
2,1,2,1,1,2,2,2,1,0,1,1,1,1,2,0,1,1,2,1
0,0,1,0,1,2,1,0,1,0,0,1,1,0,0,0,0,0,2,1
2,1,2,0,1,2,0,0,1,0,1,1,1,1,2,0,1,0,2,1
2,1,0,1,0,1,1,2,1,0,1,1,1,1,0,0,1,0,2,1
2,1,0,1,0,2,2,0,1,0,0,1,1,1,2,1,0,0,2,0
0,1,0,0,0,1,1,1,1,0,0,1,1,1,0,0,0,0,1,1
1,0,1,1,0,2,2,0,0,0,1,0,1,1,1,1,1,1,1,1
2,1,0,1,0,1,0,1,0,0,0,0,0,1,1,1,0,0,1,0
2,1,0,1,1,0,0,1,0,1,0,0,0,1,0,1,1,0,1,1
0,0,1,1,0,2,2,0,0,0,1,1,1,0,2,1,1,0,0,1
2,1,2,0,1,2,0,2,1,0,1,1,0,0,1,1,1,1,0,1
0,1,1,0,1,1,0,1,1,0,0,0,1,0,0,0,1,1,0,1
0,1,0,1,0,1,1,2,1,0,1,0,1,0,1,0,1,1,2,1
0,1,0,2,1,2,0,1,0,0,1,0,1,0,2,0,1,1,0,1
2,1,0,0,1,2,0,1,0,0,0,1,1,1,1,0,0,0,0,1
0,0,1,1,1,2,1,1,0,1,1,1,1,1,0,1,1,1,2,1
0,1,0,1,0,0,0,0,0,0,0,0,0,0,1,1,1,0,1,0
2,0,0,1,1,2,0,0,1,0,1,0,1,1,2,1,1,0,1,0
0,1,2,1,0,0,0,2,0,0,0,1,1,0,2,0,0,0,0,0
1,1,0,0,1,0,0,0,1,0,0,0,1,0,1,1,0,1,2,1
0,1,1,0,0,0,1,2,1,1,1,0,0,1,2,1,0,1,0,0
0,1,1,1,1,1,0,1,0,0,1,0,0,1,1,1,1,0,1,1
1,0,1,0,0,2,1,0,0,0,1,0,1,0,1,0,1,0,1,0
2,1,0,1,0,1,2,0,1,0,1,1,1,0,1,1,0,1,2,0
0,0,1,1,1,1,0,1,1,1,1,0,1,0,2,1,1,0,1,1
2,1,2,1,1,1,0,1,0,1,0,1,1,0,1,0,1,1,1,1
0,1,1,0,0,1,2,2,1,0,1,0,0,1,2,1,1,0,0,0
0,0,0,0,0,1,2,1,0,0,1,0,1,1,2,1,1,1,1,1
0,0,1,1,1,2,1,0,0,0,1,1,1,1,1,1,0,1,0,1
0,0,1,1,1,1,1,0,0,0,1,1,1,0,1,1,1,1,1,1
0,0,1,1,0,2,2,0,0,0,1,1,0,1,1,1,0,1,2,1
0,0,0,1,1,1,0,0,1,0,1,1,1,0,1,1,1,0,0,1
0,1,1,1,1,1,0,1,0,1,1,0,0,1,0,0,0,0,0,1
0,1,1,1,0,2,2,0,1,1,0,1,1,0,0,1,1,1,2,1
0,1,1,1,1,1,0,0,0,0,1,0,1,1,2,0,0,0,1,0
1,0,0,0,1,2,2,0,0,0,1,0,0,1,0,1,0,1,2,1
2,1,2,1,1,0,1,2,1,0,1,1,1,1,1,0,1,1,2,1
1,0,1,0,0,2,2,0,0,0,1,1,0,0,1,1,0,1,2,1
0,1,1,0,1,0,1,2,1,0,1,1,1,1,2,0,1,0,2,1
2,1,1,0,0,2,2,0,1,0,1,1,0,1,0,1,0,0,0,1
2,1,1,2,1,2,0,1,0,0,1,0,1,1,0,0,1,0,0,0
0,0,0,1,0,1,2,0,0,0,1,1,0,0,1,1,0,0,2,1
0,0,1,1,1,0,0,0,0,0,1,1,0,0,1,1,0,1,2,1
1,0,2,2,1,2,0,0,1,1,1,0,0,0,1,1,1,1,2,1
0,0,0,1,0,1,1,0,0,0,1,0,1,0,1,0,1,0,1,0
2,0,2,0,1,2,1,0,0,0,1,0,0,1,1,1,0,1,2,0
1,1,0,1,1,1,2,0,1,0,1,0,0,1,0,1,1,1,1,0
1,0,1,0,0,0,1,2,0,0,1,0,0,0,1,1,1,1,2,1
2,1,2,0,1,0,0,2,0,0,0,0,0,1,1,1,0,1,1,1
0,0,1,1,1,1,0,0,1,0,1,0,0,0,2,1,0,0,2,0
0,1,0,1,0,1,1,1,1,1,1,1,1,0,1,0,0,0,0,0
2,1,0,1,1,0,0,2,0,0,0,0,0,0,1,1,1,1,0,1
0,1,0,0,1,2,1,1,1,1,1,0,0,1,0,1,1,1,1,1
2,1,0,0,0,0,1,2,0,0,1,0,0,1,0,0,1,0,0,1
2,1,0,2,1,0,0,2,0,0,1,0,0,0,1,1,1,0,0,1
1,1,1,2,0,1,1,1,1,1,1,0,0,1,0,1,1,1,0,0
1,0,1,0,1,0,0,0,1,0,1,1,0,0,0,0,0,0,1,1
0,0,0,0,1,0,1,1,0,0,1,1,1,0,2,1,0,1,1,1
0,0,0,2,0,1,2,0,0,1,1,1,0,0,0,1,0,1,1,0
0,0,1,0,1,2,0,0,1,0,1,1,0,0,1,0,0,0,1,0
1,0,0,0,1,0,1,0,1,0,1,0,0,1,0,0,1,0,0,1
2,1,1,0,0,0,1,2,0,0,0,0,0,1,2,1,1,1,1,0
1,0,0,0,1,1,0,0,1,0,1,0,1,0,2,0,0,0,2,0
0,0,0,0,1,1,0,0,1,0,1,0,0,0,1,1,1,1,2,0
0,0,0,1,1,1,0,0,1,0,0,1,1,0,0,0,0,1,1,1
2,1,0,0,1,0,1,2,0,1,0,1,1,0,2,0,0,0,2,1
0,0,2,1,0,2,1,0,0,0,1,1,0,0,0,0,0,1,0,1
0,0,0,1,0,2,2,0,0,0,1,1,0,0,1,1,0,0,2,1
2,1,2,0,1,2,0,0,1,1,0,1,1,1,1,0,0,0,2,1
1,1,0,0,1,0,0,1,0,0,1,0,0,0,2,1,0,1,1,1
0,1,1,1,1,2,0,2,1,0,1,0,0,0,2,1,1,0,1,1
2,0,0,1,0,2,1,0,0,0,1,0,1,1,2,0,1,1,1,0
0,0,1,2,1,2,0,1,1,0,1,0,0,0,2,0,1,1,0,1
2,1,2,1,1,2,0,2,1,0,0,0,0,0,1,1,1,0,1,1
0,1,0,0,0,1,1,2,1,1,1,1,1,0,1,0,0,0,2,0
0,1,1,1,0,0,1,2,1,1,1,1,0,0,0,1,0,1,2,1
2,1,0,0,1,0,1,2,0,0,1,1,1,0,2,0,1,0,2,1
0,0,1,1,0,2,1,0,0,0,1,0,1,0,1,1,0,1,0,1
1,0,2,2,0,2,1,0,0,0,0,1,0,1,2,0,1,1,1,1
2,1,0,0,1,0,2,1,1,0,1,0,1,1,0,1,0,1,1,0
2,0,2,0,1,1,2,0,0,0,0,0,1,1,2,0,1,0,2,1
2,0,2,0,1,0,0,0,1,1,1,0,1,0,0,1,0,1,1,1
0,1,1,0,1,0,0,2,0,0,0,0,1,0,1,0,1,0,2,1
1,0,1,0,1,2,0,0,1,0,1,0,0,0,1,0,1,0,1,1
0,0,0,1,1,1,1,0,1,0,1,0,1,0,1,1,1,1,0,1
0,0,0,1,0,1,0,1,1,0,1,0,1,0,1,1,1,0,0,1
2,0,2,1,0,0,1,2,0,0,1,1,1,0,0,0,1,0,2,1
0,0,1,1,0,0,2,0,0,0,1,1,1,0,1,1,1,1,1,1
1,1,1,0,0,2,2,1,1,0,1,0,0,0,1,1,0,0,1,1
0,1,0,1,0,1,1,1,1,0,0,0,0,0,2,0,0,1,0,1
1,0,1,0,0,2,2,0,0,0,1,1,1,0,1,1,0,1,1,0
2,1,0,1,0,0,1,2,0,0,0,0,0,0,0,1,1,0,1,1
0,0,0,1,0,1,1,0,0,0,1,0,0,0,1,0,1,0,1,1
1,0,0,0,1,1,0,0,1,0,1,0,0,0,1,1,0,1,2,0
2,1,1,1,0,0,0,2,1,0,0,1,1,0,2,0,0,1,2,0
0,0,2,1,1,0,0,0,1,0,1,1,1,0,2,0,1,1,2,1
0,0,0,1,0,0,2,0,1,0,1,0,1,0,1,1,1,1,1,0
0,0,1,1,1,0,1,0,0,0,0,0,1,0,2,0,0,0,1,0
0,1,1,1,1,2,0,2,0,1,1,0,1,1,1,1,0,0,0,1
0,1,0,1,1,2,0,1,0,0,1,1,1,0,1,0,1,1,1,1
2,1,2,0,1,0,0,2,0,0,1,0,0,0,1,1,0,0,1,1
0,0,1,1,1,1,0,0,1,0,1,1,0,0,1,1,1,0,2,0
2,0,1,0,0,0,1,0,0,0,1,1,1,0,1,1,0,1,1,1
2,0,0,1,1,2,0,0,0,0,1,1,1,0,0,1,0,0,2,1
1,0,1,0,1,0,0,2,1,0,1,0,1,1,2,1,1,1,0,1
0,0,1,1,1,2,0,0,1,0,1,0,0,1,1,1,0,0,1,1
0,1,0,0,0,1,1,1,0,0,1,0,0,0,2,1,1,1,1,1
0,1,1,1,1,2,1,2,0,0,0,1,1,1,2,0,0,0,2,1
2,0,1,1,1,2,1,0,0,0,1,1,0,0,1,0,0,1,0,1
0,1,0,1,1,0,1,0,1,0,0,1,1,0,1,0,0,1,2,1
0,0,1,1,1,2,0,0,1,0,1,0,1,1,1,1,0,1,0,1
0,0,0,0,0,2,1,0,0,0,1,1,0,0,2,1,1,1,2,0
0,1,1,1,0,0,2,2,1,0,1,0,0,0,1,1,1,1,1,0
0,0,0,2,0,2,0,0,0,0,1,1,1,1,0,1,1,1,1,0
1,1,1,2,0,2,2,0,1,0,1,1,1,1,2,1,0,1,2,0
0,1,0,1,0,1,1,1,1,1,0,1,1,1,0,0,0,0,1,1
0,1,1,1,0,1,1,2,1,0,1,1,1,1,1,0,1,1,2,0
0,0,1,1,0,2,1,0,0,0,1,0,0,1,1,0,0,1,1,1
1,1,1,1,1,0,0,2,0,0,0,0,1,0,2,0,1,1,2,1
0,1,0,1,0,0,1,2,1,1,0,1,1,0,2,0,1,1,0,1
0,0,1,0,1,1,0,1,0,1,1,0,1,1,0,1,0,1,1,1
1,0,0,1,1,1,1,0,1,0,0,0,0,1,1,0,1,0,1,1
0,1,0,1,1,0,0,1,0,0,0,0,0,0,1,1,1,0,1,0
2,1,2,1,0,1,1,2,1,1,0,1,1,1,0,0,1,0,2,1
0,1,1,1,1,0,0,1,0,1,0,1,1,0,2,0,1,0,0,0
1,0,0,0,1,2,0,0,0,1,1,1,0,0,0,1,0,1,2,1
2,1,0,1,1,2,0,2,0,1,1,0,0,0,0,1,1,0,0,1
2,1,2,0,1,2,0,1,0,0,1,0,0,0,2,1,0,1,1,0
0,1,1,2,1,2,2,1,1,0,1,1,0,1,2,1,1,1,1,0
0,1,1,1,1,0,1,2,1,1,0,1,1,0,2,0,0,1,2,0
1,0,1,0,0,2,1,0,0,0,0,0,1,1,2,0,1,0,2,1
0,0,0,1,0,1,1,1,0,0,1,0,0,1,0,0,1,0,0,1
2,0,2,0,1,2,0,0,1,0,1,0,1,0,1,1,0,1,1,1
1,1,1,1,0,2,1,0,1,0,0,0,0,1,2,1,1,0,1,1
1,0,1,2,0,2,1,0,0,1,0,0,1,0,2,0,1,0,1,1
0,1,1,2,1,0,0,2,0,0,0,0,1,1,1,0,1,0,2,0
1,0,1,0,0,2,1,0,0,0,1,1,0,0,1,1,0,1,1,1
1,1,0,0,1,0,0,1,0,0,0,0,0,0,0,1,1,1,1,0
2,0,2,1,1,0,0,0,1,0,1,0,1,1,1,1,0,1,0,1
0,1,1,1,0,0,1,2,1,0,0,0,0,1,0,1,1,0,1,1
0,0,0,0,0,2,1,0,0,0,1,1,1,1,0,0,1,0,1,1
0,0,1,1,0,2,1,0,1,0,1,1,0,1,2,1,1,0,2,1
0,0,0,1,0,1,2,0,0,0,1,1,1,1,0,1,1,1,1,1
0,0,1,1,0,2,2,0,1,0,1,0,0,0,1,1,1,1,2,0
2,0,1,0,0,2,1,0,0,0,1,1,1,1,2,1,0,1,2,1
0,1,1,1,0,0,1,1,1,1,1,0,0,0,0,1,1,1,1,1
2,1,1,1,0,1,2,2,1,0,1,0,0,0,1,1,0,0,0,0
0,0,0,1,1,0,0,0,1,0,1,0,0,0,1,1,1,0,2,1
0,0,1,1,1,0,1,0,0,0,1,1,1,0,1,1,1,1,1,1
0,0,0,1,1,1,1,1,0,0,1,1,1,0,0,1,1,1,1,1
0,1,1,0,1,0,0,1,1,0,1,1,1,0,0,0,0,0,0,0
2,1,2,1,0,1,0,1,0,1,1,0,1,0,1,0,1,1,1,1
0,1,1,1,1,1,0,0,0,1,1,0,1,1,0,1,1,0,2,1
1,0,1,0,0,2,2,0,0,0,1,1,1,1,0,1,0,1,1,1
0,0,1,1,0,2,1,0,0,0,1,0,1,1,1,1,0,0,0,1
2,1,0,1,1,2,2,2,1,1,1,1,1,0,0,1,0,0,2,1
0,1,0,1,0,2,1,0,1,0,0,1,1,1,1,0,1,1,2,1
0,0,1,1,0,2,2,0,0,0,1,1,1,0,0,1,0,0,2,1
0,0,1,1,1,1,0,0,1,0,1,0,1,1,1,1,0,0,1,1
0,1,1,2,1,2,2,1,1,1,0,0,0,0,2,1,1,1,1,1
0,0,1,1,0,0,1,0,1,0,1,1,0,0,1,0,0,1,1,1
2,1,1,1,0,1,1,1,1,0,1,1,0,0,0,1,0,1,1,0
1,0,0,0,1,1,0,0,0,0,1,1,0,1,2,1,1,1,2,1
1,1,0,0,1,0,0,1,0,0,0,0,0,1,2,1,0,1,1,0
0,0,0,1,0,2,2,0,1,0,1,0,0,1,2,1,1,0,2,0
0,0,1,1,1,1,0,0,1,0,1,0,1,0,1,0,0,1,2,1
0,0,2,0,1,2,2,0,0,0,1,0,0,0,1,0,1,0,0,1
2,1,0,1,0,1,2,1,1,0,0,1,1,1,1,1,0,0,2,0
2,0,2,0,1,0,0,0,0,0,1,0,0,0,1,1,1,1,2,0
2,0,2,1,1,2,2,0,1,0,1,1,1,1,0,0,0,0,1,0
2,0,1,0,0,1,1,1,0,0,1,1,0,0,1,0,1,0,0,1
0,0,1,0,1,2,0,0,1,1,1,1,0,1,0,1,1,1,2,1
0,0,2,2,0,2,1,0,0,0,1,1,1,1,0,0,1,0,1,1
0,1,2,0,1,2,0,1,0,0,0,0,0,1,2,1,0,1,1,1
0,0,1,0,1,0,0,0,1,0,1,0,1,0,1,0,1,0,2,1
0,0,2,1,0,2,1,0,0,0,1,1,1,0,0,0,1,1,2,1
0,0,1,0,1,1,0,0,1,0,1,0,1,1,1,0,0,0,2,1
1,1,1,1,1,0,0,1,0,0,0,1,1,1,2,0,1,1,0,1
2,1,2,1,0,0,2,2,1,1,1,1,1,0,2,0,0,1,2,1
2,1,1,1,0,1,0,0,0,0,1,1,0,0,1,1,0,0,1,1
2,1,1,1,0,1,2,1,1,1,1,0,0,1,0,1,1,0,1,1
0,1,1,1,1,1,1,2,0,0,0,0,1,1,2,0,0,1,2,1
0,1,1,1,1,2,0,2,0,1,1,0,0,1,1,0,1,1,1,1
1,0,1,0,1,2,1,0,0,0,1,1,1,1,1,1,0,1,1,0
0,1,0,1,0,1,0,1,0,1,0,0,0,1,0,1,1,0,1,0
0,0,1,0,1,1,1,0,0,1,0,0,1,0,0,0,0,0,2,0
0,1,1,2,0,0,1,2,1,0,1,1,1,0,0,0,1,0,2,1
0,0,1,0,0,2,1,0,1,0,1,0,1,0,1,1,1,0,0,1
0,1,1,1,1,1,2,1,1,0,1,1,0,1,1,1,0,0,0,0
0,0,1,2,1,1,0,0,1,0,0,1,1,0,2,0,0,0,2,1
0,1,0,1,1,2,0,2,1,1,0,0,0,0,2,1,1,1,0,1
1,0,1,0,1,2,0,0,1,0,1,0,0,0,1,0,1,0,1,1
0,0,1,0,1,2,0,0,1,0,1,1,0,0,1,1,0,1,2,1
0,0,1,0,1,1,0,0,1,1,1,1,0,1,0,0,1,0,2,1
0,1,1,2,0,1,2,1,1,0,0,1,1,1,0,0,1,0,0,1
0,1,1,1,1,0,1,2,1,0,1,1,1,1,1,0,0,1,2,1
1,0,0,0,1,1,1,0,0,0,1,1,0,0,2,1,0,1,2,1
2,0,2,1,1,2,1,0,0,0,1,1,0,1,1,0,0,1,0,1
1,0,1,0,0,2,0,0,1,0,1,0,1,0,1,0,1,0,2,0
0,0,1,2,1,1,2,0,1,0,1,0,1,1,0,1,0,1,2,0
1,1,0,0,1,2,0,2,0,1,1,0,0,0,1,1,1,1,0,1
1,1,0,1,0,1,1,1,1,0,0,1,0,0,1,1,1,0,1,1
0,1,1,1,1,1,2,1,1,0,1,1,1,0,2,0,1,0,0,0
0,0,0,1,1,0,0,0,1,0,0,0,1,1,1,1,1,0,2,0
0,1,0,0,0,0,2,2,1,0,1,1,0,1,0,1,1,1,0,0
1,1,0,0,0,1,1,1,1,0,0,1,1,0,2,0,0,0,0,1
1,0,0,1,1,0,1,1,1,1,1,0,1,0,0,1,1,1,1,1
0,1,0,2,0,2,0,0,0,0,1,0,1,1,2,0,1,1,2,0
2,1,2,1,1,1,0,0,0,0,1,0,0,0,1,1,1,0,0,0
0,0,1,1,1,2,2,0,0,0,1,1,1,0,1,1,0,1,0,1
0,0,2,1,0,2,0,0,1,0,1,0,1,0,2,1,1,0,0,1
2,0,0,0,1,1,0,0,0,0,1,1,1,1,2,1,0,1,2,1
2,0,0,1,1,2,1,0,0,0,1,1,1,0,1,1,1,0,1,0
0,0,1,1,1,0,0,0,1,0,1,1,0,1,1,0,0,1,2,1
0,0,1,0,1,1,0,0,1,0,1,0,0,0,0,0,0,0,1,1
0,1,0,1,1,1,0,1,0,0,1,0,0,0,1,1,1,0,0,1
0,1,1,1,0,2,1,1,1,0,1,0,1,0,2,1,0,0,2,1
2,1,0,0,0,0,0,2,0,0,1,0,0,1,2,1,1,1,0,1
2,1,2,1,0,0,0,2,0,0,1,0,1,0,2,1,1,0,1,0
1,0,0,0,0,2,1,0,0,0,1,1,1,1,0,0,1,0,1,0
0,1,1,0,1,0,1,2,1,1,0,0,0,0,2,1,1,0,0,1
1,0,0,2,1,2,0,0,1,0,1,0,1,0,1,1,0,1,0,1
0,0,1,0,1,2,0,0,1,0,1,1,0,1,0,0,0,0,1,1
2,1,0,1,0,2,1,1,0,1,0,0,1,1,1,0,1,1,0,1
2,1,0,1,0,0,1,2,1,0,1,0,1,0,0,0,1,1,2,0
0,0,1,1,1,0,0,0,1,0,1,0,1,1,1,0,0,0,2,1
0,0,1,1,0,1,1,0,0,0,1,0,1,1,1,0,0,0,2,0
0,1,1,0,1,0,0,2,0,0,0,0,0,0,1,1,1,0,1,0
0,0,1,0,0,2,1,0,0,0,1,1,0,0,0,1,0,1,2,1
2,0,1,1,1,1,0,1,1,0,1,0,1,0,1,1,0,1,1,1
0,1,1,2,1,2,0,0,1,1,1,0,1,0,0,1,1,1,2,1
0,0,1,0,1,0,2,1,0,0,1,1,0,1,0,1,1,1,2,1
0,1,1,0,0,0,1,2,1,0,0,0,0,0,0,1,0,1,0,1
2,0,2,1,1,1,2,0,0,0,0,1,1,0,1,0,0,0,1,1
0,0,2,1,1,1,0,0,1,0,1,0,1,0,2,1,1,0,0,1
2,0,0,1,1,0,0,0,1,0,1,0,0,1,0,1,1,1,2,1
2,0,1,1,0,2,1,0,0,0,1,1,1,1,1,1,0,0,1,1
2,0,1,0,0,2,1,0,0,0,0,1,0,0,0,0,0,0,1,1
0,1,0,0,0,0,0,2,0,0,1,0,1,0,2,1,0,1,2,1
0,0,0,1,0,1,2,1,0,0,1,0,1,0,1,1,1,1,1,1
